entity_id,as_of_date,engagement_score,num_interactions,last_contact_days_ago,amount,source,sales_rep_available,industry,deal_size_band,converted
L-01481,2023-01-01,0.7052400587918379,10,19,11176.813316748414,organic,0,retail,large,1
L-03673,2023-01-01,0.5491405768855797,8,36,4794.865189294402,outbound,1,healthcare,medium,0
L-01408,2023-01-01,0.5059755039111326,3,56,5860.656176929211,organic,1,saas,medium,1
L-02441,2023-01-01,0.3146878632891922,1,31,18056.516307621892,organic,1,finance,large,1
L-01948,2023-01-01,0.8757460163596469,4,44,12034.455737696511,outbound,0,saas,large,1
L-02315,2023-01-01,0.6196773621357177,1,0,11115.009293465868,organic,1,finance,large,1
L-01995,2023-01-01,0.014126574909854583,0,20,8833.812060304354,paid_search,0,manufacturing,large,0
L-01487,2023-01-01,0.7461335557293095,4,6,11553.373618772534,outbound,0,saas,large,1
L-02258,2023-01-01,0.9561874150536347,3,22,5280.014777188182,referral,0,healthcare,medium,1
L-02788,2023-01-02,0.13683178400394735,3,9,3116.165040480192,paid_search,1,finance,medium,1
L-02627,2023-01-02,0.33092077981446666,4,7,7100.414956488121,paid_search,1,finance,medium,1
L-03233,2023-01-02,0.4050267265009778,2,4,6209.05614976384,organic,0,healthcare,medium,0
L-01236,2023-01-02,0.9541082790700076,3,22,8667.746688863203,referral,0,healthcare,large,0
L-01621,2023-01-02,0.2775111194340152,0,38,2116.7614565209374,event,1,finance,small,1
L-00772,2023-01-02,0.8874228981367364,0,42,3259.5739915311124,referral,0,manufacturing,medium,0
L-00900,2023-01-02,0.3839518134771782,3,32,6035.5222945917,paid_search,0,finance,medium,0
L-01912,2023-01-02,0.8654318556221002,5,15,2898.5723790680213,organic,0,saas,small,1
L-03190,2023-01-02,0.60841674654393,3,33,3022.519812759697,paid_search,0,finance,medium,1
L-01738,2023-01-02,0.7957950048053125,5,18,4386.129232048209,outbound,1,finance,medium,1
L-01549,2023-01-02,0.8519650356015908,1,3,3894.505512993488,paid_search,1,retail,medium,1
L-01293,2023-01-02,0.49156576733699897,1,24,3812.1438041077736,event,0,retail,medium,0
L-00464,2023-01-03,0.22173798763709895,4,10,4737.559104096472,organic,0,finance,medium,1
L-00845,2023-01-03,0.5878219295690292,5,26,8549.001649461414,organic,0,healthcare,large,0
L-02400,2023-01-03,0.798007854884586,1,57,25523.263379287273,organic,0,finance,large,1
L-00103,2023-01-03,0.9369072881309537,2,17,2854.000610120368,paid_search,0,saas,small,1
L-00574,2023-01-03,0.5452049012226401,3,9,5636.280310726493,event,1,finance,medium,1
L-02645,2023-01-03,0.9948034245919716,0,7,2858.683230744067,organic,0,saas,small,1
L-00844,2023-01-03,0.2094272814594289,7,20,9315.088568835046,referral,1,saas,large,1
L-00380,2023-01-03,0.8476664679979732,6,19,1943.4751192910996,outbound,1,manufacturing,small,1
L-03216,2023-01-03,0.3751136530755702,2,9,1047.121944242239,paid_search,0,healthcare,small,0
L-01189,2023-01-03,0.2883185678104687,3,16,7824.146996995154,outbound,1,finance,medium,0
L-00302,2023-01-04,0.4716401906243787,2,16,3150.715607807851,paid_search,0,retail,medium,1
L-01278,2023-01-04,0.3238270024634159,2,47,1210.3033621790846,referral,1,finance,small,0
L-00706,2023-01-04,0.8924843372096598,11,2,12376.14119146965,paid_search,1,finance,large,1
L-02201,2023-01-04,0.8062314887229814,1,18,6621.5371921873275,organic,0,manufacturing,medium,1
L-03398,2023-01-04,0.6878370599294981,2,12,3848.0729480057485,outbound,1,finance,medium,1
L-01174,2023-01-04,0.6780115541717961,5,24,4691.870221420229,event,0,saas,medium,1
L-01531,2023-01-04,0.016491258977649914,4,59,4409.243612792404,organic,1,manufacturing,medium,0
L-03724,2023-01-04,0.8004498123184509,4,36,5150.830759812907,organic,1,retail,medium,1
L-01806,2023-01-04,0.6660995535675723,3,26,17455.733835176256,outbound,1,finance,large,1
L-02442,2023-01-04,0.877913776588007,4,21,3833.663182718687,paid_search,1,healthcare,medium,0
L-01681,2023-01-05,0.17100348323615033,2,52,3444.5146321431157,organic,1,healthcare,medium,1
L-00789,2023-01-05,0.3854142314414213,1,48,7010.572835119927,referral,0,saas,medium,1
L-03903,2023-01-05,0.7978245238266289,0,42,4068.745893650775,paid_search,0,saas,medium,0
L-00800,2023-01-05,0.9982284811178539,2,43,4729.98369165711,paid_search,0,retail,medium,1
L-01762,2023-01-05,0.08839023541749746,1,36,10427.228731015066,outbound,0,finance,large,0
L-03798,2023-01-05,0.6595903568712186,5,55,2635.9262969699284,organic,0,saas,small,0
L-03821,2023-01-05,0.8455199378782277,4,20,4014.3704019854263,paid_search,0,healthcare,medium,0
L-01069,2023-01-05,0.448458262268858,2,15,7141.62403330647,paid_search,0,manufacturing,medium,0
L-00838,2023-01-06,0.371711259829534,0,15,2015.7762444546047,organic,1,finance,small,0
L-03102,2023-01-06,0.022800247574969457,5,49,2793.0812539671856,referral,1,finance,small,0
L-01120,2023-01-06,0.16217993494378458,4,28,6744.640844964335,outbound,0,manufacturing,medium,0
L-01037,2023-01-06,0.004984965294472898,2,48,2573.4026328085174,outbound,0,saas,small,1
L-00409,2023-01-06,0.9319443692299963,4,41,4867.366080660313,referral,0,retail,medium,1
L-02974,2023-01-07,0.5821670682445784,4,4,17593.2813917515,organic,1,manufacturing,large,1
L-00888,2023-01-07,0.10830812118899402,0,29,20293.760764099934,outbound,1,manufacturing,large,1
L-03135,2023-01-07,0.5000362149376396,2,55,4859.254019587312,event,1,manufacturing,medium,0
L-03504,2023-01-07,0.8748990705564946,3,41,3019.889748964744,outbound,0,retail,medium,0
L-01623,2023-01-07,0.8355130374309944,2,31,8068.95867586707,organic,1,healthcare,large,1
L-01593,2023-01-08,0.08680044335072334,2,22,3666.471436842546,paid_search,1,finance,medium,1
L-00414,2023-01-08,0.4871154199164217,0,1,4053.298452564467,organic,0,manufacturing,medium,0
L-01651,2023-01-08,0.21019256975102385,6,41,7125.421824692873,paid_search,1,saas,medium,1
L-01365,2023-01-08,0.3303178857754252,3,2,6025.24342119615,organic,0,retail,medium,0
L-00232,2023-01-08,0.09402120216883036,2,21,3054.9560962107016,organic,1,finance,medium,1
L-00477,2023-01-08,0.19302518953937065,4,32,6010.8862440303865,outbound,0,finance,medium,1
L-03857,2023-01-08,0.5137185411670538,2,21,29545.675636217675,organic,1,saas,large,1
L-03897,2023-01-08,0.8407780989404321,2,43,2355.2400383414947,referral,1,finance,small,1
L-02089,2023-01-08,0.1781341437417363,5,28,11689.062880745529,outbound,1,retail,large,0
L-03787,2023-01-09,0.8146662660807785,2,8,1146.89071198,organic,1,retail,small,1
L-00368,2023-01-09,0.3665810634990505,4,43,14762.332759505573,outbound,0,finance,large,1
L-03803,2023-01-09,0.5643533069491241,1,38,9794.324608200028,referral,1,healthcare,large,0
L-01166,2023-01-09,0.09619100001447478,3,46,6892.5658942539985,outbound,0,manufacturing,medium,0
L-02170,2023-01-09,0.96201436381886,2,39,10477.574937991052,organic,0,healthcare,large,1
L-03804,2023-01-09,0.5087608822191797,3,3,7244.068888982292,outbound,1,healthcare,medium,0
L-01528,2023-01-09,0.8376172928554871,2,36,5998.314518149186,paid_search,1,finance,medium,1
L-00299,2023-01-09,0.7294950878609792,3,45,12762.352018369536,organic,1,healthcare,large,1
L-00539,2023-01-09,0.509734659876444,0,28,6960.3977952948935,referral,1,healthcare,medium,1
L-03946,2023-01-10,0.05705891693196119,4,13,1508.0301322595863,referral,1,finance,small,1
L-00169,2023-01-10,0.502512049335146,3,8,9183.221873551125,organic,0,finance,large,1
L-02137,2023-01-10,0.8559708001741249,1,13,1759.6198264118057,outbound,0,saas,small,1
L-01782,2023-01-10,0.9329800266492713,1,34,8803.232985722407,organic,0,saas,large,0
L-02260,2023-01-10,0.9591705390670483,4,24,5028.820823592407,outbound,1,healthcare,medium,0
L-00820,2023-01-10,0.2878090149613679,4,35,2734.3102811817344,organic,0,retail,small,0
L-03441,2023-01-10,0.8118761105873928,4,2,8905.344524087712,outbound,0,finance,large,1
L-00271,2023-01-10,0.6124393292531816,0,56,3589.5813801657455,event,1,retail,medium,0
L-02711,2023-01-10,0.24592765058913602,5,45,2373.3117563737424,organic,1,healthcare,small,1
L-00453,2023-01-10,0.790243155389435,2,26,5070.084231733521,referral,1,retail,medium,1
L-01743,2023-01-10,0.5107564867485148,6,54,17203.47937475922,event,1,finance,large,1
L-03118,2023-01-10,0.05377470956855546,3,8,11506.544301979458,paid_search,1,healthcare,large,0
L-03308,2023-01-10,0.18393445246901974,0,40,9431.669396935691,paid_search,0,saas,large,0
L-01179,2023-01-10,0.5072341775608206,4,11,5887.275544649545,outbound,1,manufacturing,medium,1
L-00428,2023-01-11,0.6316285421713178,2,3,6614.893224988123,outbound,0,retail,medium,1
L-03996,2023-01-11,0.5806776685092404,5,53,5105.651168244749,referral,1,finance,medium,1
L-02468,2023-01-11,0.9918953187295984,2,24,5916.843632078093,outbound,1,healthcare,medium,1
L-02409,2023-01-11,0.16342928813683655,1,34,6960.437377944931,outbound,1,retail,medium,0
L-01398,2023-01-11,0.6919570984497087,3,43,6737.055811944808,referral,0,saas,medium,1
L-02328,2023-01-11,0.8400570085219016,4,7,4633.568713264448,outbound,0,healthcare,medium,1
L-02222,2023-01-11,0.33446289220521874,3,37,11487.43984393164,outbound,0,retail,large,0
L-03485,2023-01-11,0.912582547697302,3,24,3911.4642607501223,paid_search,1,retail,medium,1
L-02635,2023-01-11,0.05303237167188446,7,46,9730.666573120494,outbound,0,retail,large,1
L-01299,2023-01-12,0.02647910130496345,2,49,4498.888223197592,outbound,1,healthcare,medium,0
L-01492,2023-01-12,0.855962508813682,3,38,1626.102219053455,paid_search,0,retail,small,0
L-00829,2023-01-12,0.7363540971470223,5,35,2653.9472021205347,referral,1,saas,small,1
L-01589,2023-01-12,0.29259458984912357,2,23,4376.847980946797,outbound,1,saas,medium,1
L-00384,2023-01-13,0.04725033885648511,1,59,6380.232652790249,organic,1,manufacturing,medium,0
L-01943,2023-01-13,0.6083007569713649,5,4,3828.5235489488296,event,1,healthcare,medium,0
L-02950,2023-01-13,0.22781115108638406,2,54,1115.4426598621674,referral,1,finance,small,1
L-03681,2023-01-13,0.37301476707773407,7,57,14701.161654202875,organic,1,saas,large,0
L-03457,2023-01-13,0.6459475709168853,7,28,10538.651229248384,organic,0,retail,large,1
L-02498,2023-01-13,0.8561950631484166,6,28,3612.8374280587864,organic,1,saas,medium,0
L-02558,2023-01-13,0.02448344146761039,3,45,3317.9301091455227,referral,0,saas,medium,0
L-01535,2023-01-13,0.7953234625277513,7,27,2966.594208757206,organic,0,retail,small,0
L-03536,2023-01-13,0.2978748426431058,3,15,11356.788020096594,organic,0,manufacturing,large,0
L-01868,2023-01-13,0.6201126289473403,4,32,4792.309562158615,outbound,1,manufacturing,medium,0
L-00137,2023-01-13,0.7739394386376562,3,34,16734.13845730452,outbound,0,manufacturing,large,1
L-00786,2023-01-13,0.6868495657664668,4,18,3924.133659858265,organic,1,manufacturing,medium,1
L-02262,2023-01-13,0.2831350763875111,3,5,3382.67964457583,organic,0,retail,medium,0
L-00146,2023-01-14,0.09434150263965546,2,22,14445.418313183494,referral,1,saas,large,1
L-02321,2023-01-14,0.5508316650302666,1,45,4746.688318223511,referral,1,manufacturing,medium,0
L-00843,2023-01-15,0.24535626493362672,3,48,4344.294637248198,paid_search,1,manufacturing,medium,1
L-03319,2023-01-15,0.3281435160347943,5,21,2067.0008103971836,outbound,0,finance,small,0
L-01908,2023-01-15,0.5470162282063336,5,5,6865.643129217487,organic,0,healthcare,medium,0
L-00662,2023-01-15,0.3940840894152582,4,42,13641.985048911725,referral,1,finance,large,1
L-02763,2023-01-15,0.5073239795930695,5,6,2381.401732025257,referral,0,saas,small,1
L-03544,2023-01-15,0.5506414608194028,2,57,4531.657010398529,outbound,0,finance,medium,0
L-03632,2023-01-15,0.4207338711650098,4,24,9511.409869499308,paid_search,1,retail,large,0
L-02865,2023-01-15,0.11527076780574497,6,41,7042.936526604777,paid_search,0,saas,medium,0
L-00327,2023-01-15,0.1981177414120907,2,20,2413.936589190259,organic,1,retail,small,0
L-00969,2023-01-15,0.1833181618695403,1,55,5083.73196593615,organic,1,retail,medium,0
L-01445,2023-01-15,0.33667080759737233,3,17,4989.0514218924545,outbound,0,manufacturing,medium,0
L-01682,2023-01-15,0.42571252374691715,0,7,5612.219684309295,organic,1,finance,medium,1
L-01265,2023-01-15,0.22807940795641646,2,30,2841.8529960311703,event,0,healthcare,small,0
L-00116,2023-01-15,0.26457427782126164,4,59,5414.599581972435,paid_search,0,healthcare,medium,0
L-03754,2023-01-16,0.08590890494995851,4,23,12572.09805631514,paid_search,1,saas,large,0
L-02202,2023-01-16,0.1058145276846828,2,10,6344.912561278684,outbound,1,manufacturing,medium,1
L-03239,2023-01-16,0.564828363162763,2,47,10462.700108491192,paid_search,1,saas,large,1
L-02629,2023-01-16,0.26502130580561967,3,1,3422.4562779091907,referral,0,retail,medium,0
L-02037,2023-01-17,0.8468337750111318,7,45,9411.268805417902,outbound,1,saas,large,0
L-01451,2023-01-17,0.5592422287009515,3,0,4151.718745229244,outbound,1,manufacturing,medium,1
L-00901,2023-01-17,0.9312433284794626,2,7,11827.550205491729,paid_search,1,saas,large,0
L-00249,2023-01-17,0.34538339316949207,4,8,12963.882932861101,organic,1,retail,large,0
L-02727,2023-01-17,0.2592848009081554,1,6,6115.440534265835,outbound,0,manufacturing,medium,0
L-02771,2023-01-17,0.3973338842065408,7,26,2559.5479684152047,organic,1,finance,small,1
L-02880,2023-01-17,0.14973420826677053,2,44,3750.313992753552,outbound,0,retail,medium,0
L-01018,2023-01-17,0.32616264200356604,3,42,6380.234809534559,referral,1,manufacturing,medium,0
L-01098,2023-01-17,0.25768709127299727,3,26,32450.328124907996,event,1,healthcare,large,1
L-01239,2023-01-17,0.3220806062960361,7,10,5244.754780039228,organic,1,healthcare,medium,0
L-00869,2023-01-17,0.03622233104530359,6,2,7169.11394684642,outbound,0,retail,medium,0
L-00561,2023-01-18,0.6783106084017082,4,9,19406.676785928594,referral,0,retail,large,1
L-00055,2023-01-18,0.47979850275515334,5,32,8756.472036553489,referral,0,healthcare,large,1
L-02521,2023-01-18,0.41379980988414755,3,26,2184.522791302792,referral,1,manufacturing,small,0
L-00396,2023-01-18,0.25761742283849576,5,29,4782.149095426575,event,0,retail,medium,1
L-00351,2023-01-18,0.853630173146734,2,2,7160.119875649316,referral,0,saas,medium,1
L-03879,2023-01-18,0.28101260750152846,3,27,3749.266492525437,outbound,1,healthcare,medium,1
L-02370,2023-01-18,0.284005816335823,4,4,1023.9194224868568,referral,0,manufacturing,small,1
L-01870,2023-01-18,0.3706282615056329,1,27,8250.285781077782,outbound,0,finance,large,0
L-02338,2023-01-18,0.5112702394360336,2,32,5767.785493364587,organic,1,saas,medium,0
L-00816,2023-01-18,0.28253440128671103,4,59,10329.30716466657,paid_search,0,manufacturing,large,0
L-01109,2023-01-18,0.9377054325359795,4,48,4482.887116831232,paid_search,1,retail,medium,1
L-00810,2023-01-18,0.04496424249882747,5,27,1252.3650376373178,outbound,1,retail,small,0
L-03851,2023-01-19,0.8636000698541542,7,51,5617.897582064748,paid_search,1,finance,medium,1
L-01525,2023-01-19,0.43232529586910806,3,48,3263.5192143278773,organic,0,finance,medium,0
L-03362,2023-01-19,0.1421860130150272,1,12,5270.585318769525,referral,1,saas,medium,0
L-03012,2023-01-19,0.2043656937491969,3,2,4749.481005791308,organic,0,manufacturing,medium,0
L-02779,2023-01-19,0.6554913685589684,2,0,4878.908250463994,outbound,0,retail,medium,1
L-03870,2023-01-19,0.6371084131782386,4,12,4321.957431801327,outbound,0,saas,medium,1
L-01780,2023-01-19,0.08497475312573843,2,0,5515.0246782422455,event,0,saas,medium,1
L-01805,2023-01-19,0.15744760866519159,3,29,5016.349341522408,organic,0,saas,medium,0
L-01517,2023-01-20,0.17217066368292422,3,33,1286.8296094599987,event,1,retail,small,0
L-01462,2023-01-20,0.006715784163385141,6,0,6416.790182126875,organic,1,saas,medium,0
L-02883,2023-01-20,0.34030064366652835,3,37,1525.1597352623098,referral,1,saas,small,0
L-01269,2023-01-20,0.14017974220333174,4,33,7432.07131220204,organic,0,manufacturing,medium,0
L-01285,2023-01-20,0.6387309128973808,3,33,7756.889869472643,referral,0,saas,medium,1
L-02411,2023-01-20,0.052282010821323,2,7,16297.803880058142,organic,0,retail,large,0
L-00573,2023-01-20,0.8267748280138787,4,16,777.2019820536298,event,0,healthcare,small,1
L-00583,2023-01-21,0.19462821160492227,1,24,1721.4461943388822,paid_search,0,saas,small,0
L-02971,2023-01-21,0.07080047177365889,5,50,5333.256028292754,referral,1,manufacturing,medium,0
L-01463,2023-01-21,0.28819930120056425,2,40,3862.729336708388,event,1,healthcare,medium,0
L-03463,2023-01-21,0.7399435631818133,1,6,2427.5777847909903,paid_search,0,healthcare,small,0
L-02277,2023-01-21,0.856736684436776,1,57,3106.574852628383,outbound,0,saas,medium,0
L-03337,2023-01-21,0.6658537063562052,3,1,4132.384190984451,organic,1,finance,medium,1
L-00698,2023-01-21,0.39330188369930785,5,41,3044.1310040141348,referral,1,finance,medium,0
L-01452,2023-01-21,0.0009924640506289162,4,22,13027.365698165248,event,0,retail,large,0
L-02504,2023-01-21,0.13064525602570232,3,35,4674.462286109723,organic,1,retail,medium,0
L-00847,2023-01-21,0.06420885156546441,4,41,6517.04908338451,outbound,0,retail,medium,0
L-01641,2023-01-21,0.03020994824207046,1,31,18932.0284662061,organic,0,manufacturing,large,0
L-01975,2023-01-21,0.20230861884209816,1,9,10779.377076060573,outbound,1,finance,large,0
L-01652,2023-01-21,0.3092497263361561,7,14,7665.5599104227385,organic,1,healthcare,medium,1
L-03616,2023-01-21,0.44045234521626675,3,37,1856.238065334286,paid_search,0,manufacturing,small,0
L-00897,2023-01-22,0.2040131465540409,3,29,6121.29270369247,outbound,0,saas,medium,0
L-01982,2023-01-22,0.581247022853352,4,18,2472.818485910486,organic,0,manufacturing,small,1
L-00545,2023-01-22,0.3752781396934941,2,2,1572.9433491316186,outbound,0,finance,small,0
L-00886,2023-01-22,0.024229354087584865,3,28,2418.135466404075,outbound,0,saas,small,1
L-02617,2023-01-22,0.5493180822758392,2,0,6243.29244462699,organic,1,saas,medium,1
L-02313,2023-01-22,0.8197385402823597,2,57,3885.265829602644,event,0,retail,medium,0
L-03799,2023-01-22,0.39614674508830017,4,58,6931.1949533469415,outbound,0,healthcare,medium,0
L-01978,2023-01-23,0.49348415776321697,7,29,1497.106131368998,referral,1,saas,small,1
L-00857,2023-01-23,0.43168108117702464,4,47,4574.6212315543335,outbound,1,retail,medium,1
L-02487,2023-01-23,0.11209923242642206,5,37,7601.50688945872,organic,1,saas,medium,0
L-01020,2023-01-23,0.3932501344006667,6,47,4370.839675974332,paid_search,1,retail,medium,1
L-01266,2023-01-23,0.18877889786366542,1,23,5230.792401323829,referral,0,finance,medium,0
L-03780,2023-01-23,0.995526179061942,2,25,5087.69056764935,organic,1,retail,medium,0
L-03356,2023-01-23,0.59563741801024,2,9,5743.149710198262,organic,0,saas,medium,0
L-01800,2023-01-23,0.015580700042524986,2,28,6906.140211930739,organic,0,retail,medium,0
L-01025,2023-01-23,0.14128926708710055,5,0,4043.592485257588,referral,0,manufacturing,medium,0
L-00541,2023-01-23,0.4369892883114518,3,43,1670.032843777399,organic,0,healthcare,small,0
L-03451,2023-01-23,0.5744621935391577,3,35,8297.111748115904,paid_search,1,saas,large,1
L-02656,2023-01-24,0.8820849990955023,6,40,3485.822293086287,referral,0,finance,medium,0
L-01135,2023-01-24,0.7610215729814965,4,40,2316.4389733932217,outbound,0,manufacturing,small,0
L-02787,2023-01-24,0.7495962459853094,3,44,10027.880148350465,organic,1,healthcare,large,1
L-02459,2023-01-24,0.8245025676918739,2,44,3170.0265238488455,outbound,1,saas,medium,0
L-03112,2023-01-24,0.7533686139505454,2,36,9855.121045968934,organic,1,manufacturing,large,0
L-00149,2023-01-24,0.09327090532432725,6,27,3850.9891387424573,organic,1,saas,medium,1
L-03508,2023-01-24,0.785966821450627,6,42,1887.133614904515,referral,0,saas,small,0
L-03183,2023-01-24,0.6738911544076371,8,7,1819.5203496203046,event,1,retail,small,0
L-03188,2023-01-24,0.8949178823855207,3,50,14898.832751995387,organic,1,saas,large,0
L-01614,2023-01-25,0.602556765525702,5,52,4230.7886278519845,referral,1,manufacturing,medium,1
L-03500,2023-01-25,0.17120494224342575,0,37,3658.8939434276404,organic,1,healthcare,medium,1
L-01888,2023-01-25,0.9289300171263591,2,18,7456.790070873464,outbound,1,finance,medium,1
L-03918,2023-01-25,0.8688016891935535,7,58,6640.913850883893,outbound,0,finance,medium,1
L-01350,2023-01-25,0.032867670266468973,4,10,9027.81060744974,outbound,1,healthcare,large,0
L-02372,2023-01-25,0.5120419334634545,5,17,3889.3700342565003,organic,1,healthcare,medium,1
L-01410,2023-01-25,0.6588461484734262,3,42,6369.126140943867,paid_search,0,finance,medium,0
L-02524,2023-01-25,0.7333448483633508,1,17,4049.5735568748432,outbound,1,retail,medium,0
L-01469,2023-01-25,0.9667639636420327,0,40,7544.308408820286,organic,0,manufacturing,medium,0
L-03532,2023-01-25,0.5188142491538,2,11,2808.832847666104,paid_search,0,healthcare,small,0
L-02981,2023-01-25,0.22393439169229967,4,17,14902.631558684716,organic,1,retail,large,0
L-02001,2023-01-25,0.35711559589661857,2,19,10180.821829641838,outbound,1,finance,large,0
L-00618,2023-01-25,0.8230676165684149,3,6,4676.551628705733,outbound,1,healthcare,medium,0
L-00278,2023-01-26,0.8603458907817834,5,7,7140.358194234615,referral,1,manufacturing,medium,1
L-03797,2023-01-26,0.9072617908488282,4,19,16961.60368583081,paid_search,0,finance,large,0
L-00035,2023-01-26,0.7828205656486452,2,54,22067.91093576499,outbound,1,finance,large,1
L-02887,2023-01-26,0.6950383878099182,1,40,4685.519462862945,outbound,0,retail,medium,0
L-02803,2023-01-26,0.46263031948273103,4,7,5647.541750634947,organic,1,retail,medium,1
L-02128,2023-01-26,0.7984321908001345,7,22,13912.91980065257,organic,0,manufacturing,large,1
L-00517,2023-01-27,0.22669865191471072,5,7,4826.8904688157745,outbound,1,saas,medium,1
L-02710,2023-01-27,0.7935777493916063,3,18,1640.0300187061011,referral,1,saas,small,0
L-02439,2023-01-27,0.3017854337456115,1,40,6545.473956843787,paid_search,1,healthcare,medium,0
L-01361,2023-01-27,0.3462144553610915,6,28,4561.8279920736195,paid_search,0,finance,medium,1
L-01455,2023-01-27,0.7822839235035594,0,14,6967.719522617939,outbound,1,manufacturing,medium,0
L-01034,2023-01-27,0.9853645621682221,1,47,12872.520145952014,organic,0,manufacturing,large,0
L-03916,2023-01-27,0.7979341171788689,4,40,699.9816610060526,outbound,0,healthcare,small,0
L-02963,2023-01-27,0.24369675423272685,4,48,4847.294782024657,referral,1,finance,medium,0
L-02330,2023-01-27,0.10176845917980593,1,10,1591.9537183056307,referral,0,manufacturing,small,0
L-00044,2023-01-28,0.9810048113537728,1,34,11352.196838767328,organic,0,retail,large,1
L-03069,2023-01-28,0.503177170232213,1,58,9109.001075626313,paid_search,0,retail,large,0
L-02794,2023-01-28,0.3158314850884807,2,0,1520.5808207590528,organic,1,healthcare,small,0
L-01768,2023-01-28,0.6620496046315625,2,42,18702.23210386152,organic,1,manufacturing,large,0
L-02311,2023-01-28,0.7980395012720187,3,26,7708.110852173309,outbound,0,manufacturing,medium,0
L-03560,2023-01-28,0.9294374266776991,1,49,18519.37117466847,paid_search,0,finance,large,0
L-03154,2023-01-28,0.06276327793060288,3,32,4297.152245833816,outbound,1,healthcare,medium,0
L-02231,2023-01-28,0.03275723026369526,1,55,6457.17739642598,event,1,saas,medium,0
L-02704,2023-01-28,0.13388906937518164,3,48,3921.699306643831,outbound,0,saas,medium,0
L-00386,2023-01-28,0.9871863320416938,1,33,1114.3318767656697,organic,0,healthcare,small,0
L-03651,2023-01-29,0.4449008179668318,1,44,4654.71620543875,referral,0,manufacturing,medium,0
L-03276,2023-01-29,0.5773390030761493,3,7,2764.057217092356,outbound,0,healthcare,small,1
L-03987,2023-01-29,0.3780151073363489,3,12,3791.6989223687365,outbound,0,saas,medium,1
L-03410,2023-01-29,0.2676487350598524,3,56,10508.181418520615,paid_search,1,manufacturing,large,0
L-01021,2023-01-29,0.7423326548539464,4,0,2521.2866925277817,outbound,1,finance,small,0
L-00898,2023-01-29,0.6230715035620354,3,10,3042.008712923745,organic,1,retail,medium,1
L-03334,2023-01-29,0.35781003241535636,2,58,10727.113622079201,outbound,0,manufacturing,large,0
L-00658,2023-01-29,0.10594235699096155,2,16,3574.5658267084073,referral,1,finance,medium,1
L-02590,2023-01-29,0.23545201701388085,7,10,11068.370903369538,paid_search,0,healthcare,large,1
L-01952,2023-01-29,0.9443692191577738,2,7,12059.12101637113,referral,1,saas,large,0
L-03815,2023-01-29,0.7937989776497628,0,56,4148.010879064558,referral,0,retail,medium,0
L-03531,2023-01-29,0.841431851143876,7,37,1723.053781752279,organic,0,finance,small,1
L-01833,2023-01-29,0.4701822732030162,2,16,5270.406643396338,outbound,1,retail,medium,1
L-03535,2023-01-30,0.7521650668644404,5,21,1957.059727738817,paid_search,0,healthcare,small,0
L-01910,2023-01-30,0.511305953412695,1,21,3164.864119000477,outbound,0,saas,medium,0
L-02024,2023-01-30,0.7964666482835426,4,32,1859.6971816620842,paid_search,0,retail,small,1
L-01214,2023-01-30,0.14643617455697955,6,19,3611.7530699027934,paid_search,1,finance,medium,0
L-03613,2023-01-30,0.651705330453108,2,29,13931.289081895438,organic,0,manufacturing,large,0
L-01252,2023-01-30,0.27092039338631246,7,34,5906.19204697379,event,0,saas,medium,0
L-00068,2023-01-31,0.25883563723739966,2,51,3400.3663142852965,paid_search,0,healthcare,medium,0
L-02668,2023-01-31,0.8748972004725892,3,53,5388.974171510002,outbound,0,healthcare,medium,0
L-02855,2023-01-31,0.9495727706536599,3,57,6184.5479382124795,event,0,retail,medium,1
L-01054,2023-01-31,0.6146062192524261,0,13,5775.2256810474155,organic,0,retail,medium,1
L-03931,2023-01-31,0.24777941443969453,0,28,11027.33725054499,outbound,1,retail,large,0
L-00216,2023-02-01,0.11401919133455096,3,33,15871.522842557104,organic,0,manufacturing,large,0
L-01570,2023-02-01,0.7619481785641752,2,13,5202.559842275688,outbound,1,manufacturing,medium,1
L-02478,2023-02-01,0.8284969482679155,6,3,1058.4312503317071,paid_search,0,manufacturing,small,1
L-01026,2023-02-01,0.26693364893772853,2,27,5578.498104495799,outbound,0,healthcare,medium,0
L-03579,2023-02-01,0.7521382723289237,2,13,1489.7919120916265,event,0,healthcare,small,1
L-00126,2023-02-01,0.3390077406028791,6,26,6694.326721682661,event,1,healthcare,medium,1
L-01587,2023-02-01,0.4842135142800644,4,34,1950.6174932058348,organic,1,healthcare,small,0
L-03915,2023-02-01,0.5945862193028131,0,35,15420.02836279216,organic,0,healthcare,large,0
L-03758,2023-02-02,0.2396857008411215,5,28,32503.462234068276,outbound,1,retail,large,1
L-03133,2023-02-02,0.47775225535295374,1,12,4064.567238171129,referral,1,manufacturing,medium,1
L-02751,2023-02-02,0.5298006109074711,0,34,1991.0618837889172,outbound,1,retail,small,0
L-01095,2023-02-02,0.04747349743309437,4,42,3115.5398951620714,paid_search,0,healthcare,medium,0
L-01850,2023-02-02,0.42401709815696786,7,36,7055.741311606998,referral,0,saas,medium,0
L-01360,2023-02-02,0.3180641471086795,0,6,1214.8501734568842,organic,0,healthcare,small,1
L-00438,2023-02-02,0.4371280421998007,2,28,1273.1890182670436,event,1,retail,small,0
L-00430,2023-02-03,0.8281978524893359,3,2,6257.783350635753,event,1,finance,medium,1
L-01121,2023-02-03,0.3323771350361646,2,44,3932.8506919272654,organic,1,finance,medium,0
L-03886,2023-02-03,0.26056931642547587,2,20,2814.6133254906686,event,0,retail,small,0
L-00279,2023-02-03,0.6483976852033612,2,39,5044.018291997918,referral,1,retail,medium,1
L-01327,2023-02-03,0.8487720850604766,2,40,3411.087113722538,outbound,0,saas,medium,0
L-00245,2023-02-03,0.19695954262002624,3,18,6128.950916778357,organic,0,saas,medium,1
L-00677,2023-02-03,0.8178353099580807,3,21,39732.11677703828,paid_search,1,saas,large,1
L-01255,2023-02-03,0.8040011602630676,1,31,5204.729605041742,outbound,0,retail,medium,0
L-02634,2023-02-03,0.6485122984051379,2,58,6498.612892623582,organic,1,finance,medium,0
L-03638,2023-02-03,0.048108528016667984,4,15,10774.109657669578,event,1,saas,large,0
L-00006,2023-02-04,0.4892651908307978,3,26,2480.854643164748,paid_search,0,retail,small,0
L-03542,2023-02-04,0.5984326016657832,4,37,4063.1360418971253,event,0,manufacturing,medium,0
L-03619,2023-02-04,0.06873830197841146,3,30,4357.942833763119,organic,1,manufacturing,medium,0
L-00880,2023-02-04,0.1618693606287408,1,41,2404.85546753817,outbound,1,healthcare,small,0
L-02864,2023-02-04,0.6622129282587018,4,16,8446.21915834677,paid_search,0,manufacturing,large,1
L-03280,2023-02-04,0.9575924341941717,3,34,25700.566934347782,organic,0,healthcare,large,1
L-03320,2023-02-04,0.0864841962453845,6,53,19368.765332566512,paid_search,0,manufacturing,large,0
L-02528,2023-02-04,0.23436663249506084,2,43,4058.7999051845954,referral,1,saas,medium,1
L-02365,2023-02-04,0.118130850279074,2,45,3560.723447641917,event,1,retail,medium,0
L-00752,2023-02-04,0.8373834783054255,6,18,2708.9427770214256,outbound,0,finance,small,1
L-02316,2023-02-04,0.934757151045779,2,43,9026.960651940608,outbound,0,finance,large,0
L-02853,2023-02-05,0.12532600977445074,6,43,9826.15781735804,outbound,0,manufacturing,large,0
L-01542,2023-02-05,0.8858886951442001,1,12,5685.10319657617,referral,1,retail,medium,1
L-01720,2023-02-05,0.6382870239125435,4,25,5035.926972257476,organic,0,manufacturing,medium,1
L-00727,2023-02-05,0.13666332077883026,2,38,3373.4624934226767,outbound,1,finance,medium,0
L-01530,2023-02-05,0.04872242675272764,3,26,2123.934424055486,paid_search,0,manufacturing,small,1
L-01808,2023-02-05,0.9356836393980424,3,40,23227.240358351995,referral,0,healthcare,large,0
L-01930,2023-02-05,0.5314281721720702,0,24,1564.8948432613345,outbound,0,manufacturing,small,1
L-00000,2023-02-05,0.842731968806472,2,57,16592.75308741978,paid_search,0,saas,large,1
L-03981,2023-02-05,0.5392305576556773,5,24,2265.2567357021094,outbound,0,finance,small,1
L-03247,2023-02-05,0.2014565622473442,2,56,7363.882629730513,paid_search,0,finance,medium,0
L-03534,2023-02-05,0.8396115895392143,4,38,5912.095760075683,organic,1,healthcare,medium,1
L-00195,2023-02-05,0.8159012154630941,1,13,2755.0481042009524,referral,1,healthcare,small,1
L-02911,2023-02-06,0.46560851000693315,4,4,9579.566216741197,outbound,1,finance,large,0
L-00909,2023-02-06,0.5678113853543433,0,14,7442.4556604316185,organic,0,saas,medium,1
L-00032,2023-02-06,0.34483125939883785,4,59,8506.658171906382,referral,1,saas,large,1
L-00825,2023-02-06,0.7390746290164124,3,36,1265.1104572270094,outbound,1,healthcare,small,0
L-00358,2023-02-06,0.9890919394999024,5,32,3326.8072548987197,event,0,saas,medium,1
L-00171,2023-02-06,0.2573723130551461,1,5,3972.183459082091,paid_search,0,manufacturing,medium,0
L-03527,2023-02-06,0.19817903082285326,7,50,5363.0083387796385,event,1,healthcare,medium,0
L-02032,2023-02-06,0.6403750099176652,7,50,21230.16034209912,organic,0,manufacturing,large,0
L-02081,2023-02-06,0.27420240229339987,1,52,7376.396026633691,organic,0,saas,medium,0
L-00694,2023-02-06,0.8748508488051633,2,59,6378.278530912781,organic,1,finance,medium,1
L-00132,2023-02-06,0.9908097655511221,1,6,3542.4734696148544,event,1,saas,medium,0
L-01632,2023-02-06,0.5988583701003527,4,50,4650.116859384321,event,0,retail,medium,0
L-00009,2023-02-07,0.6875339351098718,1,55,7922.483099755986,event,0,finance,medium,0
L-02339,2023-02-07,0.811596744596663,3,38,2392.6933010120797,event,0,finance,small,0
L-02815,2023-02-07,0.015916303039710922,3,35,9480.202473192185,referral,1,finance,large,0
L-02593,2023-02-07,0.20272175456268327,1,54,2270.1808631060994,outbound,1,manufacturing,small,0
L-00580,2023-02-07,0.026017403551570006,0,57,33952.175928927085,organic,1,saas,large,0
L-01689,2023-02-07,0.3814102284029025,3,11,5067.988262371684,paid_search,0,healthcare,medium,0
L-00242,2023-02-07,0.3688783807374707,4,16,5819.520154222832,referral,1,manufacturing,medium,0
L-00375,2023-02-07,0.14994147793406065,3,50,1524.0277803496865,referral,0,saas,small,0
L-00950,2023-02-07,0.15357786694775655,2,5,5785.833548129974,referral,0,manufacturing,medium,1
L-03413,2023-02-07,0.18873255434296254,2,47,3052.988898063256,referral,1,manufacturing,medium,0
L-01841,2023-02-08,0.64272531468006,1,9,2162.3440082226257,outbound,1,manufacturing,small,1
L-02452,2023-02-08,0.6534048120036423,6,33,3699.4156099366464,outbound,0,saas,medium,0
L-00217,2023-02-08,0.9296321877242243,8,37,5762.306291940464,outbound,0,retail,medium,0
L-03418,2023-02-08,0.14775344507210741,6,38,12865.684770677542,organic,1,finance,large,0
L-00976,2023-02-08,0.6539054306210633,3,14,4012.786247991327,organic,0,manufacturing,medium,1
L-02305,2023-02-08,0.12562504555165477,0,3,17649.866944217356,paid_search,1,manufacturing,large,1
L-03671,2023-02-08,0.8688495910220159,3,1,10542.91607756875,referral,1,healthcare,large,1
L-02741,2023-02-08,0.22563798563035908,2,16,16422.32468678048,referral,1,healthcare,large,0
L-00673,2023-02-08,0.47188071242948937,0,41,3217.909334713201,organic,1,finance,medium,0
L-02265,2023-02-08,0.5118223889047572,1,55,3004.174596833125,outbound,1,retail,medium,0
L-00699,2023-02-08,0.8707333733178638,4,31,15162.594223072172,paid_search,0,finance,large,1
L-00790,2023-02-08,0.835862971269293,5,52,10199.168186296045,outbound,0,healthcare,large,0
L-03974,2023-02-08,0.9689918663769136,0,29,30528.934683723313,organic,1,healthcare,large,1
L-00086,2023-02-08,0.3552178341211998,4,15,4422.550916329425,referral,0,healthcare,medium,0
L-02956,2023-02-09,0.8586731204838641,2,6,4581.041648443295,paid_search,1,saas,medium,0
L-03283,2023-02-09,0.3783760148053711,4,39,3742.802034107083,paid_search,1,saas,medium,0
L-01787,2023-02-09,0.12788238435231636,2,48,26453.35819359859,outbound,1,manufacturing,large,0
L-01737,2023-02-09,0.7247362184512921,3,40,11458.060333286283,referral,1,finance,large,0
L-03342,2023-02-09,0.8687457758035334,0,11,14394.980357222286,outbound,0,retail,large,1
L-02501,2023-02-09,0.4550217605831879,3,55,1292.0064437112176,paid_search,1,saas,small,0
L-00587,2023-02-09,0.16599291148702733,2,46,5993.9024936717615,outbound,1,finance,medium,0
L-02471,2023-02-09,0.2786165592081724,2,4,3258.930804625426,event,1,finance,medium,1
L-03034,2023-02-09,0.6149877629496451,3,9,2947.8597763007697,event,0,saas,small,0
L-02320,2023-02-09,0.8242389461001263,1,4,3880.4854013635845,referral,1,retail,medium,1
L-00890,2023-02-09,0.1465468265101405,1,50,1933.3219694407917,organic,0,finance,small,0
L-03958,2023-02-09,0.6680559856867488,3,44,5274.856202917718,paid_search,0,retail,medium,1
L-01435,2023-02-10,0.5619409236011778,4,47,1768.3238629940283,paid_search,1,healthcare,small,0
L-01288,2023-02-10,0.09017197648949116,3,42,1852.8815774574841,referral,1,manufacturing,small,0
L-01879,2023-02-10,0.4185861255545337,3,46,12787.62137195068,event,0,manufacturing,large,1
L-02681,2023-02-10,0.046561151728786276,2,47,5028.152381781973,outbound,0,finance,medium,0
L-00579,2023-02-10,0.9261821962748634,5,39,5677.189051515877,referral,1,finance,medium,1
L-01358,2023-02-11,0.6779428018639403,4,58,3918.2119635545205,paid_search,0,finance,medium,0
L-03806,2023-02-11,0.7052645499070364,4,56,8208.293586438638,organic,0,saas,large,0
L-02474,2023-02-11,0.495653974576189,1,2,10815.905529582398,paid_search,1,healthcare,large,1
L-02622,2023-02-11,0.6385911963305415,5,37,7942.679517915759,outbound,1,saas,medium,1
L-00257,2023-02-11,0.7936726242564269,4,36,12607.80290417019,referral,0,finance,large,0
L-03871,2023-02-11,0.28941613355602613,4,19,7247.352367561464,organic,1,finance,medium,0
L-02614,2023-02-11,0.3231282061454709,2,9,4231.1841921252935,outbound,1,finance,medium,1
L-01449,2023-02-11,0.8216407350120413,3,9,2879.05730264103,paid_search,0,saas,small,1
L-01165,2023-02-11,0.6906470731051536,8,29,3385.1054700775408,outbound,1,saas,medium,1
L-02555,2023-02-11,0.7461042320715012,3,25,3383.9911421884085,event,1,healthcare,medium,1
L-03496,2023-02-11,0.9643240868848629,3,35,8437.313409272367,referral,0,saas,large,1
L-03782,2023-02-11,0.4649998255035127,5,26,20831.588480753653,paid_search,1,saas,large,1
L-02422,2023-02-11,0.6135939377161109,5,28,6826.567804794917,paid_search,0,manufacturing,medium,0
L-02514,2023-02-11,0.11426300825346014,7,1,14294.149807132822,outbound,1,finance,large,1
L-01729,2023-02-11,0.7569194976474862,4,23,3239.447466291469,referral,0,saas,medium,0
L-03852,2023-02-11,0.023697402118734723,5,53,1830.860637363666,paid_search,1,saas,small,1
L-00170,2023-02-12,0.41774328636283964,3,17,9064.185226893958,outbound,0,saas,large,0
L-01226,2023-02-12,0.6771759616633237,3,30,3523.6428503310085,outbound,0,saas,medium,0
L-00582,2023-02-12,0.07674042655969726,4,8,12629.170986874822,organic,1,finance,large,1
L-02176,2023-02-12,0.6117603544484994,7,42,4552.472439881307,outbound,0,healthcare,medium,0
L-00515,2023-02-12,0.8366407464065443,3,7,6801.049417623234,event,1,healthcare,medium,1
L-02503,2023-02-12,0.4603955870930234,0,44,3774.2664996951908,organic,0,healthcare,medium,0
L-03352,2023-02-12,0.6577563235839703,4,5,3572.2049441091895,paid_search,0,finance,medium,1
L-01826,2023-02-12,0.2707410506638869,4,59,8033.337558865779,organic,0,healthcare,large,0
L-02945,2023-02-12,0.8006718199594207,3,33,3327.426253168812,outbound,1,manufacturing,medium,0
L-00459,2023-02-12,0.5273997806581312,5,4,15700.54630113745,paid_search,0,finance,large,1
L-02264,2023-02-12,0.6858673025688188,2,46,4426.611309867951,organic,1,finance,medium,0
L-00817,2023-02-12,0.5967263504319288,5,59,6853.493199372033,organic,0,saas,medium,1
L-03686,2023-02-12,0.06983859249350322,6,56,2954.1336772570517,organic,0,saas,small,0
L-01854,2023-02-12,0.603864560938344,2,41,15637.454725924496,paid_search,0,retail,large,0
L-01271,2023-02-13,0.5947625034751037,3,22,30485.70435487889,paid_search,0,retail,large,0
L-03076,2023-02-13,0.48797616488264717,4,42,5396.799592289486,referral,0,finance,medium,1
L-00309,2023-02-13,0.8981200805010945,3,15,12834.41278428167,outbound,1,healthcare,large,1
L-03726,2023-02-13,0.6505134021327537,4,27,6763.880784644595,organic,1,saas,medium,1
L-03490,2023-02-13,0.3126110677842414,3,25,5895.89970893927,organic,1,healthcare,medium,0
L-03149,2023-02-13,0.2768032873910471,4,19,6021.258637102637,referral,1,healthcare,medium,0
L-00321,2023-02-13,0.06697801313198992,1,10,14177.662176323143,referral,1,saas,large,1
L-00479,2023-02-13,0.9441436470762746,2,20,13036.190361761777,paid_search,1,finance,large,1
L-01815,2023-02-14,0.39025862894719543,2,46,8722.466383046143,paid_search,0,saas,large,1
L-01537,2023-02-14,0.5921769448817807,1,57,7087.861664163332,referral,0,manufacturing,medium,0
L-02910,2023-02-14,0.120577441015987,6,43,5516.061350564103,paid_search,1,saas,medium,0
L-00807,2023-02-14,0.7310298731484106,1,37,14472.904299303167,outbound,1,saas,large,1
L-01866,2023-02-14,0.5638058980177268,3,18,1295.1104697459098,organic,1,saas,small,0
L-02243,2023-02-14,0.5087931387734813,7,46,16135.486771665974,outbound,0,retail,large,0
L-03033,2023-02-14,0.5247951503334181,3,10,2886.2239135332984,organic,0,manufacturing,small,0
L-01483,2023-02-14,0.5629822420663771,3,24,6159.503292960972,outbound,0,manufacturing,medium,0
L-03590,2023-02-14,0.4267297995769125,1,59,6479.353401858722,outbound,0,healthcare,medium,0
L-01488,2023-02-14,0.20864533255599838,5,40,19419.761891565828,organic,0,finance,large,0
L-03790,2023-02-14,0.8199899477787728,2,40,5530.27142956296,referral,1,retail,medium,1
L-01465,2023-02-14,0.7930207886015898,3,40,9568.772736814804,outbound,0,manufacturing,large,1
L-02722,2023-02-15,0.26733271445757245,6,10,2188.5594328701045,organic,1,finance,small,0
L-01320,2023-02-15,0.01246565983788206,2,28,13479.64382330579,referral,0,healthcare,large,0
L-01578,2023-02-15,0.7452811721545722,4,52,4217.374877141167,organic,0,manufacturing,medium,0
L-00500,2023-02-15,0.03387779514255651,2,48,12041.223539324003,paid_search,1,saas,large,0
L-02852,2023-02-15,0.805586105695467,4,35,6144.5995399506855,outbound,1,manufacturing,medium,0
L-01215,2023-02-15,0.7479016021481752,3,22,1210.3130470094902,referral,0,finance,small,0
L-03026,2023-02-15,0.4348841544214562,2,16,3626.9201268265956,referral,1,retail,medium,1
L-00119,2023-02-15,0.24024894827964172,3,54,3915.57357824002,paid_search,1,manufacturing,medium,0
L-00872,2023-02-15,0.020261128204139167,1,40,5353.152909159649,organic,1,saas,medium,0
L-02214,2023-02-16,0.5675502865481917,1,35,2226.2626764820325,paid_search,0,healthcare,small,0
L-02505,2023-02-16,0.3974740836906482,1,49,3872.1134388771293,organic,1,manufacturing,medium,0
L-02680,2023-02-16,0.9441151154965282,2,11,9774.047888490302,paid_search,1,healthcare,large,0
L-00364,2023-02-16,0.6652139656041213,2,3,15317.405153242427,referral,0,finance,large,1
L-00725,2023-02-16,0.7408152316357867,4,29,16197.09864360977,paid_search,0,healthcare,large,0
L-02213,2023-02-16,0.11348493310171182,4,18,10832.74676361164,outbound,0,manufacturing,large,0
L-00537,2023-02-16,0.37728183906136314,5,15,4762.645169750704,paid_search,1,retail,medium,1
L-01019,2023-02-16,0.23467226546159414,0,8,2632.447797533489,event,0,manufacturing,small,0
L-00312,2023-02-17,0.3846834726613414,1,32,7286.650849421773,paid_search,0,manufacturing,medium,0
L-01049,2023-02-17,0.24867466203617328,5,27,8861.683876953788,paid_search,0,finance,large,0
L-00496,2023-02-17,0.5522531203440096,2,1,15948.522794605838,outbound,0,healthcare,large,1
L-02785,2023-02-17,0.8680172944325221,5,46,2551.211733724104,event,1,healthcare,small,1
L-01342,2023-02-17,0.15760151328847838,2,53,8887.619509096376,paid_search,0,saas,large,1
L-02268,2023-02-17,0.7930794326950212,3,4,1014.4009813501623,organic,1,retail,small,1
L-03304,2023-02-17,0.0122568018650272,0,37,1002.7025100793508,paid_search,0,healthcare,small,0
L-00945,2023-02-17,0.41827731922836675,3,31,7002.355609663595,referral,1,manufacturing,medium,1
L-00777,2023-02-17,0.5140481960388648,1,12,2353.1150142477372,outbound,1,healthcare,small,1
L-00723,2023-02-17,0.41034135889904155,2,42,12774.457630804603,paid_search,0,retail,large,0
L-02363,2023-02-17,0.9788086544470412,4,5,4100.357203841967,outbound,0,saas,medium,0
L-03369,2023-02-17,0.3156969058381931,1,33,16133.957592140947,outbound,1,retail,large,1
L-01945,2023-02-17,0.8817194232747706,4,22,1739.8385775817007,outbound,0,retail,small,1
L-00197,2023-02-17,0.5122429711066271,4,50,27023.279594800057,organic,0,finance,large,1
L-03160,2023-02-17,0.9912000307762511,4,50,5505.05639931673,outbound,1,saas,medium,0
L-02699,2023-02-17,0.7757258140222779,4,17,9049.115154426352,organic,0,retail,large,1
L-02509,2023-02-18,0.3214006801424768,2,27,10607.302202512356,outbound,1,retail,large,0
L-03529,2023-02-18,0.8105606101181794,4,49,5425.889767702473,outbound,1,retail,medium,1
L-01618,2023-02-18,0.3205840624499061,3,6,4752.41749017905,organic,0,retail,medium,0
L-01875,2023-02-18,0.4123107268572347,5,22,5728.711037924765,paid_search,0,manufacturing,medium,0
L-01156,2023-02-18,0.07023337088670323,1,53,10401.507004118837,paid_search,0,manufacturing,large,1
L-00862,2023-02-18,0.3177223348092938,1,35,5010.472529679654,organic,1,saas,medium,0
L-00783,2023-02-18,0.3514108513995381,3,23,3731.755138526325,referral,0,healthcare,medium,1
L-00417,2023-02-18,0.5276363606044822,1,16,2310.376763327359,paid_search,1,retail,small,0
L-03650,2023-02-18,0.8833811820915227,1,51,4626.7089692407735,referral,1,retail,medium,1
L-03348,2023-02-18,0.6661786521150226,2,16,3913.946134034979,organic,0,healthcare,medium,1
L-01237,2023-02-19,0.28486469044389007,7,51,2767.8122279991353,organic,0,finance,small,0
L-00385,2023-02-19,0.7622513483035116,5,20,2085.061200649084,organic,1,finance,small,0
L-00435,2023-02-19,0.9569715846307795,4,40,2536.96080498725,organic,0,retail,small,1
L-03498,2023-02-19,0.023528109823277354,1,5,15897.830555909371,organic,0,saas,large,0
L-00782,2023-02-19,0.6377900401345777,7,17,7877.023132869041,outbound,0,saas,medium,1
L-00873,2023-02-19,0.24954817593872036,2,35,4179.168950571941,referral,0,healthcare,medium,0
L-03972,2023-02-19,0.5354455210588809,4,8,7178.483850484221,outbound,1,finance,medium,1
L-01604,2023-02-19,0.9355508567393197,4,24,12467.258284393007,outbound,0,finance,large,0
L-02922,2023-02-19,0.27576207549506915,3,46,12812.10309137807,paid_search,1,finance,large,0
L-01609,2023-02-20,0.2257784365797103,6,10,9657.033814344617,referral,0,saas,large,1
L-03063,2023-02-20,0.14491415685833986,3,29,8795.983741873115,referral,1,retail,large,0
L-02818,2023-02-20,0.540571851888662,1,32,6515.0307734648,outbound,1,retail,medium,0
L-01629,2023-02-20,0.18976813721076813,2,42,5581.860341391147,paid_search,0,manufacturing,medium,0
L-03773,2023-02-20,0.5270220492923754,2,26,979.4983780208945,organic,1,manufacturing,small,1
L-02079,2023-02-20,0.45069344386738663,4,24,8204.657774204275,referral,0,retail,large,1
L-01927,2023-02-20,0.8286478479269953,0,50,5959.38453619133,organic,1,retail,medium,0
L-00156,2023-02-20,0.0978832802148597,0,20,8014.1668500835185,paid_search,0,finance,large,0
L-02822,2023-02-20,0.6649036790414772,7,35,2115.495057426391,referral,1,healthcare,small,0
L-03820,2023-02-20,0.6959336024021688,3,31,4269.677055847902,organic,0,retail,medium,0
L-02829,2023-02-20,0.9089730055498839,0,22,5194.0220743444115,paid_search,1,finance,medium,1
L-00220,2023-02-21,0.35516488699387183,2,20,3864.9844922263746,organic,1,finance,medium,0
L-02698,2023-02-21,0.5249103799549136,4,54,3547.681485286718,event,0,manufacturing,medium,0
L-02908,2023-02-21,0.6824892860020683,0,25,3482.533864071915,outbound,0,retail,medium,0
L-01004,2023-02-21,0.08448089567707195,2,20,1927.5167838699679,event,1,manufacturing,small,0
L-00073,2023-02-21,0.8554753634178817,2,43,1831.848679707833,referral,0,saas,small,1
L-03512,2023-02-21,0.4680853814555932,2,53,5289.614806088223,outbound,1,finance,medium,0
L-02005,2023-02-21,0.18413921714918247,2,56,4857.0824563207925,event,0,retail,medium,0
L-00017,2023-02-21,0.032043589378177195,1,53,5076.166536215305,organic,0,finance,medium,0
L-00704,2023-02-21,0.7095584039482209,1,5,3129.099142749635,paid_search,0,retail,medium,1
L-02696,2023-02-21,0.40021202117659815,3,44,5886.1980150802765,outbound,0,saas,medium,1
L-03164,2023-02-21,0.6488469339936108,4,35,1334.9372082251334,paid_search,1,retail,small,0
L-02549,2023-02-21,0.2837580958059338,1,19,4663.852887027588,referral,1,saas,medium,0
L-00944,2023-02-21,0.2836011496055739,3,25,7486.140611099375,referral,0,healthcare,medium,0
L-01804,2023-02-21,0.020144471496602256,2,58,19070.41498845067,referral,0,healthcare,large,0
L-03347,2023-02-21,0.7487375195490611,3,30,7104.430821923484,organic,0,saas,medium,0
L-02103,2023-02-21,0.3058372404125671,5,18,2767.990224199142,outbound,1,healthcare,small,0
L-00758,2023-02-21,0.6741530672939647,6,41,6512.622494532507,outbound,1,manufacturing,medium,1
L-03944,2023-02-22,0.037274887993038686,2,26,1984.35220055496,organic,0,saas,small,0
L-01775,2023-02-22,0.4913035326998998,6,52,3793.447739323658,event,0,saas,medium,1
L-01925,2023-02-22,0.5600574762362305,1,59,1990.0694991685052,outbound,0,healthcare,small,0
L-03101,2023-02-22,0.29455607496639935,2,25,11157.69036869501,outbound,0,saas,large,0
L-00442,2023-02-22,0.2024052795037623,5,3,4735.687396174949,event,1,healthcare,medium,0
L-00433,2023-02-22,0.3224633185817777,4,27,6055.394884037433,outbound,1,manufacturing,medium,0
L-00669,2023-02-22,0.46727336789233453,5,51,4709.023093016075,paid_search,1,retail,medium,0
L-03021,2023-02-22,0.8399340941971882,4,30,4265.671600798589,referral,0,healthcare,medium,1
L-01644,2023-02-22,0.051805115639873445,2,43,7025.356497733914,outbound,0,saas,medium,0
L-03286,2023-02-22,0.7849619132881778,7,59,5148.360816741819,outbound,1,saas,medium,0
L-02084,2023-02-22,0.5401419523330292,4,18,3048.050658086611,referral,1,healthcare,medium,1
L-02430,2023-02-22,0.30812696203626844,3,13,6576.1420209173,event,0,saas,medium,0
L-00413,2023-02-22,0.5374375733539766,5,37,9651.634759300987,paid_search,1,retail,large,0
L-00947,2023-02-23,0.7983508127598611,2,49,2675.2113957018764,event,0,saas,small,1
L-00603,2023-02-23,0.7534605394363417,6,13,11881.99017001887,outbound,0,manufacturing,large,0
L-01894,2023-02-23,0.9246191784832176,1,19,3881.0666627031737,organic,1,healthcare,medium,1
L-02760,2023-02-23,0.501661842065483,4,28,7084.031783849902,outbound,0,saas,medium,0
L-03537,2023-02-23,0.6066785152579738,7,6,14476.117271360556,outbound,1,finance,large,1
L-01357,2023-02-23,0.4806091484927877,5,53,3447.7670146525675,organic,0,healthcare,medium,0
L-03526,2023-02-23,0.3063462371777058,3,17,1687.307971662483,outbound,1,saas,small,1
L-02479,2023-02-23,0.9701365112382403,1,11,5305.127144690643,referral,0,healthcare,medium,0
L-02206,2023-02-23,0.19006088660813114,1,13,5482.989979570284,paid_search,0,retail,medium,1
L-03268,2023-02-23,0.9169565858617845,2,6,5800.5054882680815,referral,1,finance,medium,1
L-00681,2023-02-24,0.8536506690045002,2,28,10607.27008787413,outbound,0,saas,large,0
L-02726,2023-02-24,0.8042768327775744,5,38,4120.202512125838,organic,0,healthcare,medium,1
L-03605,2023-02-24,0.5565555157209455,3,59,4209.219996577796,outbound,0,finance,medium,0
L-03307,2023-02-24,0.2945493537899925,3,24,2560.7928166447123,event,1,healthcare,small,1
L-02377,2023-02-24,0.1952416230296704,6,57,1798.3745937978463,organic,0,saas,small,0
L-01818,2023-02-24,0.6858304476238237,5,17,8352.980889655448,outbound,0,saas,large,0
L-00822,2023-02-24,0.05405431161859919,5,46,5578.656929784722,organic,0,manufacturing,medium,1
L-01341,2023-02-24,0.8217730593732004,4,1,8485.730553864782,organic,0,healthcare,large,1
L-00619,2023-02-25,0.9021496684090012,3,11,4522.0465446223025,organic,0,finance,medium,0
L-01444,2023-02-25,0.8789688723864574,2,14,3651.0647636234307,organic,0,saas,medium,0
L-01527,2023-02-25,0.15352829404463053,4,7,2434.94753873015,referral,1,saas,small,1
L-02735,2023-02-25,0.7459443559358149,4,5,5759.407303468694,event,0,manufacturing,medium,1
L-01835,2023-02-25,0.4398533005916445,1,58,4381.415918433239,outbound,0,healthcare,medium,0
L-00720,2023-02-25,0.5122890427049458,1,16,2301.210224127646,outbound,1,saas,small,1
L-00117,2023-02-25,0.03956020839019181,6,36,8059.280834170736,referral,0,healthcare,large,0
L-03888,2023-02-25,0.8427622848520179,5,8,9392.567197934182,event,0,healthcare,large,1
L-02107,2023-02-25,0.727873713022602,6,21,1338.7783350865345,outbound,0,saas,small,1
L-02209,2023-02-25,0.2024853452445461,4,53,2986.331354446686,organic,0,saas,small,0
L-00768,2023-02-25,0.8411200645043214,5,49,14844.444039733038,paid_search,0,finance,large,0
L-00099,2023-02-25,0.23846644371574255,3,7,875.0325479932184,referral,1,saas,small,1
L-02233,2023-02-25,0.7729970261914273,2,10,4260.182073524807,outbound,0,healthcare,medium,0
L-00328,2023-02-26,0.5736406687957091,5,39,18195.36064569013,outbound,1,finance,large,0
L-01089,2023-02-26,0.9190871279685557,2,20,4303.41441620744,paid_search,1,healthcare,medium,1
L-03513,2023-02-26,0.32711225602116145,1,35,2806.7361924251422,outbound,1,healthcare,small,0
L-01186,2023-02-26,0.7270109059613554,4,30,11761.614348675559,organic,1,retail,large,1
L-03248,2023-02-26,0.10293904704739976,2,5,729.5790843904673,paid_search,0,finance,small,1
L-03203,2023-02-26,0.45917703660615206,1,16,14537.533724371693,referral,0,healthcare,large,0
L-03992,2023-02-26,0.9633793497185212,9,41,1559.9835793657862,outbound,1,saas,small,1
L-03834,2023-02-26,0.5494677493399441,3,0,3977.1888191796584,paid_search,0,retail,medium,0
L-00305,2023-02-26,0.32464366711033366,2,54,4006.8908332421965,outbound,1,finance,medium,0
L-00240,2023-02-26,0.2968684855074143,4,6,3838.3022230198094,outbound,0,retail,medium,0
L-00461,2023-02-26,0.6790515562879931,3,50,2941.8104479250605,paid_search,1,healthcare,small,0
L-01962,2023-02-27,0.6947983112487609,5,29,6875.811996865095,referral,0,manufacturing,medium,0
L-00255,2023-02-27,0.5219801141180507,1,26,3551.682252359594,paid_search,0,finance,medium,0
L-02518,2023-02-27,0.7631870823952438,2,16,4290.5933071067675,organic,0,saas,medium,1
L-01062,2023-02-27,0.24447584248583953,1,43,3976.278724194832,referral,0,saas,medium,0
L-00407,2023-02-27,0.29741195909358,7,49,4526.609232801156,referral,0,retail,medium,0
L-03670,2023-02-27,0.6151895383301841,3,40,3296.435769217031,referral,1,healthcare,medium,0
L-00527,2023-02-27,0.9024899674229186,1,24,3170.6248709061765,referral,0,manufacturing,medium,1
L-02301,2023-02-27,0.7138606850640675,1,20,4021.059625700917,outbound,1,retail,medium,0
L-01611,2023-02-27,0.3275120783131492,0,5,1393.227791254118,paid_search,0,manufacturing,small,0
L-00833,2023-02-27,0.8264105499727091,4,12,5204.4799434233855,outbound,1,manufacturing,medium,1
L-00923,2023-02-28,0.6741443008931345,3,46,11206.144793828926,outbound,1,finance,large,0
L-03057,2023-02-28,0.5496338106932469,2,58,10818.817725811658,event,0,saas,large,1
L-02329,2023-02-28,0.9203623612948049,4,44,6868.823805227331,outbound,0,saas,medium,1
L-00521,2023-02-28,0.5633162416979622,3,16,6537.523807308239,organic,0,healthcare,medium,0
L-01934,2023-02-28,0.4970906618065981,2,50,12945.297728976853,referral,1,saas,large,1
L-01574,2023-03-01,0.32231971814342186,6,9,5013.151344472081,referral,1,manufacturing,medium,0
L-02890,2023-03-01,0.2250236296846524,3,4,2740.8741442950386,outbound,0,saas,small,1
L-02662,2023-03-01,0.4547692924755936,3,23,7744.765874074519,paid_search,0,manufacturing,medium,0
L-02888,2023-03-01,0.3938347561850223,3,37,1897.14912453581,paid_search,0,saas,small,0
L-00974,2023-03-01,0.5057246994541248,3,44,27080.320810589088,paid_search,0,healthcare,large,1
L-03068,2023-03-01,0.27624614103391154,4,36,6106.714395328114,paid_search,0,finance,medium,0
L-01606,2023-03-01,0.14319673774312158,2,50,3461.714522481686,outbound,0,finance,medium,0
L-00456,2023-03-01,0.6061964288878109,3,12,2078.2156438461807,outbound,1,finance,small,0
L-00937,2023-03-01,0.08588620943757286,3,52,4186.282812235708,organic,1,retail,medium,0
L-00751,2023-03-01,0.7240122521843483,3,43,2712.613537569467,paid_search,1,manufacturing,small,0
L-02062,2023-03-01,0.16155072645119373,9,41,2620.058601069966,outbound,0,healthcare,small,1
L-01697,2023-03-01,0.0473842338175986,2,3,12672.241971394518,paid_search,1,manufacturing,large,1
L-01676,2023-03-01,0.32203408153105206,6,2,5608.5226149113205,organic,1,finance,medium,0
L-03829,2023-03-02,0.7918298431946843,7,35,10261.660103107844,referral,0,saas,large,1
L-01523,2023-03-02,0.3809403480486341,2,20,4511.499418072238,outbound,1,healthcare,medium,1
L-02638,2023-03-02,0.17584974928100594,1,31,7001.224072414765,organic,1,finance,medium,0
L-00356,2023-03-02,0.4888983014706706,4,51,5888.4649285599235,event,0,saas,medium,0
L-02007,2023-03-02,0.1524665089783862,5,52,10669.09693948241,paid_search,1,healthcare,large,1
L-00272,2023-03-02,0.7545702954396313,1,28,9121.276901531139,organic,0,healthcare,large,0
L-00181,2023-03-02,0.9675930259974722,5,31,7375.06078735022,referral,0,retail,medium,1
L-03979,2023-03-02,0.6659147006024932,3,32,2758.60831971362,organic,0,healthcare,small,1
L-01103,2023-03-02,0.7608388403212071,2,3,3978.461627143818,outbound,1,retail,medium,0
L-01480,2023-03-02,0.44214855746449533,8,56,3123.811109796116,outbound,1,saas,medium,0
L-01969,2023-03-03,0.1433422221033015,3,17,4871.0573818738685,referral,1,healthcare,medium,1
L-01536,2023-03-03,0.2282967084571056,3,57,8387.948569396456,paid_search,0,manufacturing,large,1
L-02012,2023-03-03,0.9297682501350731,5,56,2649.30783675298,referral,0,manufacturing,small,1
L-00960,2023-03-03,0.7972621922722275,5,16,10059.055654936548,referral,1,manufacturing,large,1
L-02307,2023-03-03,0.34425778714465205,0,31,5864.8429777915435,outbound,1,saas,medium,1
L-02221,2023-03-03,0.014094645461855793,2,46,12146.737239206252,referral,1,manufacturing,large,0
L-03567,2023-03-03,0.15616522353826512,6,58,2333.704290815561,organic,1,finance,small,0
L-01228,2023-03-03,0.6480939302815164,0,24,2728.865946666351,referral,1,finance,small,1
L-00535,2023-03-03,0.5856037614655798,5,23,1745.318324508144,paid_search,0,finance,small,1
L-00389,2023-03-03,0.07186216584096006,1,58,4074.6280099817827,referral,1,healthcare,medium,0
L-00057,2023-03-03,0.4748768364757039,1,52,5784.075121627235,referral,1,saas,medium,1
L-03685,2023-03-03,0.015190104682004546,1,18,7092.8432424552,referral,0,retail,medium,1
L-03700,2023-03-03,0.8236744898245643,3,8,8357.166950484543,paid_search,0,healthcare,large,1
L-03927,2023-03-03,0.8172722192782778,1,41,3386.9633591318,organic,0,retail,medium,0
L-02885,2023-03-03,0.8454578987154283,3,58,15439.656093190164,event,0,healthcare,large,0
L-01045,2023-03-03,0.9754043238262216,3,14,1502.3377789026351,event,0,healthcare,small,1
L-03037,2023-03-03,0.190095771748375,2,43,11302.792727319053,referral,0,saas,large,0
L-02248,2023-03-04,0.19577160220972467,3,20,12248.0958949185,outbound,1,retail,large,1
L-01405,2023-03-04,0.8125077690501658,2,31,2258.5023688563824,organic,1,manufacturing,small,0
L-00532,2023-03-04,0.6904955512178131,3,40,9361.38223962292,paid_search,0,saas,large,0
L-03252,2023-03-04,0.258121499649558,0,6,8337.278036656708,organic,0,saas,large,0
L-00846,2023-03-04,0.23255301520367577,2,0,9278.740241078787,referral,1,manufacturing,large,1
L-01946,2023-03-04,0.20976066061341314,4,0,5832.985074082693,organic,1,finance,medium,0
L-03602,2023-03-04,0.8972836675331015,8,26,1089.1288516624131,organic,1,finance,small,0
L-00883,2023-03-04,0.3290748704012698,4,1,4833.445174407156,event,1,finance,medium,0
L-02791,2023-03-04,0.016825939252824718,3,29,1497.2595633332737,organic,1,finance,small,0
L-01654,2023-03-04,0.31765522080520747,6,51,6326.018321227,event,0,saas,medium,0
L-03706,2023-03-04,0.9038621959760219,2,25,3602.061497249769,referral,0,retail,medium,1
L-03402,2023-03-04,0.3842080032044929,3,23,8138.008835647047,organic,1,retail,large,0
L-03807,2023-03-04,0.830346840613561,7,48,4572.569951624713,paid_search,1,healthcare,medium,1
L-02426,2023-03-05,0.18674621766978972,1,36,16292.55687101673,referral,1,healthcare,large,0
L-03350,2023-03-05,0.9132160585086049,5,16,3733.108147951346,organic,1,finance,medium,1
L-00936,2023-03-05,0.32158410286945116,7,24,6536.335882694794,outbound,0,manufacturing,medium,1
L-00749,2023-03-05,0.032936014698360494,7,35,5907.671805482039,outbound,1,finance,medium,1
L-02867,2023-03-05,0.23786403643861975,3,8,2641.5031188692587,referral,0,saas,small,1
L-03884,2023-03-06,0.4924998486780927,2,16,2501.536625824919,outbound,1,retail,small,1
L-01907,2023-03-06,0.881233215671709,1,29,13034.140713314324,outbound,1,retail,large,0
L-01694,2023-03-06,0.7519505082717429,3,5,3774.6547311505633,referral,0,healthcare,medium,1
L-01853,2023-03-06,0.39096061392830594,5,26,4639.43964949095,paid_search,1,finance,medium,1
L-00177,2023-03-06,0.8239123610507965,3,55,2921.664887274275,referral,0,manufacturing,small,0
L-03364,2023-03-06,0.8844981481045009,5,44,1169.7309464945242,event,1,manufacturing,small,1
L-02094,2023-03-06,0.21927175092309104,2,31,5328.533690941909,organic,0,retail,medium,0
L-02432,2023-03-06,0.8313621258830283,2,49,9057.887504324777,paid_search,0,finance,large,1
L-03326,2023-03-06,0.6022748553477929,6,9,5819.259922193173,referral,0,saas,medium,1
L-02932,2023-03-06,0.7875625625397042,2,6,6588.136587118546,organic,0,retail,medium,1
L-00286,2023-03-06,0.888028758227551,3,16,1468.011297828384,outbound,0,saas,small,0
L-02368,2023-03-06,0.14662314286435274,3,4,2100.6128976362925,organic,0,retail,small,1
L-03321,2023-03-06,0.6341832153951836,5,3,2983.6914621651813,organic,1,finance,small,1
L-02659,2023-03-06,0.1556751971251129,5,58,5621.5159455727735,outbound,0,finance,medium,0
L-03162,2023-03-06,0.12565330683749687,4,57,2652.2642504117307,event,1,saas,small,0
L-00082,2023-03-06,0.6800349354078914,3,38,6240.365981040626,event,1,saas,medium,1
L-01935,2023-03-07,0.26354966267699054,2,34,16176.693111704264,paid_search,1,manufacturing,large,0
L-01777,2023-03-07,0.07825900768357019,3,2,5651.4224010532125,paid_search,0,retail,medium,0
L-01486,2023-03-07,0.6763937767172867,2,57,3594.27282376154,organic,1,retail,medium,0
L-01555,2023-03-07,0.7991074484399395,3,34,1786.357121866017,organic,0,finance,small,1
L-01075,2023-03-07,0.9068072536055503,6,48,6974.63095098642,referral,0,finance,medium,1
L-03270,2023-03-07,0.9563399400734179,6,26,2156.562864422107,outbound,0,manufacturing,small,1
L-00349,2023-03-07,0.02375650645718652,4,2,2801.772093006843,event,0,retail,small,0
L-02719,2023-03-07,0.14861983627690378,6,59,7244.27579738714,outbound,0,manufacturing,medium,0
L-01940,2023-03-07,0.07304127476175892,6,14,2807.15400401362,organic,1,retail,small,0
L-00040,2023-03-08,0.2848075886498894,2,2,2525.193188929256,outbound,0,finance,small,1
L-00531,2023-03-08,0.6392126599365016,3,25,8797.508527980497,event,0,saas,large,1
L-00466,2023-03-08,0.8274408525087472,1,51,1744.4330941106118,event,1,saas,small,0
L-01636,2023-03-08,0.8221272739041068,2,55,8541.394462254673,organic,0,healthcare,large,0
L-01849,2023-03-08,0.2833058391868256,1,38,9453.98517994501,outbound,1,saas,large,0
L-00186,2023-03-08,0.8182273526272573,2,32,7156.469887463192,paid_search,1,saas,medium,0
L-01077,2023-03-08,0.6109586784166986,3,18,5819.190793067713,paid_search,1,manufacturing,medium,0
L-02296,2023-03-08,0.4448357592818618,3,29,6516.317588255805,outbound,1,retail,medium,0
L-01595,2023-03-08,0.9976754473698223,0,32,3735.1880000221436,paid_search,1,finance,medium,0
L-00167,2023-03-08,0.42597096481284924,1,37,5881.788912325771,referral,0,retail,medium,1
L-03689,2023-03-08,0.8920395160337483,5,34,7085.450884308679,event,1,manufacturing,medium,1
L-02595,2023-03-08,0.9780427404056374,4,50,6690.0951814394975,organic,0,healthcare,medium,0
L-00622,2023-03-08,0.22833623163192596,2,4,6808.696365375677,outbound,0,manufacturing,medium,0
L-03516,2023-03-09,0.1760433198932556,3,40,3592.8741053273084,referral,0,saas,medium,1
L-00684,2023-03-09,0.2853119935992138,1,14,4789.76264257382,paid_search,0,retail,medium,0
L-03561,2023-03-09,0.36384678102548307,3,25,3290.6161896931603,referral,1,manufacturing,medium,0
L-03523,2023-03-09,0.6735218510617179,1,25,7248.246485794659,outbound,1,healthcare,medium,1
L-00702,2023-03-09,0.3878640250826205,5,52,5073.479666859996,outbound,0,manufacturing,medium,0
L-02939,2023-03-09,0.18786072533752196,2,20,2953.2079007805673,paid_search,1,saas,small,0
L-03558,2023-03-09,0.6703645038290117,5,18,10099.08671045617,paid_search,0,manufacturing,large,0
L-02199,2023-03-09,0.102362251350405,1,31,6098.058623958945,organic,1,retail,medium,0
L-02327,2023-03-09,0.7414468065877132,3,51,5039.200232067699,event,0,retail,medium,1
L-03179,2023-03-09,0.5283143955682554,1,34,6733.501694903797,referral,0,retail,medium,0
L-03048,2023-03-09,0.15911774709047277,2,28,6220.342328390272,organic,0,manufacturing,medium,0
L-00703,2023-03-10,0.812296946470286,2,8,4743.331010976994,referral,1,saas,medium,1
L-00261,2023-03-10,0.9867119124481999,1,13,5010.406476339833,paid_search,1,healthcare,medium,1
L-01192,2023-03-10,0.5534313698869836,4,29,5857.797896011865,paid_search,0,finance,medium,1
L-02449,2023-03-10,0.02025876001774607,3,3,4247.722507423661,organic,1,retail,medium,1
L-02050,2023-03-10,0.9496030429007936,4,17,13307.748849307187,organic,0,healthcare,large,1
L-02804,2023-03-10,0.8147753485181917,4,39,4453.674959084072,organic,0,healthcare,medium,0
L-02102,2023-03-10,0.5597228457776922,1,12,2232.7563407339485,referral,1,saas,small,1
L-01432,2023-03-10,0.9846073766009298,6,49,5874.671483065101,organic,0,saas,medium,1
L-02533,2023-03-10,0.4814804275187985,0,42,4724.702936445735,paid_search,0,finance,medium,0
L-02930,2023-03-11,0.7577165208126542,3,7,3125.0998072885964,organic,0,manufacturing,medium,0
L-03096,2023-03-11,0.6893804536701481,1,43,13822.566859128865,event,0,manufacturing,large,0
L-03949,2023-03-11,0.6520484832048667,4,46,51227.017428485306,organic,1,healthcare,large,1
L-03288,2023-03-11,0.30713129366202885,3,22,7759.127035264653,organic,1,finance,medium,0
L-00543,2023-03-11,0.24982608780972204,1,57,9549.347564811687,outbound,1,healthcare,large,1
L-01615,2023-03-11,0.6945327912863815,3,55,1704.3200151918634,organic,1,finance,small,0
L-00410,2023-03-11,0.6818959050670735,3,51,5669.4888912553315,event,0,finance,medium,0
L-03760,2023-03-11,0.08001942552660957,5,58,4137.639198580247,referral,1,saas,medium,0
L-03256,2023-03-11,0.6020878260016921,3,35,3765.6148820705434,organic,0,saas,medium,0
L-00907,2023-03-11,0.05760105037897478,4,25,5675.297563048546,referral,1,healthcare,medium,1
L-01031,2023-03-11,0.06445743245490876,2,26,1327.360970413206,organic,1,healthcare,small,0
L-02247,2023-03-12,0.02078682447584157,4,49,8695.977941822917,paid_search,0,saas,large,0
L-02477,2023-03-12,0.23783538488179112,5,8,4311.81959375997,referral,1,healthcare,medium,0
L-02369,2023-03-12,0.4319660569810784,1,15,4383.510170973267,referral,1,saas,medium,0
L-02367,2023-03-12,0.5887707829895721,1,23,1383.367011494055,organic,1,finance,small,1
L-03791,2023-03-12,0.6907048130213005,5,16,2230.9290814117176,outbound,0,saas,small,1
L-03887,2023-03-12,0.15805029111884605,2,4,3361.044667242038,organic,0,retail,medium,1
L-03051,2023-03-12,0.42168855478359224,4,35,5445.647335538989,paid_search,0,manufacturing,medium,0
L-01404,2023-03-12,0.8779908809927044,2,11,1996.7716120122736,event,1,healthcare,small,1
L-00660,2023-03-12,0.8406961705337607,2,15,7397.0394814096035,outbound,0,finance,medium,0
L-03786,2023-03-12,0.8792258568135658,1,36,1623.995095082505,organic,1,saas,small,0
L-03195,2023-03-12,0.9742208328353165,5,45,6164.357475636969,organic,0,healthcare,medium,1
L-00760,2023-03-12,0.652787224491315,1,31,4826.441059981175,event,0,finance,medium,1
L-03087,2023-03-12,0.4163134887318003,0,42,6522.057492300686,outbound,0,healthcare,medium,0
L-00258,2023-03-12,0.05871868165014971,0,38,6827.285851943804,referral,0,saas,medium,0
L-02031,2023-03-12,0.35506007079502466,4,16,16835.931890975044,organic,1,saas,large,1
L-00229,2023-03-12,0.6537304725769206,5,43,5880.208059193672,outbound,1,healthcare,medium,0
L-02146,2023-03-12,0.031240978990649815,3,17,11840.933827222832,organic,0,finance,large,1
L-02380,2023-03-13,0.521997387045736,6,32,12201.590659329964,paid_search,0,manufacturing,large,1
L-00391,2023-03-13,0.7560752824282378,4,56,2910.7096187904876,paid_search,0,healthcare,small,0
L-03823,2023-03-13,0.1739875590696015,4,21,2511.8193263744547,event,0,retail,small,1
L-01885,2023-03-13,0.03931938303327043,5,35,8988.53529411007,paid_search,1,retail,large,0
L-01882,2023-03-13,0.712886291432101,3,27,2008.4213850193657,paid_search,1,manufacturing,small,0
L-03878,2023-03-13,0.7124966103632211,3,5,5420.617991810747,organic,1,manufacturing,medium,1
L-01173,2023-03-13,0.9845850415432811,2,54,12535.232191859264,outbound,1,healthcare,large,1
L-01701,2023-03-13,0.24406277879319038,3,9,3162.9502805629936,organic,0,retail,medium,0
L-00250,2023-03-13,0.5339056327223729,0,2,3881.2957409620203,organic,0,finance,medium,0
L-02274,2023-03-13,0.21160258145368394,4,24,4751.885891408141,referral,0,retail,medium,0
L-03667,2023-03-14,0.8918882018418166,5,12,2389.22993323536,referral,1,manufacturing,small,1
L-02482,2023-03-14,0.7904132683455726,1,22,1407.37258318674,outbound,0,saas,small,1
L-00348,2023-03-14,0.08892874305028264,4,37,6948.946533412521,outbound,1,healthcare,medium,0
L-00468,2023-03-14,0.5913626097517097,5,15,415.1806095834058,event,1,finance,small,1
L-00563,2023-03-14,0.5165745048430123,4,44,11061.911366592669,outbound,0,retail,large,0
L-01638,2023-03-14,0.804546006317947,5,49,3927.2892387878414,outbound,1,manufacturing,medium,0
L-02612,2023-03-14,0.6751707163810492,2,20,11398.93876074545,paid_search,1,healthcare,large,1
L-01105,2023-03-14,0.6760189600893783,4,52,17737.615768224012,organic,0,saas,large,0
L-03086,2023-03-14,0.7839265357511662,4,1,8335.487408174851,outbound,0,retail,large,0
L-03098,2023-03-15,0.8279241471565723,8,41,1885.0303240864623,paid_search,1,healthcare,small,1
L-00911,2023-03-15,0.14918418388634835,3,57,9667.620692370843,paid_search,1,saas,large,0
L-02925,2023-03-15,0.34135332219071046,4,50,34188.31668789054,organic,0,retail,large,1
L-01928,2023-03-15,0.13885138675082975,2,27,9423.98513348054,referral,0,saas,large,0
L-02384,2023-03-15,0.8420195363242607,2,51,5573.147554289154,paid_search,1,manufacturing,medium,0
L-00022,2023-03-15,0.01377735529405033,2,59,6100.431425037276,outbound,1,saas,medium,1
L-00634,2023-03-15,0.5209756327557735,2,0,8534.282498642844,event,0,retail,large,1
L-03934,2023-03-15,0.2675326983665324,4,32,2102.496860244175,paid_search,0,finance,small,0
L-01662,2023-03-16,0.8900146741599216,3,22,3510.5565769240848,paid_search,0,manufacturing,medium,0
L-03528,2023-03-16,0.9545678468728145,4,38,6174.224355144552,paid_search,0,saas,medium,1
L-01959,2023-03-16,0.39596730309036865,0,3,5207.6760976740325,organic,0,manufacturing,medium,1
L-02928,2023-03-16,0.7166653704645288,3,25,9187.357112580934,organic,1,manufacturing,large,0
L-03289,2023-03-16,0.6084503697937579,0,3,8582.912112987535,paid_search,0,healthcare,large,1
L-01344,2023-03-16,0.5029952532376017,3,42,6673.537388668372,referral,0,saas,medium,1
L-03358,2023-03-16,0.3637339795594162,5,31,4034.414813322796,organic,1,saas,medium,1
L-01431,2023-03-16,0.557598591125455,1,28,3694.1636559734893,referral,0,healthcare,medium,0
L-02740,2023-03-16,0.2094328365262602,5,48,4135.249591547996,outbound,1,manufacturing,medium,0
L-01797,2023-03-16,0.7783604707782167,2,0,2702.288984543026,outbound,1,healthcare,small,1
L-01890,2023-03-16,0.14245807228426977,4,30,8610.816946863817,referral,1,retail,large,1
L-02070,2023-03-17,0.39285783860116674,4,37,3606.6583643350195,outbound,1,manufacturing,medium,0
L-00071,2023-03-17,0.4482523545537438,3,32,6198.855222701716,organic,1,saas,medium,1
L-01533,2023-03-17,0.1643787259244437,5,25,5983.185110087162,referral,0,manufacturing,medium,0
L-00252,2023-03-17,0.3788679563479572,6,36,7195.87155681369,outbound,1,healthcare,medium,0
L-02809,2023-03-17,0.5790161097901778,7,1,15583.249961608937,outbound,0,retail,large,0
L-02673,2023-03-17,0.2812459668742413,3,36,30485.233250716523,organic,0,healthcare,large,0
L-02737,2023-03-17,0.04953494206687581,0,52,10388.660905737845,referral,1,healthcare,large,0
L-03255,2023-03-17,0.8758166328973778,3,51,5110.878032284777,organic,0,manufacturing,medium,0
L-03393,2023-03-17,0.46371130622128853,2,57,2947.773623585967,organic,1,finance,small,1
L-01650,2023-03-17,0.29732952610653207,1,54,4475.602973973995,referral,1,saas,medium,1
L-03775,2023-03-17,0.03755582342034114,2,46,4108.2126413618935,outbound,1,finance,medium,0
L-03044,2023-03-17,0.24578467649892344,4,59,5016.4831279701175,referral,0,finance,medium,0
L-02943,2023-03-17,0.9838205002316063,2,0,11666.958577534768,referral,1,manufacturing,large,1
L-01325,2023-03-17,0.8468742031139126,3,22,2992.5348918744016,outbound,1,healthcare,small,0
L-03294,2023-03-18,0.7624018397047164,0,25,3707.2897426012605,outbound,1,finance,medium,0
L-03193,2023-03-18,0.6749271008105595,1,42,18443.726792868623,event,1,healthcare,large,0
L-00522,2023-03-18,0.3680932709966155,4,50,4042.4120180863133,event,1,finance,medium,0
L-01522,2023-03-18,0.10965589919169827,6,1,5583.13893314531,organic,0,finance,medium,1
L-03912,2023-03-18,0.5290106000735676,3,54,9520.920568276999,outbound,0,saas,large,1
L-02391,2023-03-18,0.7602957880874366,3,58,1168.0628087625207,organic,0,finance,small,0
L-01177,2023-03-18,0.3646782903787963,2,23,6074.87433996496,referral,1,retail,medium,0
L-00887,2023-03-19,0.9413669012702468,2,37,4481.760258001245,organic,0,manufacturing,medium,1
L-01114,2023-03-19,0.45129891834330527,2,23,10339.101717965723,outbound,1,healthcare,large,1
L-02850,2023-03-19,0.2016880132804536,3,53,7268.311562469192,outbound,0,healthcare,medium,0
L-02553,2023-03-19,0.6757485115605695,3,50,2142.2856731605157,organic,1,healthcare,small,0
L-01112,2023-03-19,0.7111627981941575,2,48,3179.129971004037,paid_search,1,retail,medium,0
L-02860,2023-03-19,0.5053976545593862,4,14,8769.815961131762,organic,1,retail,large,0
L-00542,2023-03-19,0.33971705416207676,2,31,3170.2691682467203,outbound,0,finance,medium,0
L-00051,2023-03-19,0.016230456342471444,4,45,3816.094115348712,referral,1,retail,medium,0
L-02992,2023-03-19,0.7037698077660497,4,56,23221.40831450644,paid_search,0,saas,large,0
L-02219,2023-03-19,0.6845269785858117,2,10,5333.507226931203,paid_search,1,healthcare,medium,1
L-00397,2023-03-20,0.1894912771872158,2,56,8057.803135558433,outbound,0,saas,large,0
L-03692,2023-03-20,0.534418952241846,1,49,4882.044279899535,organic,1,manufacturing,medium,1
L-02889,2023-03-20,0.9997148510628928,1,18,2120.0753795498804,referral,1,retail,small,1
L-03257,2023-03-20,0.422905934358055,2,50,4665.393536016857,paid_search,1,finance,medium,0
L-03152,2023-03-20,0.4739342140923939,4,58,7071.883635858389,paid_search,1,finance,medium,1
L-03908,2023-03-20,0.29223510613201487,6,45,2719.5023560006307,organic,1,saas,small,0
L-03181,2023-03-20,0.38491244720104345,1,17,4386.492170643743,event,1,saas,medium,0
L-00992,2023-03-20,0.30954350813762743,6,38,3890.5274447599954,paid_search,1,manufacturing,medium,0
L-01769,2023-03-20,0.6306465259503202,0,50,2646.2814122468412,organic,0,manufacturing,small,0
L-02465,2023-03-20,0.15130782147521116,2,53,4977.173860644658,outbound,1,healthcare,medium,0
L-03836,2023-03-20,0.8739915892735461,1,26,8279.410187460053,organic,0,saas,large,1
L-01703,2023-03-21,0.6843058196797618,2,21,3089.2578159286013,event,0,finance,medium,1
L-01786,2023-03-21,0.9602260045229679,4,36,3058.626973759774,event,0,finance,medium,1
L-00425,2023-03-21,0.7257009707225356,1,59,10699.947844590322,event,0,retail,large,1
L-00101,2023-03-21,0.13075181337631858,1,42,6251.08049921811,referral,0,finance,medium,1
L-02744,2023-03-21,0.071587302151916,0,33,5040.223124401339,outbound,0,retail,medium,0
L-02510,2023-03-21,0.5889872905686162,2,12,2469.111558880859,organic,1,saas,small,0
L-03039,2023-03-21,0.7629902693330352,0,59,3375.6378867567914,paid_search,0,manufacturing,medium,1
L-03964,2023-03-21,0.6943830137535508,3,57,4485.3847816084335,referral,0,healthcare,medium,0
L-02093,2023-03-21,0.18645529319457765,4,16,7533.310481058341,organic,0,healthcare,medium,0
L-03023,2023-03-21,0.6295165714034375,5,24,5692.821305649192,outbound,0,manufacturing,medium,0
L-02812,2023-03-21,0.507708843533124,3,43,11719.535247717331,event,0,manufacturing,large,1
L-02814,2023-03-21,0.4280281815816862,1,15,19529.975627314863,outbound,0,saas,large,0
L-00837,2023-03-21,0.2704700793824789,2,45,6497.6660813994795,paid_search,1,manufacturing,medium,0
L-00008,2023-03-22,0.15269013384142072,5,36,11422.909735845056,referral,1,finance,large,0
L-01084,2023-03-22,0.7609529795170038,5,45,12289.614654484107,paid_search,1,saas,large,0
L-02348,2023-03-22,0.5195860575716703,6,3,4743.728723773237,outbound,0,manufacturing,medium,0
L-00871,2023-03-22,0.4577351866500773,6,52,2018.679442406946,organic,1,retail,small,0
L-02899,2023-03-22,0.7923956468500528,3,22,8400.723476040093,event,1,finance,large,1
L-00663,2023-03-22,0.24598101819062024,3,26,7400.7778889014535,organic,1,manufacturing,medium,0
L-03503,2023-03-22,0.6260488772454097,0,59,4061.3049397108193,paid_search,1,saas,medium,1
L-03893,2023-03-22,0.8473506224191868,4,55,4803.0135955470205,referral,1,manufacturing,medium,1
L-01795,2023-03-22,0.6530900663041828,0,13,20868.98570464127,organic,1,finance,large,1
L-00223,2023-03-22,0.19004521595959667,3,17,1425.4879432550183,organic,0,finance,small,0
L-03287,2023-03-22,0.5548254003765684,1,33,11634.09585487189,organic,1,finance,large,0
L-00652,2023-03-22,0.8139156837095703,3,51,3377.2707103799708,paid_search,1,saas,medium,1
L-01363,2023-03-22,0.5964324678908418,1,14,10465.976120462788,paid_search,0,finance,large,0
L-02642,2023-03-23,0.4737677518315727,7,33,3094.0292407908923,paid_search,1,retail,medium,0
L-01739,2023-03-23,0.44121550461138104,2,46,3101.7803313507666,outbound,0,retail,medium,0
L-00338,2023-03-23,0.5677455990937528,5,31,3292.1058223502196,outbound,0,healthcare,medium,0
L-03735,2023-03-23,0.9522967977656314,2,15,9367.765027142714,referral,1,saas,large,1
L-02772,2023-03-23,0.00440092190355057,3,44,12471.04865516067,event,0,finance,large,0
L-02115,2023-03-23,0.2678756020772608,5,20,9945.441027382218,event,1,finance,large,0
L-03831,2023-03-23,0.2983739906651327,3,25,7248.167965393607,outbound,1,saas,medium,0
L-02764,2023-03-23,0.4384070905301488,2,12,4454.381817516375,referral,1,healthcare,medium,1
L-02473,2023-03-24,0.04049895193336772,3,14,5423.86756237425,event,0,healthcare,medium,0
L-02495,2023-03-24,0.3575982102230758,3,17,6453.673518851653,paid_search,0,saas,medium,1
L-01871,2023-03-24,0.20368934908017988,4,48,8652.579505349438,referral,0,healthcare,large,0
L-03582,2023-03-24,0.3243399932036394,6,56,4806.739063222349,outbound,1,saas,medium,0
L-01473,2023-03-24,0.40950233686438875,6,33,2044.463768245729,outbound,0,saas,small,1
L-02869,2023-03-24,0.6353342430475842,2,40,3519.5690567824618,outbound,1,retail,medium,0
L-03078,2023-03-24,0.3499992327079726,5,39,9567.794648916566,organic,1,healthcare,large,1
L-03432,2023-03-24,0.6580323103841129,1,56,2850.3070038528376,outbound,0,saas,small,0
L-01071,2023-03-25,0.964013702359797,2,13,11703.063648148951,event,1,finance,large,1
L-03241,2023-03-25,0.29327349340844455,2,27,3592.6347881318657,referral,0,healthcare,medium,0
L-03240,2023-03-25,0.13870760315880926,4,4,10870.03581551328,event,1,manufacturing,large,0
L-02522,2023-03-25,0.773379288138484,3,3,3214.0699475855395,outbound,0,finance,medium,1
L-02359,2023-03-25,0.741690365045119,3,47,7174.4347720316955,organic,1,finance,medium,0
L-00734,2023-03-25,0.2720451891776694,5,58,3949.6295285321535,paid_search,0,healthcare,medium,0
L-01939,2023-03-25,0.09321821266746044,3,20,3230.768883844118,paid_search,0,manufacturing,medium,1
L-02276,2023-03-25,0.40474840218857966,2,58,4231.902917546494,paid_search,0,finance,medium,0
L-02443,2023-03-26,0.911987647571481,3,16,6086.77778303198,paid_search,1,saas,medium,1
L-01744,2023-03-26,0.0901369820382667,1,0,1057.7274469076692,referral,1,manufacturing,small,1
L-01709,2023-03-26,0.7341950682182453,2,29,13966.198990634237,organic,0,saas,large,1
L-03525,2023-03-26,0.9152457760303804,2,52,3479.953736470461,referral,1,healthcare,medium,0
L-01988,2023-03-26,0.9904421789253223,6,24,8063.27288180033,paid_search,1,manufacturing,large,1
L-03327,2023-03-26,0.9212305027183688,7,8,16816.960885796532,organic,1,saas,large,1
L-01987,2023-03-26,0.46675292591894,6,1,7896.940463376427,paid_search,1,healthcare,medium,0
L-03296,2023-03-26,0.991398048885621,3,47,13873.423645088596,paid_search,1,finance,large,1
L-03231,2023-03-27,0.915438350527215,0,15,2938.3420394385685,outbound,0,retail,small,0
L-00141,2023-03-27,0.43434924822529575,2,11,10111.165169069774,event,0,healthcare,large,0
L-02664,2023-03-27,0.5792541958945455,3,46,2088.204261314471,referral,1,saas,small,0
L-02601,2023-03-27,0.9230146590477525,5,23,2565.6714347427123,outbound,0,saas,small,0
L-02469,2023-03-27,0.2354751704017547,5,57,5737.527636523011,organic,0,manufacturing,medium,0
L-02733,2023-03-27,0.23667590148701834,4,50,4429.671320853293,referral,1,healthcare,medium,1
L-01394,2023-03-28,0.7404453547781268,3,14,13356.435728041492,organic,0,healthcare,large,1
L-03959,2023-03-28,0.30886275491526094,3,40,16777.75689360934,referral,1,retail,large,1
L-01581,2023-03-28,0.792023242829773,3,48,10078.70836410571,outbound,1,healthcare,large,1
L-03178,2023-03-28,0.5042103016788663,3,12,4241.461678337818,organic,0,finance,medium,0
L-02552,2023-03-28,0.0016308476298648733,2,56,3361.987555532606,organic,0,finance,medium,0
L-02838,2023-03-28,0.12297077263205258,1,37,7598.586557356967,paid_search,1,saas,medium,0
L-03585,2023-03-28,0.9505883840490933,3,13,5104.577292111093,event,0,healthcare,medium,1
L-02461,2023-03-28,0.4147542241619748,1,43,7237.366053075572,paid_search,1,finance,medium,0
L-03475,2023-03-28,0.12829142437711005,0,0,929.2534528486158,outbound,1,finance,small,1
L-03682,2023-03-28,0.1733087598959161,3,45,3914.7382597169612,paid_search,0,saas,medium,0
L-03669,2023-03-28,0.8322834849108091,1,44,6655.689165725247,referral,0,saas,medium,1
L-03017,2023-03-28,0.48670993414349495,5,9,7389.76347840353,organic,0,retail,medium,0
L-01354,2023-03-29,0.49549134126868233,2,44,5640.511763469232,organic,1,healthcare,medium,0
L-00963,2023-03-29,0.5921787435056695,1,23,5910.344759076718,event,0,retail,medium,1
L-00902,2023-03-29,0.14922772844025645,7,38,8124.849275019916,referral,1,saas,large,0
L-03951,2023-03-29,0.4557407307994942,4,11,6197.836749678916,paid_search,1,saas,medium,0
L-02873,2023-03-29,0.5844710947114898,2,20,7341.570856813379,outbound,0,saas,medium,0
L-02193,2023-03-29,0.8358850175531424,1,49,7612.855706421695,organic,1,retail,medium,1
L-02357,2023-03-29,0.31388665631323565,1,40,459.501008593853,organic,1,manufacturing,small,0
L-02298,2023-03-30,0.5330406047863557,5,7,6193.20082394563,event,0,saas,medium,1
L-02393,2023-03-30,0.6533951995074075,2,30,1781.7812861041937,outbound,1,saas,small,0
L-01838,2023-03-30,0.7950274072961548,3,41,3854.240353300669,organic,1,manufacturing,medium,0
L-01256,2023-03-30,0.10143505085442095,4,57,3374.6498487200124,paid_search,0,healthcare,medium,0
L-02702,2023-03-30,0.3423150062476059,2,27,2505.4993746677396,outbound,0,manufacturing,small,0
L-03443,2023-03-30,0.7387594198812473,3,32,5637.014533452185,organic,0,retail,medium,1
L-03412,2023-03-30,0.33119940680621107,2,47,4041.094432928031,outbound,0,saas,medium,0
L-03621,2023-03-30,0.311771458777917,3,25,7396.2443571105605,outbound,1,finance,medium,1
L-03868,2023-03-30,0.12829732292427787,3,11,3992.066298882694,referral,0,finance,medium,0
L-03740,2023-03-31,0.7195749946958622,2,25,3068.6844521389708,paid_search,1,saas,medium,1
L-03849,2023-03-31,0.7853375514877494,3,48,4936.4080437148805,referral,0,manufacturing,medium,0
L-03470,2023-03-31,0.6325712197859872,3,34,10285.506049861513,paid_search,1,saas,large,1
L-02240,2023-03-31,0.7830128354568426,4,18,5371.3891376226875,event,0,retail,medium,1
L-00362,2023-03-31,0.47764876957297075,3,14,7948.832482958947,paid_search,1,saas,medium,0
L-03028,2023-03-31,0.5920028874488703,0,48,3450.0920929950025,paid_search,1,finance,medium,0
L-02746,2023-03-31,0.4431779872452878,4,45,6929.044271652331,referral,0,retail,medium,0
L-03881,2023-03-31,0.22349862107410756,3,7,9056.244854182267,outbound,0,healthcare,large,0
L-03180,2023-03-31,0.6578917814059948,3,58,2625.0788675359945,referral,1,saas,small,1
L-03713,2023-03-31,0.6860475046475483,2,14,3913.622968367781,paid_search,1,saas,medium,1
L-03313,2023-03-31,0.6382067385793626,3,55,23580.516577922317,organic,0,finance,large,0
L-03196,2023-04-01,0.44305199935834705,4,23,2366.979481404239,referral,0,manufacturing,small,0
L-02913,2023-04-01,0.9411736093251855,8,10,10750.660387998349,event,0,finance,large,1
L-00077,2023-04-01,0.1864832947558639,0,50,3998.988705064176,paid_search,0,healthcare,medium,0
L-00975,2023-04-01,0.8195279718843422,2,46,7113.804637687251,paid_search,1,healthcare,medium,1
L-02314,2023-04-01,0.003061104864092945,3,55,2918.550140969013,organic,1,retail,small,1
L-03151,2023-04-01,0.08796374852438626,1,55,8975.746949633267,organic,1,healthcare,large,0
L-00031,2023-04-01,0.515133376846189,2,36,3614.492513129395,outbound,1,healthcare,medium,0
L-02935,2023-04-02,0.1537352794888419,4,0,3953.2315086665494,organic,0,finance,medium,1
L-00411,2023-04-02,0.9745904132511058,2,17,3883.263775534272,organic,0,retail,medium,1
L-00566,2023-04-02,0.04125303250656254,1,35,4469.4680504552425,organic,1,saas,medium,0
L-02967,2023-04-02,0.31825055461840324,3,31,2395.6084934495775,outbound,0,retail,small,0
L-03335,2023-04-02,0.7756033922266312,7,42,8003.725893240737,outbound,1,manufacturing,large,0
L-01502,2023-04-02,0.0006423036998737253,2,39,2205.3386760470457,organic,1,finance,small,0
L-03781,2023-04-02,0.994348566947032,0,10,9276.744757090148,outbound,1,saas,large,1
L-01511,2023-04-02,0.7072671941953408,5,40,6427.247949070616,referral,0,manufacturing,medium,1
L-03810,2023-04-02,0.51376045095169,6,52,9368.33798655745,outbound,0,manufacturing,large,0
L-03483,2023-04-03,0.3661563678024199,5,0,2687.5748169749713,organic,0,saas,small,0
L-01655,2023-04-03,0.08293622286817304,2,0,6330.330391119127,referral,1,retail,medium,1
L-03701,2023-04-03,0.09721263778493949,3,48,13824.121646632862,outbound,0,saas,large,0
L-01478,2023-04-03,0.9321102598153617,2,7,6871.320672019669,referral,1,saas,medium,1
L-00325,2023-04-03,0.9860297430766236,1,54,7183.019404691274,paid_search,0,finance,medium,0
L-03088,2023-04-03,0.9373603215787846,4,38,2519.3564567656126,organic,0,saas,small,0
L-01544,2023-04-03,0.33002434324866603,5,42,13294.1881904866,outbound,1,retail,large,0
L-00485,2023-04-04,0.3833427934105079,3,18,10045.023790724415,organic,1,saas,large,1
L-00625,2023-04-04,0.42249508391815216,0,51,9409.283481395332,outbound,0,saas,large,1
L-03910,2023-04-04,0.9611723908966826,6,34,7046.877703786353,organic,0,finance,medium,1
L-02174,2023-04-04,0.7890532796071466,1,35,10393.490292387489,outbound,0,healthcare,large,1
L-02208,2023-04-04,0.4488063837722176,5,14,5866.810505565492,referral,1,finance,medium,0
L-01111,2023-04-04,0.25518651229354217,2,23,1802.3081058792097,outbound,1,saas,small,1
L-01816,2023-04-04,0.42781380936294167,1,8,4809.409734983045,outbound,0,healthcare,medium,1
L-01290,2023-04-04,0.3527448718582934,3,40,4512.49729573866,referral,0,finance,medium,0
L-01287,2023-04-04,0.42105491299571207,6,21,5530.9277740708085,organic,1,healthcare,medium,1
L-00147,2023-04-04,0.9942691791632828,3,16,1977.1524535118208,outbound,0,manufacturing,small,1
L-01876,2023-04-04,0.001929707873339459,1,57,6986.318668613479,event,0,saas,medium,0
L-03434,2023-04-05,0.7316727834677892,3,5,7217.891446644763,event,1,finance,medium,1
L-01385,2023-04-05,0.68524743210572,3,20,1954.790196151831,organic,1,finance,small,1
L-03254,2023-04-05,0.75172632477355,2,56,9165.032854508643,referral,1,retail,large,1
L-00636,2023-04-05,0.46440162631719195,0,22,4651.387224877514,outbound,1,retail,medium,0
L-03109,2023-04-05,0.8366812189776666,4,42,1923.1274886179242,paid_search,1,healthcare,small,1
L-03627,2023-04-05,0.7687300324015754,2,46,10748.16811480238,organic,0,retail,large,1
L-00326,2023-04-05,0.20895960748461406,4,57,2891.8459511738342,referral,1,finance,small,0
L-00565,2023-04-05,0.39606525127848724,1,9,6336.303398865714,paid_search,1,saas,medium,1
L-00509,2023-04-05,0.6423174116715351,0,4,2351.617651305513,referral,1,healthcare,small,1
L-02292,2023-04-05,0.07492169625946876,1,41,4838.996691901584,outbound,0,healthcare,medium,0
L-02881,2023-04-05,0.5968373345504464,3,25,16916.005689723508,organic,1,finance,large,0
L-03209,2023-04-05,0.07318069058095955,6,53,11676.6056920899,organic,0,manufacturing,large,0
L-01608,2023-04-05,0.19895671159319506,1,14,1361.159082965425,referral,0,healthcare,small,1
L-00718,2023-04-05,0.012140900922043563,1,40,8869.299539404004,paid_search,1,retail,large,0
L-01307,2023-04-06,0.02550156396019787,4,49,11738.41082150776,paid_search,1,manufacturing,large,0
L-00188,2023-04-06,0.2634493143569058,7,13,16621.76779596213,paid_search,0,finance,large,0
L-02640,2023-04-06,0.20066662541291747,0,14,31925.274197010378,paid_search,0,retail,large,1
L-01046,2023-04-06,0.4609808247014706,2,38,5697.210023700274,paid_search,1,healthcare,medium,0
L-01264,2023-04-06,0.3386956334207504,6,38,1178.5351285414,outbound,1,retail,small,0
L-00853,2023-04-06,0.3208368959398171,7,58,4623.66918812293,paid_search,0,saas,medium,1
L-03371,2023-04-06,0.9970263616391729,1,9,5559.270108062352,outbound,0,finance,medium,1
L-00592,2023-04-06,0.6525672517670819,2,18,8707.928798030356,event,0,saas,large,1
L-00096,2023-04-06,0.03897937753732039,3,19,2143.488292870966,organic,0,manufacturing,small,1
L-03292,2023-04-06,0.8626641257530911,3,0,2822.5045980264413,referral,0,finance,small,1
L-02966,2023-04-07,0.37044959119794796,3,57,17120.064765110248,referral,1,healthcare,large,1
L-02666,2023-04-07,0.8108987523339602,2,27,7924.273503626554,outbound,0,saas,medium,0
L-01505,2023-04-07,0.5671093654887923,2,27,4424.150318312309,referral,0,finance,medium,0
L-00831,2023-04-07,0.4512152941572657,4,3,2394.195936508172,outbound,1,retail,small,1
L-01401,2023-04-07,0.8344227521511565,4,39,2496.6418972727024,outbound,0,manufacturing,small,1
L-02181,2023-04-07,0.12738612172475006,2,31,12487.771823730965,outbound,0,healthcare,large,0
L-03093,2023-04-07,0.36435707133517936,2,35,6497.315827983056,organic,1,retail,medium,0
L-03072,2023-04-07,0.45275087427085714,2,8,2527.6816573207934,referral,1,finance,small,1
L-01541,2023-04-07,0.5440980914823108,3,14,1754.3372629968198,organic,1,finance,small,1
L-03967,2023-04-07,0.28647718139397993,3,53,3276.6134702942045,organic,0,finance,medium,0
L-03083,2023-04-07,0.05157954440447299,5,39,19438.00104263276,organic,0,retail,large,1
L-03744,2023-04-07,0.6800608554300946,1,57,5205.07992032286,outbound,0,healthcare,medium,0
L-01250,2023-04-07,0.9713590240855083,1,22,2387.563693457392,outbound,1,finance,small,1
L-00383,2023-04-07,0.008617257133752054,7,47,9137.405405619389,referral,1,finance,large,1
L-01708,2023-04-08,0.4390351122280969,4,18,8063.606177311582,referral,0,finance,large,0
L-01123,2023-04-08,0.45417901170226926,3,16,7075.977494121364,outbound,0,manufacturing,medium,0
L-03274,2023-04-08,0.3818754121688235,5,57,5193.669468530924,organic,1,healthcare,medium,0
L-00856,2023-04-08,0.6608681959247994,4,11,20052.238917016984,outbound,0,finance,large,1
L-01905,2023-04-08,0.6684942903243505,2,37,3706.8816582306167,outbound,0,manufacturing,medium,0
L-02486,2023-04-08,0.7758308035152388,3,52,5544.426708862463,referral,0,retail,medium,0
L-01106,2023-04-08,0.331474323659124,2,41,2502.3715656151935,outbound,1,retail,small,0
L-02686,2023-04-08,0.2855089916904162,4,50,5021.313476468451,outbound,1,finance,medium,1
L-00314,2023-04-08,0.3521204739255337,1,50,6160.0201006132975,referral,0,finance,medium,0
L-02161,2023-04-08,0.28023010879713783,3,28,24086.66254442558,outbound,0,retail,large,0
L-02252,2023-04-08,0.18675475571140332,4,29,4490.219482511426,organic,0,manufacturing,medium,1
L-01810,2023-04-08,0.5677561168411912,3,1,5407.932591421021,paid_search,1,manufacturing,medium,1
L-01785,2023-04-08,0.9278582254629885,4,56,12983.485228370419,referral,0,healthcare,large,1
L-03277,2023-04-09,0.7196840017403067,6,11,9954.5967053914,organic,1,manufacturing,large,1
L-03385,2023-04-09,0.7791037387343669,4,20,1342.487032000293,outbound,0,manufacturing,small,0
L-01012,2023-04-09,0.762073021030176,2,0,5250.84812340402,organic,1,saas,medium,1
L-00118,2023-04-09,0.10824944147485704,2,2,4851.063831293051,outbound,0,saas,medium,1
L-03569,2023-04-09,0.8792382188999776,2,54,1780.6231811404925,event,0,saas,small,0
L-03877,2023-04-09,0.17640227485441495,4,59,2998.5624176011256,outbound,0,manufacturing,small,0
L-00988,2023-04-09,0.16033812494286803,3,40,5984.139267313911,event,1,healthcare,medium,0
L-02099,2023-04-09,0.9051927562134626,4,24,10795.010520811791,event,1,saas,large,0
L-01453,2023-04-09,0.03509076592280813,4,31,4763.408419253361,paid_search,1,manufacturing,medium,1
L-01514,2023-04-09,0.9189097228100899,3,13,2149.9055197377907,outbound,1,retail,small,1
L-00830,2023-04-09,0.22195403956094906,3,44,6585.546864037479,outbound,1,retail,medium,0
L-03481,2023-04-09,0.00031441964408696066,5,26,2717.1619787555674,organic,1,retail,small,0
L-02750,2023-04-09,0.1966728262882963,2,57,4572.741638806713,event,0,manufacturing,medium,0
L-01891,2023-04-09,0.6633152793727001,2,7,4080.147331038695,organic,1,retail,medium,0
L-03332,2023-04-10,0.24675613927720963,1,15,32218.4621029534,outbound,1,saas,large,0
L-03060,2023-04-10,0.16861876183156788,1,58,1491.322456813831,paid_search,1,manufacturing,small,0
L-03862,2023-04-10,0.6460117239708396,2,22,17179.462188838374,referral,0,retail,large,1
L-00507,2023-04-10,0.9370627248797014,0,25,2443.2343250201184,paid_search,1,manufacturing,small,1
L-00616,2023-04-10,0.19748205186327816,9,2,3799.399875531205,event,1,manufacturing,medium,1
L-02236,2023-04-10,0.38430665910395756,3,37,6716.044680966916,event,1,healthcare,medium,1
L-00924,2023-04-10,0.05999083458534826,3,12,1519.7775360958847,paid_search,1,healthcare,small,0
L-03702,2023-04-10,0.06328363340203702,0,33,3485.5549632097977,paid_search,0,manufacturing,medium,0
L-01562,2023-04-10,0.9045063504194472,6,39,2001.4041069403675,paid_search,0,manufacturing,small,1
L-03430,2023-04-10,0.35730898287717483,1,48,35021.534884323126,outbound,1,manufacturing,large,0
L-01903,2023-04-10,0.5303450176108518,3,11,9375.159383885539,organic,0,manufacturing,large,0
L-03594,2023-04-10,0.5698398882320085,5,15,11304.371005951742,organic,0,saas,large,1
L-00567,2023-04-10,0.09995185577451304,4,43,5628.776012430359,organic,0,retail,medium,0
L-01817,2023-04-11,0.2798259183947872,2,28,5654.974707042907,organic,0,healthcare,medium,0
L-01412,2023-04-11,0.5111729625007231,5,1,8253.145323464825,event,1,retail,large,1
L-02398,2023-04-11,0.15701132415179186,2,6,11279.615361609422,outbound,1,healthcare,large,1
L-00482,2023-04-11,0.10575013746151407,1,36,1412.3379353241482,outbound,0,manufacturing,small,0
L-03717,2023-04-11,0.9967566731443,2,20,12199.988853410745,paid_search,1,retail,large,0
L-01851,2023-04-12,0.27769793046320923,2,3,4738.483424542485,organic,0,healthcare,medium,0
L-00695,2023-04-12,0.16586602972334286,1,38,4754.241884190143,outbound,0,finance,medium,0
L-01561,2023-04-12,0.5039329644302343,4,37,3591.1052534693326,referral,0,saas,medium,1
L-01306,2023-04-12,0.06188547702557645,2,56,6455.416395712421,outbound,1,manufacturing,medium,0
L-01941,2023-04-12,0.18565769561737033,1,4,7572.684905608841,outbound,1,saas,medium,0
L-03305,2023-04-12,0.63222953708832,4,49,9812.456632852121,outbound,0,finance,large,0
L-03221,2023-04-12,0.5608615729363878,4,31,3213.849600223066,organic,1,finance,medium,1
L-01659,2023-04-12,0.057290746722285846,1,12,6028.520017961986,referral,0,healthcare,medium,0
L-03390,2023-04-12,0.5618778348930105,1,17,4834.245264685142,outbound,0,manufacturing,medium,0
L-00918,2023-04-12,0.03447099283276278,2,39,5110.845441248869,outbound,0,healthcare,medium,0
L-02607,2023-04-13,0.2177983352203149,1,2,7960.665559773309,organic,0,saas,medium,1
L-03318,2023-04-13,0.40688595991485366,1,54,6820.849745676498,paid_search,1,healthcare,medium,0
L-00932,2023-04-13,0.5631355435851098,3,11,5199.481953066184,outbound,0,retail,medium,0
L-02125,2023-04-13,0.15256560468381297,5,55,1960.1304592124002,organic,0,manufacturing,small,0
L-00345,2023-04-13,0.06639827904327456,2,25,2349.2443795824647,referral,0,manufacturing,small,0
L-01424,2023-04-13,0.1541908821896315,2,17,4535.73411550701,organic,0,manufacturing,medium,0
L-02345,2023-04-13,0.9496353881767499,3,10,26583.44087228811,event,0,finance,large,1
L-03792,2023-04-13,0.13245139814420437,3,58,2954.349662431671,organic,1,finance,small,0
L-02187,2023-04-14,0.13391564365355846,4,28,3811.216787818078,outbound,1,manufacturing,medium,0
L-02420,2023-04-14,0.30495551374919483,2,9,4111.709360618631,event,0,retail,medium,0
L-01803,2023-04-14,0.17820685648046553,1,9,10679.205132630981,event,1,healthcare,large,0
L-03973,2023-04-14,0.9954090615445003,3,54,4070.0819001220766,outbound,0,finance,medium,1
L-01178,2023-04-14,0.004363621514715366,6,13,5488.719578660207,paid_search,0,retail,medium,0
L-03467,2023-04-14,0.141393428077766,7,16,7832.277660575053,referral,0,finance,medium,1
L-02078,2023-04-14,0.15624123976064241,1,52,2236.485863121817,organic,1,saas,small,0
L-03565,2023-04-15,0.24711928836901997,2,30,11004.28739562348,paid_search,0,healthcare,large,0
L-00210,2023-04-15,0.9997653369143439,2,3,3210.3815660461196,event,0,healthcare,medium,0
L-02417,2023-04-15,0.013972719418462565,2,15,12729.450068674647,referral,1,finance,large,0
L-02894,2023-04-15,0.6919933663865142,4,57,4792.220743797765,outbound,1,manufacturing,medium,0
L-00379,2023-04-15,0.6938593342090014,1,7,1305.3304331512666,paid_search,0,healthcare,small,1
L-01501,2023-04-15,0.5705091529455913,4,1,5573.9979395247965,referral,0,healthcare,medium,0
L-01620,2023-04-16,0.6218113844531371,1,20,30900.49082156189,outbound,0,retail,large,1
L-03215,2023-04-16,0.4487315194162592,2,32,3699.4762602113215,event,0,healthcare,medium,0
L-01296,2023-04-16,0.7562942217034505,3,8,4618.996757021712,organic,0,healthcare,medium,1
L-03514,2023-04-16,0.11016059605332329,6,30,3680.1183127240147,outbound,0,saas,medium,0
L-01458,2023-04-16,0.020442983142750837,1,13,2270.933907469118,organic,1,retail,small,0
L-02491,2023-04-16,0.8504311844863662,3,30,12871.850937755991,outbound,1,finance,large,1
L-00208,2023-04-16,0.15629132196097506,4,10,3738.051926496273,outbound,0,retail,medium,0
L-01881,2023-04-16,0.9145992443717617,2,51,23299.163562751924,organic,1,retail,large,1
L-03719,2023-04-16,0.1003293178450484,2,36,3697.3934490069887,event,0,finance,medium,1
L-03199,2023-04-16,0.5428742880953146,2,37,3915.424218883359,paid_search,1,finance,medium,0
L-01428,2023-04-17,0.9242897594096086,2,4,5072.443063964688,outbound,0,retail,medium,1
L-00291,2023-04-17,0.7081844867591174,3,2,1622.0395133721183,referral,0,manufacturing,small,1
L-00617,2023-04-17,0.8608861685209939,3,25,1847.9940708778208,paid_search,1,manufacturing,small,0
L-00205,2023-04-17,0.587634974653043,6,39,4779.167454390726,outbound,1,healthcare,medium,1
L-01260,2023-04-17,0.07931689918144824,3,18,1338.0975969530666,paid_search,1,finance,small,0
L-03301,2023-04-17,0.6133592364083679,0,16,1377.060994925658,paid_search,1,manufacturing,small,0
L-02300,2023-04-17,0.47178572016302656,3,34,12246.332585840299,outbound,0,healthcare,large,0
L-01700,2023-04-17,0.8833452707029679,1,27,3639.958351355981,organic,0,saas,medium,1
L-01122,2023-04-18,0.3312510603113281,4,50,1512.1127094075232,organic,0,healthcare,small,0
L-03753,2023-04-18,0.7528858036578309,1,45,5147.620936618593,referral,1,saas,medium,0
L-03167,2023-04-18,0.7462818127353477,2,33,18889.716979931312,organic,0,saas,large,0
L-01672,2023-04-18,0.29625473537930547,3,1,3816.1457147755077,paid_search,1,retail,medium,0
L-01010,2023-04-18,0.29293590650383716,4,33,20531.13822068301,outbound,1,retail,large,0
L-02332,2023-04-18,0.06762000762929499,6,0,9767.64691488881,event,0,retail,large,0
L-00508,2023-04-18,0.5324153197128694,9,21,5825.555332002299,event,1,finance,medium,1
L-02576,2023-04-19,0.821374136327675,4,46,6265.724641940529,paid_search,0,saas,medium,0
L-02429,2023-04-19,0.02983210801298508,4,6,1704.2233493615413,referral,1,retail,small,0
L-00215,2023-04-19,0.0877593827715506,5,17,3303.097962769312,organic,0,saas,medium,0
L-02657,2023-04-19,0.10736584968653018,5,16,6658.189431996617,event,1,retail,medium,1
L-00743,2023-04-19,0.7648120006111286,3,37,11259.322457395028,paid_search,1,healthcare,large,1
L-00778,2023-04-19,0.2597422520866369,5,16,6898.17589725854,outbound,1,healthcare,medium,0
L-00889,2023-04-19,0.1268587479617168,5,56,7303.07411169779,organic,1,saas,medium,0
L-02237,2023-04-19,0.8681548265290678,4,41,5127.984297854307,organic,1,finance,medium,1
L-01639,2023-04-20,0.5343784432636106,1,41,2209.5985712430897,outbound,1,saas,small,0
L-00504,2023-04-20,0.2771981402105398,1,4,1703.5667698610062,referral,0,retail,small,1
L-03099,2023-04-20,0.861825099441743,2,41,9593.415661783825,organic,0,finance,large,0
L-01321,2023-04-20,0.434035615756316,5,0,4394.271618830551,referral,1,finance,medium,0
L-03031,2023-04-20,0.8516418262967486,2,19,3308.289345723031,organic,1,finance,medium,1
L-01490,2023-04-20,0.5882685546050872,2,11,18400.077718732773,organic,0,retail,large,1
L-03059,2023-04-20,0.05548598652431469,0,57,2743.3670686159426,paid_search,1,retail,small,0
L-03303,2023-04-20,0.33544592594926104,1,14,4894.274401152938,organic,0,retail,medium,1
L-00038,2023-04-21,0.6013727628113479,3,13,2994.2093436218784,referral,1,manufacturing,small,1
L-00142,2023-04-21,0.7668755681071976,4,7,2980.676036538518,organic,1,finance,small,0
L-03306,2023-04-21,0.9986954925203827,3,6,4745.090253273185,paid_search,1,saas,medium,0
L-03795,2023-04-21,0.6254640887729238,1,58,14555.736299980701,outbound,0,manufacturing,large,0
L-00110,2023-04-21,0.5191672349143215,4,14,3455.201848234432,organic,1,retail,medium,1
L-03082,2023-04-21,0.4167010235680072,4,28,9000.003005647084,outbound,1,finance,large,1
L-00280,2023-04-21,0.42022247903243815,1,55,5252.1163479011,event,1,retail,medium,0
L-02105,2023-04-21,0.0954834119592175,3,16,7591.111221141119,outbound,0,saas,medium,0
L-03211,2023-04-21,0.24510028233503256,1,16,2382.645516536453,referral,0,saas,small,1
L-02954,2023-04-21,0.2277871909612047,1,33,5152.520990295235,organic,0,retail,medium,0
L-02848,2023-04-22,0.13660440277965535,2,39,3575.4852973609604,paid_search,1,healthcare,medium,1
L-00949,2023-04-22,0.8752944836508485,0,32,9606.238135794198,paid_search,0,finance,large,1
L-01191,2023-04-22,0.026855776926427932,4,4,6424.27694047402,outbound,0,healthcare,medium,0
L-00412,2023-04-22,0.4169125367187445,2,37,5463.021479302207,referral,1,healthcare,medium,0
L-02044,2023-04-22,0.48055989079891825,6,18,3590.7698691907403,outbound,0,saas,medium,0
L-01793,2023-04-22,0.1535216809311989,6,55,8714.780416401034,referral,1,finance,large,0
L-02310,2023-04-23,0.5203551859654679,7,54,2983.7592444212614,referral,0,manufacturing,small,0
L-01916,2023-04-23,0.5187017282946167,2,18,2799.6121908973596,event,0,healthcare,small,0
L-02110,2023-04-23,0.3216223382192459,5,42,4859.12256049497,paid_search,1,manufacturing,medium,1
L-02108,2023-04-23,0.9153265276899616,3,23,6076.966140616284,referral,1,healthcare,medium,0
L-01998,2023-04-23,0.339662463804297,2,2,1935.8025123448208,paid_search,0,retail,small,0
L-01550,2023-04-23,0.8636820394218702,1,43,3602.638799401189,referral,0,saas,medium,1
L-01999,2023-04-23,0.18035372163448304,2,41,5185.215786666963,paid_search,0,finance,medium,1
L-00151,2023-04-23,0.03417941092826016,6,13,23886.937183990274,paid_search,0,saas,large,1
L-00313,2023-04-23,0.18070619576680946,3,24,8612.98733029493,event,0,finance,large,1
L-01027,2023-04-23,0.859680301241987,4,25,1545.980056067095,organic,1,saas,small,1
L-00398,2023-04-23,0.12392589275351495,3,22,2707.331550783424,organic,0,manufacturing,small,0
L-00572,2023-04-23,0.7510087528825579,4,43,14133.33904484488,paid_search,1,retail,large,1
L-02705,2023-04-24,0.29693873781772273,3,50,10525.807939637914,outbound,1,healthcare,large,0
L-03598,2023-04-24,0.5744676592713583,4,14,3668.450482432036,event,0,finance,medium,0
L-01409,2023-04-24,0.10081137780178007,1,28,4389.030759214196,referral,1,manufacturing,medium,0
L-01381,2023-04-24,0.8662757734159724,3,55,3923.672707654947,outbound,1,manufacturing,medium,0
L-02786,2023-04-24,0.31889851884048703,2,12,9637.642175231595,organic,0,retail,large,0
L-03419,2023-04-24,0.3534069764530914,2,20,18035.538180893614,paid_search,0,finance,large,1
L-02870,2023-04-24,0.43341975550850664,3,17,12016.919861727945,organic,1,finance,large,0
L-00813,2023-04-24,0.03994646561762649,0,22,10477.585167094228,referral,1,saas,large,1
L-02978,2023-04-24,0.811881500707928,3,21,4735.5992513084975,organic,0,healthcare,medium,1
L-01208,2023-04-24,0.10948732570081521,0,8,1358.6372800752472,organic,0,manufacturing,small,0
L-03038,2023-04-24,0.8845149873666747,6,38,5004.807328458869,outbound,0,saas,medium,0
L-02109,2023-04-24,0.5185805923513536,3,41,3153.3923709306314,paid_search,1,finance,medium,0
L-00298,2023-04-24,0.004857337777279036,0,54,4554.658444222367,referral,1,manufacturing,medium,0
L-00533,2023-04-24,0.016482200596157015,4,36,2388.0873960971066,outbound,1,healthcare,small,0
L-01992,2023-04-25,0.08068037841466502,2,55,5420.523381900245,paid_search,0,healthcare,medium,0
L-02218,2023-04-25,0.9758945922813234,2,17,1727.2682927328801,outbound,1,finance,small,1
L-00449,2023-04-25,0.5851913513049627,4,19,9688.39948828073,paid_search,1,healthcare,large,0
L-02811,2023-04-25,0.680966600125159,2,26,8075.219212698071,paid_search,1,finance,large,1
L-02192,2023-04-25,0.5523585814504327,3,55,2302.601481772925,outbound,1,finance,small,1
L-03715,2023-04-25,0.19829801199995345,7,56,7792.6044555732215,organic,1,saas,medium,0
L-03993,2023-04-25,0.9079452465442571,3,3,10883.974975666373,paid_search,0,retail,large,1
L-00659,2023-04-26,0.22577519406626623,3,38,4133.124919405585,outbound,1,saas,medium,0
L-02397,2023-04-26,0.756515867645341,4,43,1984.4685090533642,paid_search,1,healthcare,small,1
L-03388,2023-04-26,0.4555309061899152,5,42,2652.092564989115,outbound,0,healthcare,small,0
L-02806,2023-04-26,0.4086007676272503,3,44,5878.571996941206,organic,0,healthcare,medium,0
L-02228,2023-04-26,0.5566594006874488,5,53,2387.9759041276234,event,1,healthcare,small,0
L-00480,2023-04-26,0.5051533948587487,4,40,3899.3259261940843,referral,0,manufacturing,medium,1
L-00494,2023-04-26,0.883666281572483,4,44,6650.736602790841,organic,1,finance,medium,0
L-03367,2023-04-26,0.7840609076407071,4,32,13533.73184521035,organic,0,healthcare,large,1
L-02185,2023-04-26,0.8068344471904552,4,35,6920.066665864724,paid_search,0,retail,medium,0
L-01229,2023-04-26,0.48351164100368105,9,56,18907.911232627514,organic,0,retail,large,0
L-02418,2023-04-26,0.002235204747397135,5,2,1187.8967280787667,outbound,1,manufacturing,small,0
L-03595,2023-04-26,0.633603785941861,3,59,1956.7760655272234,organic,1,finance,small,0
L-01482,2023-04-26,0.8383235912959066,5,40,1066.0997859552133,organic,1,saas,small,1
L-02540,2023-04-26,0.04866745484083501,3,41,3092.1527766717813,outbound,0,healthcare,medium,1
L-03293,2023-04-26,0.6681664768591647,5,48,6663.065445507716,referral,0,manufacturing,medium,0
L-02040,2023-04-26,0.44238959390094557,3,24,5397.187806664184,outbound,0,retail,medium,0
L-00840,2023-04-26,0.7869411358121238,2,45,2976.167682163661,referral,0,healthcare,small,0
L-03698,2023-04-26,0.854088746632211,5,31,9993.03230437131,paid_search,0,healthcare,large,0
L-00095,2023-04-26,0.3426502960336406,2,8,3166.1213626067643,referral,0,manufacturing,medium,1
L-00854,2023-04-26,0.758036211257836,0,31,6313.321043811546,organic,1,finance,medium,1
L-01113,2023-04-27,0.6564487180661819,0,35,2127.8179145346844,paid_search,0,retail,small,1
L-02196,2023-04-27,0.11747968591054436,5,1,2321.5063617202186,paid_search,1,healthcare,small,0
L-03524,2023-04-27,0.28170053149863017,2,22,1401.0479956933084,organic,0,saas,small,1
L-01560,2023-04-27,0.7110693539776523,3,36,8917.20647795759,organic,0,manufacturing,large,0
L-00341,2023-04-27,0.06913816246611448,3,38,1961.1300614937518,outbound,0,retail,small,0
L-02582,2023-04-27,0.8498585482468028,1,42,6041.587787921478,referral,0,healthcare,medium,0
L-03041,2023-04-27,0.15074416627609355,2,12,8576.67706427402,outbound,0,manufacturing,large,0
L-01450,2023-04-28,0.6918796596669491,4,3,4939.34337334728,outbound,1,finance,medium,1
L-01819,2023-04-28,0.8409444672987795,1,42,8160.923592045814,referral,1,saas,large,0
L-01645,2023-04-28,0.7558777308258808,4,20,3536.872241837703,paid_search,0,finance,medium,1
L-00270,2023-04-28,0.6289480171627772,2,48,5571.971231854434,event,0,manufacturing,medium,0
L-03436,2023-04-28,0.8299866489848887,3,14,3473.6592012544984,outbound,1,saas,medium,0
L-00153,2023-04-28,0.7992229216590553,5,39,9215.114144526307,referral,0,saas,large,1
L-02272,2023-04-29,0.8069229778199158,1,43,3051.4723770634387,organic,1,healthcare,medium,0
L-01337,2023-04-29,0.8831268820359235,1,0,5822.139618243656,paid_search,0,healthcare,medium,1
L-00418,2023-04-29,0.06737430513300624,3,18,8261.103963760626,paid_search,1,healthcare,large,0
L-03177,2023-04-29,0.004282810632935008,5,15,2048.411973996211,outbound,1,saas,small,0
L-02254,2023-04-29,0.8461815293449878,4,11,10456.545781820556,paid_search,0,saas,large,0
L-01580,2023-04-29,0.7657391075150608,5,28,7829.164485261659,organic,0,manufacturing,medium,1
L-00795,2023-04-29,0.5796647193100594,2,25,2922.69864115308,paid_search,0,saas,small,0
L-03591,2023-04-29,0.7911331233595482,5,22,13518.489460481735,outbound,0,finance,large,1
L-01861,2023-04-29,0.02821953217732831,5,49,3675.8643164628925,paid_search,1,retail,medium,0
L-00637,2023-04-29,0.20927734757195093,4,51,8123.395481219998,referral,0,healthcare,large,0
L-01906,2023-04-29,0.812905347695761,2,1,5985.113132273543,paid_search,0,retail,medium,1
L-01238,2023-04-30,0.35520432359600773,4,15,8404.24174113148,paid_search,1,finance,large,0
L-01399,2023-04-30,0.6479633758957883,6,38,2657.8747432783184,referral,0,saas,small,0
L-00262,2023-04-30,0.4583762911615126,1,35,6509.946995028459,event,1,saas,medium,0
L-03474,2023-04-30,0.6828946559486451,1,55,8836.699573573771,outbound,1,retail,large,0
L-01315,2023-04-30,0.06397254240827333,2,17,8742.867829983108,event,1,saas,large,1
L-00970,2023-04-30,0.46913343697211685,2,28,3720.005201848658,referral,1,healthcare,medium,1
L-00352,2023-04-30,0.23470348905189575,2,34,9664.339619641034,outbound,1,manufacturing,large,1
L-03204,2023-04-30,0.17012440561565012,1,14,2705.043845484,organic,1,healthcare,small,0
L-01402,2023-04-30,0.5234238478448924,2,43,7015.220206808019,outbound,0,manufacturing,medium,0
L-02996,2023-05-01,0.16838964864537598,4,55,1536.0639697325646,outbound,1,retail,small,1
L-00927,2023-05-01,0.5881463481140702,3,26,4275.5486079356715,paid_search,0,retail,medium,1
L-01600,2023-05-01,0.2868355546801522,5,17,17709.87973300673,organic,1,manufacturing,large,0
L-02775,2023-05-01,0.07499848929903985,2,21,9390.340935016204,event,1,saas,large,0
L-00801,2023-05-01,0.492462917000433,2,47,3627.817596925421,referral,0,manufacturing,medium,0
L-02832,2023-05-01,0.6822897186597314,2,41,6876.396303493901,outbound,0,healthcare,medium,1
L-01475,2023-05-01,0.4323354227675579,2,21,4325.36539100837,outbound,0,saas,medium,0
L-03843,2023-05-01,0.5674065746467731,4,30,12536.191534891244,organic,1,saas,large,1
L-00189,2023-05-01,0.9295989720071713,3,41,6636.816561868396,outbound,0,retail,medium,1
L-02051,2023-05-01,0.6690374301236321,1,8,3838.295163844846,organic,1,healthcare,medium,0
L-00441,2023-05-01,0.1603893240677361,6,32,2704.2862121622893,organic,1,finance,small,1
L-01366,2023-05-01,0.6940450131861471,6,33,21699.425953258702,referral,1,finance,large,1
L-01822,2023-05-01,0.5383447993330133,3,47,2759.5385491429497,event,1,manufacturing,small,0
L-02466,2023-05-01,0.16553150154503016,1,26,8251.89839938114,organic,0,finance,large,0
L-00306,2023-05-01,0.5217142141858402,4,58,12934.51047248989,paid_search,1,finance,large,1
L-03429,2023-05-01,0.6010005509356781,1,26,3701.466434575469,paid_search,1,saas,medium,0
L-02707,2023-05-02,0.42789426317924717,1,27,2893.7330349349477,paid_search,0,retail,small,1
L-00951,2023-05-02,0.7766886763492903,1,21,4252.598893237499,referral,0,saas,medium,0
L-01154,2023-05-02,0.18613875410423886,3,0,3281.9281317641075,outbound,1,manufacturing,medium,0
L-03741,2023-05-02,0.640340621124484,4,56,6071.139644111164,outbound,0,finance,medium,0
L-02020,2023-05-02,0.2216971483768232,3,10,7557.601433033205,outbound,0,finance,medium,0
L-03105,2023-05-02,0.4505398055116595,3,32,5693.839802646487,referral,0,healthcare,medium,1
L-01837,2023-05-02,0.03994192508646921,3,48,2456.0144585626063,paid_search,0,saas,small,0
L-00135,2023-05-02,0.5318238557779342,3,57,13542.419523230436,organic,0,healthcare,large,0
L-03898,2023-05-02,0.5291762192378618,3,31,2435.6023623261644,paid_search,1,finance,small,1
L-02594,2023-05-03,0.21133979326197827,0,3,27978.86135582405,event,1,retail,large,0
L-01104,2023-05-03,0.6409456721252235,5,24,2657.6895286717345,outbound,0,healthcare,small,1
L-02088,2023-05-03,0.0732459861675514,2,33,7675.833840137516,outbound,1,retail,medium,0
L-02186,2023-05-03,0.10413468760722522,7,24,3139.4476679646,event,1,manufacturing,medium,1
L-01390,2023-05-03,0.1382870014941071,5,9,4926.352327884172,outbound,1,retail,medium,0
L-00225,2023-05-03,0.25330760070564373,5,16,9051.474309967754,referral,1,healthcare,large,1
L-03341,2023-05-03,0.04233945060917599,5,59,6764.1925170453815,referral,0,retail,medium,0
L-01185,2023-05-04,0.08054494671311319,0,55,4245.94108700222,organic,0,manufacturing,medium,0
L-02354,2023-05-04,0.8924814191396805,3,48,3613.650549152866,organic,1,saas,medium,1
L-03583,2023-05-04,0.7169585958944741,4,55,8559.752684487577,referral,1,manufacturing,large,1
L-00332,2023-05-04,0.8267623598949471,2,12,4216.60291181869,organic,1,saas,medium,1
L-03696,2023-05-04,0.12389060928835782,3,14,4511.5879201407215,organic,1,saas,medium,0
L-03061,2023-05-04,0.1611922429233642,2,1,2936.2470129541994,referral,1,finance,small,1
L-03548,2023-05-04,0.6709213605539615,0,56,9360.922935215878,event,1,retail,large,0
L-00238,2023-05-04,0.3683441642063441,4,1,11388.367074778382,organic,0,saas,large,1
L-02126,2023-05-04,0.518770583216309,1,11,8032.190967280968,organic,1,finance,large,1
L-01778,2023-05-04,0.7580210831503069,5,17,5773.457501658987,organic,1,retail,medium,0
L-02308,2023-05-04,0.9399825937049925,1,15,2084.634758008245,outbound,0,healthcare,small,0
L-03372,2023-05-04,0.0302192037513499,2,34,2287.917756451396,referral,1,manufacturing,small,1
L-03502,2023-05-05,0.11271606632786002,4,38,8164.20922468468,event,1,saas,large,0
L-03941,2023-05-05,0.5943228447873232,2,4,6701.835400792175,organic,1,saas,medium,0
L-01059,2023-05-05,0.26989934395634196,6,26,1942.34552219788,event,1,saas,small,0
L-00087,2023-05-05,0.3488606520463975,2,0,8999.072784251797,referral,0,saas,large,1
L-03986,2023-05-05,0.04272389658042919,4,15,1513.1075910529726,paid_search,1,finance,small,1
L-00525,2023-05-05,0.15099313143506765,1,38,11818.428035471981,referral,1,retail,large,1
L-02780,2023-05-05,0.30861534260941903,2,47,6198.514348290984,outbound,1,retail,medium,0
L-00399,2023-05-05,0.5552556199000561,5,38,9746.344933092956,paid_search,1,finance,large,1
L-02807,2023-05-05,0.5947026719176003,0,21,3197.656554573705,paid_search,1,saas,medium,0
L-01033,2023-05-06,0.23010315405733928,1,11,3740.1914809829477,organic,1,healthcare,medium,0
L-01013,2023-05-06,0.6981902447177161,5,36,2331.731823626225,referral,1,retail,small,0
L-00748,2023-05-06,0.49702584621748225,0,47,11334.541807709062,event,1,manufacturing,large,0
L-02433,2023-05-06,0.3720037567196589,3,52,13975.881532238756,event,1,retail,large,0
L-01461,2023-05-06,0.7895582040006557,2,41,4851.3669957294915,referral,1,retail,medium,1
L-03097,2023-05-06,0.6434622341536098,1,44,1810.7702529610262,outbound,0,saas,small,0
L-01820,2023-05-06,0.7685169925989775,3,49,8308.588918447454,organic,0,healthcare,large,0
L-03163,2023-05-06,0.41510742666849476,1,42,12909.243599683969,event,1,finance,large,1
L-00747,2023-05-06,0.1866621036954298,1,7,4066.6298128348544,organic,1,finance,medium,1
L-00446,2023-05-06,0.04907404772427304,2,22,1239.2848650366657,organic,0,healthcare,small,1
L-00967,2023-05-07,0.2834655502433575,1,1,4685.0489876307465,organic,1,finance,medium,0
L-01603,2023-05-07,0.22004832047660783,7,43,19150.784552972225,outbound,1,healthcare,large,0
L-00987,2023-05-07,0.5488875890065671,4,12,1743.6220443084976,paid_search,1,manufacturing,small,1
L-03789,2023-05-07,0.4630266320888651,2,50,8677.868504742008,outbound,0,finance,large,0
L-00367,2023-05-07,0.41857479136145426,1,49,3289.2936095487785,referral,0,finance,medium,0
L-00308,2023-05-07,0.5981678800407747,3,10,4258.057496961911,paid_search,0,manufacturing,medium,1
L-00337,2023-05-07,0.3695716063567577,2,54,7916.86959811392,paid_search,0,saas,medium,0
L-02166,2023-05-07,0.019406150494017504,1,46,12237.115522926051,referral,0,healthcare,large,0
L-00798,2023-05-07,0.6794852182581039,1,0,2166.5558210455265,outbound,1,healthcare,small,0
L-01176,2023-05-07,0.8670056008565976,6,5,2754.594586612768,outbound,0,retail,small,1
L-02866,2023-05-07,0.29337517279199654,3,12,10552.134274752489,paid_search,0,healthcare,large,0
L-01585,2023-05-08,0.8007129735545269,1,33,5462.352680788934,outbound,0,finance,medium,1
L-01438,2023-05-08,0.007085354169948044,2,0,5508.916400814969,paid_search,0,healthcare,medium,0
L-01755,2023-05-08,0.34381596892437105,5,31,7211.867927319568,event,0,retail,medium,1
L-00524,2023-05-08,0.9122053404086763,3,57,4381.319901985723,paid_search,1,saas,medium,1
L-01434,2023-05-08,0.07594836590520748,1,11,4849.353543687735,referral,1,finance,medium,0
L-00553,2023-05-08,0.9500017705742079,4,49,13412.6668364803,paid_search,0,saas,large,0
L-01575,2023-05-08,0.3870171156241836,4,8,9356.218221117195,paid_search,0,finance,large,0
L-02271,2023-05-08,0.4785124609413839,3,21,9227.429958896371,organic,0,healthcare,large,0
L-02015,2023-05-08,0.5482638418332653,3,57,3626.991874261036,paid_search,1,finance,medium,1
L-01526,2023-05-08,0.10858654782155308,3,27,4759.351020397307,paid_search,0,healthcare,medium,0
L-03755,2023-05-09,0.609488887089519,4,42,9214.993437644862,organic,1,saas,large,0
L-00594,2023-05-09,0.29539079470985063,3,19,1683.5643075274597,organic,0,finance,small,0
L-02551,2023-05-09,0.6832766145179413,1,25,24228.830863033592,paid_search,1,healthcare,large,0
L-02129,2023-05-09,0.908617772515012,2,20,18633.840170607426,outbound,0,finance,large,1
L-00166,2023-05-09,0.893743128716272,4,1,11403.608951499626,event,1,finance,large,1
L-01403,2023-05-09,0.9071973733366125,3,55,2902.9738631607543,organic,1,saas,small,1
L-02927,2023-05-09,0.484960250243615,4,28,7026.824783203537,outbound,0,manufacturing,medium,1
L-02151,2023-05-09,0.5378303989980171,6,34,13778.111331693586,event,0,healthcare,large,1
L-00402,2023-05-09,0.7530732736205097,0,3,15524.411662710138,referral,0,manufacturing,large,1
L-01949,2023-05-09,0.295327576076733,3,43,12899.026445746407,event,0,saas,large,1
L-00320,2023-05-09,0.03259244324701449,3,17,2563.3450527454465,referral,0,retail,small,0
L-02483,2023-05-09,0.24148906062179398,2,49,2294.70151362508,referral,1,manufacturing,small,0
L-01503,2023-05-09,0.6448731146778622,3,22,3646.425425260342,outbound,0,retail,medium,0
L-02587,2023-05-09,0.9127369011811262,5,43,9810.969240272958,paid_search,1,saas,large,1
L-02291,2023-05-09,0.06527723447865985,4,52,2871.853335676805,referral,0,saas,small,0
L-03446,2023-05-09,0.8266487389902876,8,13,1703.4632841807409,organic,0,retail,small,1
L-02270,2023-05-09,0.9982559512152959,4,15,2717.8782801769685,organic,1,healthcare,small,1
L-03734,2023-05-09,0.1559012892539724,3,42,2674.6369348851804,referral,1,manufacturing,small,0
L-02525,2023-05-10,0.557886678499744,1,32,12600.914973502773,paid_search,0,manufacturing,large,0
L-02282,2023-05-10,0.6155166947581512,3,33,36612.254407169414,referral,0,retail,large,1
L-00606,2023-05-10,0.6141988035435992,1,43,14064.274398150483,organic,0,healthcare,large,0
L-02082,2023-05-10,0.7292712438603892,3,34,3120.8448073216096,paid_search,0,manufacturing,medium,0
L-01387,2023-05-11,0.9445296658526259,1,55,7314.936999897757,outbound,0,finance,medium,1
L-00631,2023-05-11,0.49656489714718743,3,36,1232.9374193449946,outbound,1,saas,small,0
L-01248,2023-05-11,0.8794234089116586,4,10,3134.1694914638765,outbound,0,finance,medium,1
L-03606,2023-05-11,0.05755603594395453,5,35,4940.065394763196,organic,1,finance,medium,1
L-03693,2023-05-11,0.855605460596945,2,16,2942.111910458678,outbound,1,saas,small,1
L-03858,2023-05-11,0.5544498819965276,1,20,3280.833177184559,paid_search,1,healthcare,medium,1
L-02346,2023-05-11,0.7660334066004131,3,2,8903.630233388603,outbound,0,retail,large,0
L-02091,2023-05-11,0.7648129483558401,3,15,7185.7768057558615,paid_search,1,retail,medium,1
L-02920,2023-05-11,0.38967118598286565,3,51,6021.792267146865,organic,0,saas,medium,0
L-02306,2023-05-11,0.5535141849869538,1,25,3891.885765757821,organic,0,finance,medium,1
L-02536,2023-05-11,0.6662171653053798,1,3,2645.792082700405,organic,0,healthcare,small,0
L-00065,2023-05-11,0.9301055192501241,1,15,1112.9598885996875,paid_search,1,saas,small,1
L-00645,2023-05-12,0.8816172212428632,2,16,6504.081998490852,outbound,1,retail,medium,1
L-01914,2023-05-12,0.39591267904070226,0,59,18460.78939217911,outbound,1,finance,large,1
L-02150,2023-05-12,0.2499867540285089,5,32,12423.465914680302,organic,0,retail,large,0
L-03042,2023-05-12,0.3162327101862351,5,5,3060.7340493545134,organic,0,healthcare,medium,1
L-00253,2023-05-12,0.5875194925558406,8,6,5310.967364169036,referral,1,retail,medium,1
L-02575,2023-05-12,0.1906427566059925,4,20,5682.482873128531,outbound,1,retail,medium,1
L-01094,2023-05-12,0.46549999716905743,5,40,7091.931576145568,organic,1,retail,medium,1
L-03521,2023-05-13,0.24955718202655597,4,12,7448.910427185762,paid_search,0,healthcare,medium,0
L-03622,2023-05-13,0.6416456789116327,1,57,6512.585546195551,referral,1,finance,medium,1
L-01144,2023-05-13,0.8270080146079994,2,33,21529.207827675098,referral,0,healthcare,large,1
L-02649,2023-05-13,0.4637045822685515,3,21,5181.137042458596,referral,0,manufacturing,medium,0
L-01776,2023-05-13,0.7044582880334169,4,32,6214.6193963068745,organic,0,healthcare,medium,1
L-02068,2023-05-13,0.9100896741301989,2,8,1070.762396789873,referral,0,manufacturing,small,0
L-00076,2023-05-13,0.9765270664151456,3,47,5283.627905463841,event,1,retail,medium,0
L-03771,2023-05-13,0.875844593429381,3,18,7874.2349075828915,event,0,retail,medium,1
L-01513,2023-05-13,0.9712613162688684,3,46,3266.208976826939,outbound,0,saas,medium,0
L-00293,2023-05-13,0.30762848542413035,7,6,4499.038879071568,outbound,1,saas,medium,0
L-03573,2023-05-13,0.8627268132629347,2,7,10444.650428764555,paid_search,0,retail,large,0
L-01029,2023-05-14,0.3779886731972337,6,28,3987.341412668134,outbound,0,saas,medium,0
L-00486,2023-05-14,0.7725058060224135,4,44,4393.391161838625,referral,1,manufacturing,medium,1
L-01493,2023-05-14,0.6100245084449121,2,20,4737.026722180075,outbound,0,retail,medium,0
L-00168,2023-05-14,0.327807720693986,4,19,6467.54073112264,paid_search,1,saas,medium,0
L-01904,2023-05-14,0.37436783362757076,3,29,7636.646586519354,referral,0,manufacturing,medium,1
L-00737,2023-05-14,0.5296252409594838,3,23,5199.247865848694,paid_search,1,finance,medium,1
L-01510,2023-05-14,0.9590733380799858,3,40,16944.30483301217,paid_search,0,healthcare,large,0
L-03769,2023-05-14,0.7462732339820062,5,46,13895.865481804392,referral,0,healthcare,large,1
L-01068,2023-05-14,0.7316270154302333,3,9,8621.83019529846,organic,1,finance,large,1
L-03658,2023-05-14,0.13326114443103088,7,46,9201.352373991154,organic,0,saas,large,0
L-02159,2023-05-14,0.20737287523938142,2,17,9208.104127023656,paid_search,1,saas,large,1
L-00370,2023-05-15,0.46222793014366814,5,57,2905.074292474894,referral,0,finance,small,0
L-02203,2023-05-15,0.6144274948381659,5,26,8751.83438893371,referral,0,saas,large,1
L-03826,2023-05-15,0.6867241995580513,2,1,3317.2863829492344,referral,0,healthcare,medium,1
L-03394,2023-05-15,0.43373497368748204,0,3,9854.958883740117,organic,0,healthcare,large,1
L-02366,2023-05-15,0.4753334513833103,6,16,3713.4864768159564,outbound,1,retail,medium,0
L-02636,2023-05-15,0.34036377813972996,3,39,2624.9651596345,paid_search,0,healthcare,small,0
L-03995,2023-05-15,0.3762807443485312,5,20,6105.24068231911,referral,1,healthcare,medium,1
L-03433,2023-05-15,0.4269318597663363,4,2,5653.33082728213,referral,1,finance,medium,0
L-01781,2023-05-16,0.8361157845918545,5,7,3671.8904744084525,organic,0,healthcare,medium,1
L-01770,2023-05-16,0.9398720892275902,3,31,1753.7197443419864,referral,1,saas,small,0
L-01175,2023-05-16,0.04018157262847033,6,18,2537.487507660154,organic,1,healthcare,small,0
L-01141,2023-05-16,0.17302392134329692,2,8,13865.83416527407,organic,1,finance,large,1
L-03985,2023-05-16,0.3661914669626253,2,32,7863.920826745476,paid_search,0,finance,medium,0
L-03596,2023-05-16,0.9152612515440707,4,18,8852.194602396925,referral,1,retail,large,1
L-00198,2023-05-16,0.25855717814874,4,6,5239.464603504638,paid_search,1,manufacturing,medium,1
L-02322,2023-05-16,0.6185402365031989,3,50,7709.9252816371345,outbound,1,saas,medium,0
L-03084,2023-05-16,0.9330752414784446,1,22,8902.720897046527,paid_search,0,finance,large,0
L-00626,2023-05-16,0.560373895967873,0,49,3360.2497920630603,outbound,0,retail,medium,1
L-01899,2023-05-16,0.19231404027568932,3,51,15889.156144121322,organic,0,saas,large,1
L-03250,2023-05-16,0.4793046827177857,5,19,2273.045691518573,paid_search,1,saas,small,1
L-02326,2023-05-17,0.05880105782349765,4,16,5586.927798489447,outbound,0,retail,medium,0
L-03728,2023-05-17,0.9063131903327911,6,57,2321.4947823512493,referral,0,saas,small,1
L-02073,2023-05-17,0.17481894162471523,7,26,2691.0329916092273,organic,0,healthcare,small,1
L-01977,2023-05-17,0.13939738312098882,3,38,4842.606827265651,referral,1,healthcare,medium,0
L-01973,2023-05-17,0.1969798253189875,4,21,17808.147531719307,paid_search,0,saas,large,1
L-01159,2023-05-17,0.3121027493536962,3,39,13261.103208023425,referral,1,saas,large,1
L-02490,2023-05-17,0.5249220957043151,5,28,2103.6986690935223,event,1,finance,small,1
L-03212,2023-05-17,0.9626938521724977,1,41,6017.902200181504,paid_search,1,saas,medium,1
L-03486,2023-05-17,0.8805249763593188,2,43,5731.413016389905,outbound,0,manufacturing,medium,1
L-02460,2023-05-17,0.42091169947061546,1,18,5080.455729827163,organic,1,healthcare,medium,0
L-01329,2023-05-17,0.2230361279982953,3,36,7859.9759055362465,referral,0,retail,medium,0
L-00196,2023-05-18,0.06752731441805337,1,42,2730.912342725775,outbound,0,healthcare,small,0
L-03090,2023-05-18,0.41223064968769685,3,44,6679.81655378526,organic,1,saas,medium,0
L-02484,2023-05-18,0.8644503819287854,1,23,5436.527241690925,outbound,0,saas,medium,1
L-01646,2023-05-18,0.3500432223729788,4,46,5480.164575614683,referral,0,finance,medium,1
L-01792,2023-05-18,0.023291060004693276,3,22,5168.153039121061,outbound,0,finance,medium,1
L-03173,2023-05-18,0.04685702266715508,2,21,3021.81390436851,referral,0,manufacturing,medium,0
L-01356,2023-05-18,0.5605994750663922,2,55,5520.17782646429,referral,0,manufacturing,medium,0
L-02739,2023-05-18,0.6383399638096628,5,58,3602.245235684776,event,1,manufacturing,medium,1
L-01371,2023-05-18,0.036305676104475215,2,12,3692.4477515020913,organic,1,retail,medium,1
L-00990,2023-05-18,0.7908651308632676,0,43,5542.699128295293,organic,0,healthcare,medium,0
L-02029,2023-05-18,0.9051863233669755,1,24,3713.6684910683566,organic,0,saas,medium,1
L-01710,2023-05-18,0.8675978655731925,1,31,3065.111363645787,event,1,manufacturing,medium,0
L-02589,2023-05-19,0.8835514062513434,3,23,1115.1657442155868,organic,1,retail,small,1
L-03557,2023-05-19,0.33288262541404656,1,11,3889.788333045254,outbound,0,finance,medium,0
L-00138,2023-05-19,0.7647566879326486,0,55,4777.15352206587,referral,0,retail,medium,1
L-01591,2023-05-19,0.32807114256094116,5,17,6648.719700604775,referral,0,retail,medium,0
L-01382,2023-05-19,0.9223895739956305,2,22,3847.0733641377997,outbound,1,retail,medium,1
L-01235,2023-05-19,0.1325463142747627,9,6,11093.114598781152,paid_search,1,healthcare,large,0
L-00267,2023-05-19,0.5076769974617779,3,5,9272.36458471832,referral,1,saas,large,1
L-01406,2023-05-19,0.5158988962444213,1,11,3295.252737564398,organic,0,retail,medium,0
L-02909,2023-05-20,0.21671231241323197,0,28,4862.5802508761135,paid_search,0,healthcare,medium,0
L-01756,2023-05-20,0.2616549156329441,1,43,3577.391389764814,organic,1,healthcare,medium,0
L-02424,2023-05-20,0.5922071496849479,5,45,3843.181967314122,organic,0,healthcare,medium,0
L-03453,2023-05-20,0.17455238357527125,2,0,9668.631132209686,outbound,1,retail,large,0
L-02997,2023-05-20,0.4711491351387228,5,13,2998.0097865521216,organic,1,manufacturing,small,0
L-03020,2023-05-20,0.9194733085100913,0,22,8214.608624370105,event,0,manufacturing,large,1
L-03509,2023-05-20,0.5914876740795956,4,4,18114.39518493869,organic,1,manufacturing,large,1
L-01311,2023-05-20,0.9369065400226779,2,27,6580.663557063239,outbound,0,retail,medium,0
L-03716,2023-05-20,0.826245621199462,3,33,4188.774012693641,organic,0,manufacturing,medium,0
L-01362,2023-05-21,0.5851478216413033,2,41,2917.136729947359,event,0,finance,small,0
L-03853,2023-05-21,0.251263550706466,9,14,4993.296460073556,paid_search,1,healthcare,medium,1
L-03405,2023-05-21,0.7293504449521396,1,1,4482.955230325434,organic,1,retail,medium,1
L-00978,2023-05-21,0.716130940992838,3,47,5304.193479874278,organic,1,healthcare,medium,1
L-02584,2023-05-21,0.6720157222995868,2,33,10383.509900294255,outbound,1,saas,large,1
L-02281,2023-05-22,0.35536443232023773,2,37,3225.8426736370934,referral,1,manufacturing,medium,0
L-01830,2023-05-22,0.4759124346575283,7,59,1855.667826015605,referral,1,healthcare,small,1
L-00043,2023-05-22,0.92916263227107,4,11,1170.612459987273,organic,0,finance,small,1
L-02884,2023-05-23,0.8598500568655341,3,17,4652.622425258498,organic,1,saas,medium,1
L-03406,2023-05-23,0.35465557605636466,2,6,2705.217509545212,referral,0,retail,small,0
L-02489,2023-05-23,0.5336199339398677,1,34,5392.74472135834,paid_search,0,finance,medium,0
L-01684,2023-05-24,0.18447158417910592,5,43,1289.0169442360207,outbound,0,healthcare,small,1
L-03130,2023-05-24,0.2996468963520691,2,18,5473.508645924927,paid_search,0,retail,medium,0
L-03847,2023-05-24,0.21947342922809088,5,1,4124.284014552906,outbound,0,manufacturing,medium,1
L-01926,2023-05-24,0.5366150935294522,1,14,1919.0200925673707,organic,0,manufacturing,small,0
L-03464,2023-05-24,0.05520223320807116,1,25,7080.753724606063,organic,0,healthcare,medium,0
L-03053,2023-05-24,0.12028571515609332,4,51,2744.89593152364,outbound,1,manufacturing,small,0
L-03856,2023-05-24,0.5814069762923163,1,23,4994.543240133184,paid_search,1,manufacturing,medium,0
L-01698,2023-05-24,0.024777875161596796,4,22,3284.162826447421,organic,1,manufacturing,medium,0
L-00520,2023-05-24,0.1632066847177871,4,34,2942.767777854562,paid_search,1,finance,small,0
L-03710,2023-05-24,0.7722674032074582,2,12,7133.752246261234,referral,0,healthcare,medium,1
L-02561,2023-05-24,0.2426253685256229,2,1,8096.544256435846,referral,0,saas,large,0
L-02758,2023-05-24,0.06521566989953631,3,37,3641.7594714323895,paid_search,0,healthcare,medium,0
L-02849,2023-05-25,0.7754244526726743,4,0,1043.4303199234835,outbound,0,healthcare,small,0
L-02826,2023-05-25,0.17892478565644976,3,28,895.8577779291431,organic,1,manufacturing,small,1
L-01571,2023-05-25,0.14045015838902264,1,6,28689.69723477142,outbound,1,manufacturing,large,0
L-02052,2023-05-25,0.5471662709441008,4,44,4448.723406591538,outbound,0,saas,medium,0
L-02440,2023-05-25,0.04086998977167433,8,36,15895.75663203479,paid_search,0,saas,large,1
L-00193,2023-05-25,0.05884853733243178,3,46,5886.667670376815,outbound,1,manufacturing,medium,0
L-00997,2023-05-25,0.21008712382353356,2,5,2559.2120838635888,organic,0,manufacturing,small,0
L-01924,2023-05-25,0.20735333302645576,4,19,1221.4198299954717,organic,1,saas,small,0
L-00764,2023-05-25,0.07245497359587183,3,58,5158.549722871951,referral,1,saas,medium,0
L-02485,2023-05-25,0.28020090530999753,2,2,1583.0808673833071,referral,1,retail,small,0
L-03085,2023-05-25,0.41360314029288636,3,3,1577.9716770010073,referral,0,finance,small,0
L-03114,2023-05-26,0.11670369167885941,2,37,4231.487301762637,referral,1,saas,medium,1
L-01051,2023-05-26,0.09754470677298266,2,23,3032.677154119606,referral,0,retail,medium,0
L-02144,2023-05-26,0.474416044892644,2,29,4418.25048556578,event,0,manufacturing,medium,0
L-02892,2023-05-26,0.4421062945557275,1,27,3188.1884189123894,outbound,0,healthcare,medium,0
L-00745,2023-05-26,0.7827613480561023,5,13,3502.7702661159014,event,1,finance,medium,1
L-02190,2023-05-26,0.08077175920735302,3,9,25866.206408412803,paid_search,0,retail,large,0
L-00300,2023-05-26,0.9488737571491254,3,27,3277.6983584206396,outbound,0,healthcare,medium,1
L-00052,2023-05-26,0.45250793152438407,5,6,3549.9091451709032,paid_search,1,healthcare,medium,1
L-01772,2023-05-26,0.6806837756654053,2,5,4686.806884011739,referral,1,finance,medium,1
L-03236,2023-05-26,0.18414018669340915,7,16,2930.740043834174,referral,1,retail,small,1
L-02762,2023-05-26,0.9219643342032092,4,37,14370.335915028081,organic,0,finance,large,1
L-02200,2023-05-27,0.2050505985231833,2,1,4679.7956149638585,organic,0,retail,medium,0
L-03100,2023-05-27,0.5632561324703096,3,46,4866.421093665228,referral,0,healthcare,medium,0
L-01359,2023-05-27,0.6669621635634062,1,6,2234.0230754726263,outbound,1,saas,small,1
L-00062,2023-05-27,0.5040639065645509,2,16,3807.990446112979,event,1,saas,medium,1
L-00392,2023-05-27,0.3592043972677377,5,15,2479.0991100213423,outbound,1,finance,small,0
L-03676,2023-05-27,0.16491540860861353,3,20,7711.050577239319,event,1,saas,medium,0
L-02055,2023-05-27,0.8496572024460699,1,43,9923.78187760445,organic,1,healthcare,large,0
L-00629,2023-05-27,0.24131433797752877,6,53,4817.082199429209,referral,1,saas,medium,0
L-00200,2023-05-27,0.11867736707884491,6,7,3218.1340409496797,organic,1,manufacturing,medium,1
L-01137,2023-05-27,0.05681767839998142,4,25,9466.375903813236,outbound,0,manufacturing,large,0
L-03010,2023-05-28,0.23494554525306988,3,53,4481.648579824873,paid_search,0,saas,medium,0
L-02586,2023-05-28,0.5057582783213294,2,46,8715.123036149205,organic,0,retail,large,0
L-03947,2023-05-28,0.6674289755844626,1,19,7592.180895622774,organic,1,finance,medium,1
L-02766,2023-05-28,0.6588167668174209,4,24,9356.230899586124,event,0,finance,large,0
L-02695,2023-05-28,0.6685854458209842,3,19,5503.952794945222,outbound,1,healthcare,medium,0
L-02355,2023-05-28,0.6915541471074186,1,21,14719.260611411968,paid_search,0,saas,large,1
L-01150,2023-05-28,0.0008246168346853766,5,15,2723.8037042483165,paid_search,0,healthcare,small,1
L-00627,2023-05-28,0.34260235665027783,4,45,3727.2857207566394,outbound,1,manufacturing,medium,0
L-01270,2023-05-28,0.959681219174127,3,2,4125.479465648143,organic,0,retail,medium,1
L-03107,2023-05-28,0.2880820729356409,3,39,35447.8818333651,paid_search,0,saas,large,1
L-02278,2023-05-28,0.28910328119451023,3,31,5883.5399751256755,organic,1,manufacturing,medium,0
L-02406,2023-05-29,0.9192220993690502,6,59,10646.201400687853,outbound,0,healthcare,large,1
L-00331,2023-05-29,0.3767352782085467,2,3,6378.910202112968,organic,1,retail,medium,0
L-00908,2023-05-29,0.9228643629251906,4,52,7643.29092483381,outbound,1,saas,medium,1
L-03492,2023-05-29,0.237142863191092,4,40,8267.858145603204,organic,0,retail,large,0
L-01966,2023-05-29,0.4979675587786656,2,56,26466.467304122532,paid_search,1,manufacturing,large,0
L-03005,2023-05-29,0.43958737530133873,2,44,2850.2634550305615,organic,1,manufacturing,small,0
L-03253,2023-05-29,0.8040337783841548,2,6,10765.447035497657,outbound,0,retail,large,1
L-01043,2023-05-29,0.44738407280411996,2,32,3048.109354838587,outbound,1,manufacturing,medium,1
L-01863,2023-05-29,0.34371007699706957,6,43,1254.829789818299,organic,1,saas,small,0
L-02414,2023-05-29,0.2570200156484578,2,4,3359.42869950057,organic,1,retail,medium,0
L-00067,2023-05-29,0.9711351518023279,0,48,9103.851055307165,organic,1,manufacturing,large,1
L-00021,2023-05-29,0.10866697080426846,1,5,1888.0650559698936,event,0,manufacturing,small,0
L-01267,2023-05-30,0.7634112937325794,2,26,14499.288757074708,event,1,manufacturing,large,1
L-00373,2023-05-30,0.25085289165512215,1,20,2942.047093091437,referral,0,finance,small,0
L-00575,2023-05-30,0.6199159801841051,4,26,4169.349843696651,paid_search,0,finance,medium,0
L-03024,2023-05-30,0.6350079158608064,2,27,5069.809839215273,referral,1,manufacturing,medium,0
L-02679,2023-05-30,0.8746354118429396,5,2,6089.8007596170455,organic,1,finance,medium,1
L-00497,2023-05-30,0.2117411027761249,3,52,1414.9774164971002,organic,0,manufacturing,small,0
L-01936,2023-05-30,0.34268818037783144,1,30,8618.858016290598,organic,1,manufacturing,large,0
L-01856,2023-05-30,0.8042918658766873,3,26,4560.477859523106,organic,0,healthcare,medium,1
L-02653,2023-05-30,0.12444884834835213,3,34,7032.301428071992,outbound,1,healthcare,medium,0
L-02723,2023-05-31,0.6124455153398519,1,8,3077.5638777352615,paid_search,0,retail,medium,1
L-01771,2023-05-31,0.9612605167483796,4,26,6000.124955231776,referral,0,retail,medium,1
L-00769,2023-05-31,0.9910002480764886,4,40,6182.479077191587,organic,1,saas,medium,1
L-00912,2023-05-31,0.5333874308310322,2,5,9024.692465014741,paid_search,1,retail,large,0
L-01747,2023-05-31,0.8763947507508792,1,3,13168.932989899546,organic,1,healthcare,large,1
L-03950,2023-05-31,0.3470309593035903,2,30,10081.44375337098,outbound,0,healthcare,large,0
L-02568,2023-06-01,0.5537620942652262,2,6,9734.042107559995,organic,1,manufacturing,large,0
L-03227,2023-06-01,0.004449024808863,2,35,4678.524544680541,referral,1,finance,medium,1
L-03963,2023-06-01,0.31040165903006867,1,18,5177.324263344268,organic,1,retail,medium,0
L-03736,2023-06-01,0.6127421567003271,3,19,6159.879328736719,organic,0,saas,medium,1
L-00633,2023-06-01,0.6301519692743847,3,50,1816.7247757965836,outbound,1,saas,small,0
L-02919,2023-06-01,0.4079245943813421,4,45,13659.130934884859,outbound,1,finance,large,1
L-00378,2023-06-01,0.13378642559385545,0,30,14230.726543246647,event,1,manufacturing,large,0
L-02591,2023-06-01,0.4967377807180643,4,36,2629.837130559039,outbound,0,manufacturing,small,0
L-01717,2023-06-01,0.8018018166558906,2,24,3232.1007808444724,referral,1,healthcare,medium,1
L-03062,2023-06-02,0.30205125941585187,5,9,4410.710917326585,organic,1,healthcare,medium,1
L-03530,2023-06-02,0.34313762484346555,2,44,11215.055630809366,outbound,0,finance,large,0
L-02543,2023-06-02,0.49347150830638464,4,56,6125.7985376713095,outbound,0,retail,medium,0
L-00187,2023-06-02,0.5841621491832959,3,24,3356.672732284473,organic,0,healthcare,medium,1
L-01944,2023-06-02,0.1778144640455428,5,50,2964.180354797328,outbound,1,finance,small,0
L-01284,2023-06-02,0.19072715732271805,2,15,10340.92205005226,organic,0,finance,large,0
L-03423,2023-06-03,0.006090279675126764,4,54,4390.540337168816,organic,1,saas,medium,1
L-01016,2023-06-03,0.948147684514834,4,21,5386.094242661344,referral,0,manufacturing,medium,0
L-01467,2023-06-03,0.30125618944626376,6,44,2803.204262350913,referral,1,healthcare,small,0
L-02580,2023-06-03,0.6779035850615143,3,40,3649.7219249986224,organic,1,retail,medium,1
L-03814,2023-06-03,0.5236271695446845,3,46,1389.4885524175572,organic,0,finance,small,0
L-00757,2023-06-03,0.6984285545788399,6,0,1408.9746253330375,paid_search,1,healthcare,small,1
L-01760,2023-06-03,0.9881764245571502,2,40,1192.6494254397296,referral,1,saas,small,1
L-01158,2023-06-03,0.9160262548324442,5,10,10023.139902704528,outbound,1,retail,large,1
L-01592,2023-06-03,0.8059905823855381,5,41,9697.013916055645,referral,1,healthcare,large,0
L-02874,2023-06-03,0.5193139074156919,0,30,5831.243769975643,paid_search,0,finance,medium,1
L-02404,2023-06-03,0.4683377427918137,2,31,6242.276452219691,organic,0,manufacturing,medium,0
L-01880,2023-06-03,0.7174775859706559,3,42,4040.825066562915,organic,1,retail,medium,1
L-00093,2023-06-04,0.2138308212779978,5,40,5959.443609451858,outbound,1,finance,medium,0
L-03022,2023-06-04,0.8791134512366384,3,31,7494.045367801022,referral,1,manufacturing,medium,1
L-02427,2023-06-04,0.13810473786874866,4,59,3077.75006171672,organic,0,saas,medium,0
L-01384,2023-06-04,0.2026777878677175,3,57,26314.045461365124,referral,0,finance,large,0
L-00613,2023-06-04,0.7728950870948578,2,6,2016.692052938955,outbound,0,manufacturing,small,1
L-02847,2023-06-04,0.6559154619738806,1,1,6676.830328929337,organic,1,finance,medium,1
L-02834,2023-06-05,0.33221277878066235,2,15,3848.4329435788063,organic,0,finance,medium,0
L-01628,2023-06-05,0.6427297307910954,2,24,6897.377762722883,outbound,1,manufacturing,medium,0
L-02778,2023-06-05,0.27566543378716624,4,1,14811.825161294402,outbound,0,finance,large,0
L-03058,2023-06-05,0.602640652325785,2,57,1530.891640015284,event,1,manufacturing,small,0
L-02599,2023-06-05,0.3973761482659256,1,42,7184.5103293439515,referral,1,manufacturing,medium,0
L-01065,2023-06-05,0.44603171922989115,7,59,5112.883943884573,paid_search,1,retail,medium,0
L-02682,2023-06-05,0.7600717815435403,1,21,9712.376706420091,outbound,1,manufacturing,large,1
L-03091,2023-06-06,0.7588642402592863,6,28,12338.392416658184,referral,1,saas,large,1
L-00808,2023-06-06,0.18380812387850054,6,19,5558.873590070523,referral,0,retail,medium,1
L-02851,2023-06-06,0.7313713071333117,2,52,3329.951501458044,paid_search,1,finance,medium,1
L-02573,2023-06-06,0.3641947095058605,3,23,7857.715655011538,referral,1,healthcare,medium,1
L-01172,2023-06-06,0.7107615350219296,1,24,13251.93595569754,referral,0,retail,large,1
L-02621,2023-06-06,0.9386106707732477,3,30,2595.5788112505193,organic,1,healthcare,small,0
L-01351,2023-06-06,0.11609930790155654,1,43,3737.5262540611943,referral,0,manufacturing,medium,0
L-02215,2023-06-06,0.1855241896319073,3,7,10251.405857200994,organic,0,retail,large,0
L-03404,2023-06-06,0.5527510440724698,3,14,5283.210632850185,paid_search,0,saas,medium,1
L-02341,2023-06-07,0.12461025407954063,2,45,10962.553742140168,paid_search,1,manufacturing,large,0
L-03328,2023-06-07,0.4377683670655096,5,42,24261.688570313894,referral,0,retail,large,0
L-00551,2023-06-07,0.4992802569741479,4,5,12762.08090314405,referral,1,saas,large,1
L-01282,2023-06-07,0.2756350510833683,2,17,5600.120425391491,event,1,saas,medium,0
L-02011,2023-06-07,0.1723672265642473,0,21,14557.412098579896,event,1,retail,large,0
L-01093,2023-06-07,0.9645812044363112,3,48,7111.8626201107345,event,0,retail,medium,1
L-02290,2023-06-07,0.08434489443831128,4,28,4335.073010832202,outbound,0,healthcare,medium,0
L-01773,2023-06-07,0.8178159272441685,3,43,13909.56286498935,referral,1,healthcare,large,1
L-01753,2023-06-07,0.7513121446031429,5,20,5801.395671209749,referral,0,retail,medium,1
L-02058,2023-06-07,0.3951153632063821,4,20,6107.726633969118,referral,1,saas,medium,0
L-01920,2023-06-07,0.21783729188359935,2,50,3844.3525353808905,paid_search,0,finance,medium,1
L-02383,2023-06-07,0.47160277916514803,2,9,3359.1420323837306,organic,0,retail,medium,1
L-01477,2023-06-07,0.909051019798284,2,28,1513.7205757580946,outbound,0,manufacturing,small,0
L-01665,2023-06-08,0.41981056105578574,3,25,46241.27759541872,organic,1,finance,large,1
L-03379,2023-06-08,0.8290382557516824,2,35,12726.237129240662,organic,0,finance,large,1
L-01319,2023-06-08,0.3112231092042238,2,15,4746.449461740258,paid_search,0,retail,medium,1
L-01693,2023-06-08,0.5425440710475263,2,54,2388.372063258553,outbound,1,healthcare,small,0
L-03459,2023-06-08,0.06353334829533641,3,31,2763.4665300814654,paid_search,0,healthcare,small,0
L-02799,2023-06-08,0.7580017651333465,3,27,8475.74241257593,referral,0,saas,large,1
L-03040,2023-06-08,0.24074295352419395,1,40,1502.4478469437295,referral,1,saas,small,1
L-03249,2023-06-08,0.8218704628987004,3,18,8751.22219427822,event,0,retail,large,0
L-03694,2023-06-08,0.7494776291225896,1,42,13667.041529866621,outbound,1,retail,large,0
L-01167,2023-06-09,0.18856007863455804,4,31,1718.8213625883498,referral,0,saas,small,1
L-02133,2023-06-09,0.5103259170757342,2,50,4159.899363873714,organic,0,finance,medium,0
L-00439,2023-06-09,0.7561208097430744,3,33,7296.635686842089,paid_search,0,manufacturing,medium,0
L-02002,2023-06-09,0.8518678557465443,4,26,7398.756939032114,event,0,manufacturing,medium,0
L-02373,2023-06-09,0.16563308101234542,5,58,4492.516801661448,event,1,manufacturing,medium,1
L-03317,2023-06-09,0.9179425016228697,3,11,4931.0921084966185,organic,0,healthcare,medium,0
L-02545,2023-06-09,0.2748770766250189,4,2,10570.487074375123,event,1,saas,large,0
L-02523,2023-06-10,0.8505619435867413,1,32,2364.503472140079,outbound,1,healthcare,small,0
L-03311,2023-06-10,0.2509129289525647,4,24,3985.501081121308,paid_search,1,saas,medium,0
L-03690,2023-06-10,0.5456408740142225,0,34,5113.398931295575,referral,1,retail,medium,0
L-03732,2023-06-10,0.6808225924932079,3,22,9199.894830500847,outbound,1,finance,large,0
L-01955,2023-06-10,0.5933401254113975,2,44,16278.38863163579,referral,1,retail,large,0
L-02224,2023-06-10,0.21841133311954597,1,0,2745.5908692639746,outbound,0,retail,small,1
L-01301,2023-06-10,0.31917397176732965,1,29,16192.201271867236,organic,1,saas,large,0
L-02139,2023-06-10,0.7957086221250048,5,19,4237.96251260413,referral,0,retail,medium,1
L-00956,2023-06-10,0.1570254973341928,2,10,11450.828373969622,organic,1,healthcare,large,1
L-00026,2023-06-10,0.8103025552734664,2,4,5097.75949193385,outbound,0,healthcare,medium,0
L-03165,2023-06-10,0.7334907975299367,4,34,14091.537148955158,event,0,finance,large,0
L-02072,2023-06-11,0.41965859280950113,4,42,4426.435347962129,organic,1,saas,medium,0
L-03187,2023-06-11,0.5304751232566325,5,12,12033.072938845035,referral,1,retail,large,1
L-01865,2023-06-11,0.3241242146014194,2,54,3520.199381463049,outbound,0,healthcare,medium,0
L-02059,2023-06-11,0.8000780691915278,2,27,2239.6146020644087,organic,0,healthcare,small,1
L-02745,2023-06-11,0.0364319473098611,3,31,3147.93350819499,outbound,1,healthcare,medium,0
L-03314,2023-06-11,0.3450279868426147,4,48,4140.872655014198,organic,0,saas,medium,1
L-03273,2023-06-11,0.859710064682206,2,41,2485.098703571221,referral,1,retail,small,0
L-03290,2023-06-11,0.33210118784100473,2,43,8236.36148444089,organic,0,manufacturing,large,0
L-00941,2023-06-11,0.22248225212873995,4,49,5827.198277731635,paid_search,0,finance,medium,0
L-01846,2023-06-11,0.7323191155153514,0,37,1662.1066436894323,outbound,0,saas,small,0
L-02162,2023-06-11,0.8600064980626039,6,51,3712.88324666701,referral,1,saas,medium,0
L-00584,2023-06-11,0.0038941463811326127,6,10,10037.333021320526,referral,1,healthcare,large,1
L-02914,2023-06-12,0.3239795467518164,2,27,3247.822160611437,event,1,healthcare,medium,0
L-03141,2023-06-12,0.5629578537862915,1,22,13645.30130784808,organic,0,retail,large,0
