entity_id,as_of_date,engagement_score,num_interactions,last_contact_days_ago,amount,source,sales_rep_available,industry,deal_size_band,converted
L-01481,2023-01-01,0.7052400587918379,10,19,11176.813316748414,organic,0,retail,large,1
L-03673,2023-01-01,0.5491405768855797,8,36,4794.865189294402,outbound,1,healthcare,medium,0
L-01408,2023-01-01,0.5059755039111326,3,56,5860.656176929211,organic,1,saas,medium,1
L-02441,2023-01-01,0.3146878632891922,1,31,18056.516307621892,organic,1,finance,large,1
L-01948,2023-01-01,0.8757460163596469,4,44,12034.455737696511,outbound,0,saas,large,1
L-02315,2023-01-01,0.6196773621357177,1,0,11115.009293465868,organic,1,finance,large,1
L-01995,2023-01-01,0.014126574909854583,0,20,8833.812060304354,paid_search,0,manufacturing,large,0
L-01487,2023-01-01,0.7461335557293095,4,6,11553.373618772534,outbound,0,saas,large,1
L-02258,2023-01-01,0.9561874150536347,3,22,5280.014777188182,referral,0,healthcare,medium,1
L-02788,2023-01-02,0.13683178400394735,3,9,3116.165040480192,paid_search,1,finance,medium,1
L-02627,2023-01-02,0.33092077981446666,4,7,7100.414956488121,paid_search,1,finance,medium,1
L-03233,2023-01-02,0.4050267265009778,2,4,6209.05614976384,organic,0,healthcare,medium,0
L-01236,2023-01-02,0.9541082790700076,3,22,8667.746688863203,referral,0,healthcare,large,0
L-01621,2023-01-02,0.2775111194340152,0,38,2116.7614565209374,event,1,finance,small,1
L-00772,2023-01-02,0.8874228981367364,0,42,3259.5739915311124,referral,0,manufacturing,medium,0
L-00900,2023-01-02,0.3839518134771782,3,32,6035.5222945917,paid_search,0,finance,medium,0
L-01912,2023-01-02,0.8654318556221002,5,15,2898.5723790680213,organic,0,saas,small,1
L-03190,2023-01-02,0.60841674654393,3,33,3022.519812759697,paid_search,0,finance,medium,1
L-01738,2023-01-02,0.7957950048053125,5,18,4386.129232048209,outbound,1,finance,medium,1
L-01549,2023-01-02,0.8519650356015908,1,3,3894.505512993488,paid_search,1,retail,medium,1
L-01293,2023-01-02,0.49156576733699897,1,24,3812.1438041077736,event,0,retail,medium,0
L-00464,2023-01-03,0.22173798763709895,4,10,4737.559104096472,organic,0,finance,medium,1
L-00845,2023-01-03,0.5878219295690292,5,26,8549.001649461414,organic,0,healthcare,large,0
L-02400,2023-01-03,0.798007854884586,1,57,25523.263379287273,organic,0,finance,large,1
L-00103,2023-01-03,0.9369072881309537,2,17,2854.000610120368,paid_search,0,saas,small,1
L-00574,2023-01-03,0.5452049012226401,3,9,5636.280310726493,event,1,finance,medium,1
L-02645,2023-01-03,0.9948034245919716,0,7,2858.683230744067,organic,0,saas,small,1
L-00844,2023-01-03,0.2094272814594289,7,20,9315.088568835046,referral,1,saas,large,1
L-00380,2023-01-03,0.8476664679979732,6,19,1943.4751192910996,outbound,1,manufacturing,small,1
L-03216,2023-01-03,0.3751136530755702,2,9,1047.121944242239,paid_search,0,healthcare,small,0
L-01189,2023-01-03,0.2883185678104687,3,16,7824.146996995154,outbound,1,finance,medium,0
L-00302,2023-01-04,0.4716401906243787,2,16,3150.715607807851,paid_search,0,retail,medium,1
L-01278,2023-01-04,0.3238270024634159,2,47,1210.3033621790846,referral,1,finance,small,0
L-00706,2023-01-04,0.8924843372096598,11,2,12376.14119146965,paid_search,1,finance,large,1
L-02201,2023-01-04,0.8062314887229814,1,18,6621.5371921873275,organic,0,manufacturing,medium,1
L-03398,2023-01-04,0.6878370599294981,2,12,3848.0729480057485,outbound,1,finance,medium,1
L-01174,2023-01-04,0.6780115541717961,5,24,4691.870221420229,event,0,saas,medium,1
L-01531,2023-01-04,0.016491258977649914,4,59,4409.243612792404,organic,1,manufacturing,medium,0
L-03724,2023-01-04,0.8004498123184509,4,36,5150.830759812907,organic,1,retail,medium,1
L-01806,2023-01-04,0.6660995535675723,3,26,17455.733835176256,outbound,1,finance,large,1
L-02442,2023-01-04,0.877913776588007,4,21,3833.663182718687,paid_search,1,healthcare,medium,0
L-01681,2023-01-05,0.17100348323615033,2,52,3444.5146321431157,organic,1,healthcare,medium,1
L-00789,2023-01-05,0.3854142314414213,1,48,7010.572835119927,referral,0,saas,medium,1
L-03903,2023-01-05,0.7978245238266289,0,42,4068.745893650775,paid_search,0,saas,medium,0
L-00800,2023-01-05,0.9982284811178539,2,43,4729.98369165711,paid_search,0,retail,medium,1
L-01762,2023-01-05,0.08839023541749746,1,36,10427.228731015066,outbound,0,finance,large,0
L-03798,2023-01-05,0.6595903568712186,5,55,2635.9262969699284,organic,0,saas,small,0
L-03821,2023-01-05,0.8455199378782277,4,20,4014.3704019854263,paid_search,0,healthcare,medium,0
L-01069,2023-01-05,0.448458262268858,2,15,7141.62403330647,paid_search,0,manufacturing,medium,0
L-00838,2023-01-06,0.371711259829534,0,15,2015.7762444546047,organic,1,finance,small,0
L-03102,2023-01-06,0.022800247574969457,5,49,2793.0812539671856,referral,1,finance,small,0
L-01120,2023-01-06,0.16217993494378458,4,28,6744.640844964335,outbound,0,manufacturing,medium,0
L-01037,2023-01-06,0.004984965294472898,2,48,2573.4026328085174,outbound,0,saas,small,1
L-00409,2023-01-06,0.9319443692299963,4,41,4867.366080660313,referral,0,retail,medium,1
L-02974,2023-01-07,0.5821670682445784,4,4,17593.2813917515,organic,1,manufacturing,large,1
L-00888,2023-01-07,0.10830812118899402,0,29,20293.760764099934,outbound,1,manufacturing,large,1
L-03135,2023-01-07,0.5000362149376396,2,55,4859.254019587312,event,1,manufacturing,medium,0
L-03504,2023-01-07,0.8748990705564946,3,41,3019.889748964744,outbound,0,retail,medium,0
L-01623,2023-01-07,0.8355130374309944,2,31,8068.95867586707,organic,1,healthcare,large,1
L-01593,2023-01-08,0.08680044335072334,2,22,3666.471436842546,paid_search,1,finance,medium,1
L-00414,2023-01-08,0.4871154199164217,0,1,4053.298452564467,organic,0,manufacturing,medium,0
L-01651,2023-01-08,0.21019256975102385,6,41,7125.421824692873,paid_search,1,saas,medium,1
L-01365,2023-01-08,0.3303178857754252,3,2,6025.24342119615,organic,0,retail,medium,0
L-00232,2023-01-08,0.09402120216883036,2,21,3054.9560962107016,organic,1,finance,medium,1
L-00477,2023-01-08,0.19302518953937065,4,32,6010.8862440303865,outbound,0,finance,medium,1
L-03857,2023-01-08,0.5137185411670538,2,21,29545.675636217675,organic,1,saas,large,1
L-03897,2023-01-08,0.8407780989404321,2,43,2355.2400383414947,referral,1,finance,small,1
L-02089,2023-01-08,0.1781341437417363,5,28,11689.062880745529,outbound,1,retail,large,0
L-03787,2023-01-09,0.8146662660807785,2,8,1146.89071198,organic,1,retail,small,1
L-00368,2023-01-09,0.3665810634990505,4,43,14762.332759505573,outbound,0,finance,large,1
L-03803,2023-01-09,0.5643533069491241,1,38,9794.324608200028,referral,1,healthcare,large,0
L-01166,2023-01-09,0.09619100001447478,3,46,6892.5658942539985,outbound,0,manufacturing,medium,0
L-02170,2023-01-09,0.96201436381886,2,39,10477.574937991052,organic,0,healthcare,large,1
L-03804,2023-01-09,0.5087608822191797,3,3,7244.068888982292,outbound,1,healthcare,medium,0
L-01528,2023-01-09,0.8376172928554871,2,36,5998.314518149186,paid_search,1,finance,medium,1
L-00299,2023-01-09,0.7294950878609792,3,45,12762.352018369536,organic,1,healthcare,large,1
L-00539,2023-01-09,0.509734659876444,0,28,6960.3977952948935,referral,1,healthcare,medium,1
L-03946,2023-01-10,0.05705891693196119,4,13,1508.0301322595863,referral,1,finance,small,1
L-00169,2023-01-10,0.502512049335146,3,8,9183.221873551125,organic,0,finance,large,1
L-02137,2023-01-10,0.8559708001741249,1,13,1759.6198264118057,outbound,0,saas,small,1
L-01782,2023-01-10,0.9329800266492713,1,34,8803.232985722407,organic,0,saas,large,0
L-02260,2023-01-10,0.9591705390670483,4,24,5028.820823592407,outbound,1,healthcare,medium,0
L-00820,2023-01-10,0.2878090149613679,4,35,2734.3102811817344,organic,0,retail,small,0
L-03441,2023-01-10,0.8118761105873928,4,2,8905.344524087712,outbound,0,finance,large,1
L-00271,2023-01-10,0.6124393292531816,0,56,3589.5813801657455,event,1,retail,medium,0
L-02711,2023-01-10,0.24592765058913602,5,45,2373.3117563737424,organic,1,healthcare,small,1
L-00453,2023-01-10,0.790243155389435,2,26,5070.084231733521,referral,1,retail,medium,1
L-01743,2023-01-10,0.5107564867485148,6,54,17203.47937475922,event,1,finance,large,1
L-03118,2023-01-10,0.05377470956855546,3,8,11506.544301979458,paid_search,1,healthcare,large,0
L-03308,2023-01-10,0.18393445246901974,0,40,9431.669396935691,paid_search,0,saas,large,0
L-01179,2023-01-10,0.5072341775608206,4,11,5887.275544649545,outbound,1,manufacturing,medium,1
L-00428,2023-01-11,0.6316285421713178,2,3,6614.893224988123,outbound,0,retail,medium,1
L-03996,2023-01-11,0.5806776685092404,5,53,5105.651168244749,referral,1,finance,medium,1
L-02468,2023-01-11,0.9918953187295984,2,24,5916.843632078093,outbound,1,healthcare,medium,1
L-02409,2023-01-11,0.16342928813683655,1,34,6960.437377944931,outbound,1,retail,medium,0
L-01398,2023-01-11,0.6919570984497087,3,43,6737.055811944808,referral,0,saas,medium,1
L-02328,2023-01-11,0.8400570085219016,4,7,4633.568713264448,outbound,0,healthcare,medium,1
L-02222,2023-01-11,0.33446289220521874,3,37,11487.43984393164,outbound,0,retail,large,0
L-03485,2023-01-11,0.912582547697302,3,24,3911.4642607501223,paid_search,1,retail,medium,1
L-02635,2023-01-11,0.05303237167188446,7,46,9730.666573120494,outbound,0,retail,large,1
L-01299,2023-01-12,0.02647910130496345,2,49,4498.888223197592,outbound,1,healthcare,medium,0
L-01492,2023-01-12,0.855962508813682,3,38,1626.102219053455,paid_search,0,retail,small,0
L-00829,2023-01-12,0.7363540971470223,5,35,2653.9472021205347,referral,1,saas,small,1
L-01589,2023-01-12,0.29259458984912357,2,23,4376.847980946797,outbound,1,saas,medium,1
L-00384,2023-01-13,0.04725033885648511,1,59,6380.232652790249,organic,1,manufacturing,medium,0
L-01943,2023-01-13,0.6083007569713649,5,4,3828.5235489488296,event,1,healthcare,medium,0
L-02950,2023-01-13,0.22781115108638406,2,54,1115.4426598621674,referral,1,finance,small,1
L-03681,2023-01-13,0.37301476707773407,7,57,14701.161654202875,organic,1,saas,large,0
L-03457,2023-01-13,0.6459475709168853,7,28,10538.651229248384,organic,0,retail,large,1
L-02498,2023-01-13,0.8561950631484166,6,28,3612.8374280587864,organic,1,saas,medium,0
L-02558,2023-01-13,0.02448344146761039,3,45,3317.9301091455227,referral,0,saas,medium,0
L-01535,2023-01-13,0.7953234625277513,7,27,2966.594208757206,organic,0,retail,small,0
L-03536,2023-01-13,0.2978748426431058,3,15,11356.788020096594,organic,0,manufacturing,large,0
L-01868,2023-01-13,0.6201126289473403,4,32,4792.309562158615,outbound,1,manufacturing,medium,0
L-00137,2023-01-13,0.7739394386376562,3,34,16734.13845730452,outbound,0,manufacturing,large,1
L-00786,2023-01-13,0.6868495657664668,4,18,3924.133659858265,organic,1,manufacturing,medium,1
L-02262,2023-01-13,0.2831350763875111,3,5,3382.67964457583,organic,0,retail,medium,0
L-00146,2023-01-14,0.09434150263965546,2,22,14445.418313183494,referral,1,saas,large,1
L-02321,2023-01-14,0.5508316650302666,1,45,4746.688318223511,referral,1,manufacturing,medium,0
L-00843,2023-01-15,0.24535626493362672,3,48,4344.294637248198,paid_search,1,manufacturing,medium,1
L-03319,2023-01-15,0.3281435160347943,5,21,2067.0008103971836,outbound,0,finance,small,0
L-01908,2023-01-15,0.5470162282063336,5,5,6865.643129217487,organic,0,healthcare,medium,0
L-00662,2023-01-15,0.3940840894152582,4,42,13641.985048911725,referral,1,finance,large,1
L-02763,2023-01-15,0.5073239795930695,5,6,2381.401732025257,referral,0,saas,small,1
L-03544,2023-01-15,0.5506414608194028,2,57,4531.657010398529,outbound,0,finance,medium,0
L-03632,2023-01-15,0.4207338711650098,4,24,9511.409869499308,paid_search,1,retail,large,0
L-02865,2023-01-15,0.11527076780574497,6,41,7042.936526604777,paid_search,0,saas,medium,0
L-00327,2023-01-15,0.1981177414120907,2,20,2413.936589190259,organic,1,retail,small,0
L-00969,2023-01-15,0.1833181618695403,1,55,5083.73196593615,organic,1,retail,medium,0
L-01445,2023-01-15,0.33667080759737233,3,17,4989.0514218924545,outbound,0,manufacturing,medium,0
L-01682,2023-01-15,0.42571252374691715,0,7,5612.219684309295,organic,1,finance,medium,1
L-01265,2023-01-15,0.22807940795641646,2,30,2841.8529960311703,event,0,healthcare,small,0
L-00116,2023-01-15,0.26457427782126164,4,59,5414.599581972435,paid_search,0,healthcare,medium,0
L-03754,2023-01-16,0.08590890494995851,4,23,12572.09805631514,paid_search,1,saas,large,0
L-02202,2023-01-16,0.1058145276846828,2,10,6344.912561278684,outbound,1,manufacturing,medium,1
L-03239,2023-01-16,0.564828363162763,2,47,10462.700108491192,paid_search,1,saas,large,1
L-02629,2023-01-16,0.26502130580561967,3,1,3422.4562779091907,referral,0,retail,medium,0
L-02037,2023-01-17,0.8468337750111318,7,45,9411.268805417902,outbound,1,saas,large,0
L-01451,2023-01-17,0.5592422287009515,3,0,4151.718745229244,outbound,1,manufacturing,medium,1
L-00901,2023-01-17,0.9312433284794626,2,7,11827.550205491729,paid_search,1,saas,large,0
L-00249,2023-01-17,0.34538339316949207,4,8,12963.882932861101,organic,1,retail,large,0
L-02727,2023-01-17,0.2592848009081554,1,6,6115.440534265835,outbound,0,manufacturing,medium,0
L-02771,2023-01-17,0.3973338842065408,7,26,2559.5479684152047,organic,1,finance,small,1
L-02880,2023-01-17,0.14973420826677053,2,44,3750.313992753552,outbound,0,retail,medium,0
L-01018,2023-01-17,0.32616264200356604,3,42,6380.234809534559,referral,1,manufacturing,medium,0
L-01098,2023-01-17,0.25768709127299727,3,26,32450.328124907996,event,1,healthcare,large,1
L-01239,2023-01-17,0.3220806062960361,7,10,5244.754780039228,organic,1,healthcare,medium,0
L-00869,2023-01-17,0.03622233104530359,6,2,7169.11394684642,outbound,0,retail,medium,0
L-00561,2023-01-18,0.6783106084017082,4,9,19406.676785928594,referral,0,retail,large,1
L-00055,2023-01-18,0.47979850275515334,5,32,8756.472036553489,referral,0,healthcare,large,1
L-02521,2023-01-18,0.41379980988414755,3,26,2184.522791302792,referral,1,manufacturing,small,0
L-00396,2023-01-18,0.25761742283849576,5,29,4782.149095426575,event,0,retail,medium,1
L-00351,2023-01-18,0.853630173146734,2,2,7160.119875649316,referral,0,saas,medium,1
L-03879,2023-01-18,0.28101260750152846,3,27,3749.266492525437,outbound,1,healthcare,medium,1
L-02370,2023-01-18,0.284005816335823,4,4,1023.9194224868568,referral,0,manufacturing,small,1
L-01870,2023-01-18,0.3706282615056329,1,27,8250.285781077782,outbound,0,finance,large,0
L-02338,2023-01-18,0.5112702394360336,2,32,5767.785493364587,organic,1,saas,medium,0
L-00816,2023-01-18,0.28253440128671103,4,59,10329.30716466657,paid_search,0,manufacturing,large,0
L-01109,2023-01-18,0.9377054325359795,4,48,4482.887116831232,paid_search,1,retail,medium,1
L-00810,2023-01-18,0.04496424249882747,5,27,1252.3650376373178,outbound,1,retail,small,0
L-03851,2023-01-19,0.8636000698541542,7,51,5617.897582064748,paid_search,1,finance,medium,1
L-01525,2023-01-19,0.43232529586910806,3,48,3263.5192143278773,organic,0,finance,medium,0
L-03362,2023-01-19,0.1421860130150272,1,12,5270.585318769525,referral,1,saas,medium,0
L-03012,2023-01-19,0.2043656937491969,3,2,4749.481005791308,organic,0,manufacturing,medium,0
L-02779,2023-01-19,0.6554913685589684,2,0,4878.908250463994,outbound,0,retail,medium,1
L-03870,2023-01-19,0.6371084131782386,4,12,4321.957431801327,outbound,0,saas,medium,1
L-01780,2023-01-19,0.08497475312573843,2,0,5515.0246782422455,event,0,saas,medium,1
L-01805,2023-01-19,0.15744760866519159,3,29,5016.349341522408,organic,0,saas,medium,0
L-01517,2023-01-20,0.17217066368292422,3,33,1286.8296094599987,event,1,retail,small,0
L-01462,2023-01-20,0.006715784163385141,6,0,6416.790182126875,organic,1,saas,medium,0
L-02883,2023-01-20,0.34030064366652835,3,37,1525.1597352623098,referral,1,saas,small,0
L-01269,2023-01-20,0.14017974220333174,4,33,7432.07131220204,organic,0,manufacturing,medium,0
L-01285,2023-01-20,0.6387309128973808,3,33,7756.889869472643,referral,0,saas,medium,1
L-02411,2023-01-20,0.052282010821323,2,7,16297.803880058142,organic,0,retail,large,0
L-00573,2023-01-20,0.8267748280138787,4,16,777.2019820536298,event,0,healthcare,small,1
L-00583,2023-01-21,0.19462821160492227,1,24,1721.4461943388822,paid_search,0,saas,small,0
L-02971,2023-01-21,0.07080047177365889,5,50,5333.256028292754,referral,1,manufacturing,medium,0
L-01463,2023-01-21,0.28819930120056425,2,40,3862.729336708388,event,1,healthcare,medium,0
L-03463,2023-01-21,0.7399435631818133,1,6,2427.5777847909903,paid_search,0,healthcare,small,0
L-02277,2023-01-21,0.856736684436776,1,57,3106.574852628383,outbound,0,saas,medium,0
L-03337,2023-01-21,0.6658537063562052,3,1,4132.384190984451,organic,1,finance,medium,1
L-00698,2023-01-21,0.39330188369930785,5,41,3044.1310040141348,referral,1,finance,medium,0
L-01452,2023-01-21,0.0009924640506289162,4,22,13027.365698165248,event,0,retail,large,0
L-02504,2023-01-21,0.13064525602570232,3,35,4674.462286109723,organic,1,retail,medium,0
L-00847,2023-01-21,0.06420885156546441,4,41,6517.04908338451,outbound,0,retail,medium,0
L-01641,2023-01-21,0.03020994824207046,1,31,18932.0284662061,organic,0,manufacturing,large,0
L-01975,2023-01-21,0.20230861884209816,1,9,10779.377076060573,outbound,1,finance,large,0
L-01652,2023-01-21,0.3092497263361561,7,14,7665.5599104227385,organic,1,healthcare,medium,1
L-03616,2023-01-21,0.44045234521626675,3,37,1856.238065334286,paid_search,0,manufacturing,small,0
L-00897,2023-01-22,0.2040131465540409,3,29,6121.29270369247,outbound,0,saas,medium,0
L-01982,2023-01-22,0.581247022853352,4,18,2472.818485910486,organic,0,manufacturing,small,1
L-00545,2023-01-22,0.3752781396934941,2,2,1572.9433491316186,outbound,0,finance,small,0
L-00886,2023-01-22,0.024229354087584865,3,28,2418.135466404075,outbound,0,saas,small,1
L-02617,2023-01-22,0.5493180822758392,2,0,6243.29244462699,organic,1,saas,medium,1
L-02313,2023-01-22,0.8197385402823597,2,57,3885.265829602644,event,0,retail,medium,0
L-03799,2023-01-22,0.39614674508830017,4,58,6931.1949533469415,outbound,0,healthcare,medium,0
L-01978,2023-01-23,0.49348415776321697,7,29,1497.106131368998,referral,1,saas,small,1
L-00857,2023-01-23,0.43168108117702464,4,47,4574.6212315543335,outbound,1,retail,medium,1
L-02487,2023-01-23,0.11209923242642206,5,37,7601.50688945872,organic,1,saas,medium,0
L-01020,2023-01-23,0.3932501344006667,6,47,4370.839675974332,paid_search,1,retail,medium,1
L-01266,2023-01-23,0.18877889786366542,1,23,5230.792401323829,referral,0,finance,medium,0
L-03780,2023-01-23,0.995526179061942,2,25,5087.69056764935,organic,1,retail,medium,0
L-03356,2023-01-23,0.59563741801024,2,9,5743.149710198262,organic,0,saas,medium,0
L-01800,2023-01-23,0.015580700042524986,2,28,6906.140211930739,organic,0,retail,medium,0
L-01025,2023-01-23,0.14128926708710055,5,0,4043.592485257588,referral,0,manufacturing,medium,0
L-00541,2023-01-23,0.4369892883114518,3,43,1670.032843777399,organic,0,healthcare,small,0
L-03451,2023-01-23,0.5744621935391577,3,35,8297.111748115904,paid_search,1,saas,large,1
L-02656,2023-01-24,0.8820849990955023,6,40,3485.822293086287,referral,0,finance,medium,0
L-01135,2023-01-24,0.7610215729814965,4,40,2316.4389733932217,outbound,0,manufacturing,small,0
L-02787,2023-01-24,0.7495962459853094,3,44,10027.880148350465,organic,1,healthcare,large,1
L-02459,2023-01-24,0.8245025676918739,2,44,3170.0265238488455,outbound,1,saas,medium,0
L-03112,2023-01-24,0.7533686139505454,2,36,9855.121045968934,organic,1,manufacturing,large,0
L-00149,2023-01-24,0.09327090532432725,6,27,3850.9891387424573,organic,1,saas,medium,1
L-03508,2023-01-24,0.785966821450627,6,42,1887.133614904515,referral,0,saas,small,0
L-03183,2023-01-24,0.6738911544076371,8,7,1819.5203496203046,event,1,retail,small,0
L-03188,2023-01-24,0.8949178823855207,3,50,14898.832751995387,organic,1,saas,large,0
L-01614,2023-01-25,0.602556765525702,5,52,4230.7886278519845,referral,1,manufacturing,medium,1
L-03500,2023-01-25,0.17120494224342575,0,37,3658.8939434276404,organic,1,healthcare,medium,1
L-01888,2023-01-25,0.9289300171263591,2,18,7456.790070873464,outbound,1,finance,medium,1
L-03918,2023-01-25,0.8688016891935535,7,58,6640.913850883893,outbound,0,finance,medium,1
L-01350,2023-01-25,0.032867670266468973,4,10,9027.81060744974,outbound,1,healthcare,large,0
L-02372,2023-01-25,0.5120419334634545,5,17,3889.3700342565003,organic,1,healthcare,medium,1
L-01410,2023-01-25,0.6588461484734262,3,42,6369.126140943867,paid_search,0,finance,medium,0
L-02524,2023-01-25,0.7333448483633508,1,17,4049.5735568748432,outbound,1,retail,medium,0
L-01469,2023-01-25,0.9667639636420327,0,40,7544.308408820286,organic,0,manufacturing,medium,0
L-03532,2023-01-25,0.5188142491538,2,11,2808.832847666104,paid_search,0,healthcare,small,0
L-02981,2023-01-25,0.22393439169229967,4,17,14902.631558684716,organic,1,retail,large,0
L-02001,2023-01-25,0.35711559589661857,2,19,10180.821829641838,outbound,1,finance,large,0
L-00618,2023-01-25,0.8230676165684149,3,6,4676.551628705733,outbound,1,healthcare,medium,0
L-00278,2023-01-26,0.8603458907817834,5,7,7140.358194234615,referral,1,manufacturing,medium,1
L-03797,2023-01-26,0.9072617908488282,4,19,16961.60368583081,paid_search,0,finance,large,0
L-00035,2023-01-26,0.7828205656486452,2,54,22067.91093576499,outbound,1,finance,large,1
L-02887,2023-01-26,0.6950383878099182,1,40,4685.519462862945,outbound,0,retail,medium,0
L-02803,2023-01-26,0.46263031948273103,4,7,5647.541750634947,organic,1,retail,medium,1
L-02128,2023-01-26,0.7984321908001345,7,22,13912.91980065257,organic,0,manufacturing,large,1
L-00517,2023-01-27,0.22669865191471072,5,7,4826.8904688157745,outbound,1,saas,medium,1
L-02710,2023-01-27,0.7935777493916063,3,18,1640.0300187061011,referral,1,saas,small,0
L-02439,2023-01-27,0.3017854337456115,1,40,6545.473956843787,paid_search,1,healthcare,medium,0
L-01361,2023-01-27,0.3462144553610915,6,28,4561.8279920736195,paid_search,0,finance,medium,1
L-01455,2023-01-27,0.7822839235035594,0,14,6967.719522617939,outbound,1,manufacturing,medium,0
L-01034,2023-01-27,0.9853645621682221,1,47,12872.520145952014,organic,0,manufacturing,large,0
L-03916,2023-01-27,0.7979341171788689,4,40,699.9816610060526,outbound,0,healthcare,small,0
L-02963,2023-01-27,0.24369675423272685,4,48,4847.294782024657,referral,1,finance,medium,0
L-02330,2023-01-27,0.10176845917980593,1,10,1591.9537183056307,referral,0,manufacturing,small,0
L-00044,2023-01-28,0.9810048113537728,1,34,11352.196838767328,organic,0,retail,large,1
L-03069,2023-01-28,0.503177170232213,1,58,9109.001075626313,paid_search,0,retail,large,0
L-02794,2023-01-28,0.3158314850884807,2,0,1520.5808207590528,organic,1,healthcare,small,0
L-01768,2023-01-28,0.6620496046315625,2,42,18702.23210386152,organic,1,manufacturing,large,0
L-02311,2023-01-28,0.7980395012720187,3,26,7708.110852173309,outbound,0,manufacturing,medium,0
L-03560,2023-01-28,0.9294374266776991,1,49,18519.37117466847,paid_search,0,finance,large,0
L-03154,2023-01-28,0.06276327793060288,3,32,4297.152245833816,outbound,1,healthcare,medium,0
L-02231,2023-01-28,0.03275723026369526,1,55,6457.17739642598,event,1,saas,medium,0
L-02704,2023-01-28,0.13388906937518164,3,48,3921.699306643831,outbound,0,saas,medium,0
L-00386,2023-01-28,0.9871863320416938,1,33,1114.3318767656697,organic,0,healthcare,small,0
L-03651,2023-01-29,0.4449008179668318,1,44,4654.71620543875,referral,0,manufacturing,medium,0
L-03276,2023-01-29,0.5773390030761493,3,7,2764.057217092356,outbound,0,healthcare,small,1
L-03987,2023-01-29,0.3780151073363489,3,12,3791.6989223687365,outbound,0,saas,medium,1
L-03410,2023-01-29,0.2676487350598524,3,56,10508.181418520615,paid_search,1,manufacturing,large,0
L-01021,2023-01-29,0.7423326548539464,4,0,2521.2866925277817,outbound,1,finance,small,0
L-00898,2023-01-29,0.6230715035620354,3,10,3042.008712923745,organic,1,retail,medium,1
L-03334,2023-01-29,0.35781003241535636,2,58,10727.113622079201,outbound,0,manufacturing,large,0
L-00658,2023-01-29,0.10594235699096155,2,16,3574.5658267084073,referral,1,finance,medium,1
L-02590,2023-01-29,0.23545201701388085,7,10,11068.370903369538,paid_search,0,healthcare,large,1
L-01952,2023-01-29,0.9443692191577738,2,7,12059.12101637113,referral,1,saas,large,0
L-03815,2023-01-29,0.7937989776497628,0,56,4148.010879064558,referral,0,retail,medium,0
L-03531,2023-01-29,0.841431851143876,7,37,1723.053781752279,organic,0,finance,small,1
L-01833,2023-01-29,0.4701822732030162,2,16,5270.406643396338,outbound,1,retail,medium,1
L-03535,2023-01-30,0.7521650668644404,5,21,1957.059727738817,paid_search,0,healthcare,small,0
L-01910,2023-01-30,0.511305953412695,1,21,3164.864119000477,outbound,0,saas,medium,0
L-02024,2023-01-30,0.7964666482835426,4,32,1859.6971816620842,paid_search,0,retail,small,1
L-01214,2023-01-30,0.14643617455697955,6,19,3611.7530699027934,paid_search,1,finance,medium,0
L-03613,2023-01-30,0.651705330453108,2,29,13931.289081895438,organic,0,manufacturing,large,0
L-01252,2023-01-30,0.27092039338631246,7,34,5906.19204697379,event,0,saas,medium,0
L-00068,2023-01-31,0.25883563723739966,2,51,3400.3663142852965,paid_search,0,healthcare,medium,0
L-02668,2023-01-31,0.8748972004725892,3,53,5388.974171510002,outbound,0,healthcare,medium,0
L-02855,2023-01-31,0.9495727706536599,3,57,6184.5479382124795,event,0,retail,medium,1
L-01054,2023-01-31,0.6146062192524261,0,13,5775.2256810474155,organic,0,retail,medium,1
L-03931,2023-01-31,0.24777941443969453,0,28,11027.33725054499,outbound,1,retail,large,0
L-00216,2023-02-01,0.11401919133455096,3,33,15871.522842557104,organic,0,manufacturing,large,0
L-01570,2023-02-01,0.7619481785641752,2,13,5202.559842275688,outbound,1,manufacturing,medium,1
L-02478,2023-02-01,0.8284969482679155,6,3,1058.4312503317071,paid_search,0,manufacturing,small,1
L-01026,2023-02-01,0.26693364893772853,2,27,5578.498104495799,outbound,0,healthcare,medium,0
L-03579,2023-02-01,0.7521382723289237,2,13,1489.7919120916265,event,0,healthcare,small,1
L-00126,2023-02-01,0.3390077406028791,6,26,6694.326721682661,event,1,healthcare,medium,1
L-01587,2023-02-01,0.4842135142800644,4,34,1950.6174932058348,organic,1,healthcare,small,0
L-03915,2023-02-01,0.5945862193028131,0,35,15420.02836279216,organic,0,healthcare,large,0
L-03758,2023-02-02,0.2396857008411215,5,28,32503.462234068276,outbound,1,retail,large,1
L-03133,2023-02-02,0.47775225535295374,1,12,4064.567238171129,referral,1,manufacturing,medium,1
L-02751,2023-02-02,0.5298006109074711,0,34,1991.0618837889172,outbound,1,retail,small,0
L-01095,2023-02-02,0.04747349743309437,4,42,3115.5398951620714,paid_search,0,healthcare,medium,0
L-01850,2023-02-02,0.42401709815696786,7,36,7055.741311606998,referral,0,saas,medium,0
L-01360,2023-02-02,0.3180641471086795,0,6,1214.8501734568842,organic,0,healthcare,small,1
L-00438,2023-02-02,0.4371280421998007,2,28,1273.1890182670436,event,1,retail,small,0
L-00430,2023-02-03,0.8281978524893359,3,2,6257.783350635753,event,1,finance,medium,1
L-01121,2023-02-03,0.3323771350361646,2,44,3932.8506919272654,organic,1,finance,medium,0
L-03886,2023-02-03,0.26056931642547587,2,20,2814.6133254906686,event,0,retail,small,0
L-00279,2023-02-03,0.6483976852033612,2,39,5044.018291997918,referral,1,retail,medium,1
L-01327,2023-02-03,0.8487720850604766,2,40,3411.087113722538,outbound,0,saas,medium,0
L-00245,2023-02-03,0.19695954262002624,3,18,6128.950916778357,organic,0,saas,medium,1
L-00677,2023-02-03,0.8178353099580807,3,21,39732.11677703828,paid_search,1,saas,large,1
L-01255,2023-02-03,0.8040011602630676,1,31,5204.729605041742,outbound,0,retail,medium,0
L-02634,2023-02-03,0.6485122984051379,2,58,6498.612892623582,organic,1,finance,medium,0
L-03638,2023-02-03,0.048108528016667984,4,15,10774.109657669578,event,1,saas,large,0
L-00006,2023-02-04,0.4892651908307978,3,26,2480.854643164748,paid_search,0,retail,small,0
L-03542,2023-02-04,0.5984326016657832,4,37,4063.1360418971253,event,0,manufacturing,medium,0
L-03619,2023-02-04,0.06873830197841146,3,30,4357.942833763119,organic,1,manufacturing,medium,0
L-00880,2023-02-04,0.1618693606287408,1,41,2404.85546753817,outbound,1,healthcare,small,0
L-02864,2023-02-04,0.6622129282587018,4,16,8446.21915834677,paid_search,0,manufacturing,large,1
L-03280,2023-02-04,0.9575924341941717,3,34,25700.566934347782,organic,0,healthcare,large,1
L-03320,2023-02-04,0.0864841962453845,6,53,19368.765332566512,paid_search,0,manufacturing,large,0
L-02528,2023-02-04,0.23436663249506084,2,43,4058.7999051845954,referral,1,saas,medium,1
L-02365,2023-02-04,0.118130850279074,2,45,3560.723447641917,event,1,retail,medium,0
L-00752,2023-02-04,0.8373834783054255,6,18,2708.9427770214256,outbound,0,finance,small,1
L-02316,2023-02-04,0.934757151045779,2,43,9026.960651940608,outbound,0,finance,large,0
L-02853,2023-02-05,0.12532600977445074,6,43,9826.15781735804,outbound,0,manufacturing,large,0
L-01542,2023-02-05,0.8858886951442001,1,12,5685.10319657617,referral,1,retail,medium,1
L-01720,2023-02-05,0.6382870239125435,4,25,5035.926972257476,organic,0,manufacturing,medium,1
L-00727,2023-02-05,0.13666332077883026,2,38,3373.4624934226767,outbound,1,finance,medium,0
L-01530,2023-02-05,0.04872242675272764,3,26,2123.934424055486,paid_search,0,manufacturing,small,1
L-01808,2023-02-05,0.9356836393980424,3,40,23227.240358351995,referral,0,healthcare,large,0
L-01930,2023-02-05,0.5314281721720702,0,24,1564.8948432613345,outbound,0,manufacturing,small,1
L-00000,2023-02-05,0.842731968806472,2,57,16592.75308741978,paid_search,0,saas,large,1
L-03981,2023-02-05,0.5392305576556773,5,24,2265.2567357021094,outbound,0,finance,small,1
L-03247,2023-02-05,0.2014565622473442,2,56,7363.882629730513,paid_search,0,finance,medium,0
L-03534,2023-02-05,0.8396115895392143,4,38,5912.095760075683,organic,1,healthcare,medium,1
L-00195,2023-02-05,0.8159012154630941,1,13,2755.0481042009524,referral,1,healthcare,small,1
L-02911,2023-02-06,0.46560851000693315,4,4,9579.566216741197,outbound,1,finance,large,0
L-00909,2023-02-06,0.5678113853543433,0,14,7442.4556604316185,organic,0,saas,medium,1
L-00032,2023-02-06,0.34483125939883785,4,59,8506.658171906382,referral,1,saas,large,1
L-00825,2023-02-06,0.7390746290164124,3,36,1265.1104572270094,outbound,1,healthcare,small,0
L-00358,2023-02-06,0.9890919394999024,5,32,3326.8072548987197,event,0,saas,medium,1
L-00171,2023-02-06,0.2573723130551461,1,5,3972.183459082091,paid_search,0,manufacturing,medium,0
L-03527,2023-02-06,0.19817903082285326,7,50,5363.0083387796385,event,1,healthcare,medium,0
L-02032,2023-02-06,0.6403750099176652,7,50,21230.16034209912,organic,0,manufacturing,large,0
L-02081,2023-02-06,0.27420240229339987,1,52,7376.396026633691,organic,0,saas,medium,0
L-00694,2023-02-06,0.8748508488051633,2,59,6378.278530912781,organic,1,finance,medium,1
L-00132,2023-02-06,0.9908097655511221,1,6,3542.4734696148544,event,1,saas,medium,0
L-01632,2023-02-06,0.5988583701003527,4,50,4650.116859384321,event,0,retail,medium,0
L-00009,2023-02-07,0.6875339351098718,1,55,7922.483099755986,event,0,finance,medium,0
L-02339,2023-02-07,0.811596744596663,3,38,2392.6933010120797,event,0,finance,small,0
L-02815,2023-02-07,0.015916303039710922,3,35,9480.202473192185,referral,1,finance,large,0
L-02593,2023-02-07,0.20272175456268327,1,54,2270.1808631060994,outbound,1,manufacturing,small,0
L-00580,2023-02-07,0.026017403551570006,0,57,33952.175928927085,organic,1,saas,large,0
L-01689,2023-02-07,0.3814102284029025,3,11,5067.988262371684,paid_search,0,healthcare,medium,0
L-00242,2023-02-07,0.3688783807374707,4,16,5819.520154222832,referral,1,manufacturing,medium,0
L-00375,2023-02-07,0.14994147793406065,3,50,1524.0277803496865,referral,0,saas,small,0
L-00950,2023-02-07,0.15357786694775655,2,5,5785.833548129974,referral,0,manufacturing,medium,1
L-03413,2023-02-07,0.18873255434296254,2,47,3052.988898063256,referral,1,manufacturing,medium,0
L-01841,2023-02-08,0.64272531468006,1,9,2162.3440082226257,outbound,1,manufacturing,small,1
L-02452,2023-02-08,0.6534048120036423,6,33,3699.4156099366464,outbound,0,saas,medium,0
L-00217,2023-02-08,0.9296321877242243,8,37,5762.306291940464,outbound,0,retail,medium,0
L-03418,2023-02-08,0.14775344507210741,6,38,12865.684770677542,organic,1,finance,large,0
L-00976,2023-02-08,0.6539054306210633,3,14,4012.786247991327,organic,0,manufacturing,medium,1
L-02305,2023-02-08,0.12562504555165477,0,3,17649.866944217356,paid_search,1,manufacturing,large,1
L-03671,2023-02-08,0.8688495910220159,3,1,10542.91607756875,referral,1,healthcare,large,1
L-02741,2023-02-08,0.22563798563035908,2,16,16422.32468678048,referral,1,healthcare,large,0
L-00673,2023-02-08,0.47188071242948937,0,41,3217.909334713201,organic,1,finance,medium,0
L-02265,2023-02-08,0.5118223889047572,1,55,3004.174596833125,outbound,1,retail,medium,0
L-00699,2023-02-08,0.8707333733178638,4,31,15162.594223072172,paid_search,0,finance,large,1
L-00790,2023-02-08,0.835862971269293,5,52,10199.168186296045,outbound,0,healthcare,large,0
L-03974,2023-02-08,0.9689918663769136,0,29,30528.934683723313,organic,1,healthcare,large,1
L-00086,2023-02-08,0.3552178341211998,4,15,4422.550916329425,referral,0,healthcare,medium,0
L-02956,2023-02-09,0.8586731204838641,2,6,4581.041648443295,paid_search,1,saas,medium,0
L-03283,2023-02-09,0.3783760148053711,4,39,3742.802034107083,paid_search,1,saas,medium,0
L-01787,2023-02-09,0.12788238435231636,2,48,26453.35819359859,outbound,1,manufacturing,large,0
L-01737,2023-02-09,0.7247362184512921,3,40,11458.060333286283,referral,1,finance,large,0
L-03342,2023-02-09,0.8687457758035334,0,11,14394.980357222286,outbound,0,retail,large,1
L-02501,2023-02-09,0.4550217605831879,3,55,1292.0064437112176,paid_search,1,saas,small,0
L-00587,2023-02-09,0.16599291148702733,2,46,5993.9024936717615,outbound,1,finance,medium,0
L-02471,2023-02-09,0.2786165592081724,2,4,3258.930804625426,event,1,finance,medium,1
L-03034,2023-02-09,0.6149877629496451,3,9,2947.8597763007697,event,0,saas,small,0
L-02320,2023-02-09,0.8242389461001263,1,4,3880.4854013635845,referral,1,retail,medium,1
L-00890,2023-02-09,0.1465468265101405,1,50,1933.3219694407917,organic,0,finance,small,0
L-03958,2023-02-09,0.6680559856867488,3,44,5274.856202917718,paid_search,0,retail,medium,1
L-01435,2023-02-10,0.5619409236011778,4,47,1768.3238629940283,paid_search,1,healthcare,small,0
L-01288,2023-02-10,0.09017197648949116,3,42,1852.8815774574841,referral,1,manufacturing,small,0
L-01879,2023-02-10,0.4185861255545337,3,46,12787.62137195068,event,0,manufacturing,large,1
L-02681,2023-02-10,0.046561151728786276,2,47,5028.152381781973,outbound,0,finance,medium,0
L-00579,2023-02-10,0.9261821962748634,5,39,5677.189051515877,referral,1,finance,medium,1
L-01358,2023-02-11,0.6779428018639403,4,58,3918.2119635545205,paid_search,0,finance,medium,0
L-03806,2023-02-11,0.7052645499070364,4,56,8208.293586438638,organic,0,saas,large,0
L-02474,2023-02-11,0.495653974576189,1,2,10815.905529582398,paid_search,1,healthcare,large,1
L-02622,2023-02-11,0.6385911963305415,5,37,7942.679517915759,outbound,1,saas,medium,1
L-00257,2023-02-11,0.7936726242564269,4,36,12607.80290417019,referral,0,finance,large,0
L-03871,2023-02-11,0.28941613355602613,4,19,7247.352367561464,organic,1,finance,medium,0
L-02614,2023-02-11,0.3231282061454709,2,9,4231.1841921252935,outbound,1,finance,medium,1
L-01449,2023-02-11,0.8216407350120413,3,9,2879.05730264103,paid_search,0,saas,small,1
L-01165,2023-02-11,0.6906470731051536,8,29,3385.1054700775408,outbound,1,saas,medium,1
L-02555,2023-02-11,0.7461042320715012,3,25,3383.9911421884085,event,1,healthcare,medium,1
L-03496,2023-02-11,0.9643240868848629,3,35,8437.313409272367,referral,0,saas,large,1
L-03782,2023-02-11,0.4649998255035127,5,26,20831.588480753653,paid_search,1,saas,large,1
L-02422,2023-02-11,0.6135939377161109,5,28,6826.567804794917,paid_search,0,manufacturing,medium,0
L-02514,2023-02-11,0.11426300825346014,7,1,14294.149807132822,outbound,1,finance,large,1
L-01729,2023-02-11,0.7569194976474862,4,23,3239.447466291469,referral,0,saas,medium,0
L-03852,2023-02-11,0.023697402118734723,5,53,1830.860637363666,paid_search,1,saas,small,1
L-00170,2023-02-12,0.41774328636283964,3,17,9064.185226893958,outbound,0,saas,large,0
L-01226,2023-02-12,0.6771759616633237,3,30,3523.6428503310085,outbound,0,saas,medium,0
L-00582,2023-02-12,0.07674042655969726,4,8,12629.170986874822,organic,1,finance,large,1
L-02176,2023-02-12,0.6117603544484994,7,42,4552.472439881307,outbound,0,healthcare,medium,0
L-00515,2023-02-12,0.8366407464065443,3,7,6801.049417623234,event,1,healthcare,medium,1
L-02503,2023-02-12,0.4603955870930234,0,44,3774.2664996951908,organic,0,healthcare,medium,0
L-03352,2023-02-12,0.6577563235839703,4,5,3572.2049441091895,paid_search,0,finance,medium,1
L-01826,2023-02-12,0.2707410506638869,4,59,8033.337558865779,organic,0,healthcare,large,0
L-02945,2023-02-12,0.8006718199594207,3,33,3327.426253168812,outbound,1,manufacturing,medium,0
L-00459,2023-02-12,0.5273997806581312,5,4,15700.54630113745,paid_search,0,finance,large,1
L-02264,2023-02-12,0.6858673025688188,2,46,4426.611309867951,organic,1,finance,medium,0
L-00817,2023-02-12,0.5967263504319288,5,59,6853.493199372033,organic,0,saas,medium,1
L-03686,2023-02-12,0.06983859249350322,6,56,2954.1336772570517,organic,0,saas,small,0
L-01854,2023-02-12,0.603864560938344,2,41,15637.454725924496,paid_search,0,retail,large,0
L-01271,2023-02-13,0.5947625034751037,3,22,30485.70435487889,paid_search,0,retail,large,0
L-03076,2023-02-13,0.48797616488264717,4,42,5396.799592289486,referral,0,finance,medium,1
L-00309,2023-02-13,0.8981200805010945,3,15,12834.41278428167,outbound,1,healthcare,large,1
L-03726,2023-02-13,0.6505134021327537,4,27,6763.880784644595,organic,1,saas,medium,1
L-03490,2023-02-13,0.3126110677842414,3,25,5895.89970893927,organic,1,healthcare,medium,0
L-03149,2023-02-13,0.2768032873910471,4,19,6021.258637102637,referral,1,healthcare,medium,0
L-00321,2023-02-13,0.06697801313198992,1,10,14177.662176323143,referral,1,saas,large,1
L-00479,2023-02-13,0.9441436470762746,2,20,13036.190361761777,paid_search,1,finance,large,1
L-01815,2023-02-14,0.39025862894719543,2,46,8722.466383046143,paid_search,0,saas,large,1
L-01537,2023-02-14,0.5921769448817807,1,57,7087.861664163332,referral,0,manufacturing,medium,0
L-02910,2023-02-14,0.120577441015987,6,43,5516.061350564103,paid_search,1,saas,medium,0
L-00807,2023-02-14,0.7310298731484106,1,37,14472.904299303167,outbound,1,saas,large,1
L-01866,2023-02-14,0.5638058980177268,3,18,1295.1104697459098,organic,1,saas,small,0
L-02243,2023-02-14,0.5087931387734813,7,46,16135.486771665974,outbound,0,retail,large,0
L-03033,2023-02-14,0.5247951503334181,3,10,2886.2239135332984,organic,0,manufacturing,small,0
L-01483,2023-02-14,0.5629822420663771,3,24,6159.503292960972,outbound,0,manufacturing,medium,0
L-03590,2023-02-14,0.4267297995769125,1,59,6479.353401858722,outbound,0,healthcare,medium,0
L-01488,2023-02-14,0.20864533255599838,5,40,19419.761891565828,organic,0,finance,large,0
L-03790,2023-02-14,0.8199899477787728,2,40,5530.27142956296,referral,1,retail,medium,1
L-01465,2023-02-14,0.7930207886015898,3,40,9568.772736814804,outbound,0,manufacturing,large,1
L-02722,2023-02-15,0.26733271445757245,6,10,2188.5594328701045,organic,1,finance,small,0
L-01320,2023-02-15,0.01246565983788206,2,28,13479.64382330579,referral,0,healthcare,large,0
L-01578,2023-02-15,0.7452811721545722,4,52,4217.374877141167,organic,0,manufacturing,medium,0
L-00500,2023-02-15,0.03387779514255651,2,48,12041.223539324003,paid_search,1,saas,large,0
L-02852,2023-02-15,0.805586105695467,4,35,6144.5995399506855,outbound,1,manufacturing,medium,0
L-01215,2023-02-15,0.7479016021481752,3,22,1210.3130470094902,referral,0,finance,small,0
L-03026,2023-02-15,0.4348841544214562,2,16,3626.9201268265956,referral,1,retail,medium,1
L-00119,2023-02-15,0.24024894827964172,3,54,3915.57357824002,paid_search,1,manufacturing,medium,0
L-00872,2023-02-15,0.020261128204139167,1,40,5353.152909159649,organic,1,saas,medium,0
L-02214,2023-02-16,0.5675502865481917,1,35,2226.2626764820325,paid_search,0,healthcare,small,0
L-02505,2023-02-16,0.3974740836906482,1,49,3872.1134388771293,organic,1,manufacturing,medium,0
L-02680,2023-02-16,0.9441151154965282,2,11,9774.047888490302,paid_search,1,healthcare,large,0
L-00364,2023-02-16,0.6652139656041213,2,3,15317.405153242427,referral,0,finance,large,1
L-00725,2023-02-16,0.7408152316357867,4,29,16197.09864360977,paid_search,0,healthcare,large,0
L-02213,2023-02-16,0.11348493310171182,4,18,10832.74676361164,outbound,0,manufacturing,large,0
L-00537,2023-02-16,0.37728183906136314,5,15,4762.645169750704,paid_search,1,retail,medium,1
L-01019,2023-02-16,0.23467226546159414,0,8,2632.447797533489,event,0,manufacturing,small,0
L-00312,2023-02-17,0.3846834726613414,1,32,7286.650849421773,paid_search,0,manufacturing,medium,0
L-01049,2023-02-17,0.24867466203617328,5,27,8861.683876953788,paid_search,0,finance,large,0
L-00496,2023-02-17,0.5522531203440096,2,1,15948.522794605838,outbound,0,healthcare,large,1
L-02785,2023-02-17,0.8680172944325221,5,46,2551.211733724104,event,1,healthcare,small,1
L-01342,2023-02-17,0.15760151328847838,2,53,8887.619509096376,paid_search,0,saas,large,1
L-02268,2023-02-17,0.7930794326950212,3,4,1014.4009813501623,organic,1,retail,small,1
L-03304,2023-02-17,0.0122568018650272,0,37,1002.7025100793508,paid_search,0,healthcare,small,0
L-00945,2023-02-17,0.41827731922836675,3,31,7002.355609663595,referral,1,manufacturing,medium,1
L-00777,2023-02-17,0.5140481960388648,1,12,2353.1150142477372,outbound,1,healthcare,small,1
L-00723,2023-02-17,0.41034135889904155,2,42,12774.457630804603,paid_search,0,retail,large,0
L-02363,2023-02-17,0.9788086544470412,4,5,4100.357203841967,outbound,0,saas,medium,0
L-03369,2023-02-17,0.3156969058381931,1,33,16133.957592140947,outbound,1,retail,large,1
L-01945,2023-02-17,0.8817194232747706,4,22,1739.8385775817007,outbound,0,retail,small,1
L-00197,2023-02-17,0.5122429711066271,4,50,27023.279594800057,organic,0,finance,large,1
L-03160,2023-02-17,0.9912000307762511,4,50,5505.05639931673,outbound,1,saas,medium,0
L-02699,2023-02-17,0.7757258140222779,4,17,9049.115154426352,organic,0,retail,large,1
L-02509,2023-02-18,0.3214006801424768,2,27,10607.302202512356,outbound,1,retail,large,0
L-03529,2023-02-18,0.8105606101181794,4,49,5425.889767702473,outbound,1,retail,medium,1
L-01618,2023-02-18,0.3205840624499061,3,6,4752.41749017905,organic,0,retail,medium,0
L-01875,2023-02-18,0.4123107268572347,5,22,5728.711037924765,paid_search,0,manufacturing,medium,0
L-01156,2023-02-18,0.07023337088670323,1,53,10401.507004118837,paid_search,0,manufacturing,large,1
L-00862,2023-02-18,0.3177223348092938,1,35,5010.472529679654,organic,1,saas,medium,0
L-00783,2023-02-18,0.3514108513995381,3,23,3731.755138526325,referral,0,healthcare,medium,1
L-00417,2023-02-18,0.5276363606044822,1,16,2310.376763327359,paid_search,1,retail,small,0
L-03650,2023-02-18,0.8833811820915227,1,51,4626.7089692407735,referral,1,retail,medium,1
L-03348,2023-02-18,0.6661786521150226,2,16,3913.946134034979,organic,0,healthcare,medium,1
L-01237,2023-02-19,0.28486469044389007,7,51,2767.8122279991353,organic,0,finance,small,0
L-00385,2023-02-19,0.7622513483035116,5,20,2085.061200649084,organic,1,finance,small,0
L-00435,2023-02-19,0.9569715846307795,4,40,2536.96080498725,organic,0,retail,small,1
L-03498,2023-02-19,0.023528109823277354,1,5,15897.830555909371,organic,0,saas,large,0
L-00782,2023-02-19,0.6377900401345777,7,17,7877.023132869041,outbound,0,saas,medium,1
L-00873,2023-02-19,0.24954817593872036,2,35,4179.168950571941,referral,0,healthcare,medium,0
L-03972,2023-02-19,0.5354455210588809,4,8,7178.483850484221,outbound,1,finance,medium,1
L-01604,2023-02-19,0.9355508567393197,4,24,12467.258284393007,outbound,0,finance,large,0
L-02922,2023-02-19,0.27576207549506915,3,46,12812.10309137807,paid_search,1,finance,large,0
L-01609,2023-02-20,0.2257784365797103,6,10,9657.033814344617,referral,0,saas,large,1
L-03063,2023-02-20,0.14491415685833986,3,29,8795.983741873115,referral,1,retail,large,0
L-02818,2023-02-20,0.540571851888662,1,32,6515.0307734648,outbound,1,retail,medium,0
L-01629,2023-02-20,0.18976813721076813,2,42,5581.860341391147,paid_search,0,manufacturing,medium,0
L-03773,2023-02-20,0.5270220492923754,2,26,979.4983780208945,organic,1,manufacturing,small,1
L-02079,2023-02-20,0.45069344386738663,4,24,8204.657774204275,referral,0,retail,large,1
L-01927,2023-02-20,0.8286478479269953,0,50,5959.38453619133,organic,1,retail,medium,0
L-00156,2023-02-20,0.0978832802148597,0,20,8014.1668500835185,paid_search,0,finance,large,0
L-02822,2023-02-20,0.6649036790414772,7,35,2115.495057426391,referral,1,healthcare,small,0
L-03820,2023-02-20,0.6959336024021688,3,31,4269.677055847902,organic,0,retail,medium,0
L-02829,2023-02-20,0.9089730055498839,0,22,5194.0220743444115,paid_search,1,finance,medium,1
L-00220,2023-02-21,0.35516488699387183,2,20,3864.9844922263746,organic,1,finance,medium,0
L-02698,2023-02-21,0.5249103799549136,4,54,3547.681485286718,event,0,manufacturing,medium,0
L-02908,2023-02-21,0.6824892860020683,0,25,3482.533864071915,outbound,0,retail,medium,0
L-01004,2023-02-21,0.08448089567707195,2,20,1927.5167838699679,event,1,manufacturing,small,0
L-00073,2023-02-21,0.8554753634178817,2,43,1831.848679707833,referral,0,saas,small,1
L-03512,2023-02-21,0.4680853814555932,2,53,5289.614806088223,outbound,1,finance,medium,0
L-02005,2023-02-21,0.18413921714918247,2,56,4857.0824563207925,event,0,retail,medium,0
L-00017,2023-02-21,0.032043589378177195,1,53,5076.166536215305,organic,0,finance,medium,0
L-00704,2023-02-21,0.7095584039482209,1,5,3129.099142749635,paid_search,0,retail,medium,1
L-02696,2023-02-21,0.40021202117659815,3,44,5886.1980150802765,outbound,0,saas,medium,1
L-03164,2023-02-21,0.6488469339936108,4,35,1334.9372082251334,paid_search,1,retail,small,0
L-02549,2023-02-21,0.2837580958059338,1,19,4663.852887027588,referral,1,saas,medium,0
L-00944,2023-02-21,0.2836011496055739,3,25,7486.140611099375,referral,0,healthcare,medium,0
L-01804,2023-02-21,0.020144471496602256,2,58,19070.41498845067,referral,0,healthcare,large,0
L-03347,2023-02-21,0.7487375195490611,3,30,7104.430821923484,organic,0,saas,medium,0
L-02103,2023-02-21,0.3058372404125671,5,18,2767.990224199142,outbound,1,healthcare,small,0
L-00758,2023-02-21,0.6741530672939647,6,41,6512.622494532507,outbound,1,manufacturing,medium,1
L-03944,2023-02-22,0.037274887993038686,2,26,1984.35220055496,organic,0,saas,small,0
L-01775,2023-02-22,0.4913035326998998,6,52,3793.447739323658,event,0,saas,medium,1
L-01925,2023-02-22,0.5600574762362305,1,59,1990.0694991685052,outbound,0,healthcare,small,0
L-03101,2023-02-22,0.29455607496639935,2,25,11157.69036869501,outbound,0,saas,large,0
L-00442,2023-02-22,0.2024052795037623,5,3,4735.687396174949,event,1,healthcare,medium,0
L-00433,2023-02-22,0.3224633185817777,4,27,6055.394884037433,outbound,1,manufacturing,medium,0
L-00669,2023-02-22,0.46727336789233453,5,51,4709.023093016075,paid_search,1,retail,medium,0
L-03021,2023-02-22,0.8399340941971882,4,30,4265.671600798589,referral,0,healthcare,medium,1
L-01644,2023-02-22,0.051805115639873445,2,43,7025.356497733914,outbound,0,saas,medium,0
L-03286,2023-02-22,0.7849619132881778,7,59,5148.360816741819,outbound,1,saas,medium,0
L-02084,2023-02-22,0.5401419523330292,4,18,3048.050658086611,referral,1,healthcare,medium,1
L-02430,2023-02-22,0.30812696203626844,3,13,6576.1420209173,event,0,saas,medium,0
L-00413,2023-02-22,0.5374375733539766,5,37,9651.634759300987,paid_search,1,retail,large,0
L-00947,2023-02-23,0.7983508127598611,2,49,2675.2113957018764,event,0,saas,small,1
L-00603,2023-02-23,0.7534605394363417,6,13,11881.99017001887,outbound,0,manufacturing,large,0
L-01894,2023-02-23,0.9246191784832176,1,19,3881.0666627031737,organic,1,healthcare,medium,1
L-02760,2023-02-23,0.501661842065483,4,28,7084.031783849902,outbound,0,saas,medium,0
L-03537,2023-02-23,0.6066785152579738,7,6,14476.117271360556,outbound,1,finance,large,1
L-01357,2023-02-23,0.4806091484927877,5,53,3447.7670146525675,organic,0,healthcare,medium,0
L-03526,2023-02-23,0.3063462371777058,3,17,1687.307971662483,outbound,1,saas,small,1
L-02479,2023-02-23,0.9701365112382403,1,11,5305.127144690643,referral,0,healthcare,medium,0
L-02206,2023-02-23,0.19006088660813114,1,13,5482.989979570284,paid_search,0,retail,medium,1
L-03268,2023-02-23,0.9169565858617845,2,6,5800.5054882680815,referral,1,finance,medium,1
L-00681,2023-02-24,0.8536506690045002,2,28,10607.27008787413,outbound,0,saas,large,0
L-02726,2023-02-24,0.8042768327775744,5,38,4120.202512125838,organic,0,healthcare,medium,1
L-03605,2023-02-24,0.5565555157209455,3,59,4209.219996577796,outbound,0,finance,medium,0
L-03307,2023-02-24,0.2945493537899925,3,24,2560.7928166447123,event,1,healthcare,small,1
L-02377,2023-02-24,0.1952416230296704,6,57,1798.3745937978463,organic,0,saas,small,0
L-01818,2023-02-24,0.6858304476238237,5,17,8352.980889655448,outbound,0,saas,large,0
L-00822,2023-02-24,0.05405431161859919,5,46,5578.656929784722,organic,0,manufacturing,medium,1
L-01341,2023-02-24,0.8217730593732004,4,1,8485.730553864782,organic,0,healthcare,large,1
L-00619,2023-02-25,0.9021496684090012,3,11,4522.0465446223025,organic,0,finance,medium,0
L-01444,2023-02-25,0.8789688723864574,2,14,3651.0647636234307,organic,0,saas,medium,0
L-01527,2023-02-25,0.15352829404463053,4,7,2434.94753873015,referral,1,saas,small,1
L-02735,2023-02-25,0.7459443559358149,4,5,5759.407303468694,event,0,manufacturing,medium,1
L-01835,2023-02-25,0.4398533005916445,1,58,4381.415918433239,outbound,0,healthcare,medium,0
L-00720,2023-02-25,0.5122890427049458,1,16,2301.210224127646,outbound,1,saas,small,1
L-00117,2023-02-25,0.03956020839019181,6,36,8059.280834170736,referral,0,healthcare,large,0
L-03888,2023-02-25,0.8427622848520179,5,8,9392.567197934182,event,0,healthcare,large,1
L-02107,2023-02-25,0.727873713022602,6,21,1338.7783350865345,outbound,0,saas,small,1
L-02209,2023-02-25,0.2024853452445461,4,53,2986.331354446686,organic,0,saas,small,0
L-00768,2023-02-25,0.8411200645043214,5,49,14844.444039733038,paid_search,0,finance,large,0
L-00099,2023-02-25,0.23846644371574255,3,7,875.0325479932184,referral,1,saas,small,1
L-02233,2023-02-25,0.7729970261914273,2,10,4260.182073524807,outbound,0,healthcare,medium,0
L-00328,2023-02-26,0.5736406687957091,5,39,18195.36064569013,outbound,1,finance,large,0
L-01089,2023-02-26,0.9190871279685557,2,20,4303.41441620744,paid_search,1,healthcare,medium,1
L-03513,2023-02-26,0.32711225602116145,1,35,2806.7361924251422,outbound,1,healthcare,small,0
L-01186,2023-02-26,0.7270109059613554,4,30,11761.614348675559,organic,1,retail,large,1
L-03248,2023-02-26,0.10293904704739976,2,5,729.5790843904673,paid_search,0,finance,small,1
L-03203,2023-02-26,0.45917703660615206,1,16,14537.533724371693,referral,0,healthcare,large,0
L-03992,2023-02-26,0.9633793497185212,9,41,1559.9835793657862,outbound,1,saas,small,1
L-03834,2023-02-26,0.5494677493399441,3,0,3977.1888191796584,paid_search,0,retail,medium,0
L-00305,2023-02-26,0.32464366711033366,2,54,4006.8908332421965,outbound,1,finance,medium,0
L-00240,2023-02-26,0.2968684855074143,4,6,3838.3022230198094,outbound,0,retail,medium,0
L-00461,2023-02-26,0.6790515562879931,3,50,2941.8104479250605,paid_search,1,healthcare,small,0
L-01962,2023-02-27,0.6947983112487609,5,29,6875.811996865095,referral,0,manufacturing,medium,0
L-00255,2023-02-27,0.5219801141180507,1,26,3551.682252359594,paid_search,0,finance,medium,0
L-02518,2023-02-27,0.7631870823952438,2,16,4290.5933071067675,organic,0,saas,medium,1
L-01062,2023-02-27,0.24447584248583953,1,43,3976.278724194832,referral,0,saas,medium,0
L-00407,2023-02-27,0.29741195909358,7,49,4526.609232801156,referral,0,retail,medium,0
L-03670,2023-02-27,0.6151895383301841,3,40,3296.435769217031,referral,1,healthcare,medium,0
L-00527,2023-02-27,0.9024899674229186,1,24,3170.6248709061765,referral,0,manufacturing,medium,1
L-02301,2023-02-27,0.7138606850640675,1,20,4021.059625700917,outbound,1,retail,medium,0
L-01611,2023-02-27,0.3275120783131492,0,5,1393.227791254118,paid_search,0,manufacturing,small,0
L-00833,2023-02-27,0.8264105499727091,4,12,5204.4799434233855,outbound,1,manufacturing,medium,1
L-00923,2023-02-28,0.6741443008931345,3,46,11206.144793828926,outbound,1,finance,large,0
L-03057,2023-02-28,0.5496338106932469,2,58,10818.817725811658,event,0,saas,large,1
L-02329,2023-02-28,0.9203623612948049,4,44,6868.823805227331,outbound,0,saas,medium,1
L-00521,2023-02-28,0.5633162416979622,3,16,6537.523807308239,organic,0,healthcare,medium,0
L-01934,2023-02-28,0.4970906618065981,2,50,12945.297728976853,referral,1,saas,large,1
L-01574,2023-03-01,0.32231971814342186,6,9,5013.151344472081,referral,1,manufacturing,medium,0
L-02890,2023-03-01,0.2250236296846524,3,4,2740.8741442950386,outbound,0,saas,small,1
L-02662,2023-03-01,0.4547692924755936,3,23,7744.765874074519,paid_search,0,manufacturing,medium,0
L-02888,2023-03-01,0.3938347561850223,3,37,1897.14912453581,paid_search,0,saas,small,0
L-00974,2023-03-01,0.5057246994541248,3,44,27080.320810589088,paid_search,0,healthcare,large,1
L-03068,2023-03-01,0.27624614103391154,4,36,6106.714395328114,paid_search,0,finance,medium,0
L-01606,2023-03-01,0.14319673774312158,2,50,3461.714522481686,outbound,0,finance,medium,0
L-00456,2023-03-01,0.6061964288878109,3,12,2078.2156438461807,outbound,1,finance,small,0
L-00937,2023-03-01,0.08588620943757286,3,52,4186.282812235708,organic,1,retail,medium,0
L-00751,2023-03-01,0.7240122521843483,3,43,2712.613537569467,paid_search,1,manufacturing,small,0
L-02062,2023-03-01,0.16155072645119373,9,41,2620.058601069966,outbound,0,healthcare,small,1
L-01697,2023-03-01,0.0473842338175986,2,3,12672.241971394518,paid_search,1,manufacturing,large,1
L-01676,2023-03-01,0.32203408153105206,6,2,5608.5226149113205,organic,1,finance,medium,0
L-03829,2023-03-02,0.7918298431946843,7,35,10261.660103107844,referral,0,saas,large,1
L-01523,2023-03-02,0.3809403480486341,2,20,4511.499418072238,outbound,1,healthcare,medium,1
L-02638,2023-03-02,0.17584974928100594,1,31,7001.224072414765,organic,1,finance,medium,0
L-00356,2023-03-02,0.4888983014706706,4,51,5888.4649285599235,event,0,saas,medium,0
L-02007,2023-03-02,0.1524665089783862,5,52,10669.09693948241,paid_search,1,healthcare,large,1
L-00272,2023-03-02,0.7545702954396313,1,28,9121.276901531139,organic,0,healthcare,large,0
L-00181,2023-03-02,0.9675930259974722,5,31,7375.06078735022,referral,0,retail,medium,1
L-03979,2023-03-02,0.6659147006024932,3,32,2758.60831971362,organic,0,healthcare,small,1
L-01103,2023-03-02,0.7608388403212071,2,3,3978.461627143818,outbound,1,retail,medium,0
L-01480,2023-03-02,0.44214855746449533,8,56,3123.811109796116,outbound,1,saas,medium,0
L-01969,2023-03-03,0.1433422221033015,3,17,4871.0573818738685,referral,1,healthcare,medium,1
L-01536,2023-03-03,0.2282967084571056,3,57,8387.948569396456,paid_search,0,manufacturing,large,1
L-02012,2023-03-03,0.9297682501350731,5,56,2649.30783675298,referral,0,manufacturing,small,1
L-00960,2023-03-03,0.7972621922722275,5,16,10059.055654936548,referral,1,manufacturing,large,1
L-02307,2023-03-03,0.34425778714465205,0,31,5864.8429777915435,outbound,1,saas,medium,1
L-02221,2023-03-03,0.014094645461855793,2,46,12146.737239206252,referral,1,manufacturing,large,0
L-03567,2023-03-03,0.15616522353826512,6,58,2333.704290815561,organic,1,finance,small,0
L-01228,2023-03-03,0.6480939302815164,0,24,2728.865946666351,referral,1,finance,small,1
L-00535,2023-03-03,0.5856037614655798,5,23,1745.318324508144,paid_search,0,finance,small,1
L-00389,2023-03-03,0.07186216584096006,1,58,4074.6280099817827,referral,1,healthcare,medium,0
L-00057,2023-03-03,0.4748768364757039,1,52,5784.075121627235,referral,1,saas,medium,1
L-03685,2023-03-03,0.015190104682004546,1,18,7092.8432424552,referral,0,retail,medium,1
L-03700,2023-03-03,0.8236744898245643,3,8,8357.166950484543,paid_search,0,healthcare,large,1
L-03927,2023-03-03,0.8172722192782778,1,41,3386.9633591318,organic,0,retail,medium,0
L-02885,2023-03-03,0.8454578987154283,3,58,15439.656093190164,event,0,healthcare,large,0
L-01045,2023-03-03,0.9754043238262216,3,14,1502.3377789026351,event,0,healthcare,small,1
L-03037,2023-03-03,0.190095771748375,2,43,11302.792727319053,referral,0,saas,large,0
L-02248,2023-03-04,0.19577160220972467,3,20,12248.0958949185,outbound,1,retail,large,1
L-01405,2023-03-04,0.8125077690501658,2,31,2258.5023688563824,organic,1,manufacturing,small,0
L-00532,2023-03-04,0.6904955512178131,3,40,9361.38223962292,paid_search,0,saas,large,0
L-03252,2023-03-04,0.258121499649558,0,6,8337.278036656708,organic,0,saas,large,0
L-00846,2023-03-04,0.23255301520367577,2,0,9278.740241078787,referral,1,manufacturing,large,1
L-01946,2023-03-04,0.20976066061341314,4,0,5832.985074082693,organic,1,finance,medium,0
L-03602,2023-03-04,0.8972836675331015,8,26,1089.1288516624131,organic,1,finance,small,0
L-00883,2023-03-04,0.3290748704012698,4,1,4833.445174407156,event,1,finance,medium,0
L-02791,2023-03-04,0.016825939252824718,3,29,1497.2595633332737,organic,1,finance,small,0
L-01654,2023-03-04,0.31765522080520747,6,51,6326.018321227,event,0,saas,medium,0
L-03706,2023-03-04,0.9038621959760219,2,25,3602.061497249769,referral,0,retail,medium,1
L-03402,2023-03-04,0.3842080032044929,3,23,8138.008835647047,organic,1,retail,large,0
L-03807,2023-03-04,0.830346840613561,7,48,4572.569951624713,paid_search,1,healthcare,medium,1
L-02426,2023-03-05,0.18674621766978972,1,36,16292.55687101673,referral,1,healthcare,large,0
L-03350,2023-03-05,0.9132160585086049,5,16,3733.108147951346,organic,1,finance,medium,1
L-00936,2023-03-05,0.32158410286945116,7,24,6536.335882694794,outbound,0,manufacturing,medium,1
L-00749,2023-03-05,0.032936014698360494,7,35,5907.671805482039,outbound,1,finance,medium,1
L-02867,2023-03-05,0.23786403643861975,3,8,2641.5031188692587,referral,0,saas,small,1
L-03884,2023-03-06,0.4924998486780927,2,16,2501.536625824919,outbound,1,retail,small,1
L-01907,2023-03-06,0.881233215671709,1,29,13034.140713314324,outbound,1,retail,large,0
L-01694,2023-03-06,0.7519505082717429,3,5,3774.6547311505633,referral,0,healthcare,medium,1
L-01853,2023-03-06,0.39096061392830594,5,26,4639.43964949095,paid_search,1,finance,medium,1
L-00177,2023-03-06,0.8239123610507965,3,55,2921.664887274275,referral,0,manufacturing,small,0
L-03364,2023-03-06,0.8844981481045009,5,44,1169.7309464945242,event,1,manufacturing,small,1
L-02094,2023-03-06,0.21927175092309104,2,31,5328.533690941909,organic,0,retail,medium,0
L-02432,2023-03-06,0.8313621258830283,2,49,9057.887504324777,paid_search,0,finance,large,1
L-03326,2023-03-06,0.6022748553477929,6,9,5819.259922193173,referral,0,saas,medium,1
L-02932,2023-03-06,0.7875625625397042,2,6,6588.136587118546,organic,0,retail,medium,1
L-00286,2023-03-06,0.888028758227551,3,16,1468.011297828384,outbound,0,saas,small,0
L-02368,2023-03-06,0.14662314286435274,3,4,2100.6128976362925,organic,0,retail,small,1
L-03321,2023-03-06,0.6341832153951836,5,3,2983.6914621651813,organic,1,finance,small,1
L-02659,2023-03-06,0.1556751971251129,5,58,5621.5159455727735,outbound,0,finance,medium,0
L-03162,2023-03-06,0.12565330683749687,4,57,2652.2642504117307,event,1,saas,small,0
L-00082,2023-03-06,0.6800349354078914,3,38,6240.365981040626,event,1,saas,medium,1
L-01935,2023-03-07,0.26354966267699054,2,34,16176.693111704264,paid_search,1,manufacturing,large,0
L-01777,2023-03-07,0.07825900768357019,3,2,5651.4224010532125,paid_search,0,retail,medium,0
L-01486,2023-03-07,0.6763937767172867,2,57,3594.27282376154,organic,1,retail,medium,0
L-01555,2023-03-07,0.7991074484399395,3,34,1786.357121866017,organic,0,finance,small,1
L-01075,2023-03-07,0.9068072536055503,6,48,6974.63095098642,referral,0,finance,medium,1
L-03270,2023-03-07,0.9563399400734179,6,26,2156.562864422107,outbound,0,manufacturing,small,1
L-00349,2023-03-07,0.02375650645718652,4,2,2801.772093006843,event,0,retail,small,0
L-02719,2023-03-07,0.14861983627690378,6,59,7244.27579738714,outbound,0,manufacturing,medium,0
L-01940,2023-03-07,0.07304127476175892,6,14,2807.15400401362,organic,1,retail,small,0
L-00040,2023-03-08,0.2848075886498894,2,2,2525.193188929256,outbound,0,finance,small,1
L-00531,2023-03-08,0.6392126599365016,3,25,8797.508527980497,event,0,saas,large,1
L-00466,2023-03-08,0.8274408525087472,1,51,1744.4330941106118,event,1,saas,small,0
L-01636,2023-03-08,0.8221272739041068,2,55,8541.394462254673,organic,0,healthcare,large,0
L-01849,2023-03-08,0.2833058391868256,1,38,9453.98517994501,outbound,1,saas,large,0
L-00186,2023-03-08,0.8182273526272573,2,32,7156.469887463192,paid_search,1,saas,medium,0
L-01077,2023-03-08,0.6109586784166986,3,18,5819.190793067713,paid_search,1,manufacturing,medium,0
L-02296,2023-03-08,0.4448357592818618,3,29,6516.317588255805,outbound,1,retail,medium,0
L-01595,2023-03-08,0.9976754473698223,0,32,3735.1880000221436,paid_search,1,finance,medium,0
L-00167,2023-03-08,0.42597096481284924,1,37,5881.788912325771,referral,0,retail,medium,1
L-03689,2023-03-08,0.8920395160337483,5,34,7085.450884308679,event,1,manufacturing,medium,1
L-02595,2023-03-08,0.9780427404056374,4,50,6690.0951814394975,organic,0,healthcare,medium,0
L-00622,2023-03-08,0.22833623163192596,2,4,6808.696365375677,outbound,0,manufacturing,medium,0
L-03516,2023-03-09,0.1760433198932556,3,40,3592.8741053273084,referral,0,saas,medium,1
L-00684,2023-03-09,0.2853119935992138,1,14,4789.76264257382,paid_search,0,retail,medium,0
L-03561,2023-03-09,0.36384678102548307,3,25,3290.6161896931603,referral,1,manufacturing,medium,0
L-03523,2023-03-09,0.6735218510617179,1,25,7248.246485794659,outbound,1,healthcare,medium,1
L-00702,2023-03-09,0.3878640250826205,5,52,5073.479666859996,outbound,0,manufacturing,medium,0
L-02939,2023-03-09,0.18786072533752196,2,20,2953.2079007805673,paid_search,1,saas,small,0
L-03558,2023-03-09,0.6703645038290117,5,18,10099.08671045617,paid_search,0,manufacturing,large,0
L-02199,2023-03-09,0.102362251350405,1,31,6098.058623958945,organic,1,retail,medium,0
L-02327,2023-03-09,0.7414468065877132,3,51,5039.200232067699,event,0,retail,medium,1
L-03179,2023-03-09,0.5283143955682554,1,34,6733.501694903797,referral,0,retail,medium,0
L-03048,2023-03-09,0.15911774709047277,2,28,6220.342328390272,organic,0,manufacturing,medium,0
L-00703,2023-03-10,0.812296946470286,2,8,4743.331010976994,referral,1,saas,medium,1
L-00261,2023-03-10,0.9867119124481999,1,13,5010.406476339833,paid_search,1,healthcare,medium,1
L-01192,2023-03-10,0.5534313698869836,4,29,5857.797896011865,paid_search,0,finance,medium,1
L-02449,2023-03-10,0.02025876001774607,3,3,4247.722507423661,organic,1,retail,medium,1
L-02050,2023-03-10,0.9496030429007936,4,17,13307.748849307187,organic,0,healthcare,large,1
L-02804,2023-03-10,0.8147753485181917,4,39,4453.674959084072,organic,0,healthcare,medium,0
L-02102,2023-03-10,0.5597228457776922,1,12,2232.7563407339485,referral,1,saas,small,1
L-01432,2023-03-10,0.9846073766009298,6,49,5874.671483065101,organic,0,saas,medium,1
L-02533,2023-03-10,0.4814804275187985,0,42,4724.702936445735,paid_search,0,finance,medium,0
L-02930,2023-03-11,0.7577165208126542,3,7,3125.0998072885964,organic,0,manufacturing,medium,0
L-03096,2023-03-11,0.6893804536701481,1,43,13822.566859128865,event,0,manufacturing,large,0
L-03949,2023-03-11,0.6520484832048667,4,46,51227.017428485306,organic,1,healthcare,large,1
L-03288,2023-03-11,0.30713129366202885,3,22,7759.127035264653,organic,1,finance,medium,0
L-00543,2023-03-11,0.24982608780972204,1,57,9549.347564811687,outbound,1,healthcare,large,1
L-01615,2023-03-11,0.6945327912863815,3,55,1704.3200151918634,organic,1,finance,small,0
L-00410,2023-03-11,0.6818959050670735,3,51,5669.4888912553315,event,0,finance,medium,0
L-03760,2023-03-11,0.08001942552660957,5,58,4137.639198580247,referral,1,saas,medium,0
L-03256,2023-03-11,0.6020878260016921,3,35,3765.6148820705434,organic,0,saas,medium,0
L-00907,2023-03-11,0.05760105037897478,4,25,5675.297563048546,referral,1,healthcare,medium,1
L-01031,2023-03-11,0.06445743245490876,2,26,1327.360970413206,organic,1,healthcare,small,0
L-02247,2023-03-12,0.02078682447584157,4,49,8695.977941822917,paid_search,0,saas,large,0
L-02477,2023-03-12,0.23783538488179112,5,8,4311.81959375997,referral,1,healthcare,medium,0
L-02369,2023-03-12,0.4319660569810784,1,15,4383.510170973267,referral,1,saas,medium,0
L-02367,2023-03-12,0.5887707829895721,1,23,1383.367011494055,organic,1,finance,small,1
L-03791,2023-03-12,0.6907048130213005,5,16,2230.9290814117176,outbound,0,saas,small,1
L-03887,2023-03-12,0.15805029111884605,2,4,3361.044667242038,organic,0,retail,medium,1
L-03051,2023-03-12,0.42168855478359224,4,35,5445.647335538989,paid_search,0,manufacturing,medium,0
L-01404,2023-03-12,0.8779908809927044,2,11,1996.7716120122736,event,1,healthcare,small,1
L-00660,2023-03-12,0.8406961705337607,2,15,7397.0394814096035,outbound,0,finance,medium,0
L-03786,2023-03-12,0.8792258568135658,1,36,1623.995095082505,organic,1,saas,small,0
L-03195,2023-03-12,0.9742208328353165,5,45,6164.357475636969,organic,0,healthcare,medium,1
L-00760,2023-03-12,0.652787224491315,1,31,4826.441059981175,event,0,finance,medium,1
L-03087,2023-03-12,0.4163134887318003,0,42,6522.057492300686,outbound,0,healthcare,medium,0
L-00258,2023-03-12,0.05871868165014971,0,38,6827.285851943804,referral,0,saas,medium,0
L-02031,2023-03-12,0.35506007079502466,4,16,16835.931890975044,organic,1,saas,large,1
L-00229,2023-03-12,0.6537304725769206,5,43,5880.208059193672,outbound,1,healthcare,medium,0
L-02146,2023-03-12,0.031240978990649815,3,17,11840.933827222832,organic,0,finance,large,1
L-02380,2023-03-13,0.521997387045736,6,32,12201.590659329964,paid_search,0,manufacturing,large,1
L-00391,2023-03-13,0.7560752824282378,4,56,2910.7096187904876,paid_search,0,healthcare,small,0
L-03823,2023-03-13,0.1739875590696015,4,21,2511.8193263744547,event,0,retail,small,1
L-01885,2023-03-13,0.03931938303327043,5,35,8988.53529411007,paid_search,1,retail,large,0
L-01882,2023-03-13,0.712886291432101,3,27,2008.4213850193657,paid_search,1,manufacturing,small,0
L-03878,2023-03-13,0.7124966103632211,3,5,5420.617991810747,organic,1,manufacturing,medium,1
L-01173,2023-03-13,0.9845850415432811,2,54,12535.232191859264,outbound,1,healthcare,large,1
L-01701,2023-03-13,0.24406277879319038,3,9,3162.9502805629936,organic,0,retail,medium,0
L-00250,2023-03-13,0.5339056327223729,0,2,3881.2957409620203,organic,0,finance,medium,0
L-02274,2023-03-13,0.21160258145368394,4,24,4751.885891408141,referral,0,retail,medium,0
L-03667,2023-03-14,0.8918882018418166,5,12,2389.22993323536,referral,1,manufacturing,small,1
L-02482,2023-03-14,0.7904132683455726,1,22,1407.37258318674,outbound,0,saas,small,1
L-00348,2023-03-14,0.08892874305028264,4,37,6948.946533412521,outbound,1,healthcare,medium,0
L-00468,2023-03-14,0.5913626097517097,5,15,415.1806095834058,event,1,finance,small,1
L-00563,2023-03-14,0.5165745048430123,4,44,11061.911366592669,outbound,0,retail,large,0
L-01638,2023-03-14,0.804546006317947,5,49,3927.2892387878414,outbound,1,manufacturing,medium,0
L-02612,2023-03-14,0.6751707163810492,2,20,11398.93876074545,paid_search,1,healthcare,large,1
L-01105,2023-03-14,0.6760189600893783,4,52,17737.615768224012,organic,0,saas,large,0
L-03086,2023-03-14,0.7839265357511662,4,1,8335.487408174851,outbound,0,retail,large,0
L-03098,2023-03-15,0.8279241471565723,8,41,1885.0303240864623,paid_search,1,healthcare,small,1
L-00911,2023-03-15,0.14918418388634835,3,57,9667.620692370843,paid_search,1,saas,large,0
L-02925,2023-03-15,0.34135332219071046,4,50,34188.31668789054,organic,0,retail,large,1
L-01928,2023-03-15,0.13885138675082975,2,27,9423.98513348054,referral,0,saas,large,0
L-02384,2023-03-15,0.8420195363242607,2,51,5573.147554289154,paid_search,1,manufacturing,medium,0
L-00022,2023-03-15,0.01377735529405033,2,59,6100.431425037276,outbound,1,saas,medium,1
L-00634,2023-03-15,0.5209756327557735,2,0,8534.282498642844,event,0,retail,large,1
L-03934,2023-03-15,0.2675326983665324,4,32,2102.496860244175,paid_search,0,finance,small,0
L-01662,2023-03-16,0.8900146741599216,3,22,3510.5565769240848,paid_search,0,manufacturing,medium,0
L-03528,2023-03-16,0.9545678468728145,4,38,6174.224355144552,paid_search,0,saas,medium,1
L-01959,2023-03-16,0.39596730309036865,0,3,5207.6760976740325,organic,0,manufacturing,medium,1
L-02928,2023-03-16,0.7166653704645288,3,25,9187.357112580934,organic,1,manufacturing,large,0
L-03289,2023-03-16,0.6084503697937579,0,3,8582.912112987535,paid_search,0,healthcare,large,1
L-01344,2023-03-16,0.5029952532376017,3,42,6673.537388668372,referral,0,saas,medium,1
L-03358,2023-03-16,0.3637339795594162,5,31,4034.414813322796,organic,1,saas,medium,1
L-01431,2023-03-16,0.557598591125455,1,28,3694.1636559734893,referral,0,healthcare,medium,0
L-02740,2023-03-16,0.2094328365262602,5,48,4135.249591547996,outbound,1,manufacturing,medium,0
L-01797,2023-03-16,0.7783604707782167,2,0,2702.288984543026,outbound,1,healthcare,small,1
L-01890,2023-03-16,0.14245807228426977,4,30,8610.816946863817,referral,1,retail,large,1
L-02070,2023-03-17,0.39285783860116674,4,37,3606.6583643350195,outbound,1,manufacturing,medium,0
L-00071,2023-03-17,0.4482523545537438,3,32,6198.855222701716,organic,1,saas,medium,1
L-01533,2023-03-17,0.1643787259244437,5,25,5983.185110087162,referral,0,manufacturing,medium,0
L-00252,2023-03-17,0.3788679563479572,6,36,7195.87155681369,outbound,1,healthcare,medium,0
L-02809,2023-03-17,0.5790161097901778,7,1,15583.249961608937,outbound,0,retail,large,0
L-02673,2023-03-17,0.2812459668742413,3,36,30485.233250716523,organic,0,healthcare,large,0
L-02737,2023-03-17,0.04953494206687581,0,52,10388.660905737845,referral,1,healthcare,large,0
L-03255,2023-03-17,0.8758166328973778,3,51,5110.878032284777,organic,0,manufacturing,medium,0
L-03393,2023-03-17,0.46371130622128853,2,57,2947.773623585967,organic,1,finance,small,1
L-01650,2023-03-17,0.29732952610653207,1,54,4475.602973973995,referral,1,saas,medium,1
L-03775,2023-03-17,0.03755582342034114,2,46,4108.2126413618935,outbound,1,finance,medium,0
L-03044,2023-03-17,0.24578467649892344,4,59,5016.4831279701175,referral,0,finance,medium,0
L-02943,2023-03-17,0.9838205002316063,2,0,11666.958577534768,referral,1,manufacturing,large,1
L-01325,2023-03-17,0.8468742031139126,3,22,2992.5348918744016,outbound,1,healthcare,small,0
L-03294,2023-03-18,0.7624018397047164,0,25,3707.2897426012605,outbound,1,finance,medium,0
L-03193,2023-03-18,0.6749271008105595,1,42,18443.726792868623,event,1,healthcare,large,0
L-00522,2023-03-18,0.3680932709966155,4,50,4042.4120180863133,event,1,finance,medium,0
L-01522,2023-03-18,0.10965589919169827,6,1,5583.13893314531,organic,0,finance,medium,1
L-03912,2023-03-18,0.5290106000735676,3,54,9520.920568276999,outbound,0,saas,large,1
L-02391,2023-03-18,0.7602957880874366,3,58,1168.0628087625207,organic,0,finance,small,0
L-01177,2023-03-18,0.3646782903787963,2,23,6074.87433996496,referral,1,retail,medium,0
L-00887,2023-03-19,0.9413669012702468,2,37,4481.760258001245,organic,0,manufacturing,medium,1
L-01114,2023-03-19,0.45129891834330527,2,23,10339.101717965723,outbound,1,healthcare,large,1
L-02850,2023-03-19,0.2016880132804536,3,53,7268.311562469192,outbound,0,healthcare,medium,0
L-02553,2023-03-19,0.6757485115605695,3,50,2142.2856731605157,organic,1,healthcare,small,0
L-01112,2023-03-19,0.7111627981941575,2,48,3179.129971004037,paid_search,1,retail,medium,0
L-02860,2023-03-19,0.5053976545593862,4,14,8769.815961131762,organic,1,retail,large,0
L-00542,2023-03-19,0.33971705416207676,2,31,3170.2691682467203,outbound,0,finance,medium,0
L-00051,2023-03-19,0.016230456342471444,4,45,3816.094115348712,referral,1,retail,medium,0
L-02992,2023-03-19,0.7037698077660497,4,56,23221.40831450644,paid_search,0,saas,large,0
L-02219,2023-03-19,0.6845269785858117,2,10,5333.507226931203,paid_search,1,healthcare,medium,1
L-00397,2023-03-20,0.1894912771872158,2,56,8057.803135558433,outbound,0,saas,large,0
L-03692,2023-03-20,0.534418952241846,1,49,4882.044279899535,organic,1,manufacturing,medium,1
L-02889,2023-03-20,0.9997148510628928,1,18,2120.0753795498804,referral,1,retail,small,1
L-03257,2023-03-20,0.422905934358055,2,50,4665.393536016857,paid_search,1,finance,medium,0
L-03152,2023-03-20,0.4739342140923939,4,58,7071.883635858389,paid_search,1,finance,medium,1
L-03908,2023-03-20,0.29223510613201487,6,45,2719.5023560006307,organic,1,saas,small,0
L-03181,2023-03-20,0.38491244720104345,1,17,4386.492170643743,event,1,saas,medium,0
L-00992,2023-03-20,0.30954350813762743,6,38,3890.5274447599954,paid_search,1,manufacturing,medium,0
L-01769,2023-03-20,0.6306465259503202,0,50,2646.2814122468412,organic,0,manufacturing,small,0
L-02465,2023-03-20,0.15130782147521116,2,53,4977.173860644658,outbound,1,healthcare,medium,0
L-03836,2023-03-20,0.8739915892735461,1,26,8279.410187460053,organic,0,saas,large,1
L-01703,2023-03-21,0.6843058196797618,2,21,3089.2578159286013,event,0,finance,medium,1
L-01786,2023-03-21,0.9602260045229679,4,36,3058.626973759774,event,0,finance,medium,1
L-00425,2023-03-21,0.7257009707225356,1,59,10699.947844590322,event,0,retail,large,1
L-00101,2023-03-21,0.13075181337631858,1,42,6251.08049921811,referral,0,finance,medium,1
L-02744,2023-03-21,0.071587302151916,0,33,5040.223124401339,outbound,0,retail,medium,0
L-02510,2023-03-21,0.5889872905686162,2,12,2469.111558880859,organic,1,saas,small,0
L-03039,2023-03-21,0.7629902693330352,0,59,3375.6378867567914,paid_search,0,manufacturing,medium,1
L-03964,2023-03-21,0.6943830137535508,3,57,4485.3847816084335,referral,0,healthcare,medium,0
L-02093,2023-03-21,0.18645529319457765,4,16,7533.310481058341,organic,0,healthcare,medium,0
L-03023,2023-03-21,0.6295165714034375,5,24,5692.821305649192,outbound,0,manufacturing,medium,0
L-02812,2023-03-21,0.507708843533124,3,43,11719.535247717331,event,0,manufacturing,large,1
L-02814,2023-03-21,0.4280281815816862,1,15,19529.975627314863,outbound,0,saas,large,0
L-00837,2023-03-21,0.2704700793824789,2,45,6497.6660813994795,paid_search,1,manufacturing,medium,0
L-00008,2023-03-22,0.15269013384142072,5,36,11422.909735845056,referral,1,finance,large,0
L-01084,2023-03-22,0.7609529795170038,5,45,12289.614654484107,paid_search,1,saas,large,0
L-02348,2023-03-22,0.5195860575716703,6,3,4743.728723773237,outbound,0,manufacturing,medium,0
L-00871,2023-03-22,0.4577351866500773,6,52,2018.679442406946,organic,1,retail,small,0
L-02899,2023-03-22,0.7923956468500528,3,22,8400.723476040093,event,1,finance,large,1
L-00663,2023-03-22,0.24598101819062024,3,26,7400.7778889014535,organic,1,manufacturing,medium,0
L-03503,2023-03-22,0.6260488772454097,0,59,4061.3049397108193,paid_search,1,saas,medium,1
L-03893,2023-03-22,0.8473506224191868,4,55,4803.0135955470205,referral,1,manufacturing,medium,1
L-01795,2023-03-22,0.6530900663041828,0,13,20868.98570464127,organic,1,finance,large,1
L-00223,2023-03-22,0.19004521595959667,3,17,1425.4879432550183,organic,0,finance,small,0
L-03287,2023-03-22,0.5548254003765684,1,33,11634.09585487189,organic,1,finance,large,0
L-00652,2023-03-22,0.8139156837095703,3,51,3377.2707103799708,paid_search,1,saas,medium,1
L-01363,2023-03-22,0.5964324678908418,1,14,10465.976120462788,paid_search,0,finance,large,0
L-02642,2023-03-23,0.4737677518315727,7,33,3094.0292407908923,paid_search,1,retail,medium,0
L-01739,2023-03-23,0.44121550461138104,2,46,3101.7803313507666,outbound,0,retail,medium,0
L-00338,2023-03-23,0.5677455990937528,5,31,3292.1058223502196,outbound,0,healthcare,medium,0
L-03735,2023-03-23,0.9522967977656314,2,15,9367.765027142714,referral,1,saas,large,1
L-02772,2023-03-23,0.00440092190355057,3,44,12471.04865516067,event,0,finance,large,0
L-02115,2023-03-23,0.2678756020772608,5,20,9945.441027382218,event,1,finance,large,0
L-03831,2023-03-23,0.2983739906651327,3,25,7248.167965393607,outbound,1,saas,medium,0
L-02764,2023-03-23,0.4384070905301488,2,12,4454.381817516375,referral,1,healthcare,medium,1
L-02473,2023-03-24,0.04049895193336772,3,14,5423.86756237425,event,0,healthcare,medium,0
L-02495,2023-03-24,0.3575982102230758,3,17,6453.673518851653,paid_search,0,saas,medium,1
L-01871,2023-03-24,0.20368934908017988,4,48,8652.579505349438,referral,0,healthcare,large,0
L-03582,2023-03-24,0.3243399932036394,6,56,4806.739063222349,outbound,1,saas,medium,0
L-01473,2023-03-24,0.40950233686438875,6,33,2044.463768245729,outbound,0,saas,small,1
L-02869,2023-03-24,0.6353342430475842,2,40,3519.5690567824618,outbound,1,retail,medium,0
L-03078,2023-03-24,0.3499992327079726,5,39,9567.794648916566,organic,1,healthcare,large,1
L-03432,2023-03-24,0.6580323103841129,1,56,2850.3070038528376,outbound,0,saas,small,0
L-01071,2023-03-25,0.964013702359797,2,13,11703.063648148951,event,1,finance,large,1
L-03241,2023-03-25,0.29327349340844455,2,27,3592.6347881318657,referral,0,healthcare,medium,0
L-03240,2023-03-25,0.13870760315880926,4,4,10870.03581551328,event,1,manufacturing,large,0
L-02522,2023-03-25,0.773379288138484,3,3,3214.0699475855395,outbound,0,finance,medium,1
L-02359,2023-03-25,0.741690365045119,3,47,7174.4347720316955,organic,1,finance,medium,0
L-00734,2023-03-25,0.2720451891776694,5,58,3949.6295285321535,paid_search,0,healthcare,medium,0
L-01939,2023-03-25,0.09321821266746044,3,20,3230.768883844118,paid_search,0,manufacturing,medium,1
L-02276,2023-03-25,0.40474840218857966,2,58,4231.902917546494,paid_search,0,finance,medium,0
L-02443,2023-03-26,0.911987647571481,3,16,6086.77778303198,paid_search,1,saas,medium,1
L-01744,2023-03-26,0.0901369820382667,1,0,1057.7274469076692,referral,1,manufacturing,small,1
L-01709,2023-03-26,0.7341950682182453,2,29,13966.198990634237,organic,0,saas,large,1
L-03525,2023-03-26,0.9152457760303804,2,52,3479.953736470461,referral,1,healthcare,medium,0
L-01988,2023-03-26,0.9904421789253223,6,24,8063.27288180033,paid_search,1,manufacturing,large,1
L-03327,2023-03-26,0.9212305027183688,7,8,16816.960885796532,organic,1,saas,large,1
L-01987,2023-03-26,0.46675292591894,6,1,7896.940463376427,paid_search,1,healthcare,medium,0
L-03296,2023-03-26,0.991398048885621,3,47,13873.423645088596,paid_search,1,finance,large,1
L-03231,2023-03-27,0.915438350527215,0,15,2938.3420394385685,outbound,0,retail,small,0
L-00141,2023-03-27,0.43434924822529575,2,11,10111.165169069774,event,0,healthcare,large,0
L-02664,2023-03-27,0.5792541958945455,3,46,2088.204261314471,referral,1,saas,small,0
L-02601,2023-03-27,0.9230146590477525,5,23,2565.6714347427123,outbound,0,saas,small,0
L-02469,2023-03-27,0.2354751704017547,5,57,5737.527636523011,organic,0,manufacturing,medium,0
L-02733,2023-03-27,0.23667590148701834,4,50,4429.671320853293,referral,1,healthcare,medium,1
L-01394,2023-03-28,0.7404453547781268,3,14,13356.435728041492,organic,0,healthcare,large,1
L-03959,2023-03-28,0.30886275491526094,3,40,16777.75689360934,referral,1,retail,large,1
L-01581,2023-03-28,0.792023242829773,3,48,10078.70836410571,outbound,1,healthcare,large,1
L-03178,2023-03-28,0.5042103016788663,3,12,4241.461678337818,organic,0,finance,medium,0
L-02552,2023-03-28,0.0016308476298648733,2,56,3361.987555532606,organic,0,finance,medium,0
L-02838,2023-03-28,0.12297077263205258,1,37,7598.586557356967,paid_search,1,saas,medium,0
L-03585,2023-03-28,0.9505883840490933,3,13,5104.577292111093,event,0,healthcare,medium,1
L-02461,2023-03-28,0.4147542241619748,1,43,7237.366053075572,paid_search,1,finance,medium,0
L-03475,2023-03-28,0.12829142437711005,0,0,929.2534528486158,outbound,1,finance,small,1
L-03682,2023-03-28,0.1733087598959161,3,45,3914.7382597169612,paid_search,0,saas,medium,0
L-03669,2023-03-28,0.8322834849108091,1,44,6655.689165725247,referral,0,saas,medium,1
L-03017,2023-03-28,0.48670993414349495,5,9,7389.76347840353,organic,0,retail,medium,0
L-01354,2023-03-29,0.49549134126868233,2,44,5640.511763469232,organic,1,healthcare,medium,0
L-00963,2023-03-29,0.5921787435056695,1,23,5910.344759076718,event,0,retail,medium,1
L-00902,2023-03-29,0.14922772844025645,7,38,8124.849275019916,referral,1,saas,large,0
L-03951,2023-03-29,0.4557407307994942,4,11,6197.836749678916,paid_search,1,saas,medium,0
L-02873,2023-03-29,0.5844710947114898,2,20,7341.570856813379,outbound,0,saas,medium,0
L-02193,2023-03-29,0.8358850175531424,1,49,7612.855706421695,organic,1,retail,medium,1
L-02357,2023-03-29,0.31388665631323565,1,40,459.501008593853,organic,1,manufacturing,small,0
L-02298,2023-03-30,0.5330406047863557,5,7,6193.20082394563,event,0,saas,medium,1
L-02393,2023-03-30,0.6533951995074075,2,30,1781.7812861041937,outbound,1,saas,small,0
L-01838,2023-03-30,0.7950274072961548,3,41,3854.240353300669,organic,1,manufacturing,medium,0
L-01256,2023-03-30,0.10143505085442095,4,57,3374.6498487200124,paid_search,0,healthcare,medium,0
L-02702,2023-03-30,0.3423150062476059,2,27,2505.4993746677396,outbound,0,manufacturing,small,0
L-03443,2023-03-30,0.7387594198812473,3,32,5637.014533452185,organic,0,retail,medium,1
L-03412,2023-03-30,0.33119940680621107,2,47,4041.094432928031,outbound,0,saas,medium,0
L-03621,2023-03-30,0.311771458777917,3,25,7396.2443571105605,outbound,1,finance,medium,1
L-03868,2023-03-30,0.12829732292427787,3,11,3992.066298882694,referral,0,finance,medium,0
L-03740,2023-03-31,0.7195749946958622,2,25,3068.6844521389708,paid_search,1,saas,medium,1
L-03849,2023-03-31,0.7853375514877494,3,48,4936.4080437148805,referral,0,manufacturing,medium,0
L-03470,2023-03-31,0.6325712197859872,3,34,10285.506049861513,paid_search,1,saas,large,1
L-02240,2023-03-31,0.7830128354568426,4,18,5371.3891376226875,event,0,retail,medium,1
L-00362,2023-03-31,0.47764876957297075,3,14,7948.832482958947,paid_search,1,saas,medium,0
L-03028,2023-03-31,0.5920028874488703,0,48,3450.0920929950025,paid_search,1,finance,medium,0
L-02746,2023-03-31,0.4431779872452878,4,45,6929.044271652331,referral,0,retail,medium,0
L-03881,2023-03-31,0.22349862107410756,3,7,9056.244854182267,outbound,0,healthcare,large,0
L-03180,2023-03-31,0.6578917814059948,3,58,2625.0788675359945,referral,1,saas,small,1
L-03713,2023-03-31,0.6860475046475483,2,14,3913.622968367781,paid_search,1,saas,medium,1
L-03313,2023-03-31,0.6382067385793626,3,55,23580.516577922317,organic,0,finance,large,0
L-03196,2023-04-01,0.44305199935834705,4,23,2366.979481404239,referral,0,manufacturing,small,0
L-02913,2023-04-01,0.9411736093251855,8,10,10750.660387998349,event,0,finance,large,1
L-00077,2023-04-01,0.1864832947558639,0,50,3998.988705064176,paid_search,0,healthcare,medium,0
L-00975,2023-04-01,0.8195279718843422,2,46,7113.804637687251,paid_search,1,healthcare,medium,1
L-02314,2023-04-01,0.003061104864092945,3,55,2918.550140969013,organic,1,retail,small,1
L-03151,2023-04-01,0.08796374852438626,1,55,8975.746949633267,organic,1,healthcare,large,0
L-00031,2023-04-01,0.515133376846189,2,36,3614.492513129395,outbound,1,healthcare,medium,0
L-02935,2023-04-02,0.1537352794888419,4,0,3953.2315086665494,organic,0,finance,medium,1
L-00411,2023-04-02,0.9745904132511058,2,17,3883.263775534272,organic,0,retail,medium,1
L-00566,2023-04-02,0.04125303250656254,1,35,4469.4680504552425,organic,1,saas,medium,0
L-02967,2023-04-02,0.31825055461840324,3,31,2395.6084934495775,outbound,0,retail,small,0
L-03335,2023-04-02,0.7756033922266312,7,42,8003.725893240737,outbound,1,manufacturing,large,0
L-01502,2023-04-02,0.0006423036998737253,2,39,2205.3386760470457,organic,1,finance,small,0
L-03781,2023-04-02,0.994348566947032,0,10,9276.744757090148,outbound,1,saas,large,1
L-01511,2023-04-02,0.7072671941953408,5,40,6427.247949070616,referral,0,manufacturing,medium,1
L-03810,2023-04-02,0.51376045095169,6,52,9368.33798655745,outbound,0,manufacturing,large,0
L-03483,2023-04-03,0.3661563678024199,5,0,2687.5748169749713,organic,0,saas,small,0
L-01655,2023-04-03,0.08293622286817304,2,0,6330.330391119127,referral,1,retail,medium,1
L-03701,2023-04-03,0.09721263778493949,3,48,13824.121646632862,outbound,0,saas,large,0
L-01478,2023-04-03,0.9321102598153617,2,7,6871.320672019669,referral,1,saas,medium,1
L-00325,2023-04-03,0.9860297430766236,1,54,7183.019404691274,paid_search,0,finance,medium,0
L-03088,2023-04-03,0.9373603215787846,4,38,2519.3564567656126,organic,0,saas,small,0
L-01544,2023-04-03,0.33002434324866603,5,42,13294.1881904866,outbound,1,retail,large,0
L-00485,2023-04-04,0.3833427934105079,3,18,10045.023790724415,organic,1,saas,large,1
L-00625,2023-04-04,0.42249508391815216,0,51,9409.283481395332,outbound,0,saas,large,1
L-03910,2023-04-04,0.9611723908966826,6,34,7046.877703786353,organic,0,finance,medium,1
L-02174,2023-04-04,0.7890532796071466,1,35,10393.490292387489,outbound,0,healthcare,large,1
L-02208,2023-04-04,0.4488063837722176,5,14,5866.810505565492,referral,1,finance,medium,0
L-01111,2023-04-04,0.25518651229354217,2,23,1802.3081058792097,outbound,1,saas,small,1
L-01816,2023-04-04,0.42781380936294167,1,8,4809.409734983045,outbound,0,healthcare,medium,1
L-01290,2023-04-04,0.3527448718582934,3,40,4512.49729573866,referral,0,finance,medium,0
L-01287,2023-04-04,0.42105491299571207,6,21,5530.9277740708085,organic,1,healthcare,medium,1
L-00147,2023-04-04,0.9942691791632828,3,16,1977.1524535118208,outbound,0,manufacturing,small,1
L-01876,2023-04-04,0.001929707873339459,1,57,6986.318668613479,event,0,saas,medium,0
L-03434,2023-04-05,0.7316727834677892,3,5,7217.891446644763,event,1,finance,medium,1
L-01385,2023-04-05,0.68524743210572,3,20,1954.790196151831,organic,1,finance,small,1
L-03254,2023-04-05,0.75172632477355,2,56,9165.032854508643,referral,1,retail,large,1
L-00636,2023-04-05,0.46440162631719195,0,22,4651.387224877514,outbound,1,retail,medium,0
L-03109,2023-04-05,0.8366812189776666,4,42,1923.1274886179242,paid_search,1,healthcare,small,1
L-03627,2023-04-05,0.7687300324015754,2,46,10748.16811480238,organic,0,retail,large,1
L-00326,2023-04-05,0.20895960748461406,4,57,2891.8459511738342,referral,1,finance,small,0
L-00565,2023-04-05,0.39606525127848724,1,9,6336.303398865714,paid_search,1,saas,medium,1
L-00509,2023-04-05,0.6423174116715351,0,4,2351.617651305513,referral,1,healthcare,small,1
L-02292,2023-04-05,0.07492169625946876,1,41,4838.996691901584,outbound,0,healthcare,medium,0
L-02881,2023-04-05,0.5968373345504464,3,25,16916.005689723508,organic,1,finance,large,0
L-03209,2023-04-05,0.07318069058095955,6,53,11676.6056920899,organic,0,manufacturing,large,0
L-01608,2023-04-05,0.19895671159319506,1,14,1361.159082965425,referral,0,healthcare,small,1
L-00718,2023-04-05,0.012140900922043563,1,40,8869.299539404004,paid_search,1,retail,large,0
L-01307,2023-04-06,0.02550156396019787,4,49,11738.41082150776,paid_search,1,manufacturing,large,0
L-00188,2023-04-06,0.2634493143569058,7,13,16621.76779596213,paid_search,0,finance,large,0
L-02640,2023-04-06,0.20066662541291747,0,14,31925.274197010378,paid_search,0,retail,large,1
L-01046,2023-04-06,0.4609808247014706,2,38,5697.210023700274,paid_search,1,healthcare,medium,0
L-01264,2023-04-06,0.3386956334207504,6,38,1178.5351285414,outbound,1,retail,small,0
L-00853,2023-04-06,0.3208368959398171,7,58,4623.66918812293,paid_search,0,saas,medium,1
L-03371,2023-04-06,0.9970263616391729,1,9,5559.270108062352,outbound,0,finance,medium,1
L-00592,2023-04-06,0.6525672517670819,2,18,8707.928798030356,event,0,saas,large,1
L-00096,2023-04-06,0.03897937753732039,3,19,2143.488292870966,organic,0,manufacturing,small,1
L-03292,2023-04-06,0.8626641257530911,3,0,2822.5045980264413,referral,0,finance,small,1
L-02966,2023-04-07,0.37044959119794796,3,57,17120.064765110248,referral,1,healthcare,large,1
L-02666,2023-04-07,0.8108987523339602,2,27,7924.273503626554,outbound,0,saas,medium,0
L-01505,2023-04-07,0.5671093654887923,2,27,4424.150318312309,referral,0,finance,medium,0
L-00831,2023-04-07,0.4512152941572657,4,3,2394.195936508172,outbound,1,retail,small,1
L-01401,2023-04-07,0.8344227521511565,4,39,2496.6418972727024,outbound,0,manufacturing,small,1
L-02181,2023-04-07,0.12738612172475006,2,31,12487.771823730965,outbound,0,healthcare,large,0
L-03093,2023-04-07,0.36435707133517936,2,35,6497.315827983056,organic,1,retail,medium,0
L-03072,2023-04-07,0.45275087427085714,2,8,2527.6816573207934,referral,1,finance,small,1
L-01541,2023-04-07,0.5440980914823108,3,14,1754.3372629968198,organic,1,finance,small,1
L-03967,2023-04-07,0.28647718139397993,3,53,3276.6134702942045,organic,0,finance,medium,0
L-03083,2023-04-07,0.05157954440447299,5,39,19438.00104263276,organic,0,retail,large,1
L-03744,2023-04-07,0.6800608554300946,1,57,5205.07992032286,outbound,0,healthcare,medium,0
L-01250,2023-04-07,0.9713590240855083,1,22,2387.563693457392,outbound,1,finance,small,1
L-00383,2023-04-07,0.008617257133752054,7,47,9137.405405619389,referral,1,finance,large,1
L-01708,2023-04-08,0.4390351122280969,4,18,8063.606177311582,referral,0,finance,large,0
L-01123,2023-04-08,0.45417901170226926,3,16,7075.977494121364,outbound,0,manufacturing,medium,0
L-03274,2023-04-08,0.3818754121688235,5,57,5193.669468530924,organic,1,healthcare,medium,0
L-00856,2023-04-08,0.6608681959247994,4,11,20052.238917016984,outbound,0,finance,large,1
L-01905,2023-04-08,0.6684942903243505,2,37,3706.8816582306167,outbound,0,manufacturing,medium,0
L-02486,2023-04-08,0.7758308035152388,3,52,5544.426708862463,referral,0,retail,medium,0
L-01106,2023-04-08,0.331474323659124,2,41,2502.3715656151935,outbound,1,retail,small,0
L-02686,2023-04-08,0.2855089916904162,4,50,5021.313476468451,outbound,1,finance,medium,1
L-00314,2023-04-08,0.3521204739255337,1,50,6160.0201006132975,referral,0,finance,medium,0
L-02161,2023-04-08,0.28023010879713783,3,28,24086.66254442558,outbound,0,retail,large,0
L-02252,2023-04-08,0.18675475571140332,4,29,4490.219482511426,organic,0,manufacturing,medium,1
L-01810,2023-04-08,0.5677561168411912,3,1,5407.932591421021,paid_search,1,manufacturing,medium,1
L-01785,2023-04-08,0.9278582254629885,4,56,12983.485228370419,referral,0,healthcare,large,1
L-03277,2023-04-09,0.7196840017403067,6,11,9954.5967053914,organic,1,manufacturing,large,1
L-03385,2023-04-09,0.7791037387343669,4,20,1342.487032000293,outbound,0,manufacturing,small,0
L-01012,2023-04-09,0.762073021030176,2,0,5250.84812340402,organic,1,saas,medium,1
L-00118,2023-04-09,0.10824944147485704,2,2,4851.063831293051,outbound,0,saas,medium,1
L-03569,2023-04-09,0.8792382188999776,2,54,1780.6231811404925,event,0,saas,small,0
L-03877,2023-04-09,0.17640227485441495,4,59,2998.5624176011256,outbound,0,manufacturing,small,0
L-00988,2023-04-09,0.16033812494286803,3,40,5984.139267313911,event,1,healthcare,medium,0
L-02099,2023-04-09,0.9051927562134626,4,24,10795.010520811791,event,1,saas,large,0
L-01453,2023-04-09,0.03509076592280813,4,31,4763.408419253361,paid_search,1,manufacturing,medium,1
L-01514,2023-04-09,0.9189097228100899,3,13,2149.9055197377907,outbound,1,retail,small,1
L-00830,2023-04-09,0.22195403956094906,3,44,6585.546864037479,outbound,1,retail,medium,0
L-03481,2023-04-09,0.00031441964408696066,5,26,2717.1619787555674,organic,1,retail,small,0
L-02750,2023-04-09,0.1966728262882963,2,57,4572.741638806713,event,0,manufacturing,medium,0
L-01891,2023-04-09,0.6633152793727001,2,7,4080.147331038695,organic,1,retail,medium,0
L-03332,2023-04-10,0.24675613927720963,1,15,32218.4621029534,outbound,1,saas,large,0
L-03060,2023-04-10,0.16861876183156788,1,58,1491.322456813831,paid_search,1,manufacturing,small,0
L-03862,2023-04-10,0.6460117239708396,2,22,17179.462188838374,referral,0,retail,large,1
L-00507,2023-04-10,0.9370627248797014,0,25,2443.2343250201184,paid_search,1,manufacturing,small,1
L-00616,2023-04-10,0.19748205186327816,9,2,3799.399875531205,event,1,manufacturing,medium,1
L-02236,2023-04-10,0.38430665910395756,3,37,6716.044680966916,event,1,healthcare,medium,1
L-00924,2023-04-10,0.05999083458534826,3,12,1519.7775360958847,paid_search,1,healthcare,small,0
L-03702,2023-04-10,0.06328363340203702,0,33,3485.5549632097977,paid_search,0,manufacturing,medium,0
L-01562,2023-04-10,0.9045063504194472,6,39,2001.4041069403675,paid_search,0,manufacturing,small,1
L-03430,2023-04-10,0.35730898287717483,1,48,35021.534884323126,outbound,1,manufacturing,large,0
L-01903,2023-04-10,0.5303450176108518,3,11,9375.159383885539,organic,0,manufacturing,large,0
L-03594,2023-04-10,0.5698398882320085,5,15,11304.371005951742,organic,0,saas,large,1
L-00567,2023-04-10,0.09995185577451304,4,43,5628.776012430359,organic,0,retail,medium,0
L-01817,2023-04-11,0.2798259183947872,2,28,5654.974707042907,organic,0,healthcare,medium,0
L-01412,2023-04-11,0.5111729625007231,5,1,8253.145323464825,event,1,retail,large,1
L-02398,2023-04-11,0.15701132415179186,2,6,11279.615361609422,outbound,1,healthcare,large,1
L-00482,2023-04-11,0.10575013746151407,1,36,1412.3379353241482,outbound,0,manufacturing,small,0
L-03717,2023-04-11,0.9967566731443,2,20,12199.988853410745,paid_search,1,retail,large,0
L-01851,2023-04-12,0.27769793046320923,2,3,4738.483424542485,organic,0,healthcare,medium,0
L-00695,2023-04-12,0.16586602972334286,1,38,4754.241884190143,outbound,0,finance,medium,0
L-01561,2023-04-12,0.5039329644302343,4,37,3591.1052534693326,referral,0,saas,medium,1
L-01306,2023-04-12,0.06188547702557645,2,56,6455.416395712421,outbound,1,manufacturing,medium,0
L-01941,2023-04-12,0.18565769561737033,1,4,7572.684905608841,outbound,1,saas,medium,0
L-03305,2023-04-12,0.63222953708832,4,49,9812.456632852121,outbound,0,finance,large,0
L-03221,2023-04-12,0.5608615729363878,4,31,3213.849600223066,organic,1,finance,medium,1
L-01659,2023-04-12,0.057290746722285846,1,12,6028.520017961986,referral,0,healthcare,medium,0
L-03390,2023-04-12,0.5618778348930105,1,17,4834.245264685142,outbound,0,manufacturing,medium,0
L-00918,2023-04-12,0.03447099283276278,2,39,5110.845441248869,outbound,0,healthcare,medium,0
L-02607,2023-04-13,0.2177983352203149,1,2,7960.665559773309,organic,0,saas,medium,1
L-03318,2023-04-13,0.40688595991485366,1,54,6820.849745676498,paid_search,1,healthcare,medium,0
L-00932,2023-04-13,0.5631355435851098,3,11,5199.481953066184,outbound,0,retail,medium,0
L-02125,2023-04-13,0.15256560468381297,5,55,1960.1304592124002,organic,0,manufacturing,small,0
L-00345,2023-04-13,0.06639827904327456,2,25,2349.2443795824647,referral,0,manufacturing,small,0
L-01424,2023-04-13,0.1541908821896315,2,17,4535.73411550701,organic,0,manufacturing,medium,0
L-02345,2023-04-13,0.9496353881767499,3,10,26583.44087228811,event,0,finance,large,1
L-03792,2023-04-13,0.13245139814420437,3,58,2954.349662431671,organic,1,finance,small,0
L-02187,2023-04-14,0.13391564365355846,4,28,3811.216787818078,outbound,1,manufacturing,medium,0
L-02420,2023-04-14,0.30495551374919483,2,9,4111.709360618631,event,0,retail,medium,0
L-01803,2023-04-14,0.17820685648046553,1,9,10679.205132630981,event,1,healthcare,large,0
L-03973,2023-04-14,0.9954090615445003,3,54,4070.0819001220766,outbound,0,finance,medium,1
L-01178,2023-04-14,0.004363621514715366,6,13,5488.719578660207,paid_search,0,retail,medium,0
L-03467,2023-04-14,0.141393428077766,7,16,7832.277660575053,referral,0,finance,medium,1
L-02078,2023-04-14,0.15624123976064241,1,52,2236.485863121817,organic,1,saas,small,0
L-03565,2023-04-15,0.24711928836901997,2,30,11004.28739562348,paid_search,0,healthcare,large,0
L-00210,2023-04-15,0.9997653369143439,2,3,3210.3815660461196,event,0,healthcare,medium,0
L-02417,2023-04-15,0.013972719418462565,2,15,12729.450068674647,referral,1,finance,large,0
L-02894,2023-04-15,0.6919933663865142,4,57,4792.220743797765,outbound,1,manufacturing,medium,0
L-00379,2023-04-15,0.6938593342090014,1,7,1305.3304331512666,paid_search,0,healthcare,small,1
L-01501,2023-04-15,0.5705091529455913,4,1,5573.9979395247965,referral,0,healthcare,medium,0
L-01620,2023-04-16,0.6218113844531371,1,20,30900.49082156189,outbound,0,retail,large,1
L-03215,2023-04-16,0.4487315194162592,2,32,3699.4762602113215,event,0,healthcare,medium,0
L-01296,2023-04-16,0.7562942217034505,3,8,4618.996757021712,organic,0,healthcare,medium,1
L-03514,2023-04-16,0.11016059605332329,6,30,3680.1183127240147,outbound,0,saas,medium,0
L-01458,2023-04-16,0.020442983142750837,1,13,2270.933907469118,organic,1,retail,small,0
L-02491,2023-04-16,0.8504311844863662,3,30,12871.850937755991,outbound,1,finance,large,1
L-00208,2023-04-16,0.15629132196097506,4,10,3738.051926496273,outbound,0,retail,medium,0
L-01881,2023-04-16,0.9145992443717617,2,51,23299.163562751924,organic,1,retail,large,1
L-03719,2023-04-16,0.1003293178450484,2,36,3697.3934490069887,event,0,finance,medium,1
L-03199,2023-04-16,0.5428742880953146,2,37,3915.424218883359,paid_search,1,finance,medium,0
L-01428,2023-04-17,0.9242897594096086,2,4,5072.443063964688,outbound,0,retail,medium,1
L-00291,2023-04-17,0.7081844867591174,3,2,1622.0395133721183,referral,0,manufacturing,small,1
L-00617,2023-04-17,0.8608861685209939,3,25,1847.9940708778208,paid_search,1,manufacturing,small,0
L-00205,2023-04-17,0.587634974653043,6,39,4779.167454390726,outbound,1,healthcare,medium,1
L-01260,2023-04-17,0.07931689918144824,3,18,1338.0975969530666,paid_search,1,finance,small,0
L-03301,2023-04-17,0.6133592364083679,0,16,1377.060994925658,paid_search,1,manufacturing,small,0
L-02300,2023-04-17,0.47178572016302656,3,34,12246.332585840299,outbound,0,healthcare,large,0
L-01700,2023-04-17,0.8833452707029679,1,27,3639.958351355981,organic,0,saas,medium,1
L-01122,2023-04-18,0.3312510603113281,4,50,1512.1127094075232,organic,0,healthcare,small,0
L-03753,2023-04-18,0.7528858036578309,1,45,5147.620936618593,referral,1,saas,medium,0
L-03167,2023-04-18,0.7462818127353477,2,33,18889.716979931312,organic,0,saas,large,0
L-01672,2023-04-18,0.29625473537930547,3,1,3816.1457147755077,paid_search,1,retail,medium,0
L-01010,2023-04-18,0.29293590650383716,4,33,20531.13822068301,outbound,1,retail,large,0
L-02332,2023-04-18,0.06762000762929499,6,0,9767.64691488881,event,0,retail,large,0
L-00508,2023-04-18,0.5324153197128694,9,21,5825.555332002299,event,1,finance,medium,1
L-02576,2023-04-19,0.821374136327675,4,46,6265.724641940529,paid_search,0,saas,medium,0
L-02429,2023-04-19,0.02983210801298508,4,6,1704.2233493615413,referral,1,retail,small,0
L-00215,2023-04-19,0.0877593827715506,5,17,3303.097962769312,organic,0,saas,medium,0
L-02657,2023-04-19,0.10736584968653018,5,16,6658.189431996617,event,1,retail,medium,1
L-00743,2023-04-19,0.7648120006111286,3,37,11259.322457395028,paid_search,1,healthcare,large,1
L-00778,2023-04-19,0.2597422520866369,5,16,6898.17589725854,outbound,1,healthcare,medium,0
L-00889,2023-04-19,0.1268587479617168,5,56,7303.07411169779,organic,1,saas,medium,0
L-02237,2023-04-19,0.8681548265290678,4,41,5127.984297854307,organic,1,finance,medium,1
L-01639,2023-04-20,0.5343784432636106,1,41,2209.5985712430897,outbound,1,saas,small,0
L-00504,2023-04-20,0.2771981402105398,1,4,1703.5667698610062,referral,0,retail,small,1
L-03099,2023-04-20,0.861825099441743,2,41,9593.415661783825,organic,0,finance,large,0
L-01321,2023-04-20,0.434035615756316,5,0,4394.271618830551,referral,1,finance,medium,0
L-03031,2023-04-20,0.8516418262967486,2,19,3308.289345723031,organic,1,finance,medium,1
L-01490,2023-04-20,0.5882685546050872,2,11,18400.077718732773,organic,0,retail,large,1
L-03059,2023-04-20,0.05548598652431469,0,57,2743.3670686159426,paid_search,1,retail,small,0
L-03303,2023-04-20,0.33544592594926104,1,14,4894.274401152938,organic,0,retail,medium,1
L-00038,2023-04-21,0.6013727628113479,3,13,2994.2093436218784,referral,1,manufacturing,small,1
L-00142,2023-04-21,0.7668755681071976,4,7,2980.676036538518,organic,1,finance,small,0
L-03306,2023-04-21,0.9986954925203827,3,6,4745.090253273185,paid_search,1,saas,medium,0
L-03795,2023-04-21,0.6254640887729238,1,58,14555.736299980701,outbound,0,manufacturing,large,0
L-00110,2023-04-21,0.5191672349143215,4,14,3455.201848234432,organic,1,retail,medium,1
L-03082,2023-04-21,0.4167010235680072,4,28,9000.003005647084,outbound,1,finance,large,1
L-00280,2023-04-21,0.42022247903243815,1,55,5252.1163479011,event,1,retail,medium,0
L-02105,2023-04-21,0.0954834119592175,3,16,7591.111221141119,outbound,0,saas,medium,0
L-03211,2023-04-21,0.24510028233503256,1,16,2382.645516536453,referral,0,saas,small,1
L-02954,2023-04-21,0.2277871909612047,1,33,5152.520990295235,organic,0,retail,medium,0
L-02848,2023-04-22,0.13660440277965535,2,39,3575.4852973609604,paid_search,1,healthcare,medium,1
L-00949,2023-04-22,0.8752944836508485,0,32,9606.238135794198,paid_search,0,finance,large,1
L-01191,2023-04-22,0.026855776926427932,4,4,6424.27694047402,outbound,0,healthcare,medium,0
L-00412,2023-04-22,0.4169125367187445,2,37,5463.021479302207,referral,1,healthcare,medium,0
L-02044,2023-04-22,0.48055989079891825,6,18,3590.7698691907403,outbound,0,saas,medium,0
L-01793,2023-04-22,0.1535216809311989,6,55,8714.780416401034,referral,1,finance,large,0
L-02310,2023-04-23,0.5203551859654679,7,54,2983.7592444212614,referral,0,manufacturing,small,0
L-01916,2023-04-23,0.5187017282946167,2,18,2799.6121908973596,event,0,healthcare,small,0
L-02110,2023-04-23,0.3216223382192459,5,42,4859.12256049497,paid_search,1,manufacturing,medium,1
L-02108,2023-04-23,0.9153265276899616,3,23,6076.966140616284,referral,1,healthcare,medium,0
L-01998,2023-04-23,0.339662463804297,2,2,1935.8025123448208,paid_search,0,retail,small,0
L-01550,2023-04-23,0.8636820394218702,1,43,3602.638799401189,referral,0,saas,medium,1
L-01999,2023-04-23,0.18035372163448304,2,41,5185.215786666963,paid_search,0,finance,medium,1
L-00151,2023-04-23,0.03417941092826016,6,13,23886.937183990274,paid_search,0,saas,large,1
L-00313,2023-04-23,0.18070619576680946,3,24,8612.98733029493,event,0,finance,large,1
L-01027,2023-04-23,0.859680301241987,4,25,1545.980056067095,organic,1,saas,small,1
L-00398,2023-04-23,0.12392589275351495,3,22,2707.331550783424,organic,0,manufacturing,small,0
L-00572,2023-04-23,0.7510087528825579,4,43,14133.33904484488,paid_search,1,retail,large,1
L-02705,2023-04-24,0.29693873781772273,3,50,10525.807939637914,outbound,1,healthcare,large,0
L-03598,2023-04-24,0.5744676592713583,4,14,3668.450482432036,event,0,finance,medium,0
L-01409,2023-04-24,0.10081137780178007,1,28,4389.030759214196,referral,1,manufacturing,medium,0
L-01381,2023-04-24,0.8662757734159724,3,55,3923.672707654947,outbound,1,manufacturing,medium,0
L-02786,2023-04-24,0.31889851884048703,2,12,9637.642175231595,organic,0,retail,large,0
L-03419,2023-04-24,0.3534069764530914,2,20,18035.538180893614,paid_search,0,finance,large,1
L-02870,2023-04-24,0.43341975550850664,3,17,12016.919861727945,organic,1,finance,large,0
L-00813,2023-04-24,0.03994646561762649,0,22,10477.585167094228,referral,1,saas,large,1
L-02978,2023-04-24,0.811881500707928,3,21,4735.5992513084975,organic,0,healthcare,medium,1
L-01208,2023-04-24,0.10948732570081521,0,8,1358.6372800752472,organic,0,manufacturing,small,0
L-03038,2023-04-24,0.8845149873666747,6,38,5004.807328458869,outbound,0,saas,medium,0
L-02109,2023-04-24,0.5185805923513536,3,41,3153.3923709306314,paid_search,1,finance,medium,0
L-00298,2023-04-24,0.004857337777279036,0,54,4554.658444222367,referral,1,manufacturing,medium,0
L-00533,2023-04-24,0.016482200596157015,4,36,2388.0873960971066,outbound,1,healthcare,small,0
L-01992,2023-04-25,0.08068037841466502,2,55,5420.523381900245,paid_search,0,healthcare,medium,0
L-02218,2023-04-25,0.9758945922813234,2,17,1727.2682927328801,outbound,1,finance,small,1
L-00449,2023-04-25,0.5851913513049627,4,19,9688.39948828073,paid_search,1,healthcare,large,0
L-02811,2023-04-25,0.680966600125159,2,26,8075.219212698071,paid_search,1,finance,large,1
L-02192,2023-04-25,0.5523585814504327,3,55,2302.601481772925,outbound,1,finance,small,1
L-03715,2023-04-25,0.19829801199995345,7,56,7792.6044555732215,organic,1,saas,medium,0
L-03993,2023-04-25,0.9079452465442571,3,3,10883.974975666373,paid_search,0,retail,large,1
L-00659,2023-04-26,0.22577519406626623,3,38,4133.124919405585,outbound,1,saas,medium,0
L-02397,2023-04-26,0.756515867645341,4,43,1984.4685090533642,paid_search,1,healthcare,small,1
L-03388,2023-04-26,0.4555309061899152,5,42,2652.092564989115,outbound,0,healthcare,small,0
L-02806,2023-04-26,0.4086007676272503,3,44,5878.571996941206,organic,0,healthcare,medium,0
L-02228,2023-04-26,0.5566594006874488,5,53,2387.9759041276234,event,1,healthcare,small,0
L-00480,2023-04-26,0.5051533948587487,4,40,3899.3259261940843,referral,0,manufacturing,medium,1
L-00494,2023-04-26,0.883666281572483,4,44,6650.736602790841,organic,1,finance,medium,0
L-03367,2023-04-26,0.7840609076407071,4,32,13533.73184521035,organic,0,healthcare,large,1
L-02185,2023-04-26,0.8068344471904552,4,35,6920.066665864724,paid_search,0,retail,medium,0
L-01229,2023-04-26,0.48351164100368105,9,56,18907.911232627514,organic,0,retail,large,0
L-02418,2023-04-26,0.002235204747397135,5,2,1187.8967280787667,outbound,1,manufacturing,small,0
L-03595,2023-04-26,0.633603785941861,3,59,1956.7760655272234,organic,1,finance,small,0
L-01482,2023-04-26,0.8383235912959066,5,40,1066.0997859552133,organic,1,saas,small,1
L-02540,2023-04-26,0.04866745484083501,3,41,3092.1527766717813,outbound,0,healthcare,medium,1
L-03293,2023-04-26,0.6681664768591647,5,48,6663.065445507716,referral,0,manufacturing,medium,0
L-02040,2023-04-26,0.44238959390094557,3,24,5397.187806664184,outbound,0,retail,medium,0
L-00840,2023-04-26,0.7869411358121238,2,45,2976.167682163661,referral,0,healthcare,small,0
L-03698,2023-04-26,0.854088746632211,5,31,9993.03230437131,paid_search,0,healthcare,large,0
L-00095,2023-04-26,0.3426502960336406,2,8,3166.1213626067643,referral,0,manufacturing,medium,1
L-00854,2023-04-26,0.758036211257836,0,31,6313.321043811546,organic,1,finance,medium,1
L-01113,2023-04-27,0.6564487180661819,0,35,2127.8179145346844,paid_search,0,retail,small,1
L-02196,2023-04-27,0.11747968591054436,5,1,2321.5063617202186,paid_search,1,healthcare,small,0
L-03524,2023-04-27,0.28170053149863017,2,22,1401.0479956933084,organic,0,saas,small,1
L-01560,2023-04-27,0.7110693539776523,3,36,8917.20647795759,organic,0,manufacturing,large,0
L-00341,2023-04-27,0.06913816246611448,3,38,1961.1300614937518,outbound,0,retail,small,0
L-02582,2023-04-27,0.8498585482468028,1,42,6041.587787921478,referral,0,healthcare,medium,0
L-03041,2023-04-27,0.15074416627609355,2,12,8576.67706427402,outbound,0,manufacturing,large,0
L-01450,2023-04-28,0.6918796596669491,4,3,4939.34337334728,outbound,1,finance,medium,1
L-01819,2023-04-28,0.8409444672987795,1,42,8160.923592045814,referral,1,saas,large,0
L-01645,2023-04-28,0.7558777308258808,4,20,3536.872241837703,paid_search,0,finance,medium,1
L-00270,2023-04-28,0.6289480171627772,2,48,5571.971231854434,event,0,manufacturing,medium,0
L-03436,2023-04-28,0.8299866489848887,3,14,3473.6592012544984,outbound,1,saas,medium,0
L-00153,2023-04-28,0.7992229216590553,5,39,9215.114144526307,referral,0,saas,large,1
L-02272,2023-04-29,0.8069229778199158,1,43,3051.4723770634387,organic,1,healthcare,medium,0
L-01337,2023-04-29,0.8831268820359235,1,0,5822.139618243656,paid_search,0,healthcare,medium,1
L-00418,2023-04-29,0.06737430513300624,3,18,8261.103963760626,paid_search,1,healthcare,large,0
L-03177,2023-04-29,0.004282810632935008,5,15,2048.411973996211,outbound,1,saas,small,0
L-02254,2023-04-29,0.8461815293449878,4,11,10456.545781820556,paid_search,0,saas,large,0
L-01580,2023-04-29,0.7657391075150608,5,28,7829.164485261659,organic,0,manufacturing,medium,1
L-00795,2023-04-29,0.5796647193100594,2,25,2922.69864115308,paid_search,0,saas,small,0
L-03591,2023-04-29,0.7911331233595482,5,22,13518.489460481735,outbound,0,finance,large,1
L-01861,2023-04-29,0.02821953217732831,5,49,3675.8643164628925,paid_search,1,retail,medium,0
L-00637,2023-04-29,0.20927734757195093,4,51,8123.395481219998,referral,0,healthcare,large,0
L-01906,2023-04-29,0.812905347695761,2,1,5985.113132273543,paid_search,0,retail,medium,1
L-01238,2023-04-30,0.35520432359600773,4,15,8404.24174113148,paid_search,1,finance,large,0
L-01399,2023-04-30,0.6479633758957883,6,38,2657.8747432783184,referral,0,saas,small,0
L-00262,2023-04-30,0.4583762911615126,1,35,6509.946995028459,event,1,saas,medium,0
L-03474,2023-04-30,0.6828946559486451,1,55,8836.699573573771,outbound,1,retail,large,0
L-01315,2023-04-30,0.06397254240827333,2,17,8742.867829983108,event,1,saas,large,1
L-00970,2023-04-30,0.46913343697211685,2,28,3720.005201848658,referral,1,healthcare,medium,1
L-00352,2023-04-30,0.23470348905189575,2,34,9664.339619641034,outbound,1,manufacturing,large,1
L-03204,2023-04-30,0.17012440561565012,1,14,2705.043845484,organic,1,healthcare,small,0
L-01402,2023-04-30,0.5234238478448924,2,43,7015.220206808019,outbound,0,manufacturing,medium,0
L-02996,2023-05-01,0.16838964864537598,4,55,1536.0639697325646,outbound,1,retail,small,1
L-00927,2023-05-01,0.5881463481140702,3,26,4275.5486079356715,paid_search,0,retail,medium,1
L-01600,2023-05-01,0.2868355546801522,5,17,17709.87973300673,organic,1,manufacturing,large,0
L-02775,2023-05-01,0.07499848929903985,2,21,9390.340935016204,event,1,saas,large,0
L-00801,2023-05-01,0.492462917000433,2,47,3627.817596925421,referral,0,manufacturing,medium,0
L-02832,2023-05-01,0.6822897186597314,2,41,6876.396303493901,outbound,0,healthcare,medium,1
L-01475,2023-05-01,0.4323354227675579,2,21,4325.36539100837,outbound,0,saas,medium,0
L-03843,2023-05-01,0.5674065746467731,4,30,12536.191534891244,organic,1,saas,large,1
L-00189,2023-05-01,0.9295989720071713,3,41,6636.816561868396,outbound,0,retail,medium,1
L-02051,2023-05-01,0.6690374301236321,1,8,3838.295163844846,organic,1,healthcare,medium,0
L-00441,2023-05-01,0.1603893240677361,6,32,2704.2862121622893,organic,1,finance,small,1
L-01366,2023-05-01,0.6940450131861471,6,33,21699.425953258702,referral,1,finance,large,1
L-01822,2023-05-01,0.5383447993330133,3,47,2759.5385491429497,event,1,manufacturing,small,0
L-02466,2023-05-01,0.16553150154503016,1,26,8251.89839938114,organic,0,finance,large,0
L-00306,2023-05-01,0.5217142141858402,4,58,12934.51047248989,paid_search,1,finance,large,1
L-03429,2023-05-01,0.6010005509356781,1,26,3701.466434575469,paid_search,1,saas,medium,0
L-02707,2023-05-02,0.42789426317924717,1,27,2893.7330349349477,paid_search,0,retail,small,1
L-00951,2023-05-02,0.7766886763492903,1,21,4252.598893237499,referral,0,saas,medium,0
L-01154,2023-05-02,0.18613875410423886,3,0,3281.9281317641075,outbound,1,manufacturing,medium,0
L-03741,2023-05-02,0.640340621124484,4,56,6071.139644111164,outbound,0,finance,medium,0
L-02020,2023-05-02,0.2216971483768232,3,10,7557.601433033205,outbound,0,finance,medium,0
L-03105,2023-05-02,0.4505398055116595,3,32,5693.839802646487,referral,0,healthcare,medium,1
L-01837,2023-05-02,0.03994192508646921,3,48,2456.0144585626063,paid_search,0,saas,small,0
L-00135,2023-05-02,0.5318238557779342,3,57,13542.419523230436,organic,0,healthcare,large,0
L-03898,2023-05-02,0.5291762192378618,3,31,2435.6023623261644,paid_search,1,finance,small,1
L-02594,2023-05-03,0.21133979326197827,0,3,27978.86135582405,event,1,retail,large,0
L-01104,2023-05-03,0.6409456721252235,5,24,2657.6895286717345,outbound,0,healthcare,small,1
L-02088,2023-05-03,0.0732459861675514,2,33,7675.833840137516,outbound,1,retail,medium,0
L-02186,2023-05-03,0.10413468760722522,7,24,3139.4476679646,event,1,manufacturing,medium,1
L-01390,2023-05-03,0.1382870014941071,5,9,4926.352327884172,outbound,1,retail,medium,0
L-00225,2023-05-03,0.25330760070564373,5,16,9051.474309967754,referral,1,healthcare,large,1
L-03341,2023-05-03,0.04233945060917599,5,59,6764.1925170453815,referral,0,retail,medium,0
L-01185,2023-05-04,0.08054494671311319,0,55,4245.94108700222,organic,0,manufacturing,medium,0
L-02354,2023-05-04,0.8924814191396805,3,48,3613.650549152866,organic,1,saas,medium,1
L-03583,2023-05-04,0.7169585958944741,4,55,8559.752684487577,referral,1,manufacturing,large,1
L-00332,2023-05-04,0.8267623598949471,2,12,4216.60291181869,organic,1,saas,medium,1
L-03696,2023-05-04,0.12389060928835782,3,14,4511.5879201407215,organic,1,saas,medium,0
L-03061,2023-05-04,0.1611922429233642,2,1,2936.2470129541994,referral,1,finance,small,1
L-03548,2023-05-04,0.6709213605539615,0,56,9360.922935215878,event,1,retail,large,0
L-00238,2023-05-04,0.3683441642063441,4,1,11388.367074778382,organic,0,saas,large,1
L-02126,2023-05-04,0.518770583216309,1,11,8032.190967280968,organic,1,finance,large,1
L-01778,2023-05-04,0.7580210831503069,5,17,5773.457501658987,organic,1,retail,medium,0
L-02308,2023-05-04,0.9399825937049925,1,15,2084.634758008245,outbound,0,healthcare,small,0
L-03372,2023-05-04,0.0302192037513499,2,34,2287.917756451396,referral,1,manufacturing,small,1
L-03502,2023-05-05,0.11271606632786002,4,38,8164.20922468468,event,1,saas,large,0
L-03941,2023-05-05,0.5943228447873232,2,4,6701.835400792175,organic,1,saas,medium,0
L-01059,2023-05-05,0.26989934395634196,6,26,1942.34552219788,event,1,saas,small,0
L-00087,2023-05-05,0.3488606520463975,2,0,8999.072784251797,referral,0,saas,large,1
L-03986,2023-05-05,0.04272389658042919,4,15,1513.1075910529726,paid_search,1,finance,small,1
L-00525,2023-05-05,0.15099313143506765,1,38,11818.428035471981,referral,1,retail,large,1
L-02780,2023-05-05,0.30861534260941903,2,47,6198.514348290984,outbound,1,retail,medium,0
L-00399,2023-05-05,0.5552556199000561,5,38,9746.344933092956,paid_search,1,finance,large,1
L-02807,2023-05-05,0.5947026719176003,0,21,3197.656554573705,paid_search,1,saas,medium,0
L-01033,2023-05-06,0.23010315405733928,1,11,3740.1914809829477,organic,1,healthcare,medium,0
L-01013,2023-05-06,0.6981902447177161,5,36,2331.731823626225,referral,1,retail,small,0
L-00748,2023-05-06,0.49702584621748225,0,47,11334.541807709062,event,1,manufacturing,large,0
L-02433,2023-05-06,0.3720037567196589,3,52,13975.881532238756,event,1,retail,large,0
L-01461,2023-05-06,0.7895582040006557,2,41,4851.3669957294915,referral,1,retail,medium,1
L-03097,2023-05-06,0.6434622341536098,1,44,1810.7702529610262,outbound,0,saas,small,0
L-01820,2023-05-06,0.7685169925989775,3,49,8308.588918447454,organic,0,healthcare,large,0
L-03163,2023-05-06,0.41510742666849476,1,42,12909.243599683969,event,1,finance,large,1
L-00747,2023-05-06,0.1866621036954298,1,7,4066.6298128348544,organic,1,finance,medium,1
L-00446,2023-05-06,0.04907404772427304,2,22,1239.2848650366657,organic,0,healthcare,small,1
L-00967,2023-05-07,0.2834655502433575,1,1,4685.0489876307465,organic,1,finance,medium,0
L-01603,2023-05-07,0.22004832047660783,7,43,19150.784552972225,outbound,1,healthcare,large,0
L-00987,2023-05-07,0.5488875890065671,4,12,1743.6220443084976,paid_search,1,manufacturing,small,1
L-03789,2023-05-07,0.4630266320888651,2,50,8677.868504742008,outbound,0,finance,large,0
L-00367,2023-05-07,0.41857479136145426,1,49,3289.2936095487785,referral,0,finance,medium,0
L-00308,2023-05-07,0.5981678800407747,3,10,4258.057496961911,paid_search,0,manufacturing,medium,1
L-00337,2023-05-07,0.3695716063567577,2,54,7916.86959811392,paid_search,0,saas,medium,0
L-02166,2023-05-07,0.019406150494017504,1,46,12237.115522926051,referral,0,healthcare,large,0
L-00798,2023-05-07,0.6794852182581039,1,0,2166.5558210455265,outbound,1,healthcare,small,0
L-01176,2023-05-07,0.8670056008565976,6,5,2754.594586612768,outbound,0,retail,small,1
L-02866,2023-05-07,0.29337517279199654,3,12,10552.134274752489,paid_search,0,healthcare,large,0
L-01585,2023-05-08,0.8007129735545269,1,33,5462.352680788934,outbound,0,finance,medium,1
L-01438,2023-05-08,0.007085354169948044,2,0,5508.916400814969,paid_search,0,healthcare,medium,0
L-01755,2023-05-08,0.34381596892437105,5,31,7211.867927319568,event,0,retail,medium,1
L-00524,2023-05-08,0.9122053404086763,3,57,4381.319901985723,paid_search,1,saas,medium,1
L-01434,2023-05-08,0.07594836590520748,1,11,4849.353543687735,referral,1,finance,medium,0
L-00553,2023-05-08,0.9500017705742079,4,49,13412.6668364803,paid_search,0,saas,large,0
L-01575,2023-05-08,0.3870171156241836,4,8,9356.218221117195,paid_search,0,finance,large,0
L-02271,2023-05-08,0.4785124609413839,3,21,9227.429958896371,organic,0,healthcare,large,0
L-02015,2023-05-08,0.5482638418332653,3,57,3626.991874261036,paid_search,1,finance,medium,1
L-01526,2023-05-08,0.10858654782155308,3,27,4759.351020397307,paid_search,0,healthcare,medium,0
L-03755,2023-05-09,0.609488887089519,4,42,9214.993437644862,organic,1,saas,large,0
L-00594,2023-05-09,0.29539079470985063,3,19,1683.5643075274597,organic,0,finance,small,0
L-02551,2023-05-09,0.6832766145179413,1,25,24228.830863033592,paid_search,1,healthcare,large,0
L-02129,2023-05-09,0.908617772515012,2,20,18633.840170607426,outbound,0,finance,large,1
L-00166,2023-05-09,0.893743128716272,4,1,11403.608951499626,event,1,finance,large,1
L-01403,2023-05-09,0.9071973733366125,3,55,2902.9738631607543,organic,1,saas,small,1
L-02927,2023-05-09,0.484960250243615,4,28,7026.824783203537,outbound,0,manufacturing,medium,1
L-02151,2023-05-09,0.5378303989980171,6,34,13778.111331693586,event,0,healthcare,large,1
L-00402,2023-05-09,0.7530732736205097,0,3,15524.411662710138,referral,0,manufacturing,large,1
L-01949,2023-05-09,0.295327576076733,3,43,12899.026445746407,event,0,saas,large,1
L-00320,2023-05-09,0.03259244324701449,3,17,2563.3450527454465,referral,0,retail,small,0
L-02483,2023-05-09,0.24148906062179398,2,49,2294.70151362508,referral,1,manufacturing,small,0
L-01503,2023-05-09,0.6448731146778622,3,22,3646.425425260342,outbound,0,retail,medium,0
L-02587,2023-05-09,0.9127369011811262,5,43,9810.969240272958,paid_search,1,saas,large,1
L-02291,2023-05-09,0.06527723447865985,4,52,2871.853335676805,referral,0,saas,small,0
L-03446,2023-05-09,0.8266487389902876,8,13,1703.4632841807409,organic,0,retail,small,1
L-02270,2023-05-09,0.9982559512152959,4,15,2717.8782801769685,organic,1,healthcare,small,1
L-03734,2023-05-09,0.1559012892539724,3,42,2674.6369348851804,referral,1,manufacturing,small,0
L-02525,2023-05-10,0.557886678499744,1,32,12600.914973502773,paid_search,0,manufacturing,large,0
L-02282,2023-05-10,0.6155166947581512,3,33,36612.254407169414,referral,0,retail,large,1
L-00606,2023-05-10,0.6141988035435992,1,43,14064.274398150483,organic,0,healthcare,large,0
L-02082,2023-05-10,0.7292712438603892,3,34,3120.8448073216096,paid_search,0,manufacturing,medium,0
L-01387,2023-05-11,0.9445296658526259,1,55,7314.936999897757,outbound,0,finance,medium,1
L-00631,2023-05-11,0.49656489714718743,3,36,1232.9374193449946,outbound,1,saas,small,0
L-01248,2023-05-11,0.8794234089116586,4,10,3134.1694914638765,outbound,0,finance,medium,1
L-03606,2023-05-11,0.05755603594395453,5,35,4940.065394763196,organic,1,finance,medium,1
L-03693,2023-05-11,0.855605460596945,2,16,2942.111910458678,outbound,1,saas,small,1
L-03858,2023-05-11,0.5544498819965276,1,20,3280.833177184559,paid_search,1,healthcare,medium,1
L-02346,2023-05-11,0.7660334066004131,3,2,8903.630233388603,outbound,0,retail,large,0
L-02091,2023-05-11,0.7648129483558401,3,15,7185.7768057558615,paid_search,1,retail,medium,1
L-02920,2023-05-11,0.38967118598286565,3,51,6021.792267146865,organic,0,saas,medium,0
L-02306,2023-05-11,0.5535141849869538,1,25,3891.885765757821,organic,0,finance,medium,1
L-02536,2023-05-11,0.6662171653053798,1,3,2645.792082700405,organic,0,healthcare,small,0
L-00065,2023-05-11,0.9301055192501241,1,15,1112.9598885996875,paid_search,1,saas,small,1
L-00645,2023-05-12,0.8816172212428632,2,16,6504.081998490852,outbound,1,retail,medium,1
L-01914,2023-05-12,0.39591267904070226,0,59,18460.78939217911,outbound,1,finance,large,1
L-02150,2023-05-12,0.2499867540285089,5,32,12423.465914680302,organic,0,retail,large,0
L-03042,2023-05-12,0.3162327101862351,5,5,3060.7340493545134,organic,0,healthcare,medium,1
L-00253,2023-05-12,0.5875194925558406,8,6,5310.967364169036,referral,1,retail,medium,1
L-02575,2023-05-12,0.1906427566059925,4,20,5682.482873128531,outbound,1,retail,medium,1
L-01094,2023-05-12,0.46549999716905743,5,40,7091.931576145568,organic,1,retail,medium,1
L-03521,2023-05-13,0.24955718202655597,4,12,7448.910427185762,paid_search,0,healthcare,medium,0
L-03622,2023-05-13,0.6416456789116327,1,57,6512.585546195551,referral,1,finance,medium,1
L-01144,2023-05-13,0.8270080146079994,2,33,21529.207827675098,referral,0,healthcare,large,1
L-02649,2023-05-13,0.4637045822685515,3,21,5181.137042458596,referral,0,manufacturing,medium,0
L-01776,2023-05-13,0.7044582880334169,4,32,6214.6193963068745,organic,0,healthcare,medium,1
L-02068,2023-05-13,0.9100896741301989,2,8,1070.762396789873,referral,0,manufacturing,small,0
L-00076,2023-05-13,0.9765270664151456,3,47,5283.627905463841,event,1,retail,medium,0
L-03771,2023-05-13,0.875844593429381,3,18,7874.2349075828915,event,0,retail,medium,1
L-01513,2023-05-13,0.9712613162688684,3,46,3266.208976826939,outbound,0,saas,medium,0
L-00293,2023-05-13,0.30762848542413035,7,6,4499.038879071568,outbound,1,saas,medium,0
L-03573,2023-05-13,0.8627268132629347,2,7,10444.650428764555,paid_search,0,retail,large,0
L-01029,2023-05-14,0.3779886731972337,6,28,3987.341412668134,outbound,0,saas,medium,0
L-00486,2023-05-14,0.7725058060224135,4,44,4393.391161838625,referral,1,manufacturing,medium,1
L-01493,2023-05-14,0.6100245084449121,2,20,4737.026722180075,outbound,0,retail,medium,0
L-00168,2023-05-14,0.327807720693986,4,19,6467.54073112264,paid_search,1,saas,medium,0
L-01904,2023-05-14,0.37436783362757076,3,29,7636.646586519354,referral,0,manufacturing,medium,1
L-00737,2023-05-14,0.5296252409594838,3,23,5199.247865848694,paid_search,1,finance,medium,1
L-01510,2023-05-14,0.9590733380799858,3,40,16944.30483301217,paid_search,0,healthcare,large,0
L-03769,2023-05-14,0.7462732339820062,5,46,13895.865481804392,referral,0,healthcare,large,1
L-01068,2023-05-14,0.7316270154302333,3,9,8621.83019529846,organic,1,finance,large,1
L-03658,2023-05-14,0.13326114443103088,7,46,9201.352373991154,organic,0,saas,large,0
L-02159,2023-05-14,0.20737287523938142,2,17,9208.104127023656,paid_search,1,saas,large,1
L-00370,2023-05-15,0.46222793014366814,5,57,2905.074292474894,referral,0,finance,small,0
L-02203,2023-05-15,0.6144274948381659,5,26,8751.83438893371,referral,0,saas,large,1
L-03826,2023-05-15,0.6867241995580513,2,1,3317.2863829492344,referral,0,healthcare,medium,1
L-03394,2023-05-15,0.43373497368748204,0,3,9854.958883740117,organic,0,healthcare,large,1
L-02366,2023-05-15,0.4753334513833103,6,16,3713.4864768159564,outbound,1,retail,medium,0
L-02636,2023-05-15,0.34036377813972996,3,39,2624.9651596345,paid_search,0,healthcare,small,0
L-03995,2023-05-15,0.3762807443485312,5,20,6105.24068231911,referral,1,healthcare,medium,1
L-03433,2023-05-15,0.4269318597663363,4,2,5653.33082728213,referral,1,finance,medium,0
L-01781,2023-05-16,0.8361157845918545,5,7,3671.8904744084525,organic,0,healthcare,medium,1
L-01770,2023-05-16,0.9398720892275902,3,31,1753.7197443419864,referral,1,saas,small,0
L-01175,2023-05-16,0.04018157262847033,6,18,2537.487507660154,organic,1,healthcare,small,0
L-01141,2023-05-16,0.17302392134329692,2,8,13865.83416527407,organic,1,finance,large,1
L-03985,2023-05-16,0.3661914669626253,2,32,7863.920826745476,paid_search,0,finance,medium,0
L-03596,2023-05-16,0.9152612515440707,4,18,8852.194602396925,referral,1,retail,large,1
L-00198,2023-05-16,0.25855717814874,4,6,5239.464603504638,paid_search,1,manufacturing,medium,1
L-02322,2023-05-16,0.6185402365031989,3,50,7709.9252816371345,outbound,1,saas,medium,0
L-03084,2023-05-16,0.9330752414784446,1,22,8902.720897046527,paid_search,0,finance,large,0
L-00626,2023-05-16,0.560373895967873,0,49,3360.2497920630603,outbound,0,retail,medium,1
L-01899,2023-05-16,0.19231404027568932,3,51,15889.156144121322,organic,0,saas,large,1
L-03250,2023-05-16,0.4793046827177857,5,19,2273.045691518573,paid_search,1,saas,small,1
L-02326,2023-05-17,0.05880105782349765,4,16,5586.927798489447,outbound,0,retail,medium,0
L-03728,2023-05-17,0.9063131903327911,6,57,2321.4947823512493,referral,0,saas,small,1
L-02073,2023-05-17,0.17481894162471523,7,26,2691.0329916092273,organic,0,healthcare,small,1
L-01977,2023-05-17,0.13939738312098882,3,38,4842.606827265651,referral,1,healthcare,medium,0
L-01973,2023-05-17,0.1969798253189875,4,21,17808.147531719307,paid_search,0,saas,large,1
L-01159,2023-05-17,0.3121027493536962,3,39,13261.103208023425,referral,1,saas,large,1
L-02490,2023-05-17,0.5249220957043151,5,28,2103.6986690935223,event,1,finance,small,1
L-03212,2023-05-17,0.9626938521724977,1,41,6017.902200181504,paid_search,1,saas,medium,1
L-03486,2023-05-17,0.8805249763593188,2,43,5731.413016389905,outbound,0,manufacturing,medium,1
L-02460,2023-05-17,0.42091169947061546,1,18,5080.455729827163,organic,1,healthcare,medium,0
L-01329,2023-05-17,0.2230361279982953,3,36,7859.9759055362465,referral,0,retail,medium,0
L-00196,2023-05-18,0.06752731441805337,1,42,2730.912342725775,outbound,0,healthcare,small,0
L-03090,2023-05-18,0.41223064968769685,3,44,6679.81655378526,organic,1,saas,medium,0
L-02484,2023-05-18,0.8644503819287854,1,23,5436.527241690925,outbound,0,saas,medium,1
L-01646,2023-05-18,0.3500432223729788,4,46,5480.164575614683,referral,0,finance,medium,1
L-01792,2023-05-18,0.023291060004693276,3,22,5168.153039121061,outbound,0,finance,medium,1
L-03173,2023-05-18,0.04685702266715508,2,21,3021.81390436851,referral,0,manufacturing,medium,0
L-01356,2023-05-18,0.5605994750663922,2,55,5520.17782646429,referral,0,manufacturing,medium,0
L-02739,2023-05-18,0.6383399638096628,5,58,3602.245235684776,event,1,manufacturing,medium,1
L-01371,2023-05-18,0.036305676104475215,2,12,3692.4477515020913,organic,1,retail,medium,1
L-00990,2023-05-18,0.7908651308632676,0,43,5542.699128295293,organic,0,healthcare,medium,0
L-02029,2023-05-18,0.9051863233669755,1,24,3713.6684910683566,organic,0,saas,medium,1
L-01710,2023-05-18,0.8675978655731925,1,31,3065.111363645787,event,1,manufacturing,medium,0
L-02589,2023-05-19,0.8835514062513434,3,23,1115.1657442155868,organic,1,retail,small,1
L-03557,2023-05-19,0.33288262541404656,1,11,3889.788333045254,outbound,0,finance,medium,0
L-00138,2023-05-19,0.7647566879326486,0,55,4777.15352206587,referral,0,retail,medium,1
L-01591,2023-05-19,0.32807114256094116,5,17,6648.719700604775,referral,0,retail,medium,0
L-01382,2023-05-19,0.9223895739956305,2,22,3847.0733641377997,outbound,1,retail,medium,1
L-01235,2023-05-19,0.1325463142747627,9,6,11093.114598781152,paid_search,1,healthcare,large,0
L-00267,2023-05-19,0.5076769974617779,3,5,9272.36458471832,referral,1,saas,large,1
L-01406,2023-05-19,0.5158988962444213,1,11,3295.252737564398,organic,0,retail,medium,0
L-02909,2023-05-20,0.21671231241323197,0,28,4862.5802508761135,paid_search,0,healthcare,medium,0
L-01756,2023-05-20,0.2616549156329441,1,43,3577.391389764814,organic,1,healthcare,medium,0
L-02424,2023-05-20,0.5922071496849479,5,45,3843.181967314122,organic,0,healthcare,medium,0
L-03453,2023-05-20,0.17455238357527125,2,0,9668.631132209686,outbound,1,retail,large,0
L-02997,2023-05-20,0.4711491351387228,5,13,2998.0097865521216,organic,1,manufacturing,small,0
L-03020,2023-05-20,0.9194733085100913,0,22,8214.608624370105,event,0,manufacturing,large,1
L-03509,2023-05-20,0.5914876740795956,4,4,18114.39518493869,organic,1,manufacturing,large,1
L-01311,2023-05-20,0.9369065400226779,2,27,6580.663557063239,outbound,0,retail,medium,0
L-03716,2023-05-20,0.826245621199462,3,33,4188.774012693641,organic,0,manufacturing,medium,0
L-01362,2023-05-21,0.5851478216413033,2,41,2917.136729947359,event,0,finance,small,0
L-03853,2023-05-21,0.251263550706466,9,14,4993.296460073556,paid_search,1,healthcare,medium,1
L-03405,2023-05-21,0.7293504449521396,1,1,4482.955230325434,organic,1,retail,medium,1
L-00978,2023-05-21,0.716130940992838,3,47,5304.193479874278,organic,1,healthcare,medium,1
L-02584,2023-05-21,0.6720157222995868,2,33,10383.509900294255,outbound,1,saas,large,1
L-02281,2023-05-22,0.35536443232023773,2,37,3225.8426736370934,referral,1,manufacturing,medium,0
L-01830,2023-05-22,0.4759124346575283,7,59,1855.667826015605,referral,1,healthcare,small,1
L-00043,2023-05-22,0.92916263227107,4,11,1170.612459987273,organic,0,finance,small,1
L-02884,2023-05-23,0.8598500568655341,3,17,4652.622425258498,organic,1,saas,medium,1
L-03406,2023-05-23,0.35465557605636466,2,6,2705.217509545212,referral,0,retail,small,0
L-02489,2023-05-23,0.5336199339398677,1,34,5392.74472135834,paid_search,0,finance,medium,0
L-01684,2023-05-24,0.18447158417910592,5,43,1289.0169442360207,outbound,0,healthcare,small,1
L-03130,2023-05-24,0.2996468963520691,2,18,5473.508645924927,paid_search,0,retail,medium,0
L-03847,2023-05-24,0.21947342922809088,5,1,4124.284014552906,outbound,0,manufacturing,medium,1
L-01926,2023-05-24,0.5366150935294522,1,14,1919.0200925673707,organic,0,manufacturing,small,0
L-03464,2023-05-24,0.05520223320807116,1,25,7080.753724606063,organic,0,healthcare,medium,0
L-03053,2023-05-24,0.12028571515609332,4,51,2744.89593152364,outbound,1,manufacturing,small,0
L-03856,2023-05-24,0.5814069762923163,1,23,4994.543240133184,paid_search,1,manufacturing,medium,0
L-01698,2023-05-24,0.024777875161596796,4,22,3284.162826447421,organic,1,manufacturing,medium,0
L-00520,2023-05-24,0.1632066847177871,4,34,2942.767777854562,paid_search,1,finance,small,0
L-03710,2023-05-24,0.7722674032074582,2,12,7133.752246261234,referral,0,healthcare,medium,1
L-02561,2023-05-24,0.2426253685256229,2,1,8096.544256435846,referral,0,saas,large,0
L-02758,2023-05-24,0.06521566989953631,3,37,3641.7594714323895,paid_search,0,healthcare,medium,0
L-02849,2023-05-25,0.7754244526726743,4,0,1043.4303199234835,outbound,0,healthcare,small,0
L-02826,2023-05-25,0.17892478565644976,3,28,895.8577779291431,organic,1,manufacturing,small,1
L-01571,2023-05-25,0.14045015838902264,1,6,28689.69723477142,outbound,1,manufacturing,large,0
L-02052,2023-05-25,0.5471662709441008,4,44,4448.723406591538,outbound,0,saas,medium,0
L-02440,2023-05-25,0.04086998977167433,8,36,15895.75663203479,paid_search,0,saas,large,1
L-00193,2023-05-25,0.05884853733243178,3,46,5886.667670376815,outbound,1,manufacturing,medium,0
L-00997,2023-05-25,0.21008712382353356,2,5,2559.2120838635888,organic,0,manufacturing,small,0
L-01924,2023-05-25,0.20735333302645576,4,19,1221.4198299954717,organic,1,saas,small,0
L-00764,2023-05-25,0.07245497359587183,3,58,5158.549722871951,referral,1,saas,medium,0
L-02485,2023-05-25,0.28020090530999753,2,2,1583.0808673833071,referral,1,retail,small,0
L-03085,2023-05-25,0.41360314029288636,3,3,1577.9716770010073,referral,0,finance,small,0
L-03114,2023-05-26,0.11670369167885941,2,37,4231.487301762637,referral,1,saas,medium,1
L-01051,2023-05-26,0.09754470677298266,2,23,3032.677154119606,referral,0,retail,medium,0
L-02144,2023-05-26,0.474416044892644,2,29,4418.25048556578,event,0,manufacturing,medium,0
L-02892,2023-05-26,0.4421062945557275,1,27,3188.1884189123894,outbound,0,healthcare,medium,0
L-00745,2023-05-26,0.7827613480561023,5,13,3502.7702661159014,event,1,finance,medium,1
L-02190,2023-05-26,0.08077175920735302,3,9,25866.206408412803,paid_search,0,retail,large,0
L-00300,2023-05-26,0.9488737571491254,3,27,3277.6983584206396,outbound,0,healthcare,medium,1
L-00052,2023-05-26,0.45250793152438407,5,6,3549.9091451709032,paid_search,1,healthcare,medium,1
L-01772,2023-05-26,0.6806837756654053,2,5,4686.806884011739,referral,1,finance,medium,1
L-03236,2023-05-26,0.18414018669340915,7,16,2930.740043834174,referral,1,retail,small,1
L-02762,2023-05-26,0.9219643342032092,4,37,14370.335915028081,organic,0,finance,large,1
L-02200,2023-05-27,0.2050505985231833,2,1,4679.7956149638585,organic,0,retail,medium,0
L-03100,2023-05-27,0.5632561324703096,3,46,4866.421093665228,referral,0,healthcare,medium,0
L-01359,2023-05-27,0.6669621635634062,1,6,2234.0230754726263,outbound,1,saas,small,1
L-00062,2023-05-27,0.5040639065645509,2,16,3807.990446112979,event,1,saas,medium,1
L-00392,2023-05-27,0.3592043972677377,5,15,2479.0991100213423,outbound,1,finance,small,0
L-03676,2023-05-27,0.16491540860861353,3,20,7711.050577239319,event,1,saas,medium,0
L-02055,2023-05-27,0.8496572024460699,1,43,9923.78187760445,organic,1,healthcare,large,0
L-00629,2023-05-27,0.24131433797752877,6,53,4817.082199429209,referral,1,saas,medium,0
L-00200,2023-05-27,0.11867736707884491,6,7,3218.1340409496797,organic,1,manufacturing,medium,1
L-01137,2023-05-27,0.05681767839998142,4,25,9466.375903813236,outbound,0,manufacturing,large,0
L-03010,2023-05-28,0.23494554525306988,3,53,4481.648579824873,paid_search,0,saas,medium,0
L-02586,2023-05-28,0.5057582783213294,2,46,8715.123036149205,organic,0,retail,large,0
L-03947,2023-05-28,0.6674289755844626,1,19,7592.180895622774,organic,1,finance,medium,1
L-02766,2023-05-28,0.6588167668174209,4,24,9356.230899586124,event,0,finance,large,0
L-02695,2023-05-28,0.6685854458209842,3,19,5503.952794945222,outbound,1,healthcare,medium,0
L-02355,2023-05-28,0.6915541471074186,1,21,14719.260611411968,paid_search,0,saas,large,1
L-01150,2023-05-28,0.0008246168346853766,5,15,2723.8037042483165,paid_search,0,healthcare,small,1
L-00627,2023-05-28,0.34260235665027783,4,45,3727.2857207566394,outbound,1,manufacturing,medium,0
L-01270,2023-05-28,0.959681219174127,3,2,4125.479465648143,organic,0,retail,medium,1
L-03107,2023-05-28,0.2880820729356409,3,39,35447.8818333651,paid_search,0,saas,large,1
L-02278,2023-05-28,0.28910328119451023,3,31,5883.5399751256755,organic,1,manufacturing,medium,0
L-02406,2023-05-29,0.9192220993690502,6,59,10646.201400687853,outbound,0,healthcare,large,1
L-00331,2023-05-29,0.3767352782085467,2,3,6378.910202112968,organic,1,retail,medium,0
L-00908,2023-05-29,0.9228643629251906,4,52,7643.29092483381,outbound,1,saas,medium,1
L-03492,2023-05-29,0.237142863191092,4,40,8267.858145603204,organic,0,retail,large,0
L-01966,2023-05-29,0.4979675587786656,2,56,26466.467304122532,paid_search,1,manufacturing,large,0
L-03005,2023-05-29,0.43958737530133873,2,44,2850.2634550305615,organic,1,manufacturing,small,0
L-03253,2023-05-29,0.8040337783841548,2,6,10765.447035497657,outbound,0,retail,large,1
L-01043,2023-05-29,0.44738407280411996,2,32,3048.109354838587,outbound,1,manufacturing,medium,1
L-01863,2023-05-29,0.34371007699706957,6,43,1254.829789818299,organic,1,saas,small,0
L-02414,2023-05-29,0.2570200156484578,2,4,3359.42869950057,organic,1,retail,medium,0
L-00067,2023-05-29,0.9711351518023279,0,48,9103.851055307165,organic,1,manufacturing,large,1
L-00021,2023-05-29,0.10866697080426846,1,5,1888.0650559698936,event,0,manufacturing,small,0
L-01267,2023-05-30,0.7634112937325794,2,26,14499.288757074708,event,1,manufacturing,large,1
L-00373,2023-05-30,0.25085289165512215,1,20,2942.047093091437,referral,0,finance,small,0
L-00575,2023-05-30,0.6199159801841051,4,26,4169.349843696651,paid_search,0,finance,medium,0
L-03024,2023-05-30,0.6350079158608064,2,27,5069.809839215273,referral,1,manufacturing,medium,0
L-02679,2023-05-30,0.8746354118429396,5,2,6089.8007596170455,organic,1,finance,medium,1
L-00497,2023-05-30,0.2117411027761249,3,52,1414.9774164971002,organic,0,manufacturing,small,0
L-01936,2023-05-30,0.34268818037783144,1,30,8618.858016290598,organic,1,manufacturing,large,0
L-01856,2023-05-30,0.8042918658766873,3,26,4560.477859523106,organic,0,healthcare,medium,1
L-02653,2023-05-30,0.12444884834835213,3,34,7032.301428071992,outbound,1,healthcare,medium,0
L-02723,2023-05-31,0.6124455153398519,1,8,3077.5638777352615,paid_search,0,retail,medium,1
L-01771,2023-05-31,0.9612605167483796,4,26,6000.124955231776,referral,0,retail,medium,1
L-00769,2023-05-31,0.9910002480764886,4,40,6182.479077191587,organic,1,saas,medium,1
L-00912,2023-05-31,0.5333874308310322,2,5,9024.692465014741,paid_search,1,retail,large,0
L-01747,2023-05-31,0.8763947507508792,1,3,13168.932989899546,organic,1,healthcare,large,1
L-03950,2023-05-31,0.3470309593035903,2,30,10081.44375337098,outbound,0,healthcare,large,0
L-02568,2023-06-01,0.5537620942652262,2,6,9734.042107559995,organic,1,manufacturing,large,0
L-03227,2023-06-01,0.004449024808863,2,35,4678.524544680541,referral,1,finance,medium,1
L-03963,2023-06-01,0.31040165903006867,1,18,5177.324263344268,organic,1,retail,medium,0
L-03736,2023-06-01,0.6127421567003271,3,19,6159.879328736719,organic,0,saas,medium,1
L-00633,2023-06-01,0.6301519692743847,3,50,1816.7247757965836,outbound,1,saas,small,0
L-02919,2023-06-01,0.4079245943813421,4,45,13659.130934884859,outbound,1,finance,large,1
L-00378,2023-06-01,0.13378642559385545,0,30,14230.726543246647,event,1,manufacturing,large,0
L-02591,2023-06-01,0.4967377807180643,4,36,2629.837130559039,outbound,0,manufacturing,small,0
L-01717,2023-06-01,0.8018018166558906,2,24,3232.1007808444724,referral,1,healthcare,medium,1
L-03062,2023-06-02,0.30205125941585187,5,9,4410.710917326585,organic,1,healthcare,medium,1
L-03530,2023-06-02,0.34313762484346555,2,44,11215.055630809366,outbound,0,finance,large,0
L-02543,2023-06-02,0.49347150830638464,4,56,6125.7985376713095,outbound,0,retail,medium,0
L-00187,2023-06-02,0.5841621491832959,3,24,3356.672732284473,organic,0,healthcare,medium,1
L-01944,2023-06-02,0.1778144640455428,5,50,2964.180354797328,outbound,1,finance,small,0
L-01284,2023-06-02,0.19072715732271805,2,15,10340.92205005226,organic,0,finance,large,0
L-03423,2023-06-03,0.006090279675126764,4,54,4390.540337168816,organic,1,saas,medium,1
L-01016,2023-06-03,0.948147684514834,4,21,5386.094242661344,referral,0,manufacturing,medium,0
L-01467,2023-06-03,0.30125618944626376,6,44,2803.204262350913,referral,1,healthcare,small,0
L-02580,2023-06-03,0.6779035850615143,3,40,3649.7219249986224,organic,1,retail,medium,1
L-03814,2023-06-03,0.5236271695446845,3,46,1389.4885524175572,organic,0,finance,small,0
L-00757,2023-06-03,0.6984285545788399,6,0,1408.9746253330375,paid_search,1,healthcare,small,1
L-01760,2023-06-03,0.9881764245571502,2,40,1192.6494254397296,referral,1,saas,small,1
L-01158,2023-06-03,0.9160262548324442,5,10,10023.139902704528,outbound,1,retail,large,1
L-01592,2023-06-03,0.8059905823855381,5,41,9697.013916055645,referral,1,healthcare,large,0
L-02874,2023-06-03,0.5193139074156919,0,30,5831.243769975643,paid_search,0,finance,medium,1
L-02404,2023-06-03,0.4683377427918137,2,31,6242.276452219691,organic,0,manufacturing,medium,0
L-01880,2023-06-03,0.7174775859706559,3,42,4040.825066562915,organic,1,retail,medium,1
L-00093,2023-06-04,0.2138308212779978,5,40,5959.443609451858,outbound,1,finance,medium,0
L-03022,2023-06-04,0.8791134512366384,3,31,7494.045367801022,referral,1,manufacturing,medium,1
L-02427,2023-06-04,0.13810473786874866,4,59,3077.75006171672,organic,0,saas,medium,0
L-01384,2023-06-04,0.2026777878677175,3,57,26314.045461365124,referral,0,finance,large,0
L-00613,2023-06-04,0.7728950870948578,2,6,2016.692052938955,outbound,0,manufacturing,small,1
L-02847,2023-06-04,0.6559154619738806,1,1,6676.830328929337,organic,1,finance,medium,1
L-02834,2023-06-05,0.33221277878066235,2,15,3848.4329435788063,organic,0,finance,medium,0
L-01628,2023-06-05,0.6427297307910954,2,24,6897.377762722883,outbound,1,manufacturing,medium,0
L-02778,2023-06-05,0.27566543378716624,4,1,14811.825161294402,outbound,0,finance,large,0
L-03058,2023-06-05,0.602640652325785,2,57,1530.891640015284,event,1,manufacturing,small,0
L-02599,2023-06-05,0.3973761482659256,1,42,7184.5103293439515,referral,1,manufacturing,medium,0
L-01065,2023-06-05,0.44603171922989115,7,59,5112.883943884573,paid_search,1,retail,medium,0
L-02682,2023-06-05,0.7600717815435403,1,21,9712.376706420091,outbound,1,manufacturing,large,1
L-03091,2023-06-06,0.7588642402592863,6,28,12338.392416658184,referral,1,saas,large,1
L-00808,2023-06-06,0.18380812387850054,6,19,5558.873590070523,referral,0,retail,medium,1
L-02851,2023-06-06,0.7313713071333117,2,52,3329.951501458044,paid_search,1,finance,medium,1
L-02573,2023-06-06,0.3641947095058605,3,23,7857.715655011538,referral,1,healthcare,medium,1
L-01172,2023-06-06,0.7107615350219296,1,24,13251.93595569754,referral,0,retail,large,1
L-02621,2023-06-06,0.9386106707732477,3,30,2595.5788112505193,organic,1,healthcare,small,0
L-01351,2023-06-06,0.11609930790155654,1,43,3737.5262540611943,referral,0,manufacturing,medium,0
L-02215,2023-06-06,0.1855241896319073,3,7,10251.405857200994,organic,0,retail,large,0
L-03404,2023-06-06,0.5527510440724698,3,14,5283.210632850185,paid_search,0,saas,medium,1
L-02341,2023-06-07,0.12461025407954063,2,45,10962.553742140168,paid_search,1,manufacturing,large,0
L-03328,2023-06-07,0.4377683670655096,5,42,24261.688570313894,referral,0,retail,large,0
L-00551,2023-06-07,0.4992802569741479,4,5,12762.08090314405,referral,1,saas,large,1
L-01282,2023-06-07,0.2756350510833683,2,17,5600.120425391491,event,1,saas,medium,0
L-02011,2023-06-07,0.1723672265642473,0,21,14557.412098579896,event,1,retail,large,0
L-01093,2023-06-07,0.9645812044363112,3,48,7111.8626201107345,event,0,retail,medium,1
L-02290,2023-06-07,0.08434489443831128,4,28,4335.073010832202,outbound,0,healthcare,medium,0
L-01773,2023-06-07,0.8178159272441685,3,43,13909.56286498935,referral,1,healthcare,large,1
L-01753,2023-06-07,0.7513121446031429,5,20,5801.395671209749,referral,0,retail,medium,1
L-02058,2023-06-07,0.3951153632063821,4,20,6107.726633969118,referral,1,saas,medium,0
L-01920,2023-06-07,0.21783729188359935,2,50,3844.3525353808905,paid_search,0,finance,medium,1
L-02383,2023-06-07,0.47160277916514803,2,9,3359.1420323837306,organic,0,retail,medium,1
L-01477,2023-06-07,0.909051019798284,2,28,1513.7205757580946,outbound,0,manufacturing,small,0
L-01665,2023-06-08,0.41981056105578574,3,25,46241.27759541872,organic,1,finance,large,1
L-03379,2023-06-08,0.8290382557516824,2,35,12726.237129240662,organic,0,finance,large,1
L-01319,2023-06-08,0.3112231092042238,2,15,4746.449461740258,paid_search,0,retail,medium,1
L-01693,2023-06-08,0.5425440710475263,2,54,2388.372063258553,outbound,1,healthcare,small,0
L-03459,2023-06-08,0.06353334829533641,3,31,2763.4665300814654,paid_search,0,healthcare,small,0
L-02799,2023-06-08,0.7580017651333465,3,27,8475.74241257593,referral,0,saas,large,1
L-03040,2023-06-08,0.24074295352419395,1,40,1502.4478469437295,referral,1,saas,small,1
L-03249,2023-06-08,0.8218704628987004,3,18,8751.22219427822,event,0,retail,large,0
L-03694,2023-06-08,0.7494776291225896,1,42,13667.041529866621,outbound,1,retail,large,0
L-01167,2023-06-09,0.18856007863455804,4,31,1718.8213625883498,referral,0,saas,small,1
L-02133,2023-06-09,0.5103259170757342,2,50,4159.899363873714,organic,0,finance,medium,0
L-00439,2023-06-09,0.7561208097430744,3,33,7296.635686842089,paid_search,0,manufacturing,medium,0
L-02002,2023-06-09,0.8518678557465443,4,26,7398.756939032114,event,0,manufacturing,medium,0
L-02373,2023-06-09,0.16563308101234542,5,58,4492.516801661448,event,1,manufacturing,medium,1
L-03317,2023-06-09,0.9179425016228697,3,11,4931.0921084966185,organic,0,healthcare,medium,0
L-02545,2023-06-09,0.2748770766250189,4,2,10570.487074375123,event,1,saas,large,0
L-02523,2023-06-10,0.8505619435867413,1,32,2364.503472140079,outbound,1,healthcare,small,0
L-03311,2023-06-10,0.2509129289525647,4,24,3985.501081121308,paid_search,1,saas,medium,0
L-03690,2023-06-10,0.5456408740142225,0,34,5113.398931295575,referral,1,retail,medium,0
L-03732,2023-06-10,0.6808225924932079,3,22,9199.894830500847,outbound,1,finance,large,0
L-01955,2023-06-10,0.5933401254113975,2,44,16278.38863163579,referral,1,retail,large,0
L-02224,2023-06-10,0.21841133311954597,1,0,2745.5908692639746,outbound,0,retail,small,1
L-01301,2023-06-10,0.31917397176732965,1,29,16192.201271867236,organic,1,saas,large,0
L-02139,2023-06-10,0.7957086221250048,5,19,4237.96251260413,referral,0,retail,medium,1
L-00956,2023-06-10,0.1570254973341928,2,10,11450.828373969622,organic,1,healthcare,large,1
L-00026,2023-06-10,0.8103025552734664,2,4,5097.75949193385,outbound,0,healthcare,medium,0
L-03165,2023-06-10,0.7334907975299367,4,34,14091.537148955158,event,0,finance,large,0
L-02072,2023-06-11,0.41965859280950113,4,42,4426.435347962129,organic,1,saas,medium,0
L-03187,2023-06-11,0.5304751232566325,5,12,12033.072938845035,referral,1,retail,large,1
L-01865,2023-06-11,0.3241242146014194,2,54,3520.199381463049,outbound,0,healthcare,medium,0
L-02059,2023-06-11,0.8000780691915278,2,27,2239.6146020644087,organic,0,healthcare,small,1
L-02745,2023-06-11,0.0364319473098611,3,31,3147.93350819499,outbound,1,healthcare,medium,0
L-03314,2023-06-11,0.3450279868426147,4,48,4140.872655014198,organic,0,saas,medium,1
L-03273,2023-06-11,0.859710064682206,2,41,2485.098703571221,referral,1,retail,small,0
L-03290,2023-06-11,0.33210118784100473,2,43,8236.36148444089,organic,0,manufacturing,large,0
L-00941,2023-06-11,0.22248225212873995,4,49,5827.198277731635,paid_search,0,finance,medium,0
L-01846,2023-06-11,0.7323191155153514,0,37,1662.1066436894323,outbound,0,saas,small,0
L-02162,2023-06-11,0.8600064980626039,6,51,3712.88324666701,referral,1,saas,medium,0
L-00584,2023-06-11,0.0038941463811326127,6,10,10037.333021320526,referral,1,healthcare,large,1
L-02914,2023-06-12,0.3239795467518164,2,27,3247.822160611437,event,1,healthcare,medium,0
L-03141,2023-06-12,0.5629578537862915,1,22,13645.30130784808,organic,0,retail,large,0
L-00686,2023-06-12,0.23878532935868324,1,2,2986.212808553729,organic,1,retail,small,0
L-02508,2023-06-12,0.7563071144709534,6,39,10309.985757779645,organic,1,finance,large,1
L-00163,2023-06-12,0.42510263199230647,3,0,1436.760798483631,outbound,1,manufacturing,small,1
L-01130,2023-06-12,0.42679562166437823,4,16,5633.370731656243,event,0,finance,medium,1
L-00162,2023-06-13,0.392735012101753,3,11,12203.57730415093,outbound,1,manufacturing,large,0
L-02075,2023-06-13,0.4065981437019629,2,13,3608.22387813228,outbound,1,healthcare,medium,0
L-01687,2023-06-13,0.9522859075503184,3,43,3228.200898209029,referral,1,healthcare,medium,0
L-03478,2023-06-13,0.5730961413415162,6,30,675.9514873168673,organic,1,finance,small,0
L-00143,2023-06-13,0.8063987287958786,4,54,1214.007858334841,paid_search,1,retail,small,0
L-03652,2023-06-13,0.5907737486375348,5,37,4779.624155955362,outbound,0,finance,medium,1
L-03484,2023-06-13,0.8838372360986316,4,24,757.1273589967963,outbound,1,manufacturing,small,1
L-02563,2023-06-13,0.8135265495805395,2,16,6260.748530771595,paid_search,0,finance,medium,0
L-03765,2023-06-13,0.4132924989528043,5,8,6375.048275598422,event,1,saas,medium,1
L-03546,2023-06-13,0.9715761249080562,1,3,8503.065718135624,referral,1,saas,large,1
L-00961,2023-06-13,0.9697937077507195,3,38,4497.483866837395,paid_search,1,manufacturing,medium,0
L-03617,2023-06-13,0.8356332590533245,2,48,8863.77894769856,referral,0,finance,large,1
L-01761,2023-06-13,0.32691945519222476,1,0,10215.815908353035,referral,1,retail,large,1
L-02191,2023-06-13,0.723678336574694,1,56,2394.536523991502,organic,1,retail,small,0
L-01874,2023-06-13,0.9990400175055532,2,48,8184.36398138224,organic,1,manufacturing,large,0
L-01339,2023-06-13,0.5207706079591689,3,58,6101.996492288062,paid_search,0,manufacturing,medium,0
L-00372,2023-06-14,0.3054806123711701,2,26,9496.954197831254,referral,1,retail,large,1
L-00064,2023-06-14,0.42365512055060506,5,37,6454.681307766334,referral,1,retail,medium,1
L-03415,2023-06-14,0.4685450294752067,3,35,2483.677181563636,referral,0,retail,small,1
L-03259,2023-06-14,0.19400004449294372,1,28,4237.880051618135,paid_search,1,retail,medium,0
L-03271,2023-06-14,0.875241809211976,1,19,3634.2438704304095,organic,1,retail,medium,1
L-03697,2023-06-14,0.900681699762243,3,29,5201.721503859233,referral,0,manufacturing,medium,1
L-01494,2023-06-14,0.12913633169820327,1,10,8633.463578979216,outbound,1,manufacturing,large,0
L-01834,2023-06-14,0.2903092567076704,3,10,18689.082339080196,organic,0,retail,large,0
L-00959,2023-06-14,0.9140200632813119,0,1,4552.897702262495,outbound,0,saas,medium,0
L-02356,2023-06-14,0.952200725408912,1,26,2898.5720068420846,referral,1,retail,small,1
L-01251,2023-06-14,0.5530130063444059,4,0,7006.80203518061,organic,1,manufacturing,medium,1
L-00906,2023-06-14,0.9679067314833601,5,13,3342.7083339682113,outbound,0,healthcare,medium,1
L-03554,2023-06-15,0.6620882682570118,2,0,890.2449264306463,outbound,0,saas,small,0
L-02472,2023-06-15,0.6478999201253002,4,46,2935.324772116934,organic,0,manufacturing,small,1
L-03885,2023-06-15,0.0420306414319922,4,14,3147.602067441865,organic,0,healthcare,medium,0
L-02748,2023-06-15,0.8688852333918029,3,3,5879.279102972736,outbound,1,healthcare,medium,0
L-01718,2023-06-15,0.9346832278674102,2,50,4474.000501493191,paid_search,0,finance,medium,0
L-03284,2023-06-15,0.19972349702103287,3,59,27629.790220759307,organic,0,healthcare,large,0
L-00495,2023-06-15,0.5221414472090018,5,30,35172.008029988276,referral,0,retail,large,1
L-01887,2023-06-15,0.8493915517084389,2,27,5329.297479674271,organic,0,retail,medium,1
L-01484,2023-06-15,0.6999810218222613,6,17,6143.255184803317,organic,0,retail,medium,0
L-01583,2023-06-15,0.7224778231674704,2,26,3722.816521755347,paid_search,1,manufacturing,medium,0
L-03764,2023-06-15,0.4699899323335527,1,20,5276.548054950013,referral,0,retail,medium,0
L-02016,2023-06-15,0.2506088744030598,8,11,3927.779574884234,outbound,1,finance,medium,1
L-03460,2023-06-16,0.6853152424192422,5,45,5565.983978071082,event,0,finance,medium,1
L-01042,2023-06-16,0.7647242191417579,2,5,16263.685950937004,paid_search,1,healthcare,large,0
L-01190,2023-06-16,0.19502946764482731,6,30,3886.555424635777,outbound,1,finance,medium,1
L-00424,2023-06-16,0.9002780996154094,7,7,1741.3265001455645,outbound,0,saas,small,1
L-03923,2023-06-16,0.30234311214228304,4,4,1395.7770198964772,event,0,saas,small,1
L-03988,2023-06-16,0.9500344632041346,5,15,2643.4448918364037,paid_search,1,saas,small,1
L-02289,2023-06-16,0.6047487132955909,4,52,7945.32018781668,paid_search,1,finance,medium,1
L-01479,2023-06-16,0.5642962058293866,3,26,2628.143239345472,organic,0,healthcare,small,1
L-00623,2023-06-16,0.9318242907953155,4,47,2870.607141219749,event,0,retail,small,0
L-00247,2023-06-16,0.6269523404322688,2,39,4607.052439090415,outbound,1,finance,medium,1
L-01224,2023-06-16,0.1390050785122653,1,33,1504.6828982065192,outbound,1,retail,small,0
L-01308,2023-06-16,0.5996188995128691,3,13,16422.09690165087,event,0,retail,large,1
L-00571,2023-06-16,0.5575834968263828,4,34,1376.338620399913,paid_search,0,healthcare,small,0
L-01634,2023-06-16,0.5890208209102176,3,44,6621.6519422814945,referral,0,retail,medium,1
L-01677,2023-06-17,0.5715158013452762,5,49,3266.8668691040175,organic,1,retail,medium,0
L-02697,2023-06-17,0.4784934381414848,1,58,3713.856230447214,referral,1,finance,medium,0
L-00971,2023-06-17,0.6508122650440348,0,33,3380.2285377588773,paid_search,1,healthcare,medium,0
L-02419,2023-06-17,0.5106606317398971,2,2,10513.404187456532,outbound,0,finance,large,1
L-02069,2023-06-17,0.1810098506701724,3,45,7739.0753846362895,organic,1,healthcare,medium,0
L-00274,2023-06-17,0.8690537862770027,2,28,50474.85651592708,paid_search,0,saas,large,1
L-02494,2023-06-17,0.27138813282503704,8,26,2065.8582444355347,organic,0,retail,small,0
L-00928,2023-06-17,0.3651847030210672,8,27,6939.52811335212,paid_search,1,saas,medium,0
L-01078,2023-06-17,0.6088078092055942,4,15,15492.75928248035,paid_search,0,healthcare,large,1
L-00164,2023-06-17,0.8794117334876851,0,3,1070.2116439531649,outbound,1,finance,small,1
L-00731,2023-06-17,0.2987590706226323,3,24,707.0620037413884,organic,0,retail,small,0
L-00463,2023-06-17,0.5922749504444044,3,14,4345.576970879846,organic,0,healthcare,medium,1
L-01184,2023-06-18,0.0576926716664401,7,3,2312.3625365331445,organic,1,healthcare,small,1
L-01373,2023-06-18,0.16317815706414363,0,24,7761.2956021831105,paid_search,0,retail,medium,1
L-02961,2023-06-18,0.15907175482750224,1,32,10433.222678526026,organic,1,healthcare,large,0
L-03208,2023-06-18,0.07296134116013575,4,55,1290.424537170852,organic,0,saas,small,0
L-03562,2023-06-18,0.10119944592677466,6,50,2490.7376393863888,paid_search,1,finance,small,1
L-03566,2023-06-18,0.6622688038312864,5,8,3241.9282563818874,organic,0,healthcare,medium,0
L-02340,2023-06-19,0.12742667107259964,5,27,3508.414643105799,paid_search,0,finance,medium,0
L-03070,2023-06-19,0.2943229748348336,0,49,3664.857158440313,referral,1,retail,medium,0
L-03368,2023-06-19,0.8282250273143216,3,24,3398.5604062072844,organic,0,retail,medium,0
L-02223,2023-06-19,0.1528132640522074,2,2,8990.187730959526,organic,1,retail,large,1
L-01058,2023-06-19,0.21557071033021835,3,16,7059.05464370668,referral,0,manufacturing,medium,0
L-01332,2023-06-19,0.02620148418779311,0,38,2306.7877955274234,paid_search,1,finance,small,0
L-00776,2023-06-19,0.648596791470432,5,48,6304.5861515175575,outbound,0,saas,medium,0
L-02924,2023-06-19,0.474382132911368,0,44,4242.471589421639,outbound,1,retail,medium,1
L-02693,2023-06-19,0.8545268680421961,3,54,20786.293897010615,organic,1,saas,large,1
L-02275,2023-06-19,0.04206644205306098,5,18,9899.42136188011,organic,0,manufacturing,large,1
L-02249,2023-06-19,0.8001999430365032,6,43,3188.8961965705853,referral,1,finance,medium,0
L-02475,2023-06-19,0.6545699662789818,3,41,11366.766330493645,paid_search,1,retail,large,1
L-03770,2023-06-19,0.8013173262158622,1,30,9499.671614845707,outbound,0,manufacturing,large,0
L-03668,2023-06-20,0.6571697584241699,5,26,8342.077812956328,organic,1,finance,large,0
L-01840,2023-06-20,0.6825597934324997,1,54,1666.1384141545775,organic,0,saas,small,1
L-00499,2023-06-20,0.4986000383921264,4,14,3699.203894431579,organic,1,finance,medium,0
L-01436,2023-06-20,0.3287855978101033,6,58,7013.451836096606,referral,0,saas,medium,0
L-03007,2023-06-20,0.6507798355741427,1,16,3718.0603354956947,organic,1,healthcare,medium,1
L-00953,2023-06-21,0.9133811065621014,5,28,1226.9653042687464,event,1,finance,small,0
L-00546,2023-06-21,0.9699318830498087,2,25,8652.405951302848,paid_search,1,healthcare,large,1
L-02989,2023-06-21,0.10309947008530995,4,17,8548.849272222085,paid_search,1,manufacturing,large,1
L-01686,2023-06-21,0.3480130146710706,3,48,2937.751150849504,organic,1,finance,small,0
L-02759,2023-06-21,0.9321134483711719,2,9,2682.2539840268523,event,1,saas,small,1
L-03217,2023-06-21,0.03786611664312822,4,57,2620.2421691998165,referral,1,healthcare,small,0
L-01495,2023-06-22,0.8163570725758271,4,56,1341.6760912823581,outbound,0,healthcare,small,0
L-02565,2023-06-22,0.6605836755045515,7,32,8945.353994446086,outbound,1,manufacturing,large,0
L-02761,2023-06-22,0.5037563377671381,4,58,18196.38397040535,event,1,finance,large,1
L-03172,2023-06-22,0.8372102148616549,3,31,3855.079405450005,referral,1,finance,medium,1
L-00993,2023-06-22,0.548954532694496,3,14,7257.057414135908,organic,0,manufacturing,medium,1
L-03675,2023-06-22,0.9037907080779705,4,2,8263.968818595693,organic,0,manufacturing,large,1
L-00794,2023-06-22,0.8465982162878168,1,50,2587.775863531157,paid_search,0,finance,small,0
L-01740,2023-06-22,0.211193720029058,2,55,7415.318501124471,outbound,0,manufacturing,medium,0
L-03774,2023-06-22,0.22344461672983884,6,11,2905.1176787042623,organic,0,healthcare,small,0
L-01152,2023-06-22,0.35385863932333395,2,6,3907.875884121518,outbound,0,healthcare,medium,0
L-00472,2023-06-22,0.7233203309671565,1,21,10232.706755962892,event,0,manufacturing,large,0
L-00237,2023-06-22,0.3201609688928694,1,24,6847.640495193671,paid_search,1,healthcare,medium,1
L-00434,2023-06-23,0.6972736618299291,1,6,8199.49896832589,paid_search,1,finance,large,0
L-02660,2023-06-23,0.6861293100027828,4,1,7941.141527371462,paid_search,1,finance,medium,0
L-02716,2023-06-23,0.3447661939659543,2,39,7872.343538999821,organic,1,saas,medium,0
L-02006,2023-06-23,0.495300616385842,4,32,4889.4309526480065,paid_search,0,healthcare,medium,0
L-00632,2023-06-23,0.8877616757138874,6,18,2323.4878814915724,referral,0,finance,small,1
L-01923,2023-06-23,0.9229434198401747,6,9,3512.1544884545547,organic,0,saas,medium,0
L-01443,2023-06-23,0.3643615764756113,2,57,11234.561653987568,referral,0,healthcare,large,0
L-01099,2023-06-23,0.16994059136106732,2,48,10991.096479575896,paid_search,1,saas,large,1
L-02998,2023-06-23,0.35318782972096086,4,10,3219.8959259510902,organic,1,retail,medium,1
L-00620,2023-06-23,0.8774769812242594,2,3,5562.708933880955,paid_search,1,retail,medium,0
L-00004,2023-06-23,0.11589886531924942,6,23,8426.722806014262,organic,1,manufacturing,large,0
L-02933,2023-06-23,0.2509096288749123,1,30,3796.0781787910555,paid_search,0,finance,medium,0
L-00154,2023-06-23,0.6024102530914477,4,22,9037.512919608485,paid_search,1,saas,large,0
L-00406,2023-06-23,0.5558774048757611,4,48,6105.397295944869,outbound,0,finance,medium,0
L-03219,2023-06-23,0.12267346961198411,4,18,21358.945453499487,paid_search,0,saas,large,0
L-03324,2023-06-23,0.1452724673660355,3,33,5217.3079288865065,outbound,1,manufacturing,medium,0
L-01038,2023-06-24,0.18431000208985737,2,15,2265.644478200718,outbound,0,healthcare,small,0
L-03618,2023-06-24,0.6055916435947739,1,21,4089.8880549526853,event,0,manufacturing,medium,0
L-00139,2023-06-24,0.8442723575824446,1,43,3343.5101950737126,outbound,1,finance,medium,1
L-00081,2023-06-24,0.20018343058485955,6,51,5722.041584686405,event,1,saas,medium,0
L-00090,2023-06-24,0.36129889885268307,3,45,6119.37282013028,referral,0,healthcare,medium,0
L-03260,2023-06-24,0.6507989615178819,1,53,4009.8657710918146,paid_search,1,finance,medium,0
L-00353,2023-06-24,0.5482733178581887,3,52,5862.27667314814,outbound,0,healthcare,medium,0
L-03892,2023-06-24,0.5177397870741632,3,16,6186.9000262802565,paid_search,0,retail,medium,0
L-02317,2023-06-24,0.78785995203387,2,51,3502.0235115293094,organic,0,retail,medium,1
L-02953,2023-06-24,0.9806402751425881,6,24,2097.846153024431,paid_search,1,finance,small,1
L-03743,2023-06-25,0.8969427918333073,1,46,9651.216911964224,outbound,1,finance,large,1
L-00297,2023-06-25,0.043175225056884536,4,58,3746.431100267193,event,0,saas,medium,0
L-03103,2023-06-25,0.6144032510643201,3,2,5094.075184981739,event,1,manufacturing,medium,1
L-00120,2023-06-25,0.2739061686060452,4,28,2059.1700241846456,event,1,saas,small,0
L-01991,2023-06-25,0.4230863863003276,8,4,7842.5901870063135,referral,1,retail,medium,1
L-02915,2023-06-25,0.8149022590520024,1,59,2119.734266188059,referral,0,finance,small,1
L-00003,2023-06-25,0.6507945897177367,2,40,13566.593370629185,referral,0,manufacturing,large,1
L-03080,2023-06-25,0.17446214376057456,4,35,4126.4860751340275,paid_search,0,manufacturing,medium,0
L-03859,2023-06-25,0.25245125869659113,0,41,4625.4529025457405,organic,1,manufacturing,medium,1
L-00755,2023-06-25,0.797517204053179,2,41,5332.843815473958,outbound,0,healthcare,medium,1
L-03550,2023-06-25,0.28786140049078257,3,6,9221.90039781044,referral,1,retail,large,0
L-02564,2023-06-25,0.16039680505608056,3,54,4261.883015189954,event,1,finance,medium,0
L-01417,2023-06-25,0.7867867120225087,3,39,9738.604074135255,organic,0,manufacturing,large,0
L-02840,2023-06-25,0.8789290329477213,3,13,10583.48526117275,organic,1,saas,large,1
L-02134,2023-06-26,0.5093003132248218,7,9,1453.4480755487964,outbound,0,finance,small,1
L-03124,2023-06-26,0.5525479397729799,5,59,8113.276467171841,referral,0,finance,large,1
L-00284,2023-06-26,0.2043595452116388,3,56,4390.995381916402,organic,1,retail,medium,0
L-00799,2023-06-26,0.770395383181327,8,24,9173.176447905651,referral,1,saas,large,1
L-03623,2023-06-26,0.6145639412952608,8,21,4407.889750747324,event,0,saas,medium,1
L-02077,2023-06-26,0.5739842081524886,0,56,2643.3344994507647,referral,0,manufacturing,small,0
L-03355,2023-06-26,0.9283071330971238,4,48,5673.763275061107,outbound,0,healthcare,medium,0
L-01219,2023-06-26,0.3306005541409779,4,10,7600.164612230062,referral,0,finance,medium,0
L-03813,2023-06-27,0.7165401940019428,4,15,1861.2727168422598,organic,0,finance,small,1
L-02156,2023-06-27,0.9076959035384226,2,45,5149.205334490737,organic,0,manufacturing,medium,0
L-02145,2023-06-27,0.25520889959908166,1,17,2656.3952411420078,referral,1,retail,small,1
L-03811,2023-06-27,0.07469312003315187,7,15,3503.4531836496076,paid_search,0,manufacturing,medium,1
L-01262,2023-06-27,0.07177709306076874,4,46,7457.584756841398,paid_search,1,saas,medium,0
L-01728,2023-06-27,0.7096195098859123,3,52,1302.316352882132,outbound,0,retail,small,0
L-02520,2023-06-27,0.08477474277224473,3,26,5848.195004180812,outbound,0,saas,medium,1
L-01292,2023-06-27,0.5790266081990517,4,41,7295.879893541455,paid_search,1,saas,medium,1
L-00029,2023-06-27,0.5935155924421922,4,17,7813.948052098729,organic,1,healthcare,medium,1
L-03488,2023-06-27,0.41210483518107344,2,32,9705.370856368065,referral,1,retail,large,0
L-00934,2023-06-27,0.66683328569045,1,17,6719.984823204739,organic,0,healthcare,medium,1
L-03600,2023-06-28,0.5316564284688854,8,31,9411.64908995408,outbound,0,healthcare,large,1
L-00185,2023-06-28,0.16997852119578571,3,47,2672.645049647443,outbound,0,manufacturing,small,0
L-00868,2023-06-28,0.9307111812056468,1,1,4360.1159051928225,organic,0,manufacturing,medium,1
L-03615,2023-06-28,0.22684148463223253,4,6,2632.7551313522217,outbound,0,manufacturing,small,0
L-00688,2023-06-28,0.2551246560576339,4,53,4780.226033191752,paid_search,1,finance,medium,0
L-00218,2023-06-28,0.9474930450447849,2,11,9803.104931306068,organic,1,saas,large,1
L-03779,2023-06-28,0.08762291140653711,2,11,5086.778817955719,outbound,0,manufacturing,medium,0
L-03555,2023-06-28,0.8790038848027194,2,31,5552.276851950338,event,0,healthcare,medium,0
L-02859,2023-06-28,0.2787101805563399,3,47,1213.3009413170892,outbound,1,saas,small,0
L-00922,2023-06-28,0.16104568281993992,3,55,14345.39719880408,organic,1,retail,large,0
L-01642,2023-06-28,0.8158333553266057,5,37,1755.5335336996507,organic,0,manufacturing,small,0
L-02734,2023-06-28,0.9093013156402705,2,10,2099.1873611548967,paid_search,1,healthcare,small,1
L-00266,2023-06-28,0.7515195602793934,4,20,2213.787205500908,referral,1,saas,small,1
L-02801,2023-06-28,0.20872688343696055,4,4,10043.391633332307,paid_search,1,healthcare,large,0
L-00046,2023-06-28,0.4449377610270062,0,36,4494.341428427388,referral,0,retail,medium,0
L-00213,2023-06-29,0.48237600462911445,0,20,12484.405934414663,referral,0,finance,large,0
L-03079,2023-06-29,0.7173107187064043,1,51,17892.721761498207,paid_search,1,saas,large,1
L-01091,2023-06-29,0.9160583313018277,5,31,1137.4950716288577,outbound,0,retail,small,1
L-01472,2023-06-29,0.5523327502406995,0,41,2836.609014048961,referral,0,healthcare,small,0
L-01183,2023-06-29,0.17377688778239075,0,44,3250.8584302912127,paid_search,0,healthcare,medium,0
L-00882,2023-06-29,0.5496733992627437,5,8,7142.046210579812,organic,1,manufacturing,medium,1
L-01056,2023-06-29,0.617347099925686,3,1,1419.7491050606607,outbound,1,healthcare,small,0
L-02381,2023-06-29,0.3201047658865469,3,6,6601.116533363559,outbound,1,manufacturing,medium,0
L-03746,2023-06-29,0.18314034584978023,3,46,3372.3190881435125,organic,1,retail,medium,1
L-02039,2023-06-29,0.8215552326388926,5,41,1881.285515276238,organic,1,saas,small,0
L-01889,2023-06-29,0.25477242409753664,3,27,3199.189312960628,organic,1,healthcare,medium,0
L-01330,2023-06-29,0.944145646660466,1,2,8880.34281660517,organic,1,manufacturing,large,1
L-03499,2023-06-29,0.25490090380257047,5,51,2955.600810411019,event,1,finance,small,0
L-01372,2023-06-29,0.8551639464842137,5,40,2426.4696304097015,organic,0,healthcare,small,1
L-01318,2023-06-29,0.08555764101839314,2,58,6215.825050436763,event,1,retail,medium,0
L-03816,2023-06-30,0.3002481086293015,3,36,8556.42838655123,referral,1,saas,large,1
L-03452,2023-06-30,0.747505887763953,3,47,2610.52889555956,referral,1,finance,small,1
L-02644,2023-06-30,0.2729398117749001,3,55,2608.758421254332,organic,1,saas,small,1
L-01918,2023-06-30,0.660461145310457,3,26,9013.694304702834,event,1,saas,large,1
L-03142,2023-06-30,0.3189695925826421,4,25,5153.130595267372,event,0,healthcare,medium,0
L-02434,2023-06-30,0.5758336185818038,1,33,2780.703415550709,referral,1,manufacturing,small,0
L-03665,2023-06-30,0.696040961424093,3,6,1969.3423709946217,organic,0,finance,small,1
L-03980,2023-06-30,0.500868729526769,2,59,7157.275585698007,event,1,saas,medium,0
L-03586,2023-06-30,0.5686598178483223,3,45,6769.092006719251,organic,0,manufacturing,medium,1
L-00019,2023-06-30,0.37371800288235135,0,51,4862.165769703425,outbound,1,finance,medium,0
L-02577,2023-06-30,0.07906917736795571,4,53,2698.0578574805563,outbound,1,retail,small,0
L-00030,2023-06-30,0.021831391645811604,3,27,21492.749073353345,paid_search,1,saas,large,1
L-02216,2023-06-30,0.6789856609149371,4,54,1832.8555487624124,paid_search,1,finance,small,1
L-01367,2023-07-01,0.6474108228760695,1,58,4324.308395125583,referral,0,saas,medium,1
L-03883,2023-07-01,0.959813832936877,4,58,1564.792978196234,referral,0,finance,small,0
L-00832,2023-07-01,0.46279893781678505,2,37,3360.571296340222,outbound,0,healthcare,medium,0
L-03396,2023-07-01,0.31218007260679626,4,12,14867.249405039498,outbound,1,finance,large,0
L-02204,2023-07-01,0.7461813006151257,2,22,3688.736203489427,organic,1,saas,medium,1
L-01852,2023-07-01,0.3667430989299597,4,8,3176.0157215534646,organic,0,finance,medium,1
L-02046,2023-07-01,0.24148960636480687,2,7,11314.859751102096,outbound,1,finance,large,1
L-01565,2023-07-01,0.812190551851192,1,20,5465.5289705545,outbound,1,saas,medium,0
L-00791,2023-07-01,0.07513940793219631,1,44,8821.478980646993,outbound,1,saas,large,0
L-02336,2023-07-01,0.018231072988983632,3,46,6059.9965922269175,outbound,0,finance,medium,1
L-00505,2023-07-01,0.05332508493334065,1,16,21260.479917511828,referral,1,saas,large,1
L-02242,2023-07-01,0.47628454308368107,1,46,2216.025623774583,paid_search,1,healthcare,small,0
L-01802,2023-07-01,0.31238781220203726,2,53,2711.744678548567,referral,1,healthcare,small,0
L-02390,2023-07-01,0.2010161486775599,2,32,3243.7062753042346,event,1,healthcare,medium,0
L-03442,2023-07-02,0.8187018277030144,2,42,10575.571608039696,organic,0,healthcare,large,1
L-01457,2023-07-02,0.9023032049180275,2,52,11359.976489450499,organic,1,retail,large,1
L-00870,2023-07-02,0.6214584065019442,5,51,2007.5466494995046,event,1,retail,small,0
L-02179,2023-07-02,0.8988168923369179,3,8,9377.553538578086,outbound,1,manufacturing,large,0
L-00221,2023-07-02,0.452450234834758,1,2,8132.700669284172,organic,0,manufacturing,large,0
L-02844,2023-07-02,0.3948408927006323,3,42,4066.6233302678747,paid_search,0,healthcare,medium,0
L-01742,2023-07-02,0.8564960009015917,4,13,2793.7071473620344,paid_search,0,healthcare,small,0
L-00536,2023-07-02,0.7814658394024216,4,21,5399.517984647393,organic,1,finance,medium,1
L-02845,2023-07-02,0.301461667988017,4,47,22264.280883885112,referral,1,healthcare,large,1
L-00204,2023-07-02,0.3232658843651046,1,10,4804.507996855304,organic,1,healthcare,medium,0
L-02990,2023-07-02,0.006878011034333054,4,41,14226.431870679138,paid_search,0,healthcare,large,0
L-02506,2023-07-03,0.4116556951297361,1,32,5812.235927511072,referral,0,finance,medium,0
L-00113,2023-07-03,0.6131094189941395,1,21,3099.087155551312,referral,1,manufacturing,medium,0
L-03015,2023-07-03,0.29126326671434144,7,12,1983.8940074304455,paid_search,0,saas,small,1
L-00915,2023-07-03,0.15498517810605672,4,29,19501.008716888668,paid_search,1,saas,large,1
L-02003,2023-07-03,0.24097716026311733,0,8,3585.603486187061,organic,0,manufacturing,medium,0
L-00904,2023-07-03,0.37912506109154853,1,50,37848.31743108462,outbound,0,retail,large,1
L-01554,2023-07-03,0.2924677048065638,2,26,4559.818802883212,organic,1,manufacturing,medium,0
L-00797,2023-07-03,0.3532895494369468,1,57,10226.73160347637,outbound,0,retail,large,0
L-02273,2023-07-04,0.8624783669834785,2,50,7320.94498485625,organic,1,manufacturing,medium,1
L-02581,2023-07-04,0.7906014890556002,6,56,1757.0767819587472,outbound,1,saas,small,0
L-00938,2023-07-04,0.2446271327590287,0,52,32284.04492642246,event,1,manufacturing,large,0
L-01212,2023-07-04,0.790648806600495,2,51,3828.0787398728366,outbound,1,saas,medium,1
L-00646,2023-07-04,0.7294104595993042,4,38,4802.282210847469,event,0,healthcare,medium,0
L-02019,2023-07-04,0.7212701459238856,1,5,5295.069178380672,organic,1,retail,medium,0
L-03131,2023-07-04,0.17518539725105875,1,11,2573.5896795964527,referral,0,healthcare,small,0
L-00175,2023-07-04,0.5657902193740906,3,48,5653.418689035923,paid_search,1,finance,medium,1
L-02729,2023-07-04,0.41002971371031194,4,12,4920.748775867053,paid_search,0,healthcare,medium,1
L-00334,2023-07-04,0.42839264584146564,4,5,1759.1033750089284,outbound,1,retail,small,0
L-01519,2023-07-04,0.7653765223943273,3,54,3424.5592199632847,organic,1,healthcare,medium,1
L-02188,2023-07-04,0.06961100179860558,2,3,7597.219813048512,referral,0,saas,medium,0
L-02464,2023-07-05,0.17491695277071884,4,40,2929.809788225165,paid_search,1,manufacturing,small,0
L-03291,2023-07-05,0.44835775732845873,5,15,5002.909432367155,outbound,1,manufacturing,medium,1
L-00230,2023-07-05,0.33901585757326036,4,26,4594.247112931978,outbound,0,finance,medium,0
L-02715,2023-07-05,0.19379261277241266,7,14,3158.3243885613447,event,0,manufacturing,medium,1
L-03953,2023-07-05,0.0455806536675446,1,8,3937.779885193093,referral,0,retail,medium,1
L-03630,2023-07-05,0.4212735605515239,1,42,2975.510303723861,organic,0,manufacturing,small,0
L-02076,2023-07-05,0.6492090265819204,1,43,6096.075385973234,organic,0,healthcare,medium,1
L-01247,2023-07-05,0.8019068334907483,5,15,18542.004090047187,outbound,0,healthcare,large,0
L-00611,2023-07-05,0.8192593855599865,3,2,7156.772282525747,event,1,saas,medium,1
L-02408,2023-07-05,0.8750233187739541,3,22,8944.983753987364,event,1,manufacturing,large,1
L-00484,2023-07-05,0.8157306355510568,4,46,1294.6874556813116,paid_search,1,retail,small,0
L-00072,2023-07-05,0.2794873735701896,1,14,1025.0958148426937,referral,0,manufacturing,small,1
L-02353,2023-07-05,0.051952503758055935,4,4,15005.02766614187,organic,0,manufacturing,large,0
L-01498,2023-07-06,0.3920424618618562,4,38,6308.1296029004,organic,1,manufacturing,medium,0
L-01074,2023-07-06,0.869091870518529,6,51,5240.582966043341,referral,0,retail,medium,1
L-03089,2023-07-06,0.29047033442889747,1,24,12114.671190203831,organic,0,saas,large,1
L-00276,2023-07-06,0.5561902967977893,7,14,14416.153618211438,organic,1,healthcare,large,1
L-02643,2023-07-06,0.038958789416123185,3,41,2128.2383256124986,organic,0,retail,small,0
L-00053,2023-07-06,0.8426546217181962,2,19,6561.36335950337,referral,0,retail,medium,0
L-01953,2023-07-06,0.7149168892649178,4,14,2259.631704765094,referral,1,manufacturing,small,1
L-00473,2023-07-06,0.5197536596958431,3,42,10403.23435208859,referral,1,saas,large,1
L-00709,2023-07-06,0.6428037643335816,2,2,2570.363864412931,organic,0,finance,small,1
L-01801,2023-07-07,0.2066298260523869,4,43,5679.015801640754,outbound,1,healthcare,medium,1
L-01967,2023-07-07,0.15816786365205648,3,50,19149.871699474013,referral,1,retail,large,0
L-01767,2023-07-07,0.3369866188668009,2,0,1701.7588681078125,outbound,0,saas,small,0
L-02453,2023-07-07,0.6604522384933692,1,49,2219.8782648709102,referral,0,manufacturing,small,1
L-01101,2023-07-07,0.19541958841062246,4,26,16983.502050007966,referral,0,finance,large,1
L-03285,2023-07-07,0.11228622980023839,4,51,2471.234164469802,event,1,manufacturing,small,0
L-00069,2023-07-07,0.5045452397039372,5,0,5600.9597214487085,outbound,1,manufacturing,medium,0
L-01696,2023-07-07,0.2994114948165244,1,18,6082.18909557517,referral,0,finance,medium,1
L-02526,2023-07-07,0.7241917017491767,3,3,7381.406345335426,paid_search,1,manufacturing,medium,1
L-02975,2023-07-07,0.41197472401198787,8,56,14509.918830979705,paid_search,1,finance,large,0
L-03559,2023-07-07,0.14927143424123634,3,28,4543.937666547454,paid_search,1,healthcare,medium,1
L-03661,2023-07-07,0.015396654960569855,0,14,3048.7786089311653,referral,0,manufacturing,medium,1
L-00366,2023-07-07,0.26331728225648554,5,45,2803.7455565995233,referral,0,saas,small,0
L-03138,2023-07-07,0.22739094562284856,3,41,2827.876447581154,outbound,1,saas,small,1
L-01711,2023-07-07,0.7583722765985429,1,1,8915.677930078395,outbound,0,retail,large,1
L-02548,2023-07-08,0.7257083957377433,2,31,5043.827766977222,outbound,0,saas,medium,0
L-02912,2023-07-08,0.3873929297643537,3,28,4829.107426933121,organic,0,healthcare,medium,1
L-03122,2023-07-08,0.43165020810125265,0,1,3482.741453089167,organic,0,retail,medium,1
L-00123,2023-07-08,0.19294173649348212,7,1,8230.415162517635,paid_search,0,saas,large,1
L-00108,2023-07-08,0.34153826220162287,2,4,9060.682735903141,outbound,1,manufacturing,large,0
L-01430,2023-07-08,0.5625281207559786,3,38,7403.658783439903,paid_search,0,manufacturing,medium,0
L-03937,2023-07-08,0.3937713114004048,5,54,9425.23970266383,referral,0,manufacturing,large,0
L-02458,2023-07-09,0.044941403509207056,4,10,3670.664164416093,paid_search,1,saas,medium,0
L-00973,2023-07-09,0.930594270876904,3,38,4677.388582650575,organic,1,manufacturing,medium,1
L-02394,2023-07-09,0.35933903396338873,4,57,5192.882827929369,organic,0,saas,medium,0
L-03450,2023-07-09,0.005850022673607236,7,3,4606.982333126159,organic,1,retail,medium,0
L-03409,2023-07-09,0.8181129185255726,1,15,5650.02901500531,organic,1,finance,medium,0
L-02025,2023-07-09,0.9468922911337576,1,14,6891.934860128244,referral,0,healthcare,medium,0
L-02462,2023-07-09,0.32717085847590577,3,20,4141.0413833785215,outbound,1,manufacturing,medium,1
L-00289,2023-07-09,0.29231154342999166,3,15,3152.8027449111923,paid_search,0,manufacturing,medium,0
L-00943,2023-07-09,0.1686448818049786,5,1,6442.841001618539,organic,0,finance,medium,0
L-03635,2023-07-09,0.6686947628434194,2,50,4958.935126943444,organic,1,saas,medium,1
L-01788,2023-07-09,0.34900422555545063,4,14,2984.4506331025436,paid_search,0,finance,small,0
L-03873,2023-07-10,0.1549689931498922,5,15,6448.279443747154,referral,0,saas,medium,1
L-00708,2023-07-10,0.1703915091586249,3,58,3334.464304316313,organic,0,manufacturing,medium,0
L-00518,2023-07-10,0.5486140593222075,7,4,8742.87506060589,organic,1,finance,large,1
L-01419,2023-07-10,0.8502836851553842,4,27,3524.1402997444793,outbound,1,retail,medium,0
L-02238,2023-07-10,0.5369999384184994,3,59,9458.963009919544,outbound,0,healthcare,large,0
L-03989,2023-07-10,0.48326248208841704,3,21,6062.27044395745,referral,1,retail,medium,1
L-02455,2023-07-10,0.33427341171438174,7,42,7054.213760193174,outbound,0,manufacturing,medium,0
L-00075,2023-07-10,0.5307232910602341,0,50,2799.852074554245,referral,0,retail,small,1
L-01540,2023-07-10,0.8887954941814333,4,3,3122.2021473608,organic,0,saas,medium,1
L-03497,2023-07-10,0.3062595609368469,4,23,6584.735372023838,outbound,1,manufacturing,medium,1
L-03970,2023-07-10,0.3855561286437489,1,42,3065.1137570039905,outbound,1,healthcare,medium,0
L-02979,2023-07-10,0.9140047054509676,2,33,10781.003643291884,outbound,0,healthcare,large,1
L-03845,2023-07-10,0.8891976853146673,3,12,7481.805071096013,paid_search,0,saas,medium,1
L-00972,2023-07-10,0.12818207318280406,3,23,14342.899047055496,outbound,1,retail,large,1
L-03137,2023-07-10,0.03988560271314401,1,0,3685.1288733012934,outbound,1,healthcare,medium,0
L-01100,2023-07-11,0.9532037745086486,1,59,14639.75307785433,paid_search,0,saas,large,0
L-00784,2023-07-11,0.21663343820587244,2,34,3488.212912958589,referral,1,finance,medium,0
L-01201,2023-07-11,0.9227390958251673,3,23,4699.603242686371,outbound,0,finance,medium,1
L-01507,2023-07-11,0.8099364737117083,2,43,7968.587381044538,organic,1,healthcare,medium,1
L-03261,2023-07-11,0.585068756092854,3,8,2830.608695659026,referral,0,retail,small,1
L-03055,2023-07-11,0.27468553268082985,2,2,7683.206199460102,organic,1,finance,medium,1
L-02959,2023-07-11,0.714640161179027,3,1,2958.314698479623,outbound,0,manufacturing,small,1
L-00767,2023-07-11,0.6753444706761884,5,25,6811.060926246735,paid_search,0,retail,medium,1
L-02768,2023-07-11,0.21434543694778307,1,58,3589.886951643506,organic,0,saas,medium,0
L-01794,2023-07-11,0.5623294944177438,2,42,5865.4883910522,outbound,1,healthcare,medium,0
L-01798,2023-07-11,0.41528141373879146,2,50,3340.2585468014795,outbound,1,saas,medium,0
L-00621,2023-07-11,0.9595962620594948,5,31,7118.618286316122,referral,0,saas,medium,0
L-00643,2023-07-12,0.8629263749548285,2,25,1025.3034914294567,paid_search,0,healthcare,small,1
L-02177,2023-07-12,0.9858532004423277,4,40,33370.370617874316,paid_search,1,retail,large,1
L-03071,2023-07-12,0.34364592572976427,1,10,11472.523171126193,outbound,1,saas,large,0
L-01931,2023-07-12,0.5861093839143664,2,29,7586.981254357439,referral,0,healthcare,medium,1
L-03922,2023-07-12,0.7468576231363655,4,50,1900.121022581963,paid_search,1,saas,small,1
L-01807,2023-07-12,0.6295854164725958,2,9,9012.602886532075,outbound,1,manufacturing,large,0
L-03655,2023-07-12,0.20291978306153358,2,35,7450.640213658575,organic,0,retail,medium,1
L-02685,2023-07-12,0.3478706617210682,3,18,7621.255453428929,event,0,saas,medium,1
L-03854,2023-07-12,0.04334227704126392,4,26,11894.805722708918,event,0,finance,large,0
L-03426,2023-07-12,0.9506488791489356,4,9,7959.868038081139,outbound,0,saas,medium,1
L-00275,2023-07-12,0.036430195682883304,4,34,3979.838662046734,referral,1,saas,medium,1
L-01145,2023-07-13,0.6394944354905275,6,52,5456.847459194644,organic,1,manufacturing,medium,1
L-01516,2023-07-13,0.6094293684969674,5,48,6095.642676956331,paid_search,1,finance,medium,0
L-02843,2023-07-13,0.42907511598681936,3,52,2479.3030706663644,outbound,1,retail,small,0
L-02957,2023-07-14,0.24298586196281913,5,39,2286.570895635377,outbound,1,manufacturing,small,0
L-02415,2023-07-14,0.7752332521932148,4,30,2132.9511332256016,organic,1,retail,small,0
L-00281,2023-07-14,0.1881042281213513,2,48,4950.002677511286,paid_search,1,saas,medium,0
L-01030,2023-07-15,0.7899059817355876,4,12,5721.457735410038,paid_search,0,retail,medium,1
L-00443,2023-07-15,0.5394377586643895,4,32,3725.04362289,organic,1,finance,medium,0
L-01243,2023-07-15,0.29992490582789555,2,57,13242.607626267582,paid_search,0,manufacturing,large,0
L-02155,2023-07-15,0.006324647239735359,3,24,4741.655892620656,organic,0,manufacturing,medium,0
L-03014,2023-07-15,0.19696645595947704,3,15,11721.234518602289,organic,1,saas,large,1
L-00650,2023-07-15,0.9930988627176359,4,12,2097.716216374746,organic,0,saas,small,1
L-01491,2023-07-15,0.0024779308570230807,2,45,3029.2418501806305,paid_search,1,retail,medium,0
L-00728,2023-07-15,0.39345707398832175,3,31,3968.0189608411124,outbound,1,saas,medium,1
L-01476,2023-07-16,0.8267149196021867,1,36,5689.4417719180165,organic,1,saas,medium,1
L-03643,2023-07-16,0.37555964245750817,4,23,6204.561788707455,referral,1,manufacturing,medium,1
L-01917,2023-07-16,0.5448500336894607,1,56,1262.4430881718304,outbound,0,retail,small,0
L-02297,2023-07-16,0.589287703664628,5,40,7231.753480132827,paid_search,0,finance,medium,0
L-03708,2023-07-16,0.057623471547056604,4,13,4141.649315558366,referral,1,healthcare,medium,1
L-00283,2023-07-16,0.7037776945402245,0,39,2668.187260178269,referral,0,retail,small,1
L-01115,2023-07-16,0.6324462346907863,3,19,4937.694204843274,event,0,manufacturing,medium,0
L-02738,2023-07-16,0.1312049607157758,2,28,4898.203310909509,outbound,1,healthcare,medium,1
L-00717,2023-07-16,0.9908724780022046,3,16,10077.467839834639,paid_search,0,retail,large,1
L-03140,2023-07-16,0.621480557535144,3,46,3478.6039028747496,outbound,0,manufacturing,medium,0
L-01017,2023-07-17,0.09155983437056892,0,0,3871.7223283001936,paid_search,0,retail,medium,1
L-02976,2023-07-17,0.4651019284640959,4,18,5228.346844071911,paid_search,0,saas,medium,1
L-00234,2023-07-17,0.7485144668930954,7,48,6259.327360940665,outbound,0,finance,medium,1
L-00251,2023-07-17,0.7718605408439257,1,31,2488.748064099779,organic,0,retail,small,0
L-03139,2023-07-17,0.8427712776094288,1,32,6626.292751412299,paid_search,1,healthcare,medium,0
L-00562,2023-07-17,0.7467317148380467,4,0,3509.4279308709492,paid_search,1,retail,medium,1
L-02539,2023-07-17,0.36610566221644936,4,18,5628.494008952098,referral,0,healthcare,medium,0
L-01548,2023-07-17,0.11444531897113008,2,41,918.5917196283475,event,0,saas,small,0
L-01518,2023-07-17,0.5433514174237577,2,10,1891.6628406491068,referral,0,manufacturing,small,1
L-03659,2023-07-17,0.7467248762917983,3,1,8077.664000520067,organic,0,retail,large,1
L-03841,2023-07-17,0.3328248623150991,2,30,14359.533075959345,organic,0,manufacturing,large,0
L-01119,2023-07-17,0.2728359766764573,5,8,9815.244994763301,paid_search,0,manufacturing,large,1
L-01352,2023-07-18,0.03872260122899618,2,40,992.0063413927245,paid_search,1,retail,small,0
L-02010,2023-07-18,0.26378604217576673,8,3,20712.522958910064,referral,0,healthcare,large,1
L-02641,2023-07-18,0.0009261067314049187,3,32,6537.1922678749415,referral,1,retail,medium,1
L-00182,2023-07-18,0.8381365548303041,2,47,4731.741502653578,paid_search,0,saas,medium,0
L-00184,2023-07-18,0.5264600906350138,2,6,6187.511628637128,organic,1,manufacturing,medium,0
L-01813,2023-07-18,0.061595060914180766,3,16,6535.356464194443,paid_search,1,healthcare,medium,0
L-00202,2023-07-18,0.8947285817147318,4,46,3143.3763622567917,outbound,0,healthcare,medium,0
L-03449,2023-07-18,0.4456000297013287,1,47,10433.674440548868,organic,1,finance,large,1
L-01355,2023-07-18,0.3563174836569394,3,31,5462.08712258967,event,1,saas,medium,1
L-02663,2023-07-18,0.0830827746920515,2,8,2723.071191387095,referral,1,retail,small,0
L-03115,2023-07-19,0.9263916341645574,4,13,1472.245724783766,organic,0,finance,small,0
L-02537,2023-07-19,0.8656870353545201,5,49,16784.86996747935,outbound,1,finance,large,0
L-00054,2023-07-19,0.32390126271928843,2,50,10101.521304246235,paid_search,0,manufacturing,large,0
L-01161,2023-07-19,0.9643670083303999,4,1,3569.089396306007,referral,1,finance,medium,1
L-00404,2023-07-19,0.8057726983423014,3,27,8140.715046659048,organic,1,manufacturing,large,1
L-02947,2023-07-19,0.7830883149229926,2,11,3217.0226952915577,referral,1,manufacturing,medium,0
L-00452,2023-07-19,0.6415472033408566,6,45,4501.7293013892,organic,1,finance,medium,1
L-03637,2023-07-19,0.7114058474795725,4,31,2605.558593092043,outbound,0,manufacturing,small,0
L-02253,2023-07-20,0.5307564019360695,1,38,14486.775569280233,organic,0,healthcare,large,1
L-03926,2023-07-20,0.8193995071343285,1,37,11432.079935362148,organic,0,saas,large,1
L-03705,2023-07-20,0.4145480240903189,2,41,5848.796319278458,referral,1,saas,medium,1
L-01052,2023-07-20,0.6484481705876465,4,16,6814.839452240027,paid_search,0,manufacturing,medium,0
L-02596,2023-07-20,0.43461036073720605,5,46,2370.5292328707947,paid_search,1,manufacturing,small,0
L-00179,2023-07-20,0.9697715788310101,1,9,2632.475594336984,paid_search,1,healthcare,small,0
L-00405,2023-07-20,0.24726708307944445,7,13,9929.124715060978,referral,1,manufacturing,large,1
L-00020,2023-07-20,0.6513349987400464,3,31,2957.86176680786,organic,0,retail,small,0
L-01151,2023-07-21,0.5985284890432662,5,9,2494.6191403390158,outbound,0,saas,small,1
L-01007,2023-07-21,0.11075031839640159,3,28,7292.7027373085275,outbound,0,manufacturing,medium,0
L-01090,2023-07-21,0.8748231542740541,1,20,3348.761235514429,referral,1,retail,medium,1
L-03373,2023-07-21,0.597335918711443,1,17,30349.042034117698,referral,0,saas,large,1
L-01378,2023-07-21,0.4549252273343056,4,48,3401.8493531490312,event,0,manufacturing,medium,0
L-00555,2023-07-21,0.6927715692549965,3,16,5506.3590938610105,paid_search,0,manufacturing,medium,1
L-00666,2023-07-21,0.8951641177737396,3,59,10183.414539950474,outbound,1,retail,large,0
L-02349,2023-07-21,0.8323193042175333,4,9,7910.146322379345,paid_search,0,retail,medium,1
L-03128,2023-07-21,0.9166950780853498,0,42,4179.752123850619,outbound,1,healthcare,medium,1
L-01736,2023-07-21,0.25501746270342684,5,38,2032.9188094015776,organic,1,finance,small,1
L-00875,2023-07-21,0.21679414573144473,3,45,5352.377928817434,outbound,1,manufacturing,medium,0
L-01766,2023-07-21,0.5125529125411055,6,38,3496.607452007607,paid_search,1,finance,medium,0
L-02900,2023-07-22,0.49882892442682103,1,4,3152.6602402926383,event,1,manufacturing,medium,0
L-01617,2023-07-22,0.15973846762270916,1,13,6983.035719517228,paid_search,1,finance,medium,0
L-00628,2023-07-22,0.2885530069609521,4,54,1714.731253497347,organic,0,retail,small,0
L-01216,2023-07-22,0.35480191913759895,2,37,6747.435473621536,referral,1,manufacturing,medium,1
L-03376,2023-07-22,0.2556277439690897,8,3,6737.230392244445,outbound,0,retail,medium,0
L-03375,2023-07-22,0.6817893419696484,2,42,8777.235617136428,event,1,manufacturing,large,0
L-03761,2023-07-22,0.9108929497299082,2,33,7985.094613388377,organic,1,healthcare,medium,1
L-02684,2023-07-22,0.9969094246100404,5,11,1170.39327209427,organic,1,manufacturing,small,0
L-02714,2023-07-22,0.5669291870295469,1,12,2882.0272793084696,organic,0,healthcare,small,0
L-02250,2023-07-22,0.34025821189267225,5,48,5018.351195239314,organic,1,saas,medium,0
L-00114,2023-07-22,0.01412473347682397,2,18,2044.3236036097844,organic,1,saas,small,0
L-00419,2023-07-22,0.9314619293088893,1,46,4910.213427621959,organic,1,saas,medium,0
L-03011,2023-07-22,0.5317788432846094,3,35,10773.300589403067,organic,1,saas,large,1
L-00158,2023-07-22,0.4141775215926705,2,14,4358.681662861118,paid_search,1,manufacturing,medium,0
L-03902,2023-07-23,0.1383706928936035,5,25,3976.912623577274,paid_search,0,healthcare,medium,0
L-01489,2023-07-23,0.4983745470217975,2,49,10355.862949061153,paid_search,1,manufacturing,large,0
L-00444,2023-07-23,0.48137539726165823,0,20,2460.142469132421,event,0,saas,small,1
L-01050,2023-07-23,0.8865579136662783,3,8,13476.838474900493,paid_search,1,saas,large,0
L-01240,2023-07-23,0.8982504451781438,3,23,2990.4766723097896,referral,0,retail,small,0
L-00896,2023-07-23,0.9745008925422891,4,27,2221.914435982646,event,0,retail,small,0
L-03939,2023-07-23,0.8360262035777268,4,32,4255.350028081422,referral,1,healthcare,medium,0
L-02951,2023-07-23,0.7418209135729177,3,14,7225.605198328845,referral,1,healthcare,medium,1
L-02065,2023-07-23,0.7891420398689263,2,7,5471.819200073252,organic,1,retail,medium,1
L-00939,2023-07-23,0.011186753086876888,4,56,2572.922393839828,outbound,1,healthcare,small,0
L-03994,2023-07-24,0.5719608378081387,1,0,9088.761778652331,organic,0,retail,large,0
L-02742,2023-07-24,0.7791385153436107,2,47,1637.5288281685973,outbound,1,saas,small,0
L-02312,2023-07-24,0.25858987104909514,3,32,3423.5045909513315,outbound,0,manufacturing,medium,0
L-00016,2023-07-25,0.2796363291025302,3,40,8325.945158383967,outbound,1,finance,large,0
L-01441,2023-07-25,0.187858548192681,3,29,3157.806739889116,paid_search,1,retail,medium,0
L-01679,2023-07-25,0.05333464170742752,4,50,6321.168237926097,outbound,1,healthcare,medium,0
L-02958,2023-07-25,0.36090279349128296,3,20,4579.354366691375,organic,1,retail,medium,0
L-00999,2023-07-25,0.09807982709093244,3,26,7416.643544196423,paid_search,1,healthcare,medium,1
L-03664,2023-07-25,0.20993431309359467,4,27,4464.286892028078,organic,1,saas,medium,1
L-03310,2023-07-25,0.4254154747770472,1,1,2981.355565948972,organic,1,manufacturing,small,0
L-00607,2023-07-25,0.2325522624430636,6,52,3012.0645935303664,referral,0,finance,medium,1
L-02810,2023-07-25,0.5175052443935492,5,13,1501.1011492215412,organic,1,retail,small,1
L-01295,2023-07-25,0.9662968872604188,2,44,13287.168435027783,outbound,0,healthcare,large,0
L-03656,2023-07-25,0.9118715826670196,5,47,1174.8361170770909,event,0,saas,small,1
L-01206,2023-07-26,0.0036162447849409363,2,46,2161.093779998513,organic,0,saas,small,0
L-00802,2023-07-26,0.06130406577344227,2,41,10598.464980396202,organic,0,saas,large,0
L-01719,2023-07-26,0.4752073785262926,3,38,2588.9855886999717,paid_search,0,healthcare,small,0
L-02263,2023-07-26,0.8169480642561467,3,16,4888.927998044339,event,1,healthcare,medium,0
L-03653,2023-07-26,0.3603818603300104,4,21,1959.5121558343278,outbound,0,finance,small,0
L-02875,2023-07-26,0.5544195974459784,2,12,2009.53242855351,outbound,0,healthcare,small,1
L-03420,2023-07-26,0.3847946349957073,1,5,8331.165836679293,referral,1,retail,large,1
L-00343,2023-07-26,0.2880599687221407,0,21,5487.269955571082,outbound,0,healthcare,medium,0
L-01582,2023-07-26,0.401698775502482,2,6,1265.1178489012839,paid_search,1,retail,small,0
L-01459,2023-07-26,0.7918472897910739,1,40,4072.0030163028205,referral,0,saas,medium,1
L-00548,2023-07-26,0.319665567627087,5,49,10340.731554783444,paid_search,1,manufacturing,large,0
L-01164,2023-07-26,0.6008048891270692,3,33,28712.458085494167,outbound,0,healthcare,large,0
L-02132,2023-07-27,0.4274291908485037,4,16,6914.033584334998,outbound,1,manufacturing,medium,0
L-01915,2023-07-27,0.30491134528491615,2,46,2661.3762917786908,organic,1,healthcare,small,0
L-03243,2023-07-27,0.261298201024164,7,24,2992.2195110445987,referral,1,retail,small,0
L-02949,2023-07-27,0.6911320145375287,2,35,8408.129353450686,paid_search,0,finance,large,0
L-00365,2023-07-27,0.6852146193661329,1,29,4187.965159571039,event,0,retail,medium,0
L-01014,2023-07-27,0.27860605263345095,6,24,2970.010000356196,referral,0,retail,small,0
L-03900,2023-07-27,0.8332450388013244,6,14,2464.8839202910185,event,0,saas,small,1
L-00716,2023-07-27,0.5031785267248878,1,6,5431.601797576062,outbound,1,manufacturing,medium,1
L-03808,2023-07-27,0.06255178627729441,6,58,2853.484889649185,outbound,0,retail,small,0
L-00448,2023-07-28,0.5829782620655608,1,14,3656.458420547297,referral,0,healthcare,medium,1
L-02476,2023-07-28,0.5363197772226286,2,20,2237.7222099939513,outbound,1,saas,small,0
L-03551,2023-07-28,0.06434898217492935,4,42,4660.6746360289635,organic,1,manufacturing,medium,0
L-00700,2023-07-28,0.6887522127599198,3,12,16874.198429747277,outbound,0,finance,large,1
L-03956,2023-07-28,0.5460522460754338,2,16,1242.2362520124445,organic,0,manufacturing,small,0
L-02731,2023-07-28,0.9161316879100269,4,17,10106.464023582846,referral,0,healthcare,large,1
L-02713,2023-07-28,0.9011814192486128,1,35,8370.211067216766,referral,1,finance,large,1
L-00295,2023-07-28,0.039523618690230466,5,30,5207.116981846701,organic,0,healthcare,medium,1
L-02431,2023-07-28,0.9019546901817942,4,9,6446.257509858392,organic,0,manufacturing,medium,1
L-02776,2023-07-28,0.4306099024808341,3,31,8683.496584362849,organic,1,healthcare,large,0
L-03866,2023-07-28,0.8262629151275427,4,34,6453.94705763072,organic,1,finance,medium,1
L-03999,2023-07-28,0.8188438849424412,4,49,4251.0161106839905,organic,0,retail,medium,0
L-01799,2023-07-28,0.2734907162411555,4,49,6835.788244338152,organic,0,saas,medium,0
L-01009,2023-07-28,0.7508363334364625,2,26,9796.741525839849,event,1,retail,large,1
L-01848,2023-07-28,0.23626757727833037,4,3,8898.631725428568,event,0,retail,large,1
L-01685,2023-07-28,0.09455535066339626,5,35,2976.0061656970133,event,1,manufacturing,small,0
L-03468,2023-07-29,0.5183806472769689,3,55,2108.3117955304774,outbound,0,saas,small,0
L-03936,2023-07-29,0.23981054430377957,4,52,10133.188348924647,organic,0,retail,large,0
L-03336,2023-07-29,0.6950633899149783,4,1,23060.60868260988,outbound,1,retail,large,0
L-03391,2023-07-29,0.3876778482082255,6,4,5844.127268248801,outbound,1,saas,medium,1
L-00892,2023-07-29,0.6176602401699961,3,11,2889.328422867927,outbound,0,manufacturing,small,1
L-01310,2023-07-29,0.9333883568449306,1,29,27240.818425889494,event,0,finance,large,1
L-00577,2023-07-29,0.8589662496934306,3,31,2212.8206238914936,referral,0,finance,small,1
L-00711,2023-07-29,0.2472565733067703,4,7,4382.17889626073,referral,0,manufacturing,medium,0
L-01858,2023-07-29,0.7062441116832469,2,42,5088.849101231067,paid_search,0,saas,medium,0
L-00678,2023-07-29,0.7456479912378577,0,22,3482.7435382789,outbound,0,finance,medium,1
L-03359,2023-07-30,0.8190788410807225,3,33,1526.2573204713412,outbound,1,finance,small,1
L-02608,2023-07-30,0.10638064931096758,2,56,6427.0535594877565,outbound,1,saas,medium,1
L-02028,2023-07-30,0.48003099942621696,1,56,3650.4674617902283,organic,0,saas,medium,0
L-01664,2023-07-30,0.24047355409523796,2,30,11415.889090151208,paid_search,1,healthcare,large,1
L-02488,2023-07-30,0.2883867034141697,3,57,2004.3970939173325,event,0,finance,small,0
L-00010,2023-07-30,0.04737250672948978,5,52,4312.760073568356,paid_search,1,retail,medium,0
L-03264,2023-07-30,0.36846820331059704,3,15,541.8135370419787,referral,1,saas,small,1
L-01073,2023-07-30,0.7235593540918033,1,9,6436.00782641156,paid_search,0,finance,medium,1
L-01194,2023-07-30,0.6478774808850705,5,10,3550.981147332373,paid_search,1,manufacturing,medium,1
L-02517,2023-07-30,0.2985422487521395,4,29,6768.180870317153,outbound,1,saas,medium,0
L-03727,2023-07-30,0.32253642193885845,2,53,2463.1938769861704,organic,0,finance,small,1
L-00996,2023-07-30,0.6551138914247648,2,10,6328.778226840969,referral,0,saas,medium,0
L-01391,2023-07-31,0.6986335686866795,2,17,10036.85743767728,event,0,saas,large,0
L-03772,2023-07-31,0.24280093024527727,2,33,6271.860409320983,outbound,1,healthcare,medium,0
L-03737,2023-07-31,0.6680350440934276,3,36,3211.4899184812784,paid_search,0,finance,medium,0
L-03645,2023-07-31,0.2275488688194881,3,29,4421.319933117151,outbound,1,retail,medium,0
L-01500,2023-07-31,0.41402758213236224,1,17,2856.6002088701157,paid_search,1,finance,small,0
L-03043,2023-07-31,0.3979505662702747,2,15,2248.2727400407134,referral,1,finance,small,0
L-01919,2023-07-31,0.4305023101095705,3,21,4611.897253110888,paid_search,1,manufacturing,medium,0
L-01956,2023-07-31,0.9890779350422578,2,35,2316.4152847795153,organic,0,manufacturing,small,0
L-00994,2023-07-31,0.563010760086359,2,3,17273.713912426436,outbound,1,saas,large,1
L-03538,2023-07-31,0.3693902235197972,2,18,6620.398907816861,paid_search,1,healthcare,medium,0
L-00746,2023-08-01,0.20627290340534576,1,47,16353.164791238447,paid_search,0,retail,large,0
L-01298,2023-08-01,0.4792226128889776,1,25,4249.268412076904,organic,0,finance,medium,1
L-03477,2023-08-01,0.45094964888337064,2,29,8490.763450993141,event,0,manufacturing,large,0
L-03016,2023-08-01,0.5065447783230054,1,4,5193.244369663993,referral,0,finance,medium,0
L-02538,2023-08-01,0.1414312880258628,2,35,4586.301120485032,organic,1,finance,medium,0
L-03776,2023-08-01,0.7078253041698377,4,19,2305.510839558795,organic,0,retail,small,0
L-01957,2023-08-01,0.9469162284239805,2,24,4797.63950929707,paid_search,0,finance,medium,1
L-02047,2023-08-01,0.2650772885749719,3,43,5506.195273741284,outbound,0,healthcare,medium,0
L-00487,2023-08-01,0.8027049761268789,5,40,7331.339111911573,organic,0,saas,medium,0
L-02410,2023-08-01,0.37128048750862697,4,14,5039.814422614567,organic,1,saas,medium,0
L-01163,2023-08-01,0.7149243028961909,1,44,3876.4015906771992,organic,1,saas,medium,0
L-02606,2023-08-01,0.8571585954487491,6,55,2888.4235028549697,referral,0,retail,small,0
L-00506,2023-08-01,0.9403514125381806,5,14,5090.702311681706,organic,0,finance,medium,0
L-02948,2023-08-01,0.6555941353552872,3,5,5168.4310425114545,organic,1,manufacturing,medium,1
L-03495,2023-08-01,0.2505090360889951,2,1,8372.620857559059,outbound,1,retail,large,1
L-02592,2023-08-01,0.729818921063804,2,20,2226.9454731104765,paid_search,0,saas,small,0
L-01901,2023-08-01,0.8102913412113545,3,46,3096.197245459994,paid_search,0,saas,medium,0
L-01146,2023-08-01,0.7350804442618671,1,27,6026.14710566735,referral,0,saas,medium,0
L-01990,2023-08-01,0.9796216811242879,2,48,6794.288507972923,referral,0,saas,medium,0
L-01668,2023-08-02,0.3799983945138915,1,19,5160.09507754516,referral,0,saas,medium,1
L-03896,2023-08-02,0.11660404556851656,2,5,5099.672883088268,referral,1,finance,medium,0
L-01334,2023-08-02,0.36668756125742774,2,9,4308.869312713784,outbound,1,retail,medium,0
L-01900,2023-08-02,0.1433500702095385,7,54,6014.371304092356,referral,1,finance,medium,1
L-01340,2023-08-02,0.34013895368847935,6,32,2450.717642937881,paid_search,1,saas,small,1
L-01552,2023-08-02,0.34403716825915376,7,15,2671.330237758479,paid_search,0,retail,small,0
L-02765,2023-08-02,0.272488592117199,2,3,8912.919195741817,outbound,1,finance,large,1
L-02309,2023-08-02,0.627446090107383,2,32,2018.39798796803,organic,0,retail,small,0
L-00655,2023-08-02,0.926948999732512,2,2,5877.580626154429,event,1,finance,medium,1
L-00350,2023-08-02,0.056288812981991176,2,9,6501.383199897427,organic,1,healthcare,medium,1
L-02793,2023-08-02,0.9553822174042486,3,50,2872.549366856627,referral,0,finance,small,0
L-01724,2023-08-02,0.8197267711447329,2,7,3485.960752830502,outbound,1,saas,medium,1
L-02665,2023-08-03,0.4085166701358547,2,21,6864.733364385277,outbound,0,saas,medium,1
L-00605,2023-08-03,0.14415714892135845,4,44,5078.462002659916,organic,1,healthcare,medium,0
L-01635,2023-08-03,0.06181196107171538,1,3,2567.042081816942,event,0,manufacturing,small,0
L-02895,2023-08-03,0.48090811218148055,5,17,8517.389623312974,organic,0,finance,large,1
L-01921,2023-08-03,0.8668420624138758,3,23,3989.411691554173,organic,1,manufacturing,medium,1
L-00647,2023-08-03,0.7987498277617607,2,19,1228.7340690811297,event,1,retail,small,1
L-00560,2023-08-03,0.6176694605536389,2,48,2415.8491552026994,organic,1,saas,small,1
L-03678,2023-08-04,0.7544311942269804,3,29,5208.718389585212,organic,0,retail,medium,0
L-00930,2023-08-04,0.5942944280138205,1,17,4876.219824140355,event,0,saas,medium,0
L-00876,2023-08-04,0.2745702434609182,1,30,5689.456851709199,organic,0,healthcare,medium,0
L-03344,2023-08-04,0.2981222918836933,2,28,14748.9988287568,referral,0,retail,large,0
L-02350,2023-08-04,0.18290318398668237,5,38,1437.4467887475053,organic,1,manufacturing,small,1
L-03110,2023-08-04,0.17175314606842063,5,31,6123.811187746385,outbound,1,manufacturing,medium,0
L-01139,2023-08-04,0.3765387327965818,5,28,4251.229851906833,referral,0,manufacturing,medium,1
L-03466,2023-08-04,0.7961487586478276,0,46,22133.114139693153,paid_search,1,finance,large,1
L-03298,2023-08-04,0.26229116071881475,3,49,16224.719960739623,paid_search,0,saas,large,1
L-02138,2023-08-04,0.7092740111422482,1,8,3443.3579218357836,organic,1,finance,medium,0
L-02335,2023-08-04,0.07031113856445537,3,33,3327.0997585938967,organic,1,retail,medium,1
L-03636,2023-08-05,0.262572461160155,3,4,1649.3958949883631,paid_search,0,healthcare,small,0
L-02117,2023-08-05,0.8651834547878755,3,34,5299.583201756945,organic,1,saas,medium,1
L-03978,2023-08-05,0.16027248018309148,3,19,2545.406517329205,event,0,retail,small,0
L-02923,2023-08-05,0.8797764560608707,4,2,2848.441185868845,outbound,0,healthcare,small,1
L-01258,2023-08-05,0.5653165470049434,3,9,3146.785654954066,event,0,retail,medium,1
L-00926,2023-08-05,0.6840001035610561,1,20,4888.299514685477,event,1,finance,medium,0
L-03340,2023-08-05,0.3396837254695101,5,24,9249.405066001682,paid_search,1,saas,large,1
L-00288,2023-08-05,0.19979493065813259,4,25,10342.77582408474,organic,1,finance,large,0
L-01379,2023-08-05,0.954268276760615,4,21,13381.358176163596,event,1,saas,large,0
L-01847,2023-08-05,0.7054493312345776,3,57,5201.619202142707,outbound,0,healthcare,medium,0
L-00538,2023-08-05,0.012397213915795957,4,47,8538.881208816952,outbound,0,retail,large,0
L-02820,2023-08-05,0.7145520982700821,0,12,4926.826249985762,referral,0,saas,medium,0
L-02153,2023-08-06,0.47398447302909097,2,57,6891.471226304961,organic,0,retail,medium,0
L-02835,2023-08-06,0.8265478614895467,2,41,7286.246085042337,referral,0,saas,medium,1
L-03860,2023-08-06,0.6016383691388628,4,24,1780.482194026194,paid_search,1,finance,small,0
L-03940,2023-08-06,0.6927415002668795,4,3,6072.481359152586,event,1,manufacturing,medium,1
L-00916,2023-08-06,0.24411907508557662,2,55,8609.964089884093,referral,1,healthcare,large,0
L-00806,2023-08-06,0.32877991130573725,2,8,5458.281048898601,organic,1,saas,medium,1
L-00304,2023-08-06,0.43613642264910535,5,0,7330.833888718802,outbound,0,saas,medium,1
L-02136,2023-08-06,0.5030458048276777,2,7,4171.031658427677,outbound,0,saas,medium,0
L-00788,2023-08-06,0.9349578168658509,3,11,4276.835539231295,referral,1,finance,medium,1
L-00228,2023-08-07,0.03875133152842947,1,52,2904.4616131209673,paid_search,0,retail,small,0
L-02774,2023-08-07,0.006058117130251728,4,58,2923.763544096915,outbound,0,finance,small,0
L-03631,2023-08-07,0.1797717077949118,0,50,5040.714419482942,organic,1,retail,medium,0
L-00056,2023-08-07,0.97804574578798,2,52,6156.5383932504765,event,1,manufacturing,medium,1
L-00294,2023-08-07,0.29912514416652225,2,12,5226.118369190912,paid_search,0,finance,medium,0
L-03757,2023-08-07,0.49320933286779334,1,39,20603.19173199825,referral,1,manufacturing,large,0
L-02342,2023-08-07,0.5685468550497916,3,17,3382.417767881078,event,0,manufacturing,medium,0
L-00982,2023-08-07,0.09950964286545716,3,34,6327.665877074528,paid_search,0,finance,medium,0
L-00028,2023-08-07,0.5304411796030789,2,16,16594.170637671046,event,0,finance,large,0
L-02118,2023-08-07,0.3179845046165125,4,20,2557.8501465863374,referral,0,retail,small,0
L-02833,2023-08-07,0.7401462086960039,4,28,4540.307170111173,organic,1,finance,medium,1
L-00330,2023-08-07,0.5804382972028448,1,4,3336.6131223649663,paid_search,1,retail,medium,1
L-03827,2023-08-08,0.24817187821689413,4,20,5037.212038938212,outbound,1,manufacturing,medium,0
L-01576,2023-08-08,0.820104744783698,1,31,13297.140666068859,event,0,healthcare,large,0
L-00991,2023-08-08,0.8218807207718624,4,30,1964.5711643842444,outbound,0,manufacturing,small,0
L-03822,2023-08-08,0.7209181900786765,2,8,9770.420672248856,outbound,1,saas,large,0
L-03476,2023-08-08,0.20959644832677649,5,48,4521.600525632807,referral,1,healthcare,medium,1
L-01322,2023-08-08,0.7076809100800767,2,53,4625.301536221947,organic,0,retail,medium,0
L-00878,2023-08-08,0.5290393934888903,4,1,3418.109580243902,outbound,0,manufacturing,medium,1
L-03913,2023-08-09,0.27256859083478024,5,44,4556.147932092266,event,1,retail,medium,1
L-03065,2023-08-09,0.5129544505113007,3,24,3239.707726278666,paid_search,1,healthcare,medium,1
L-02403,2023-08-09,0.27313321260667356,3,51,5051.540554607347,organic,0,manufacturing,medium,0
L-03145,2023-08-09,0.8349444126529467,4,13,2441.7904056414723,paid_search,1,manufacturing,small,1
L-02251,2023-08-09,0.14983283269230596,3,53,2265.6911257456277,organic,1,finance,small,0
L-01496,2023-08-09,0.7170569664405446,2,11,2569.534942968791,outbound,1,manufacturing,small,0
L-01663,2023-08-10,0.6794508332959412,2,40,4269.312346488807,outbound,1,finance,medium,0
L-00307,2023-08-10,0.43115095714111507,3,44,7198.646119502389,paid_search,1,saas,medium,0
L-01221,2023-08-10,0.8118701531875856,4,29,7379.245343791232,organic,0,manufacturing,medium,0
L-00654,2023-08-10,0.452870165712018,5,2,8248.102530869373,organic,0,healthcare,large,0
L-03785,2023-08-10,0.737566161223297,2,18,17330.592275582734,referral,0,manufacturing,large,1
L-00761,2023-08-10,0.9191096645666051,4,36,2568.3912747080776,referral,0,manufacturing,small,1
L-01624,2023-08-10,0.6684435707057735,3,14,2416.056741105429,outbound,1,healthcare,small,1
L-01839,2023-08-10,0.28297954086131283,2,7,2136.7542188467105,paid_search,0,healthcare,small,0
L-00329,2023-08-10,0.4979982907931567,6,49,2371.279082126367,paid_search,0,manufacturing,small,0
L-01364,2023-08-10,0.3146999136371331,1,6,1067.0055145428103,organic,0,retail,small,0
L-00131,2023-08-10,0.7566494274166153,5,10,3850.394310560826,organic,1,retail,medium,1
L-03597,2023-08-10,0.41372167366418855,2,58,5108.923216556176,event,0,healthcare,medium,0
L-01937,2023-08-10,0.6491015991871399,2,22,6420.952418887769,event,1,finance,medium,1
L-02334,2023-08-10,0.8402510206278118,5,6,5024.509222957931,organic,1,retail,medium,1
L-01996,2023-08-10,0.0952336102883754,3,6,7312.759865232915,referral,0,manufacturing,medium,1
L-00033,2023-08-10,0.4212801276832546,2,47,3757.8836600798827,paid_search,1,manufacturing,medium,0
L-02585,2023-08-10,0.7690619138400203,5,21,7133.928864088286,outbound,1,healthcare,medium,1
L-01128,2023-08-11,0.6888970079888351,2,40,5889.214633108465,paid_search,1,healthcare,medium,1
L-01083,2023-08-11,0.7809189910307799,4,49,4287.4520805485545,outbound,0,manufacturing,medium,0
L-00455,2023-08-11,0.5375076625372045,3,7,3597.538966375584,outbound,0,saas,medium,1
L-03660,2023-08-11,0.4185307770366532,2,59,6057.902304126687,organic,0,manufacturing,medium,1
L-00157,2023-08-11,0.2759238420408132,1,12,2407.334674027335,organic,0,retail,small,1
L-01257,2023-08-11,0.30874848850300496,2,29,15328.561737972252,referral,0,healthcare,large,0
L-00112,2023-08-11,0.17791248829614448,0,43,2400.1477157758773,organic,1,manufacturing,small,0
L-00754,2023-08-11,0.8820777094381044,0,1,2227.7836368352264,referral,1,healthcare,small,1
L-02030,2023-08-11,0.510877149270329,3,44,4140.438867744508,referral,1,saas,medium,1
L-03175,2023-08-11,0.04849458227196646,1,19,3901.525756143547,organic,0,finance,medium,0
L-01564,2023-08-11,0.9733486837459057,2,30,13577.467955207869,event,0,manufacturing,large,0
L-00133,2023-08-12,0.928526175057329,3,35,7731.565670906723,outbound,0,finance,medium,1
L-03610,2023-08-12,0.047124916595572386,0,55,13749.401788074898,paid_search,1,finance,large,1
L-01974,2023-08-12,0.07636180347260924,4,59,5045.19368191772,referral,1,finance,medium,0
L-03842,2023-08-12,0.27073568282942684,4,30,3482.3246763096167,event,1,saas,medium,0
L-01002,2023-08-12,0.24485474719371592,2,7,10915.368197046873,referral,1,manufacturing,large,1
L-01386,2023-08-13,0.5489780665294601,1,29,10488.319901804958,referral,0,manufacturing,large,0
L-01433,2023-08-13,0.24790168983118288,3,1,1622.2659407463339,organic,1,retail,small,0
L-02061,2023-08-13,0.7036581008556112,2,28,10496.875652386932,referral,1,retail,large,1
L-03759,2023-08-13,0.053161171734727675,2,49,3511.8567662437486,organic,1,manufacturing,medium,0
L-02425,2023-08-13,0.3792659505862729,3,23,2344.557017405075,event,0,manufacturing,small,1
L-03214,2023-08-13,0.4047432486712671,2,16,12708.599670440775,referral,0,manufacturing,large,0
L-01411,2023-08-13,0.13397721922900763,4,43,6737.3959196475835,organic,1,healthcare,medium,1
L-02882,2023-08-14,0.6026644105465065,3,1,6251.63298688113,event,1,saas,medium,1
L-02603,2023-08-14,0.6516987589111125,5,46,3204.042373419676,referral,0,manufacturing,medium,1
L-00078,2023-08-14,0.3014006367201857,4,21,11117.214846419827,organic,0,retail,large,0
L-00705,2023-08-14,0.46840531961567333,2,47,3354.4148547612235,organic,0,finance,medium,0
L-02687,2023-08-14,0.45308212080982724,9,27,3513.156593421026,referral,0,retail,medium,1
L-02633,2023-08-14,0.2712740727079913,2,6,8789.916076539395,outbound,1,manufacturing,large,1
L-03447,2023-08-14,0.35204053004342084,4,25,5823.256649018897,outbound,1,finance,medium,1
L-03258,2023-08-14,0.42663499755445067,3,20,2250.2552647603866,outbound,0,finance,small,0
L-02435,2023-08-14,0.5673605590140585,3,7,7076.553966625708,paid_search,1,retail,medium,1
L-03032,2023-08-14,0.046424044777622187,4,50,5426.07288748134,paid_search,1,healthcare,medium,0
L-02655,2023-08-15,0.8700953896137721,4,19,1051.777165857543,paid_search,1,finance,small,0
L-02797,2023-08-15,0.479213264641949,2,42,13130.190812124003,referral,0,finance,large,1
L-00125,2023-08-15,0.3851677373559692,3,4,4777.5669062672805,organic,1,healthcare,medium,0
L-00979,2023-08-15,0.8750998970614726,7,24,12574.163688323197,organic,0,finance,large,1
L-01188,2023-08-15,0.1432988392524911,6,52,5276.583669757696,organic,0,healthcare,medium,0
L-01671,2023-08-15,0.6108245504659697,2,35,5458.078689302907,organic,1,retail,medium,0
L-00130,2023-08-15,0.2021143001564666,3,57,2400.2906487053433,paid_search,0,finance,small,0
L-02401,2023-08-15,0.7466009640551217,2,34,5036.419674694788,outbound,0,retail,medium,1
L-00436,2023-08-15,0.5875217805288743,1,37,6262.510779303474,paid_search,1,manufacturing,medium,0
L-01028,2023-08-15,0.6024169621534105,2,9,7772.141150575174,event,0,healthcare,medium,1
L-03890,2023-08-15,0.9664762406883838,3,32,3653.000154847299,organic,0,healthcare,medium,1
L-02302,2023-08-16,0.9973107425466341,2,50,8722.212694748814,paid_search,1,retail,large,0
L-02579,2023-08-16,0.07533066244570341,0,1,6196.7834821488095,paid_search,0,healthcare,medium,0
L-01543,2023-08-16,0.22524780417950696,5,4,11254.146822440698,paid_search,0,healthcare,large,1
L-02646,2023-08-16,0.9183962113902998,0,3,644.9948274955185,referral,0,finance,small,1
L-03143,2023-08-16,0.9294254050461873,6,39,1878.93067769735,outbound,0,saas,small,1
L-00115,2023-08-16,0.9276684024542216,1,56,2754.286024342401,organic,1,healthcare,small,1
L-02891,2023-08-16,0.2805242054144894,4,3,2081.4524632685907,organic,0,manufacturing,small,0
L-03683,2023-08-16,0.5840483554050317,5,32,1283.9860941366876,paid_search,1,manufacturing,small,1
L-03593,2023-08-16,0.009435727627650548,4,52,1981.1497940037054,referral,1,finance,small,0
L-02856,2023-08-16,0.4630468067525807,4,2,2676.9732564075252,organic,0,retail,small,1
L-01727,2023-08-16,0.24892069925741878,2,13,2194.562296712024,referral,0,healthcare,small,1
L-00569,2023-08-17,0.9955552995857763,3,48,5272.8585952598,organic,1,retail,medium,0
L-00707,2023-08-17,0.2299480178186324,7,48,6675.259108081953,outbound,1,finance,medium,1
L-01758,2023-08-17,0.927847901827814,3,31,2501.854255769427,organic,1,saas,small,1
L-00287,2023-08-17,0.7642103495801168,5,37,8966.408070938724,outbound,1,retail,large,0
L-01454,2023-08-17,0.9908658441060634,8,29,1866.97691392544,organic,0,retail,small,0
L-03234,2023-08-17,0.7124812837598667,6,53,7675.065997035836,outbound,0,manufacturing,medium,0
L-00921,2023-08-17,0.007482996106766615,0,21,1063.4258499742912,outbound,1,saas,small,0
L-03235,2023-08-17,0.626922015704689,3,19,27619.564762567836,event,0,healthcare,large,1
L-02198,2023-08-17,0.1750049622898383,0,51,2389.8510009913057,paid_search,1,saas,small,0
L-00977,2023-08-17,0.7100009412225455,2,37,7236.37151887472,organic,1,manufacturing,medium,0
L-03925,2023-08-17,0.1693002820194507,2,38,8805.797851898613,paid_search,1,manufacturing,large,1
L-00128,2023-08-18,0.08973127774125123,4,7,5275.592220743395,referral,1,retail,medium,0
L-02736,2023-08-18,0.6817997136981974,5,6,4286.08838443816,referral,0,retail,medium,1
L-01896,2023-08-18,0.3110638351045899,1,5,7992.621087684632,paid_search,1,saas,medium,1
L-01343,2023-08-18,0.1035102683100585,2,20,3832.6591801137674,referral,1,healthcare,medium,0
L-01630,2023-08-18,0.10638868301240778,4,25,3027.5004453511833,referral,0,manufacturing,medium,0
L-03882,2023-08-19,0.785206135943191,3,2,6981.900621861795,paid_search,0,healthcare,medium,1
L-02529,2023-08-19,0.5507588922031937,1,20,5787.972882659222,outbound,1,finance,medium,1
L-00534,2023-08-19,0.9580925791606497,3,35,2898.2044498990635,event,0,finance,small,0
L-01764,2023-08-19,0.0584143795546187,3,8,1838.839876795364,event,0,manufacturing,small,1
L-02246,2023-08-19,0.8544897363655244,1,5,5125.061128709777,paid_search,1,healthcare,medium,1
L-02560,2023-08-19,0.9901456140557632,1,46,11941.858143465635,referral,1,retail,large,1
L-03762,2023-08-19,0.7446459642015341,6,37,2593.8967041193773,outbound,1,saas,small,0
L-03511,2023-08-20,0.5371871543270333,1,16,6597.89318676974,outbound,1,finance,medium,0
L-00596,2023-08-20,0.08873449300788916,2,0,2303.903990679055,organic,0,finance,small,0
L-00227,2023-08-20,0.06715567773497289,2,10,6826.925328595134,outbound,1,saas,medium,1
L-03226,2023-08-20,0.13763478513236937,5,1,9896.627808353998,organic,1,healthcare,large,0
L-02718,2023-08-20,0.5066111397598535,3,40,4683.684298042334,organic,0,retail,medium,1
L-01626,2023-08-20,0.8851628766338411,5,30,10851.548335287514,paid_search,1,saas,large,0
L-00929,2023-08-20,0.6972822959866389,2,49,1451.0590780579946,organic,0,finance,small,0
L-02625,2023-08-20,0.6228509658561748,2,14,6680.437929815703,referral,0,saas,medium,1
L-02678,2023-08-20,0.07755167426146636,4,47,2129.431226751107,referral,0,healthcare,small,0
L-00676,2023-08-21,0.47214445102064617,2,14,14321.704973387305,outbound,0,finance,large,1
L-02728,2023-08-21,0.6051768500030782,2,5,5352.345030018308,referral,0,saas,medium,1
L-03750,2023-08-21,0.036799400400117976,7,9,7924.772582488129,referral,1,finance,medium,0
L-02122,2023-08-21,0.8870390203305527,0,0,5494.769837840655,referral,1,healthcare,medium,1
L-03074,2023-08-21,0.9843140117818387,2,43,3966.7329253174016,organic,1,healthcare,medium,1
L-03801,2023-08-21,0.6052443608175849,5,11,9097.701708485136,outbound,0,saas,large,1
L-00265,2023-08-21,0.1265637921239603,4,15,3601.476135552268,event,1,retail,medium,0
L-03541,2023-08-21,0.5496290760728367,1,26,6236.907815420785,outbound,1,finance,medium,1
L-03721,2023-08-21,0.06435428171653956,2,33,5050.893534893691,outbound,0,manufacturing,medium,0
L-00423,2023-08-21,0.09693454178931371,4,37,3873.7363361561715,organic,1,finance,medium,1
L-03136,2023-08-21,0.05539206171529765,8,33,7409.4962260995435,paid_search,1,healthcare,medium,0
L-01759,2023-08-21,0.16507860208781233,1,47,8922.571988728787,outbound,1,saas,large,0
L-02036,2023-08-22,0.31332541109448,2,55,4224.880500100001,event,0,saas,medium,0
L-02547,2023-08-22,0.2522507855216837,4,40,10001.130126867089,organic,1,finance,large,0
L-01160,2023-08-22,0.9822306974735849,5,26,6098.280936673253,outbound,1,manufacturing,medium,1
L-03377,2023-08-22,0.7215792442988508,3,1,4827.765746453786,referral,1,manufacturing,medium,0
L-01627,2023-08-22,0.6724395722167903,2,5,7507.322882154864,outbound,0,retail,medium,0
L-00241,2023-08-22,0.06063074218940512,8,37,2341.633109220005,paid_search,0,finance,small,0
L-02752,2023-08-22,0.36410836224197507,3,7,5559.506923206544,paid_search,0,healthcare,medium,1
L-01790,2023-08-22,0.2215584993859303,3,36,7172.385486142997,outbound,0,finance,medium,0
L-01857,2023-08-22,0.4375363567715046,3,29,7292.377747485188,referral,1,manufacturing,medium,1
L-02463,2023-08-23,0.9693538886985864,2,0,1756.04565278084,referral,1,retail,small,0
L-01117,2023-08-23,0.673328307401955,1,24,6817.656877838565,outbound,0,manufacturing,medium,1
L-02189,2023-08-23,0.4932448747446174,2,50,1952.3149546259745,event,1,healthcare,small,0
L-01414,2023-08-23,0.2995124902746459,5,10,2232.648080617801,paid_search,0,saas,small,1
L-00984,2023-08-23,0.06635280377058106,4,57,6003.71554910152,paid_search,1,retail,medium,0
L-01155,2023-08-23,0.3317493124592229,5,42,6642.268171626213,referral,1,finance,medium,0
L-03672,2023-08-23,0.3616846750221502,2,10,2516.386568975233,paid_search,1,saas,small,1
L-02064,2023-08-24,0.11877712309557842,3,14,2655.1674432759773,organic,0,retail,small,0
L-01832,2023-08-24,0.413742324985657,3,21,12717.1843376954,event,1,healthcare,large,0
L-02234,2023-08-24,0.06716276395770027,5,4,5023.53823193137,paid_search,0,manufacturing,medium,1
L-01422,2023-08-24,0.6590040659703221,3,47,5039.762123205118,referral,0,retail,medium,1
L-00980,2023-08-24,0.6136054350469241,3,22,2170.242901459696,paid_search,1,retail,small,1
L-02559,2023-08-24,0.7037366196437684,6,45,5615.950968386944,organic,0,finance,medium,1
L-03968,2023-08-24,0.6208637075844157,0,48,4223.683741425161,referral,0,healthcare,medium,0
L-00785,2023-08-24,0.691885092705903,2,45,10813.529881605544,outbound,1,finance,large,0
L-03666,2023-08-24,0.2571420371411961,2,12,4387.867566146061,event,0,retail,medium,0
L-02344,2023-08-24,0.7302137351448739,4,11,4422.934772307389,referral,0,retail,medium,0
L-02946,2023-08-24,0.5951809731891021,4,46,1444.7173775409603,paid_search,0,finance,small,0
L-00965,2023-08-24,0.5429417057724074,1,11,15983.561297282848,referral,1,saas,large,1
L-00259,2023-08-24,0.42909887146925685,5,9,4797.8069335405735,referral,0,saas,medium,1
L-01317,2023-08-25,0.10178598874901745,1,5,650.7867665576833,outbound,0,retail,small,0
L-01395,2023-08-25,0.9269303625596667,2,53,5243.60218842784,event,0,healthcare,medium,0
L-00269,2023-08-25,0.8693618268785237,2,19,2288.5718171735803,outbound,0,finance,small,1
L-00914,2023-08-25,0.4562473073876818,3,15,21496.337973726244,referral,0,finance,large,1
L-01545,2023-08-25,0.47095213845681705,5,31,2292.6439815358535,outbound,0,healthcare,small,1
L-00547,2023-08-25,0.17292730776693144,4,31,3281.035994502476,organic,0,saas,medium,1
L-00697,2023-08-25,0.03214939510056125,1,38,14744.487234097794,paid_search,0,retail,large,0
L-03824,2023-08-26,0.3662170848002574,2,53,4490.538392866273,outbound,1,healthcare,medium,0
L-02675,2023-08-26,0.14228297855659233,4,41,47013.74040003776,referral,0,retail,large,0
L-01643,2023-08-26,0.17646014146930666,1,29,2769.8935277434994,organic,1,healthcare,small,0
L-00519,2023-08-26,0.2151312180782744,4,28,2666.538614983562,organic,1,finance,small,1
L-00687,2023-08-26,0.6714035241730318,2,5,849.893064785727,referral,1,healthcare,small,1
L-02965,2023-08-26,0.00923892141851268,6,12,2405.020723553456,paid_search,1,retail,small,1
L-03954,2023-08-26,0.43022652634600356,4,46,5384.831970076041,paid_search,0,retail,medium,0
L-01607,2023-08-26,0.2464758530834268,2,54,3229.6225478395068,outbound,0,retail,medium,0
L-00467,2023-08-27,0.5934562725899734,2,43,5089.625924250522,organic,1,healthcare,medium,1
L-00454,2023-08-27,0.6247606346845916,4,36,5245.4995921946,paid_search,1,saas,medium,0
L-01653,2023-08-27,0.20314957516739696,1,2,4986.686389181784,organic,1,retail,medium,0
L-03414,2023-08-27,0.727308559627431,5,18,4333.314779423859,outbound,0,retail,medium,1
L-01504,2023-08-27,0.7181757921279367,2,33,2027.6799225076363,paid_search,1,manufacturing,small,0
L-00664,2023-08-27,0.4916103342974544,1,55,723.0297768110627,outbound,1,healthcare,small,0
L-02613,2023-08-27,0.4670183574131995,2,43,8079.5945638052735,referral,0,finance,large,0
L-01349,2023-08-27,0.3927100585609238,4,22,4276.75605433434,referral,1,saas,medium,0
L-02444,2023-08-28,0.10963534576855039,5,16,9510.044413362484,outbound,0,saas,large,0
L-03006,2023-08-28,0.7740240859924371,6,36,6446.543300918026,organic,1,retail,medium,1
L-00719,2023-08-28,0.5564860905107941,5,24,1838.74301880219,organic,1,finance,small,1
L-03837,2023-08-28,0.5126132480536286,4,21,3939.4563506325435,paid_search,0,manufacturing,medium,0
L-00393,2023-08-28,0.010934721110663737,2,39,12999.360705828158,event,1,manufacturing,large,0
L-02023,2023-08-28,0.902369920263142,0,42,5194.090348920286,outbound,0,healthcare,medium,0
L-02972,2023-08-28,0.31704156290945307,5,16,2388.5323269492205,paid_search,0,retail,small,0
L-03018,2023-08-28,0.6008493764070294,5,29,5344.884545534662,organic,1,retail,medium,0
L-00530,2023-08-28,0.6201466574655474,2,38,2623.141429508494,organic,0,finance,small,0
L-01187,2023-08-28,0.864074470742149,5,33,4018.1314808374173,outbound,0,finance,medium,1
L-03647,2023-08-29,0.08126469394752245,4,41,1109.949849895634,outbound,1,retail,small,0
L-03302,2023-08-29,0.7259615728988198,2,47,21674.65770911203,paid_search,0,saas,large,1
L-01579,2023-08-29,0.07371206911165185,3,9,2748.9273116894774,referral,1,retail,small,1
L-01763,2023-08-29,0.24869038078786498,1,47,3897.206281483278,outbound,0,manufacturing,medium,0
L-03422,2023-08-29,0.7854440223341707,1,26,1853.653321474206,outbound,1,healthcare,small,1
L-01047,2023-08-29,0.6425258878885334,4,20,13746.798633731885,outbound,1,healthcare,large,1
L-02413,2023-08-29,0.15065275743291295,3,18,9257.759918465013,paid_search,1,manufacturing,large,1
L-00966,2023-08-29,0.32045488556345514,3,43,1576.4059830967533,organic,0,saas,small,0
L-01524,2023-08-30,0.5059644185936573,3,17,7223.6960917887645,organic,0,finance,medium,1
L-03346,2023-08-30,0.7234095031624597,4,32,9240.619217685124,paid_search,0,finance,large,0
L-01567,2023-08-30,0.48290783237107116,3,18,8811.142295095462,event,0,retail,large,1
L-00493,2023-08-30,0.9233026902578786,2,36,6528.563141352249,organic,1,manufacturing,medium,0
L-00624,2023-08-30,0.5712131913519977,3,55,3686.4531613660706,referral,0,finance,medium,0
L-02212,2023-08-30,0.4493539410331321,7,39,3610.9664797692667,paid_search,1,retail,medium,0
L-00136,2023-08-30,0.31458156903584256,3,9,7282.591596314059,paid_search,1,saas,medium,0
L-01872,2023-08-30,0.1115213439714553,2,32,1664.532406009655,organic,1,saas,small,0
L-03875,2023-08-30,0.4777909068183822,2,15,6618.12628435967,organic,1,finance,medium,0
L-02691,2023-08-31,0.2445628432858732,5,9,6391.16193109291,outbound,1,retail,medium,0
L-00489,2023-08-31,0.6086597526267837,1,20,6822.167651073122,referral,1,manufacturing,medium,0
L-00849,2023-08-31,0.37646943440636593,4,16,6435.383488783878,outbound,0,retail,medium,0
L-02182,2023-08-31,0.6994237103223125,2,53,3150.669932093393,organic,0,healthcare,medium,0
L-03435,2023-08-31,0.09184801608002957,3,10,4327.9749923042655,organic,1,healthcare,medium,0
L-03809,2023-08-31,0.7549521320819789,3,13,7988.708959708358,outbound,1,retail,medium,1
L-00192,2023-08-31,0.7210405546667255,5,3,2572.4187747364936,referral,0,saas,small,1
L-03169,2023-08-31,0.3318126252577047,0,44,8150.214912991548,outbound,1,manufacturing,large,0
L-03448,2023-08-31,0.5373986255693407,4,17,7765.002469763463,outbound,1,saas,medium,1
L-01951,2023-09-01,0.9590263840124423,3,45,5235.051946253386,event,1,healthcare,medium,0
L-01180,2023-09-01,0.9370150008762637,5,8,3379.2963474092103,event,0,retail,medium,1
L-01757,2023-09-01,0.2781467454699711,3,15,2127.667349003028,paid_search,0,retail,small,1
L-03612,2023-09-01,0.2868938238323139,5,31,8384.022275445695,referral,1,manufacturing,large,0
L-03894,2023-09-01,0.02754762129145616,5,18,10979.193842420525,referral,1,retail,large,1
L-03224,2023-09-01,0.48051371481934857,2,23,2080.9137848731034,organic,1,finance,small,1
L-02493,2023-09-02,0.10721084586014062,6,22,3139.9280974005005,referral,0,healthcare,medium,1
L-01661,2023-09-02,0.9083456755415963,5,34,2757.046111749312,organic,1,manufacturing,small,0
L-00268,2023-09-02,0.7234313683772865,2,58,14093.23004582825,organic,1,manufacturing,large,0
L-00955,2023-09-02,0.33638108805670675,4,4,856.093965977991,referral,1,saas,small,1
L-03424,2023-09-02,0.9324720513360747,1,12,7542.337855630107,outbound,1,finance,medium,1
L-00895,2023-09-02,0.08843876927465477,2,45,20250.370507051084,referral,0,manufacturing,large,0
L-02970,2023-09-02,0.626655182003354,3,11,2989.632966461765,outbound,1,retail,small,1
L-02863,2023-09-02,0.7751913198587196,1,51,22461.906337280074,organic,1,finance,large,1
L-02143,2023-09-02,0.3829979421693436,7,41,1994.2466871867193,organic,0,saas,small,0
L-01304,2023-09-02,0.7186896715045245,2,30,3577.3586278411403,outbound,0,retail,medium,0
L-03863,2023-09-02,0.7344338301788308,4,58,3805.3497037518414,organic,0,manufacturing,medium,0
L-03601,2023-09-02,0.06730407066899646,4,22,5977.758475508622,organic,0,retail,medium,0
L-02123,2023-09-02,0.38524706089044636,2,38,3976.144906717439,paid_search,0,retail,medium,1
L-03330,2023-09-03,0.7658406855966913,3,33,3588.091403718406,outbound,1,manufacturing,medium,1
L-00671,2023-09-03,0.44727568690826913,2,7,8422.919475839131,organic,0,saas,large,1
L-00322,2023-09-03,0.4032735829303441,6,51,2971.6328789455597,paid_search,1,manufacturing,small,1
L-00952,2023-09-03,0.14794691330471144,1,11,12842.815909342282,organic,1,healthcare,large,0
L-02026,2023-09-03,0.6519623460330854,5,36,5256.595001186181,outbound,1,saas,medium,1
L-03919,2023-09-03,0.2929027379123671,3,12,18243.767642835224,paid_search,1,healthcare,large,1
L-03123,2023-09-03,0.554298135279598,4,31,2805.4553176988575,organic,0,healthcare,small,1
L-01134,2023-09-03,0.7213688775138399,1,47,3037.0470099458785,organic,0,saas,medium,0
L-00766,2023-09-03,0.445265465999388,2,0,3431.3794601342497,referral,0,finance,medium,1
L-03921,2023-09-03,0.009334573220024955,2,45,3662.5087891832914,organic,1,saas,medium,1
L-01828,2023-09-03,0.9356067864697414,2,55,4421.2725537047245,paid_search,0,saas,medium,0
L-03176,2023-09-03,0.19211422424921132,4,39,3332.9443994952067,organic,0,retail,medium,0
L-02392,2023-09-04,0.5189304352421411,2,10,4134.916166339018,outbound,1,finance,medium,0
L-00986,2023-09-04,0.06070718460191171,2,33,7099.685767164747,referral,1,healthcare,medium,0
L-01845,2023-09-04,0.5083441626953908,1,6,6547.963726251203,event,0,manufacturing,medium,1
L-02926,2023-09-04,0.21611205508217113,3,13,8950.567880684324,organic,1,healthcare,large,1
L-03416,2023-09-04,0.031277251274806406,3,35,1118.0163309018183,organic,0,healthcare,small,0
L-00701,2023-09-04,0.5327404273378781,6,52,4506.4651206086555,outbound,0,healthcare,medium,0
L-00899,2023-09-04,0.4200835653027917,2,25,8243.49477001512,paid_search,0,manufacturing,large,0
L-02628,2023-09-04,0.1951431691359864,1,14,5283.856845783559,paid_search,0,saas,medium,1
L-03608,2023-09-04,0.42915178987916247,4,40,4116.384709551981,organic,0,finance,medium,1
L-00600,2023-09-04,0.4112031770488924,5,3,3356.432992068677,paid_search,1,finance,medium,1
L-01396,2023-09-05,0.07478153422734934,6,39,3651.6358083236582,referral,1,saas,medium,0
L-01884,2023-09-05,0.9744420389841034,3,16,3205.1240408871863,referral,1,retail,medium,1
L-02824,2023-09-05,0.4112807526208263,1,29,1743.7245571001172,organic,1,saas,small,0
L-02507,2023-09-05,0.18771592244975877,1,57,2948.762505145298,event,1,manufacturing,small,0
L-03343,2023-09-05,0.5824297349221781,2,35,7039.773954380253,referral,1,finance,medium,0
L-03639,2023-09-05,0.5627030530435029,0,38,3449.981741526373,organic,0,saas,medium,0
L-01660,2023-09-05,0.21267470676003064,1,25,1145.1766676259363,referral,1,finance,small,0
L-02416,2023-09-05,0.53471671742271,3,59,8333.843993433578,paid_search,0,finance,large,1
L-01553,2023-09-05,0.5192261042882962,2,19,7289.170576640025,outbound,1,healthcare,medium,1
L-02725,2023-09-05,0.3366070335655168,2,12,8771.53329431838,organic,1,finance,large,1
L-02903,2023-09-05,0.8783828771868954,4,52,1774.425484499761,outbound,0,healthcare,small,0
L-02225,2023-09-05,0.8727502584378894,1,14,2728.8826705856177,organic,1,retail,small,1
L-03969,2023-09-05,0.7992163802511801,2,23,8205.0677137615,referral,1,manufacturing,large,1
L-00342,2023-09-06,0.7278808919985219,1,47,12076.170590983438,outbound,1,saas,large,0
L-01199,2023-09-06,0.9317946195529834,3,4,6903.749916828622,organic,1,healthcare,medium,0
L-01289,2023-09-06,0.43337391645940837,2,52,1911.750652730145,organic,1,retail,small,1
L-03874,2023-09-06,0.16561718054040064,0,19,3375.2585187125674,organic,0,healthcare,medium,0
L-03599,2023-09-06,0.47499745071437394,2,44,13719.416615012973,referral,1,saas,large,1
L-03366,2023-09-06,0.42785096732832373,1,48,4179.719586328088,event,0,manufacturing,medium,0
L-01637,2023-09-06,0.21664553556433597,3,46,1517.8433612444742,outbound,0,retail,small,0
L-01539,2023-09-06,0.303582651594387,4,21,2208.5954919801425,organic,0,healthcare,small,0
L-02916,2023-09-06,0.7488270004683447,3,44,3970.5987299985427,outbound,1,healthcare,medium,0
L-00674,2023-09-06,0.5819991287564141,3,51,15475.365091968046,outbound,0,finance,large,1
L-03120,2023-09-07,0.6226296740807937,5,3,7665.401985774886,outbound,0,saas,medium,1
L-00824,2023-09-07,0.9807574679083522,2,50,2266.0001797901623,referral,1,manufacturing,small,1
L-01210,2023-09-07,0.35170239085026345,2,41,10987.578551521385,organic,0,retail,large,0
L-03603,2023-09-07,0.9104123398316256,3,13,8091.5663062609565,outbound,0,manufacturing,large,0
L-01981,2023-09-07,0.4410186239042685,1,46,6455.65946227398,referral,0,healthcare,medium,0
L-02906,2023-09-07,0.8794346459536684,4,22,3400.043430675324,outbound,0,finance,medium,1
L-01754,2023-09-08,0.4646025871930364,5,59,2206.788609524994,paid_search,0,finance,small,0
L-03818,2023-09-08,0.3507339517432785,3,36,13352.455302610228,referral,1,finance,large,1
L-02897,2023-09-08,0.5063740694865626,4,49,2262.2031772450546,organic,1,finance,small,0
L-02720,2023-09-08,0.44679634469056895,6,4,9057.995674511045,referral,1,saas,large,1
L-02828,2023-09-08,0.7868162917070124,4,18,11024.029799746579,outbound,1,healthcare,large,1
L-00239,2023-09-08,0.5371726483268185,6,51,5949.4435864989955,organic,1,retail,medium,0
L-02178,2023-09-08,0.653987199751117,6,4,19637.01825905331,event,1,saas,large,1
L-02127,2023-09-08,0.4792733822962494,4,1,16128.280548336861,organic,1,finance,large,1
L-00995,2023-09-08,0.4728871821541666,0,38,1249.5737138039499,referral,0,healthcare,small,0
L-03025,2023-09-08,0.6091986837159487,1,53,5829.293191893497,paid_search,0,retail,medium,0
L-03691,2023-09-08,0.10556546251412346,1,37,2173.2029791275613,organic,1,manufacturing,small,1
L-02358,2023-09-08,0.48615830920162084,4,59,8272.297726439714,paid_search,1,manufacturing,large,0
L-00598,2023-09-09,0.9425046192334813,3,23,2796.4671658580073,organic,1,finance,small,0
L-03116,2023-09-09,0.6014675351744795,1,45,6788.28846835705,referral,1,finance,medium,1
L-01170,2023-09-09,0.9865910758490911,5,17,7887.0682756340775,organic,0,manufacturing,medium,1
L-03184,2023-09-09,0.05429108774791258,3,29,18999.4835795522,referral,1,saas,large,1
L-00244,2023-09-09,0.38592129146321485,2,49,5947.5042283571265,organic,1,healthcare,medium,1
L-01752,2023-09-09,0.4507375878182873,3,4,1776.5385047430555,referral,0,retail,small,1
L-00084,2023-09-09,0.6748127524058697,4,43,908.7850555270675,referral,1,manufacturing,small,0
L-03008,2023-09-09,0.7018817204145913,2,44,8768.781733212902,organic,0,retail,large,1
L-03170,2023-09-09,0.716433175755905,5,15,26095.8735371482,outbound,1,retail,large,1
L-01171,2023-09-10,0.6719845376579414,0,11,8032.307493526213,organic,1,manufacturing,large,0
L-03316,2023-09-10,0.040031262799263945,2,16,33653.481988790314,organic,1,retail,large,0
L-02009,2023-09-10,0.6122233770420157,5,7,3723.2249969597137,paid_search,1,retail,medium,1
L-03864,2023-09-10,0.6730262637118272,5,59,1686.6813258495513,paid_search,0,healthcare,small,0
L-00039,2023-09-10,0.7638440672883581,2,25,1204.9260042487933,referral,0,finance,small,1
L-02157,2023-09-10,0.07108739694508126,1,20,12088.885518544583,referral,1,healthcare,large,1
L-00191,2023-09-10,0.563862403471314,0,1,6245.413839912743,paid_search,1,finance,medium,1
L-03545,2023-09-10,0.29004784477359347,1,27,21443.5600356519,paid_search,1,retail,large,0
L-00879,2023-09-10,0.0009899939263861013,2,30,5719.4709258209505,paid_search,0,retail,medium,1
L-01110,2023-09-10,0.30179333996059354,0,58,1225.2949750900646,event,1,healthcare,small,0
L-02995,2023-09-10,0.22354410083923337,3,55,4708.66991453162,event,1,manufacturing,medium,0
L-01195,2023-09-11,0.3880535473022476,2,37,6299.401634094618,organic,1,manufacturing,medium,0
L-00657,2023-09-11,0.5654659162762375,1,52,3179.0355557063563,organic,1,retail,medium,0
L-00742,2023-09-11,0.17497783748748819,2,40,9243.960720508905,paid_search,0,manufacturing,large,0
L-00129,2023-09-11,0.02520494712616217,1,8,13036.74879418706,referral,1,healthcare,large,1
L-00474,2023-09-11,0.36823238624837096,0,40,3856.3915093978735,outbound,0,healthcare,medium,0
L-02757,2023-09-11,0.9894399066997448,4,18,25453.060946598605,outbound,0,finance,large,1
L-02230,2023-09-11,0.9762008643580892,3,53,1281.4708159554473,organic,0,finance,small,1
L-01369,2023-09-11,0.44104187967539343,0,44,6623.920796742133,event,1,manufacturing,medium,1
L-00340,2023-09-11,0.17031908811182894,2,44,5707.858423928524,referral,0,saas,medium,0
L-02567,2023-09-11,0.03716066181935718,4,26,1484.866997167914,event,1,saas,small,0
L-02184,2023-09-11,0.9187979929823424,3,3,2963.51712577122,organic,1,retail,small,1
L-00457,2023-09-11,0.10119336675333235,1,54,8402.564382741995,event,1,retail,large,0
L-00957,2023-09-11,0.011809088179004612,0,29,4593.013845495695,organic,0,retail,medium,0
L-01416,2023-09-11,0.6200315427116705,4,11,5698.6731121095545,outbound,1,saas,medium,0
L-00098,2023-09-12,0.1239380544408778,3,1,3783.2287720344984,paid_search,1,finance,medium,1
L-00672,2023-09-12,0.3986448208534151,3,45,1825.1794798665996,organic,0,healthcare,small,0
L-01466,2023-09-12,0.619714601214624,3,50,2238.371211002902,organic,1,retail,small,1
L-00781,2023-09-12,0.1033228577084917,3,43,1636.7811798734056,paid_search,0,saas,small,0
L-03491,2023-09-12,0.6632380285105512,2,43,3709.3143825676657,outbound,0,manufacturing,medium,0
L-01584,2023-09-12,0.9151384037450991,4,28,2101.880679832438,outbound,0,manufacturing,small,0
L-03300,2023-09-12,0.5540195020707105,4,34,4396.643060696678,organic,0,finance,medium,0
L-01984,2023-09-12,0.3720784115160254,4,34,5468.339682001531,event,1,manufacturing,medium,1
L-01234,2023-09-12,0.16425338725426664,3,54,8548.849221024702,outbound,1,retail,large,0
L-03763,2023-09-12,0.9318239817729504,1,55,8905.229464301177,referral,0,saas,large,1
L-00919,2023-09-12,0.7088620784408124,3,8,3918.110979467379,outbound,1,finance,medium,1
L-03756,2023-09-12,0.14286961854085745,2,1,4814.405966854562,outbound,0,retail,medium,0
L-01127,2023-09-13,0.12887740467047515,4,21,1896.4548828835723,organic,1,healthcare,small,0
L-03729,2023-09-13,0.2987235249744318,5,8,7146.358663943899,organic,0,manufacturing,medium,1
L-03924,2023-09-13,0.5614935332701865,3,26,4259.180352188376,organic,0,finance,medium,0
L-00615,2023-09-13,0.4942597768118626,2,36,7540.28346512597,referral,1,healthcare,medium,1
L-02436,2023-09-13,0.8287375391937123,0,51,1888.2444814850742,referral,1,manufacturing,small,1
L-02991,2023-09-13,0.8549451286305332,2,40,5188.931097225017,organic,1,retail,medium,1
L-03407,2023-09-13,0.16341657754026295,5,44,1095.2234172218284,paid_search,1,manufacturing,small,1
L-03323,2023-09-13,0.04115320005240031,2,4,5814.819656567411,outbound,0,saas,medium,0
L-03720,2023-09-13,0.7633870541432835,3,9,2609.0725689614646,outbound,0,retail,small,1
L-01336,2023-09-13,0.5246675094435717,2,51,6733.081607370886,paid_search,0,saas,medium,1
L-01993,2023-09-13,0.3235734372493335,6,3,3008.0918364516724,referral,1,saas,medium,1
L-02688,2023-09-13,0.8565751771491905,6,57,3687.142059368086,outbound,1,finance,medium,1
L-02969,2023-09-13,0.6212331782136635,0,26,12782.156918368966,referral,0,finance,large,0
L-03549,2023-09-13,0.4547927573170498,2,21,14351.642738584454,organic,0,saas,large,1
L-03501,2023-09-14,0.5068269662175497,0,37,2853.005949460535,referral,1,retail,small,0
L-03695,2023-09-14,0.29109816369737496,1,11,9187.40141612546,paid_search,0,healthcare,large,0
L-03265,2023-09-14,0.049738765521068484,1,40,3961.922101572012,event,0,retail,medium,0
L-00599,2023-09-14,0.9506648414694857,2,48,4035.811943952199,outbound,0,manufacturing,medium,0
L-01067,2023-09-14,0.18194295527675264,3,45,6032.262896372346,organic,0,saas,medium,0
L-03646,2023-09-14,0.5804068361804202,3,10,7694.569739468982,referral,1,finance,medium,1
L-03146,2023-09-15,0.8959035179758841,4,35,10415.42486330375,event,1,manufacturing,large,1
L-02183,2023-09-15,0.48431558868548197,4,50,12412.540285735047,referral,1,finance,large,0
L-03117,2023-09-15,0.766701587432286,5,5,1556.677096328364,outbound,0,saas,small,1
L-03861,2023-09-15,0.030666978464029993,3,11,3705.062037570381,event,1,saas,medium,0
L-01714,2023-09-15,0.8521791950074505,2,17,15536.247098350546,outbound,1,healthcare,large,0
L-00568,2023-09-15,0.6549959242014641,4,57,7335.778625907095,outbound,1,saas,medium,1
L-00025,2023-09-15,0.3940719741684673,3,11,4618.438012683355,organic,1,manufacturing,medium,1
L-03976,2023-09-15,0.7556965094242524,3,28,2060.434325963713,paid_search,0,saas,small,0
L-02071,2023-09-16,0.6471187880735663,3,39,7020.34503946711,event,1,saas,medium,1
L-02447,2023-09-16,0.4893591966233879,5,49,5183.695648707985,organic,1,saas,medium,1
L-03674,2023-09-16,0.5158904004443335,5,48,3195.9033668120983,organic,1,healthcare,medium,0
L-03576,2023-09-16,0.9822308295656378,3,38,13059.460372202953,referral,1,manufacturing,large,0
L-01716,2023-09-16,0.7302657622800466,4,18,15729.105551695766,paid_search,0,manufacturing,large,1
L-00933,2023-09-17,0.8819072171389275,3,49,1887.0261837612643,organic,1,manufacturing,small,0
L-00243,2023-09-17,0.25454931462728214,3,34,761.7034627354531,organic,1,retail,small,0
L-02360,2023-09-17,0.24277898546082055,1,24,8228.252995592298,organic,1,healthcare,large,1
L-01220,2023-09-17,0.2742455352181029,4,5,3559.5863877182965,outbound,1,finance,medium,0
L-02985,2023-09-17,0.3328053721226003,7,7,5623.540098271276,organic,1,manufacturing,medium,0
L-02014,2023-09-17,0.5651481126958872,1,2,2241.0118854009875,organic,1,healthcare,small,1
L-00983,2023-09-17,0.6062506194501415,3,15,8821.85221489776,paid_search,1,manufacturing,large,1
L-01129,2023-09-17,0.9439471258625965,2,25,5619.082120819284,paid_search,1,manufacturing,medium,1
L-01254,2023-09-17,0.0373102924029276,4,43,10528.753027897861,outbound,1,retail,large,0
L-00501,2023-09-18,0.6830149564489978,3,47,3940.1592733346497,outbound,0,saas,medium,0
L-01204,2023-09-18,0.9282386481121652,2,35,6425.750680841505,referral,0,healthcare,medium,0
L-00985,2023-09-18,0.2412934516895302,3,33,7869.364789668828,organic,0,retail,medium,1
L-00823,2023-09-18,0.9558605341889254,2,45,5080.318997319209,referral,0,healthcare,medium,1
L-02753,2023-09-18,0.48253745124549463,4,6,1430.2632752495213,organic,1,saas,small,1
L-03588,2023-09-18,0.48952879933047744,3,14,5780.704234308332,paid_search,1,saas,medium,1
L-01886,2023-09-18,0.986892202538008,1,36,3996.7320119106557,referral,1,saas,medium,0
L-02480,2023-09-18,0.4591960956920653,4,8,7467.783725596343,paid_search,1,manufacturing,medium,0
L-01088,2023-09-18,0.5468134602405106,4,27,17751.14610470116,paid_search,0,retail,large,0
L-00770,2023-09-18,0.16178245779226574,2,54,12588.838906450852,referral,0,saas,large,0
L-02323,2023-09-18,0.05891533933580351,3,31,2631.8974780402905,organic,1,finance,small,0
L-02904,2023-09-18,0.7101669404986963,3,23,3828.1850248671853,referral,1,saas,medium,0
L-02379,2023-09-19,0.02620935654880885,3,15,2031.972775328448,organic,1,manufacturing,small,0
L-00651,2023-09-19,0.42016285452463864,1,2,4467.058416045528,outbound,1,retail,medium,1
L-01223,2023-09-19,0.6955520304126415,5,57,8963.678933759422,organic,0,healthcare,large,0
L-01437,2023-09-19,0.32233877280804424,5,44,2250.323890857448,outbound,0,saas,small,0
L-00122,2023-09-19,0.27935481219372915,4,48,1665.3239380787038,referral,0,finance,small,0
L-01811,2023-09-19,0.13755634749321133,6,38,8863.356976455323,organic,1,manufacturing,large,0
L-01397,2023-09-19,0.11017004510613315,2,40,3131.701340190219,organic,1,manufacturing,medium,0
L-03272,2023-09-19,0.8252307170992254,7,2,10255.433233119582,referral,1,healthcare,large,1
L-02929,2023-09-19,0.2866920254570754,1,5,1929.5189421387627,paid_search,0,retail,small,1
L-02257,2023-09-19,0.46516813583684313,2,23,3105.547027546766,organic,1,saas,medium,1
L-01722,2023-09-19,0.851036987192073,0,16,5005.159422266194,paid_search,1,retail,medium,0
L-02550,2023-09-19,0.07048950535691911,3,40,4326.590003948434,paid_search,0,healthcare,medium,0
L-00002,2023-09-19,0.9529751615601034,7,2,6143.091014853675,outbound,1,healthcare,medium,1
L-00841,2023-09-20,0.43299821516981385,5,0,5360.114557370754,organic,0,saas,medium,0
L-03793,2023-09-20,0.11418440406452013,2,48,2061.0308508573653,paid_search,0,saas,small,0
L-02395,2023-09-20,0.439097561302376,3,7,4106.801140701635,outbound,0,manufacturing,medium,0
L-02085,2023-09-20,0.9232235352696165,2,51,9166.185024509045,outbound,1,finance,large,0
L-02194,2023-09-20,0.27979578867131627,4,7,12141.186512589444,outbound,0,manufacturing,large,0
L-03962,2023-09-20,0.4975596573165595,2,11,5931.144395613596,outbound,0,manufacturing,medium,0
L-02618,2023-09-20,0.4465966901175078,1,56,5094.097824887156,paid_search,1,retail,medium,0
L-01276,2023-09-20,0.48346865134769745,6,17,9555.854537627663,referral,1,finance,large,1
L-01692,2023-09-20,0.09225764093537259,1,21,2149.7582673925663,paid_search,0,saas,small,0
L-02021,2023-09-21,0.1933853598265559,1,43,3709.7189432960126,organic,1,finance,medium,0
L-02022,2023-09-21,0.31487847827750304,4,0,6386.590499104674,referral,0,retail,medium,1
L-00315,2023-09-21,0.287473018548423,4,9,4496.0988362799435,paid_search,0,finance,medium,1
L-01596,2023-09-21,0.869457123234689,1,15,10478.242325016674,organic,0,retail,large,0
L-02583,2023-09-21,0.9812622507439888,4,21,8823.941416032781,paid_search,0,saas,large,0
L-02049,2023-09-21,0.7175195326756167,3,6,1475.270302822019,event,1,finance,small,1
L-01980,2023-09-21,0.08733981507178346,4,20,7507.333325557352,outbound,0,saas,medium,1
L-00729,2023-09-21,0.892904995362683,4,28,2773.709109152124,outbound,0,healthcare,small,0
L-03437,2023-09-21,0.20418863964200418,2,25,22966.910607719332,paid_search,1,manufacturing,large,0
L-03408,2023-09-21,0.22650558193117554,1,39,3024.0011363095396,referral,0,retail,medium,0
L-03833,2023-09-21,0.6533642866030318,1,26,13129.689253994862,paid_search,1,manufacturing,large,1
L-02896,2023-09-22,0.22087883484954018,2,12,10552.291423235336,organic,1,manufacturing,large,0
L-00155,2023-09-22,0.8568603919165705,1,40,2005.7531422530578,outbound,1,retail,small,0
L-01958,2023-09-22,0.10600249251994287,2,40,7645.950375625799,organic,0,retail,medium,0
L-00371,2023-09-22,0.32689835187698935,3,13,37382.44630233942,referral,1,saas,large,1
L-02770,2023-09-22,0.6440868573366405,2,2,9419.577954300406,outbound,0,manufacturing,large,0
L-00254,2023-09-22,0.9662026253681762,1,35,3824.4335769238132,outbound,0,saas,medium,1
L-02999,2023-09-23,0.6152300505352921,7,53,2522.1883231106735,outbound,1,retail,small,0
L-03928,2023-09-23,0.8774529147529555,2,38,7836.662869850441,event,1,retail,medium,1
L-02087,2023-09-23,0.6170229101605608,2,1,9125.503515786853,outbound,0,saas,large,1
L-00478,2023-09-23,0.37338354325867473,2,35,1552.9239736937864,referral,0,saas,small,0
L-02876,2023-09-23,0.22190064629382356,4,31,6247.233609589491,organic,1,manufacturing,medium,1
L-02241,2023-09-23,0.82812278833752,5,23,2770.816008688568,referral,1,finance,small,1
L-01647,2023-09-23,0.38933400559165,4,20,13368.877940204466,organic,1,manufacturing,large,0
L-00161,2023-09-23,0.26521345611256597,3,4,10633.317475189873,event,1,retail,large,1
L-00445,2023-09-23,0.5715697845067188,4,24,1560.3504019360032,organic,0,healthcare,small,1
L-00236,2023-09-23,0.13647055404451092,5,14,20651.624503474435,outbound,1,saas,large,1
L-00107,2023-09-23,0.9928079572704449,4,38,3136.7720736702768,referral,0,retail,medium,0
L-00818,2023-09-24,0.4346041756809653,4,4,1096.3822569033252,referral,0,manufacturing,small,1
L-00310,2023-09-24,0.9950094173238103,1,44,2414.2784757402073,paid_search,1,saas,small,1
L-02083,2023-09-24,0.30965203002718433,2,46,2927.6374494001807,referral,1,retail,small,0
L-02562,2023-09-24,0.27423857222533854,3,27,15264.912077851215,outbound,0,retail,large,0
L-00821,2023-09-24,0.6791453684388935,1,10,6121.347341738581,referral,1,saas,medium,1
L-03738,2023-09-25,0.9140605803264515,3,35,4395.8632091315585,referral,0,retail,medium,1
L-02615,2023-09-25,0.28677421076029486,4,6,1505.1218089521824,outbound,1,finance,small,0
L-00858,2023-09-25,0.7477897231466647,3,27,4888.391260505113,outbound,1,manufacturing,medium,0
L-00121,2023-09-25,0.03280999949772867,4,1,2954.2753796380102,organic,1,saas,small,0
L-01048,2023-09-25,0.9186646150612952,3,23,2370.707664491437,referral,1,healthcare,small,1
L-03654,2023-09-25,0.2887410352398029,4,16,5465.481613221998,outbound,1,saas,medium,0
L-03158,2023-09-25,0.45523034765115733,4,32,10659.50548909824,referral,1,finance,large,0
L-02721,2023-09-25,0.5430666949102484,3,55,22183.460380695768,organic,1,manufacturing,large,1
L-00079,2023-09-25,0.031069600069839942,3,17,2289.4525045387372,outbound,0,manufacturing,small,0
L-02101,2023-09-25,0.6587589892067757,1,38,3275.922361656617,referral,1,retail,medium,1
L-03374,2023-09-26,0.6502122741817089,0,15,4127.870632660601,organic,0,healthcare,medium,0
L-02658,2023-09-26,0.5742972879655516,3,14,4817.463558645238,paid_search,0,manufacturing,medium,1
L-00640,2023-09-26,0.716622756727313,4,29,6263.709564298429,event,0,saas,medium,1
L-03192,2023-09-26,0.12240884773046701,2,48,3286.4896781330963,referral,0,retail,medium,0
L-01305,2023-09-26,0.04736377329928798,5,39,2620.911392099018,outbound,1,saas,small,0
L-03001,2023-09-26,0.6629277005606187,4,50,10069.36291930811,referral,1,finance,large,0
L-01612,2023-09-26,0.6150243819033733,5,53,11399.141464956927,outbound,1,retail,large,1
L-02279,2023-09-26,0.7000101540674241,2,1,3760.306646478766,referral,0,saas,medium,0
L-00282,2023-09-26,0.3390236259198265,1,45,10865.085899015097,outbound,0,healthcare,large,0
L-00735,2023-09-26,0.4600374849032126,3,53,10415.18929979942,paid_search,0,manufacturing,large,0
L-00311,2023-09-26,0.07874328988291712,2,29,3308.2066908984048,paid_search,1,healthcare,medium,1
L-01131,2023-09-26,0.9011053131506768,2,34,5447.422511406986,referral,0,saas,medium,1
L-01426,2023-09-26,0.08635967450159665,4,37,16056.138150341465,paid_search,0,healthcare,large,0
L-03982,2023-09-26,0.8273926622355084,4,12,3897.7547864737685,outbound,1,manufacturing,medium,1
L-02816,2023-09-27,0.23637353540898454,4,13,6431.008189764906,organic,0,healthcare,medium,0
L-03609,2023-09-27,0.7090436302344373,3,26,1815.3974705511628,outbound,0,saas,small,0
L-01423,2023-09-27,0.40261303170344953,5,21,6825.0465968838125,outbound,1,finance,medium,1
L-02931,2023-09-27,0.6297877747249184,2,18,2419.682190689583,outbound,0,retail,small,0
L-02111,2023-09-27,0.8277406698600205,3,0,12060.503066319618,organic,1,manufacturing,large,1
L-01070,2023-09-27,0.016257109892718447,0,16,3655.1555803226956,organic,1,saas,medium,0
L-01812,2023-09-27,0.5640718189251569,2,8,3628.194789746314,organic,0,finance,medium,0
L-03983,2023-09-27,0.33654367588742307,3,45,10937.175217035125,referral,0,retail,large,0
L-03812,2023-09-27,0.6790100281695197,5,7,3845.29098233815,outbound,0,manufacturing,medium,1
L-01328,2023-09-28,0.5064733104983793,3,9,4971.9386955085765,referral,0,healthcare,medium,1
L-02437,2023-09-28,0.2362901015169656,7,55,1873.3050095895867,outbound,1,finance,small,0
L-01297,2023-09-28,0.4969795604601278,3,54,6104.397759755961,event,1,healthcare,medium,0
L-01273,2023-09-28,0.7099263781425819,2,12,6304.267986617916,organic,0,retail,medium,0
L-03232,2023-09-28,0.40594439748796973,2,54,4033.80197210624,outbound,0,manufacturing,medium,0
L-00256,2023-09-29,0.9097975765175444,1,8,4895.408064778053,referral,1,retail,medium,1
L-00710,2023-09-29,0.9719943427017703,1,47,2890.898755929499,outbound,1,retail,small,1
L-03518,2023-09-29,0.14558269210223584,3,12,4960.966720278641,outbound,0,healthcare,medium,0
L-03205,2023-09-29,0.019718944011485773,3,4,9211.469261182025,paid_search,1,finance,large,0
L-01667,2023-09-29,0.12858850912520325,3,24,6081.973138940819,organic,1,retail,medium,0
L-00415,2023-09-29,0.10728705752372691,4,48,1123.3029390822023,outbound,1,finance,small,0
L-03766,2023-09-29,0.3584072925020956,4,30,3285.2351421519484,paid_search,1,retail,medium,0
L-02467,2023-09-29,0.658527482850764,1,7,1737.0149392382,outbound,1,finance,small,0
L-00048,2023-09-29,0.14674323320765248,5,27,8758.196221418337,event,1,retail,large,0
L-02033,2023-09-29,0.5461394934009635,5,17,729.0723128411323,organic,0,healthcare,small,0
L-03389,2023-09-29,0.9301819287447706,0,22,2716.6780641178416,referral,1,manufacturing,small,1
L-01326,2023-09-29,0.4065022037671103,1,3,9519.990517308885,referral,0,healthcare,large,1
L-03191,2023-09-30,0.6816108483374057,6,50,2841.3430066983465,paid_search,0,manufacturing,small,1
L-01972,2023-09-30,0.5218871538506332,1,56,11990.019365962196,outbound,0,finance,large,0
L-00826,2023-09-30,0.46521247156357315,2,42,2436.541184748735,outbound,0,finance,small,0
L-01702,2023-09-30,0.5740555057818213,4,43,5612.229009759306,event,1,finance,medium,1
L-00549,2023-09-30,0.293960470924571,5,38,4851.822543032958,outbound,1,manufacturing,medium,1
L-03718,2023-09-30,0.0983392668723897,2,27,4141.208357350713,outbound,1,retail,medium,0
L-02631,2023-09-30,0.44719896492353517,1,26,14962.853930814485,paid_search,0,manufacturing,large,1
L-03828,2023-09-30,0.5253869328518468,0,27,4539.96098076155,organic,1,manufacturing,medium,0
L-02284,2023-09-30,0.8966069121474339,2,59,5818.134031156044,referral,1,retail,medium,0
L-00097,2023-09-30,0.4946002239744529,3,35,4877.623512940054,outbound,1,manufacturing,medium,0
L-03611,2023-10-01,0.7108876827294898,3,15,8168.271105762991,paid_search,0,healthcare,large,0
L-01695,2023-10-01,0.42358534829478633,1,31,1824.5258787640382,referral,1,saas,small,0
L-00190,2023-10-01,0.11518605331426068,2,48,3010.593552246792,outbound,0,healthcare,medium,0
L-02266,2023-10-01,0.4229161430428747,3,1,17897.858779452305,event,0,retail,large,1
L-01779,2023-10-01,0.9618330071923676,3,15,5945.358130864008,organic,0,finance,medium,1
L-00059,2023-10-01,0.05172149166639106,3,56,6548.236888965069,referral,0,finance,medium,0
L-00812,2023-10-01,0.6935054243560607,5,59,6488.026270617661,referral,1,manufacturing,medium,0
L-01509,2023-10-01,0.278074039720023,5,38,4193.4542379587765,organic,0,saas,medium,0
L-00614,2023-10-02,0.2711378862350904,3,41,2678.694032153054,event,1,saas,small,1
L-00787,2023-10-02,0.5391682923569977,4,29,5311.326110875584,organic,1,saas,medium,0
L-03575,2023-10-02,0.1281622706457105,1,3,3997.0855260684325,outbound,0,saas,medium,1
L-02135,2023-10-02,0.020368473684377664,4,37,8721.178524001316,outbound,1,manufacturing,large,0
L-01546,2023-10-02,0.4800800751945429,1,43,8525.039898069173,organic,1,retail,large,0
L-00635,2023-10-02,0.4285929182509165,1,25,1288.654730430364,referral,0,manufacturing,small,1
L-00074,2023-10-02,0.389889468872609,1,45,4122.840819391923,paid_search,1,retail,medium,1
L-03796,2023-10-02,0.5193761171913774,2,11,4445.268370205713,referral,1,healthcare,medium,0
L-02255,2023-10-02,0.0706507157711106,3,56,5401.893185335105,event,0,healthcare,medium,0
L-03572,2023-10-03,0.5012331895262763,6,29,6489.668630870567,event,0,finance,medium,0
L-00586,2023-10-03,0.33435922671739227,4,59,5936.15608307243,organic,0,healthcare,medium,0
L-03587,2023-10-03,0.29462110578767353,1,45,3359.012830689657,outbound,1,saas,medium,0
L-01061,2023-10-03,0.4419010737450705,1,57,7501.072291754036,referral,0,healthcare,medium,0
L-01148,2023-10-03,0.8584344850731825,5,33,5646.082031039455,paid_search,1,manufacturing,medium,1
L-03267,2023-10-04,0.8698567147115758,2,19,751.5995233934673,event,0,saas,small,1
L-02516,2023-10-04,0.43121496812583504,1,14,9401.124679729373,organic,1,healthcare,large,0
L-00940,2023-10-04,0.9866259175249644,2,41,8445.726986074442,event,0,manufacturing,large,1
L-01182,2023-10-04,0.4915131730528399,2,42,1753.065632592961,referral,1,manufacturing,small,0
L-02717,2023-10-04,0.590369207184066,5,15,12346.703478838002,event,0,finance,large,1
L-00665,2023-10-05,0.8058169613506224,3,13,5217.34778243342,event,0,manufacturing,medium,1
L-03975,2023-10-05,0.22102219394416822,6,18,5850.056221187582,outbound,1,finance,medium,0
L-01613,2023-10-05,0.8902579336462912,3,10,3881.0240648583076,organic,0,saas,medium,1
L-00421,2023-10-05,0.1979807464169071,5,4,2530.4675384577768,organic,0,manufacturing,small,1
L-03607,2023-10-05,0.5979505131197568,2,16,18547.571163069457,paid_search,1,saas,large,1
L-03876,2023-10-05,0.6073854534294973,2,23,4904.410804746363,event,0,saas,medium,1
L-00874,2023-10-06,0.11848525235480156,4,12,2789.6813390717384,outbound,0,saas,small,0
L-00183,2023-10-06,0.14210392585164267,2,7,7863.939391813111,organic,1,healthcare,medium,0
L-00174,2023-10-06,0.3519299430229661,5,37,5828.329893176627,paid_search,0,retail,medium,1
L-02074,2023-10-06,0.029071614168797,3,30,4674.9319517918175,outbound,1,saas,medium,0
L-00007,2023-10-06,0.14163896797290498,1,27,3479.5831423169134,paid_search,1,saas,medium,1
L-02500,2023-10-07,0.018851579037953314,3,13,14600.992717533156,organic,0,saas,large,1
L-01732,2023-10-07,0.5735258617084483,5,57,3654.39679977976,organic,0,saas,medium,0
L-02210,2023-10-07,0.699270809013938,1,17,7704.440289545995,event,0,retail,medium,1
L-00865,2023-10-07,0.12385688112930193,2,43,4498.878641986176,organic,1,saas,medium,1
L-03220,2023-10-07,0.10237033001512275,4,13,4731.38144406123,organic,0,saas,medium,0
L-00203,2023-10-07,0.18597441987570917,3,8,2284.191526908002,event,0,manufacturing,small,1
L-01471,2023-10-07,0.44712555024383704,3,50,9122.074586535044,organic,0,retail,large,0
L-02180,2023-10-07,0.725750234719247,1,35,1348.9291091129376,organic,1,finance,small,1
L-01302,2023-10-07,0.25593908188074377,3,25,9327.230989233272,paid_search,1,saas,large,1
L-02374,2023-10-07,0.5905374085857233,1,35,3946.7638948197236,referral,1,retail,medium,0
L-00931,2023-10-07,0.20763717209391974,6,0,5195.960749399882,paid_search,0,healthcare,medium,0
L-03104,2023-10-08,0.8254688332656196,5,39,7956.0678965297175,outbound,0,saas,medium,0
L-00981,2023-10-08,0.2782171517213896,5,37,1392.93709051775,organic,1,manufacturing,small,0
L-01594,2023-10-08,0.044397296910590134,2,3,3724.097343042275,referral,0,retail,medium,0
L-02119,2023-10-08,0.4835499824307432,2,45,2779.595312163669,organic,0,retail,small,0
L-00042,2023-10-08,0.6323550507663013,6,56,5037.661349382451,referral,1,retail,medium,0
L-02140,2023-10-08,0.390484989768521,6,27,4955.645757865172,referral,0,retail,medium,0
L-00085,2023-10-08,0.2634754281893177,4,14,5209.840158913378,outbound,1,finance,medium,0
L-01347,2023-10-08,0.5896248529053164,2,22,4477.465001336999,paid_search,1,manufacturing,medium,1
L-01193,2023-10-09,0.6999221701376476,3,15,2227.0508050556523,organic,0,manufacturing,small,0
L-02154,2023-10-09,0.580871348436382,2,53,5937.728081136383,outbound,0,finance,medium,0
L-03556,2023-10-09,0.3027548582456523,2,8,3746.7019549522165,organic,1,healthcare,medium,1
L-00222,2023-10-09,0.4161616800672908,2,9,6901.2055142350755,organic,1,saas,medium,1
L-03004,2023-10-09,0.04385828341791598,2,46,22694.661024072884,organic,1,saas,large,0
L-03932,2023-10-09,0.30943368604734944,1,58,4289.98575951218,organic,0,saas,medium,0
L-02841,2023-10-09,0.42498170222128084,2,45,4188.148878209916,outbound,0,saas,medium,0
L-01063,2023-10-10,0.8828093321445801,4,30,10703.829699756796,paid_search,1,manufacturing,large,1
L-00109,2023-10-10,0.16285655124270249,4,56,2290.556128683957,organic,0,manufacturing,small,0
L-02773,2023-10-10,0.4465811501761877,3,41,9841.58111714848,outbound,0,manufacturing,large,0
L-03064,2023-10-10,0.9219213207742897,2,36,4408.530812882635,event,1,finance,medium,1
L-01040,2023-10-10,0.37971932648166573,1,57,8026.328734872298,referral,0,retail,large,0
L-01538,2023-10-10,0.154444643485386,3,57,2959.5552624467327,outbound,1,manufacturing,small,0
L-03067,2023-10-10,0.35748817539812083,5,15,2100.803034955736,referral,0,retail,small,1
L-02706,2023-10-10,0.08644741326880623,2,54,3002.869996711557,paid_search,1,saas,medium,0
L-01044,2023-10-11,0.7495149775382705,1,58,5572.276509798151,outbound,1,retail,medium,0
L-03680,2023-10-11,0.8675815246159764,3,10,3635.1006226214886,outbound,0,saas,medium,0
L-00540,2023-10-11,0.5071901193159289,3,28,7533.7038554861565,organic,0,finance,medium,1
L-01316,2023-10-11,0.7374604451918155,2,52,2159.5962650893657,outbound,0,finance,small,0
L-03049,2023-10-11,0.9802446252759475,2,42,3105.7672494468216,outbound,1,healthcare,medium,1
L-01599,2023-10-11,0.43831630941448785,2,8,6461.569360326291,referral,0,manufacturing,medium,1
L-02819,2023-10-11,0.5523847893120535,3,13,7920.244409610842,outbound,1,healthcare,medium,1
L-02798,2023-10-11,0.8426492406705349,3,42,5581.447245438156,organic,0,retail,medium,1
L-00905,2023-10-11,0.6487749038885544,1,3,7250.301212632966,paid_search,0,finance,medium,1
L-00891,2023-10-11,0.9812765239932727,4,23,8063.083391962358,paid_search,0,retail,large,0
L-03930,2023-10-11,0.9924587097750137,9,49,7256.128095585448,referral,1,saas,medium,1
L-02407,2023-10-12,0.3756059721287023,2,18,1427.0641936317375,referral,1,manufacturing,small,0
L-03489,2023-10-12,0.7458851622950232,5,27,5280.610666035615,organic,1,retail,medium,1
L-01521,2023-10-12,0.8682391284056578,4,48,5065.86529511095,referral,1,saas,medium,1
L-03134,2023-10-12,0.8745055991131784,3,38,7192.042720336453,event,0,manufacturing,medium,0
L-01893,2023-10-12,0.5231679607443794,2,50,771.5334465543036,referral,0,manufacturing,small,0
L-02244,2023-10-12,0.7180058570877794,5,18,14753.87580134953,event,0,healthcare,large,1
L-03869,2023-10-12,0.19514422053831504,2,4,2428.4617101242725,referral,1,manufacturing,small,1
L-01076,2023-10-12,0.33748970638443865,2,31,1363.5198253070464,organic,0,manufacturing,small,0
L-03855,2023-10-12,0.8207793770411665,2,21,9516.990694339425,paid_search,1,saas,large,0
L-03445,2023-10-12,0.27053962868541603,2,27,5214.684152388576,paid_search,0,retail,medium,0
L-03553,2023-10-13,0.1760974292683921,2,9,2240.6580273397253,paid_search,1,saas,small,0
L-03150,2023-10-13,0.6584334261832758,6,32,4622.19227524243,paid_search,1,saas,medium,1
L-01196,2023-10-13,0.5550102459399053,4,7,12058.612548824074,paid_search,0,manufacturing,large,1
L-02294,2023-10-13,0.8095792023273852,3,24,3949.67371060411,organic,1,finance,medium,0
L-02054,2023-10-13,0.8281944670376165,4,27,5643.838921776084,organic,0,saas,medium,0
L-02352,2023-10-13,0.6559531101246859,3,35,6495.3564789340035,organic,1,finance,medium,0
L-01275,2023-10-13,0.8198111081856883,3,50,3676.510702226889,outbound,0,healthcare,medium,0
L-03906,2023-10-14,0.6354292727910835,1,2,2217.141196858473,organic,0,retail,small,1
L-00211,2023-10-14,0.45535212144348725,3,14,5964.318318401537,event,1,healthcare,medium,0
L-00014,2023-10-14,0.4143537719943613,4,7,5733.189766543273,outbound,1,finance,medium,0
L-02940,2023-10-14,0.8583426720925291,3,28,1957.002811452183,organic,0,healthcare,small,1
L-02980,2023-10-14,0.9106640422500436,1,33,3687.018609031547,organic,1,finance,medium,1
L-00429,2023-10-14,0.7573494327399186,2,52,4276.083789960563,organic,1,healthcare,medium,0
L-00176,2023-10-14,0.41340824438985857,4,41,2692.9502827017027,organic,0,saas,small,1
L-02063,2023-10-15,0.5861369551739308,3,49,2978.8921389106567,event,0,retail,small,0
L-00235,2023-10-15,0.8762672330257992,6,45,5832.397573811991,organic,0,retail,medium,0
L-00773,2023-10-15,0.04887537685087562,3,20,5957.468686395538,paid_search,0,healthcare,medium,0
L-01749,2023-10-15,0.20027083009014313,2,11,31656.876502488507,paid_search,1,finance,large,1
L-01902,2023-10-15,0.7048734679721188,6,12,8942.751658387473,outbound,1,retail,large,1
L-03092,2023-10-15,0.3436673152808569,5,15,2337.802570989057,organic,1,finance,small,1
L-01674,2023-10-15,0.7906735916446096,3,47,7256.091959630604,outbound,0,healthcare,medium,1
L-02130,2023-10-15,0.7311393769080597,1,21,5062.935316731646,paid_search,1,finance,medium,0
L-02968,2023-10-15,0.031155810826670405,4,15,1186.6821309050365,referral,1,healthcare,small,1
L-01331,2023-10-15,0.2749708738371165,6,10,6141.476315376454,outbound,1,finance,medium,0
L-02018,2023-10-15,0.08773778308263547,3,46,7584.253249941053,outbound,1,healthcare,medium,0
L-00394,2023-10-15,0.5951893521254259,1,13,2642.36649025397,outbound,1,retail,small,0
L-02984,2023-10-15,0.30720113363231316,1,13,3545.4831410870715,organic,0,retail,medium,0
L-02792,2023-10-16,0.27422982239037075,2,1,7399.2696200579785,paid_search,0,healthcare,medium,0
L-00224,2023-10-16,0.8983753839393745,0,20,4505.765321143581,organic,1,manufacturing,medium,1
L-01640,2023-10-16,0.27657201365690276,4,32,2697.356744267872,outbound,1,manufacturing,small,1
L-03399,2023-10-16,0.040835597341881136,2,0,12256.869233235357,referral,0,retail,large,0
L-03730,2023-10-16,0.27551083945484933,7,16,2409.4898409012567,organic,1,manufacturing,small,1
L-03640,2023-10-16,0.3914486635868403,4,57,10919.367554192515,event,1,retail,large,0
L-00696,2023-10-16,0.819658219535163,5,40,18162.996018713213,paid_search,0,saas,large,1
L-02937,2023-10-16,0.7243600948428013,3,15,9131.484041582828,outbound,0,finance,large,0
L-00173,2023-10-16,0.15180173307883127,6,49,3856.320603513815,event,0,finance,medium,1
L-01207,2023-10-16,0.06257111584615938,5,39,10527.21442865661,outbound,0,healthcare,large,0
L-00726,2023-10-16,0.7847089091881483,1,49,2996.880341059525,paid_search,0,retail,small,0
L-03835,2023-10-17,0.09639348747004439,2,30,3985.0296217246278,paid_search,1,retail,medium,0
L-03938,2023-10-17,0.6556065824432153,5,35,2144.121266315881,organic,1,finance,small,1
L-01136,2023-10-17,0.8430582409657513,0,51,7881.264133606253,referral,1,retail,medium,0
L-01118,2023-10-17,0.2706106951951939,3,37,4252.485171105523,paid_search,0,healthcare,medium,0
L-00680,2023-10-17,0.8005771175153205,2,9,4081.1271947060027,organic,1,retail,medium,1
L-02854,2023-10-17,0.08674576828800407,2,25,5791.918535317418,event,0,healthcare,medium,1
L-02597,2023-10-17,0.18181545292377166,3,30,3046.0729947038685,organic,0,retail,medium,1
L-00460,2023-10-17,0.8729872154017071,3,54,3336.6115407549473,paid_search,0,saas,medium,0
L-00792,2023-10-17,0.7398310940385044,4,48,3545.1367061446276,organic,0,saas,medium,1
L-02858,2023-10-17,0.023260440121767756,4,41,4303.660378326536,outbound,0,saas,medium,0
L-02066,2023-10-18,0.28131517387388294,1,27,13118.388102899997,organic,1,manufacturing,large,1
L-01878,2023-10-18,0.01997992422981265,5,28,2457.376281229377,referral,1,saas,small,1
L-01669,2023-10-18,0.5758216050703502,4,34,4331.447877636946,outbound,1,healthcare,medium,0
L-00317,2023-10-18,0.7640760534212905,6,13,10850.654157692834,outbound,1,healthcare,large,1
L-01597,2023-10-18,0.8828475034662039,3,21,4685.863124942021,organic,1,manufacturing,medium,1
L-00675,2023-10-18,0.5009832110317768,1,13,5029.435631474021,outbound,0,healthcare,medium,0
L-02017,2023-10-18,0.4527717451128178,2,21,4654.947279468783,event,0,healthcare,medium,0
L-03714,2023-10-18,0.1041430126970253,5,28,1889.9740546486591,outbound,0,healthcare,small,1
L-01784,2023-10-18,0.5248111876092038,2,2,8630.392020131385,paid_search,0,healthcare,large,0
L-00712,2023-10-19,0.2496703789338265,1,17,9313.48772148108,event,1,retail,large,1
L-03046,2023-10-19,0.22965233623958103,3,44,1698.2643882437358,outbound,0,manufacturing,small,1
L-00759,2023-10-19,0.5250932333448638,4,46,11478.39409079523,referral,1,retail,large,0
L-03952,2023-10-19,0.45796101016618085,2,35,5874.795635565579,outbound,0,saas,medium,0
L-03279,2023-10-19,0.731393911774942,3,54,4120.222077312368,organic,1,saas,medium,1
L-03244,2023-10-19,0.46076126629179104,2,49,10106.585488844627,paid_search,0,retail,large,1
L-03353,2023-10-19,0.6509439234217875,4,4,6668.363089166603,referral,0,healthcare,medium,0
L-02690,2023-10-19,0.47162381396750275,4,16,2778.9459273913903,outbound,1,finance,small,0
L-02267,2023-10-19,0.8155027559254567,3,46,3520.924974251028,outbound,0,saas,medium,0
L-03933,2023-10-19,0.2493357291904461,3,31,10445.035447328084,organic,0,manufacturing,large,1
L-00730,2023-10-19,0.0027072736757871585,2,30,11065.45240042847,referral,0,manufacturing,large,0
L-03998,2023-10-20,0.8612373420184543,3,45,27713.49402815846,organic,0,finance,large,1
L-01217,2023-10-20,0.012993348671796245,1,42,1415.2203342265805,outbound,1,finance,small,0
L-03030,2023-10-20,0.007456431423803034,0,46,10917.69806898325,organic,0,finance,large,0
L-01723,2023-10-20,0.4313596028715073,4,55,3526.646635756536,referral,0,saas,medium,0
L-01032,2023-10-20,0.2538910879223857,4,22,2059.228560878661,organic,1,healthcare,small,1
L-02572,2023-10-20,0.16274971929985638,2,37,12080.50968270257,paid_search,1,manufacturing,large,0
L-00316,2023-10-20,0.1745371316267883,4,26,4121.568824211881,referral,1,saas,medium,1
L-02708,2023-10-20,0.16735726931104888,5,16,12451.822129294354,referral,1,manufacturing,large,1
L-00736,2023-10-20,0.18152310810969374,4,27,22888.248719922616,referral,1,saas,large,1
L-00661,2023-10-21,0.39655272282884735,2,50,2368.9637666653084,outbound,0,finance,small,0
L-02086,2023-10-21,0.5392759822535824,8,50,2758.564733343784,referral,0,finance,small,1
L-02399,2023-10-21,0.7783025947510613,5,12,3577.510310797939,event,1,manufacturing,medium,1
L-01231,2023-10-21,0.11212316347238882,4,14,1400.0117718002073,organic,0,manufacturing,small,0
L-03945,2023-10-21,0.2641916632353021,1,37,4153.989248530267,paid_search,1,healthcare,medium,0
L-01713,2023-10-21,0.7543610687316497,5,26,8074.619708098455,referral,0,retail,large,1
L-03540,2023-10-21,0.9618157414002794,7,53,5496.17498371779,referral,0,manufacturing,medium,0
L-03957,2023-10-21,0.07528376627828726,2,52,5641.129065384261,outbound,0,manufacturing,medium,0
L-03472,2023-10-21,0.9444808563227473,2,41,2389.3986237750223,paid_search,0,finance,small,1
L-02964,2023-10-21,0.23565795556903357,3,47,10784.470689183066,referral,0,finance,large,1
L-01572,2023-10-21,0.3070519159625087,6,24,8701.065382008546,paid_search,0,finance,large,1
L-00885,2023-10-21,0.22182330217467783,4,18,2611.947724781131,outbound,0,retail,small,1
L-03850,2023-10-21,0.994861403638609,3,4,4321.085779974766,organic,0,manufacturing,medium,1
L-01008,2023-10-21,0.07950556309237022,2,37,3030.016504798732,outbound,0,saas,medium,0
L-03679,2023-10-21,0.37004976053366034,4,23,619.1095705498354,organic,0,manufacturing,small,0
L-02056,2023-10-21,0.2930376744328186,3,35,7497.96624318004,organic,1,finance,medium,0
L-01348,2023-10-21,0.7738497613190006,6,33,11866.36296264933,event,0,retail,large,1
L-00214,2023-10-22,0.9223576385460033,2,36,19136.324774194614,referral,0,healthcare,large,0
L-01001,2023-10-22,0.5940959869511878,7,51,7647.388084083186,paid_search,1,retail,medium,0
L-01859,2023-10-22,0.08144248124081788,2,14,5756.328086775878,paid_search,1,finance,medium,0
L-00376,2023-10-22,0.8721043020035738,4,53,5260.492341279071,paid_search,0,manufacturing,medium,0
L-00556,2023-10-22,0.025040203005183614,2,46,5542.905699838968,referral,0,finance,medium,0
L-00012,2023-10-22,0.1397875904698681,2,29,4402.575984090312,organic,1,retail,medium,1
L-01590,2023-10-22,0.8038827403088735,4,37,4712.932885501975,event,0,manufacturing,medium,0
L-03013,2023-10-22,0.7262286969850658,3,44,1571.7746630062609,event,0,retail,small,0
L-00630,2023-10-22,0.08242798945712682,2,12,6258.4593609646745,referral,1,healthcare,medium,1
L-00756,2023-10-22,0.8696842957069654,1,47,14528.77526717443,paid_search,1,retail,large,1
L-03387,2023-10-22,0.19076095246666414,3,47,2403.0968640538113,organic,0,finance,small,0
L-02057,2023-10-23,0.9534202486534301,2,35,5668.33635915753,organic,1,finance,medium,0
L-03194,2023-10-23,0.8803548820128152,3,19,3758.586165068338,paid_search,1,healthcare,medium,1
L-00470,2023-10-23,0.4462500211613094,3,50,2536.8455382216994,organic,0,saas,small,0
L-03266,2023-10-23,0.3278809207797838,3,38,6325.52967903139,referral,1,retail,medium,1
L-02343,2023-10-23,0.2342956008119237,2,10,772.4396058649652,event,1,healthcare,small,0
L-01280,2023-10-23,0.6646401909262191,2,53,8698.401955228286,outbound,0,manufacturing,large,0
L-01281,2023-10-23,0.03360996918625092,1,26,3272.9800310264723,event,1,finance,medium,0
L-03649,2023-10-23,0.18272768153810914,6,18,3463.0895036287625,referral,1,finance,medium,1
L-03929,2023-10-23,0.04593699710672283,4,13,4279.523331238352,organic,0,finance,medium,0
L-01860,2023-10-23,0.4699653941243669,3,41,4135.2290201339965,referral,0,retail,medium,1
L-01448,2023-10-23,0.32810080919019957,4,21,5189.9614200305305,paid_search,1,saas,medium,1
L-01601,2023-10-23,0.130024995017903,1,54,5177.088962753938,outbound,0,manufacturing,medium,0
L-00431,2023-10-23,0.718350563173155,4,40,6138.97642876375,referral,0,manufacturing,medium,0
L-00804,2023-10-23,0.11902414998216859,0,55,24342.359660342892,referral,0,retail,large,0
L-00602,2023-10-23,0.45674559835399897,6,37,6511.293600502229,organic,1,retail,medium,1
L-03228,2023-10-23,0.19297444176784384,2,58,8570.251947807124,organic,0,saas,large,0
L-00738,2023-10-23,0.7066959213132259,2,45,11139.515139991487,outbound,0,saas,large,0
L-01721,2023-10-24,0.5149397215727727,2,7,5935.88656091522,organic,1,finance,medium,1
L-02114,2023-10-24,0.7678573756338111,4,10,4685.824611971674,organic,0,manufacturing,medium,1
L-03262,2023-10-24,0.1548644114288359,2,8,1452.679044164633,event,1,healthcare,small,0
L-03848,2023-10-24,0.10010542876721051,2,3,2964.888466326179,outbound,0,healthcare,small,0
L-01393,2023-10-24,0.028343770571398474,4,28,8337.08756408593,paid_search,1,finance,large,1
L-01965,2023-10-24,0.09035887670141796,6,51,4401.596238949666,paid_search,0,manufacturing,medium,0
L-03493,2023-10-25,0.32341925796080806,2,59,12129.45996211505,outbound,0,finance,large,0
L-02637,2023-10-25,0.6897519659404748,3,4,5209.436706399969,paid_search,1,manufacturing,medium,1
L-02171,2023-10-25,0.7068391738460283,3,48,5155.521679753842,paid_search,0,retail,medium,0
L-03625,2023-10-25,0.607695509418463,3,34,11457.559622478653,outbound,0,manufacturing,large,0
L-01035,2023-10-25,0.7060985823927602,1,31,7108.808613876248,organic,0,finance,medium,0
L-01512,2023-10-25,0.9879389289124246,3,19,3798.2364331833373,event,1,manufacturing,medium,1
L-00058,2023-10-25,0.13092131214649905,1,39,4791.494343905217,organic,0,finance,medium,1
L-01741,2023-10-25,0.18896038421968675,3,37,3579.5261636487817,paid_search,0,manufacturing,medium,0
L-01844,2023-10-25,0.9591018380695349,1,6,3463.687416384976,event,0,healthcare,medium,1
L-03361,2023-10-25,0.07726603025365364,3,0,2464.963154536049,organic,0,manufacturing,small,0
L-01138,2023-10-25,0.7769070549568304,2,30,7512.61337289426,paid_search,0,saas,medium,1
L-00061,2023-10-25,0.2658094132750657,2,14,4147.241249053779,organic,0,retail,medium,0
L-02042,2023-10-26,0.13528192851118992,5,34,2066.4021645956536,outbound,0,healthcare,small,0
L-03027,2023-10-26,0.3221060010672626,3,0,5704.617220148326,referral,1,healthcare,medium,1
L-00377,2023-10-26,0.6021193918334273,4,5,8181.364689334883,referral,0,finance,large,0
L-02402,2023-10-26,0.019422788058740426,3,3,6286.203266262528,organic,1,saas,medium,0
L-03019,2023-10-26,0.43744460049991696,9,16,29033.511173042505,organic,0,saas,large,1
L-00390,2023-10-26,0.5921328249036668,1,56,3765.727816267287,referral,0,finance,medium,0
L-03471,2023-10-26,0.06293001297054657,1,26,1207.5034163910523,outbound,1,healthcare,small,1
L-02324,2023-10-26,0.20155169717439214,4,1,6986.089469706842,outbound,1,healthcare,medium,0
L-03251,2023-10-26,0.0621391841338772,9,4,7311.682787924802,outbound,1,finance,medium,1
L-00877,2023-10-26,0.4013063353821963,3,36,2990.130126421171,outbound,0,healthcare,small,0
L-03182,2023-10-26,0.003207690685184006,2,6,13154.946573986577,event,0,finance,large,0
L-02124,2023-10-26,0.9965052596345588,2,10,5791.843720721267,referral,0,healthcare,medium,0
L-00511,2023-10-26,0.41976536709875867,2,35,1777.8631463047195,organic,0,saas,small,1
L-01898,2023-10-26,0.13349583509185126,3,25,5101.6657064901965,event,1,saas,medium,0
L-01233,2023-10-27,0.09993180897236364,4,45,11658.517728839866,organic,1,saas,large,1
L-03767,2023-10-27,0.61630709605209,2,21,2831.629585384083,paid_search,1,saas,small,0
L-02043,2023-10-27,0.9246502196584624,4,31,4533.898122833097,referral,1,finance,medium,1
L-02986,2023-10-27,0.6331057370646355,5,10,3745.3221362860945,referral,0,manufacturing,medium,0
L-02293,2023-10-27,0.5898927472909519,3,22,3957.4399950242173,organic,1,saas,medium,0
L-03166,2023-10-27,0.3663721549094904,5,34,2831.7657367608053,outbound,1,saas,small,0
L-03075,2023-10-27,0.2233225881619405,2,0,14336.867592206036,event,1,retail,large,0
L-00894,2023-10-27,0.9866982015185296,3,42,3254.511858927923,paid_search,1,healthcare,medium,1
L-03365,2023-10-27,0.9518324486974689,4,39,23782.61393479409,organic,1,healthcare,large,0
L-00359,2023-10-27,0.1501295567492571,2,11,2461.836043311475,referral,1,manufacturing,small,0
L-03465,2023-10-27,0.8097691790479546,4,35,8745.74492024212,paid_search,1,manufacturing,large,0
L-00462,2023-10-27,0.09040807847189758,4,8,3334.2474693477775,referral,1,saas,medium,0
L-01983,2023-10-28,0.2342256762110615,1,8,19368.360106237484,organic,0,manufacturing,large,0
L-02048,2023-10-28,0.36672417291796766,2,1,5026.838355113591,paid_search,1,saas,medium,1
L-03052,2023-10-28,0.5585640667679065,2,1,10232.04126730831,event,0,finance,large,1
L-01666,2023-10-28,0.21122099443796505,4,19,879.0355279972828,outbound,0,finance,small,0
L-01377,2023-10-28,0.915396937089632,5,41,4925.394282986772,organic,0,retail,medium,1
L-03095,2023-10-28,0.555614525690352,1,58,5845.146191334152,paid_search,1,saas,medium,0
L-02098,2023-10-28,0.6867539585414576,2,41,3392.7149774118384,outbound,1,finance,medium,0
L-03614,2023-10-28,0.627125975312123,2,53,16419.84911791529,paid_search,0,saas,large,0
L-02347,2023-10-28,0.8771753663789165,4,2,3265.2706605485128,outbound,0,healthcare,medium,0
L-02361,2023-10-28,0.5418488201116669,2,20,8006.215131306283,outbound,0,manufacturing,large,0
L-03456,2023-10-28,0.1782460031510935,3,16,7124.208067253,outbound,0,saas,medium,0
L-02351,2023-10-28,0.06834789039562739,3,14,2699.3295424585244,organic,0,saas,small,1
L-03722,2023-10-28,0.06856011606484747,3,2,5070.905917336752,organic,1,manufacturing,medium,1
L-03584,2023-10-29,0.7167130081772302,4,43,2278.1827782876785,organic,0,healthcare,small,0
L-01994,2023-10-29,0.23771437537097728,4,36,9632.992116929025,outbound,1,saas,large,0
L-03281,2023-10-29,0.30266332238142957,8,27,9984.657122781393,referral,0,healthcare,large,1
L-01064,2023-10-29,0.3739218402932234,1,30,6108.941834679932,referral,1,retail,medium,1
L-02428,2023-10-29,0.23686060312728807,1,10,11065.977854021472,outbound,1,manufacturing,large,0
L-00492,2023-10-29,0.050944089003022275,1,37,4609.097315974286,organic,1,manufacturing,medium,0
L-02513,2023-10-29,0.12201493186283818,3,2,5095.654736247602,outbound,0,saas,medium,0
L-03990,2023-10-29,0.10823043683686817,3,57,2381.9036755080647,event,1,retail,small,0
L-02502,2023-10-29,0.6180738382440888,1,42,12087.356355404201,referral,0,finance,large,0
L-03991,2023-10-29,0.6878268293762259,1,40,20926.25388020589,paid_search,1,retail,large,0
L-01789,2023-10-29,0.6981446411508566,2,21,2999.5821509828447,outbound,1,saas,small,0
L-03568,2023-10-30,0.19410169234877772,3,18,14345.525424326286,paid_search,1,manufacturing,large,0
L-00246,2023-10-30,0.26189637456473547,3,1,4220.473878069583,referral,1,saas,medium,1
L-01072,2023-10-30,0.8157636115954137,1,58,7788.362938066687,referral,0,retail,medium,0
L-03707,2023-10-30,0.8393035720677537,4,29,5798.056630382736,outbound,1,manufacturing,medium,0
L-01097,2023-10-30,0.39027614177234315,4,32,18068.217736445033,referral,0,saas,large,1
L-02605,2023-10-30,0.32182916969658903,7,10,5112.315039477676,event,0,retail,medium,0
L-03699,2023-10-31,0.05371536514522579,1,38,4352.356612659844,organic,1,retail,medium,0
L-00050,2023-10-31,0.9876474477564617,2,1,11280.276587078779,outbound,1,manufacturing,large,1
L-00041,2023-10-31,0.7875555848632168,1,9,2694.4083563092004,outbound,1,saas,small,1
L-02364,2023-10-31,0.7447032942423848,5,20,4211.2640704333535,outbound,1,healthcare,medium,0
L-02421,2023-10-31,0.18031144599517712,4,35,1385.3360380038268,outbound,0,finance,small,0
L-03783,2023-10-31,0.866058715183836,1,18,7942.894735577406,event,0,manufacturing,medium,0
L-03345,2023-10-31,0.06941653144936555,4,39,5840.749034069919,referral,0,saas,medium,1
L-01673,2023-10-31,0.3458505277607903,1,50,5016.410237237939,outbound,1,retail,medium,0
L-00233,2023-10-31,0.9498513799158633,5,55,9324.52820192494,outbound,0,saas,large,0
L-01300,2023-10-31,0.9425092633198067,4,5,5534.159745221956,organic,0,saas,medium,1
L-02604,2023-10-31,0.6999223607977247,4,9,10227.55179931322,outbound,1,saas,large,0
L-00013,2023-11-01,0.44107742961728424,0,33,9811.030299833134,paid_search,1,manufacturing,large,0
L-03633,2023-11-01,0.07112953582559234,7,26,6367.506045842414,referral,0,retail,medium,1
L-03047,2023-11-01,0.830634826982857,3,16,1869.6295330931623,event,1,manufacturing,small,0
L-02782,2023-11-01,0.9163020339149811,3,41,10732.973179560266,referral,0,retail,large,1
L-03132,2023-11-01,0.21950415094834308,1,12,8043.86810858775,organic,1,retail,large,0
L-01203,2023-11-01,0.6493926171077407,2,40,3694.0690414155083,referral,0,finance,medium,0
L-01867,2023-11-01,0.2573875756946147,3,11,2484.3675628870296,outbound,0,manufacturing,small,0
L-00206,2023-11-02,0.7180623366342505,4,53,3670.471897624163,organic,1,retail,medium,0
L-01274,2023-11-02,0.704118890354581,2,28,5213.360161497596,paid_search,0,healthcare,medium,1
L-03111,2023-11-02,0.6121498757095142,5,36,6636.908391858287,paid_search,0,healthcare,medium,1
L-02280,2023-11-02,0.007348139064262682,5,58,1273.5696728001778,outbound,0,saas,small,0
L-02842,2023-11-02,0.2749316919703817,1,36,4988.731679791061,event,1,healthcare,medium,0
L-01821,2023-11-02,0.6277520957908803,2,38,6232.960339452965,referral,0,retail,medium,0
L-03905,2023-11-02,0.8813887043548337,2,44,16999.170666776932,referral,0,retail,large,1
L-01133,2023-11-02,0.04295762737564457,6,40,7436.2829082166045,organic,1,finance,medium,1
L-03144,2023-11-02,0.33117824496213244,2,42,3262.2546071663755,referral,0,retail,medium,0
L-00741,2023-11-02,0.8444086141655732,4,50,4752.165884692992,outbound,1,saas,medium,0
L-02175,2023-11-02,0.5555584675466139,5,27,2373.4756646972046,paid_search,1,finance,small,0
L-02173,2023-11-02,0.29506009031397196,3,14,21854.381284213352,referral,0,saas,large,1
L-00713,2023-11-02,0.13949884796218992,7,32,2691.7402093358874,organic,1,manufacturing,small,0
L-02942,2023-11-02,0.5952156885166495,2,7,5660.689558916645,organic,0,manufacturing,medium,0
L-01670,2023-11-02,0.35993267546480523,2,45,7187.205294448755,paid_search,0,retail,medium,0
L-00127,2023-11-02,0.327923883530704,1,48,9075.763622681825,outbound,1,saas,large,0
L-00488,2023-11-03,0.11082076969870414,2,56,5137.847917251608,event,0,retail,medium,0
L-03186,2023-11-03,0.022653987707937362,4,42,5656.908784391486,paid_search,0,retail,medium,0
L-03581,2023-11-03,0.3845640671309203,3,53,9857.446097383861,outbound,0,retail,large,1
L-02106,2023-11-03,0.7120010268320515,2,3,2408.234983683017,referral,1,manufacturing,small,0
L-00656,2023-11-03,0.3944259295725947,4,55,3474.2698604394195,referral,1,finance,medium,1
L-00422,2023-11-03,0.7653212239386366,4,21,3379.0340287344256,referral,1,healthcare,medium,1
L-00088,2023-11-04,0.7167517501636094,4,57,8152.494361203919,event,0,finance,large,0
L-03246,2023-11-04,0.5093898836159924,3,47,1894.848457009596,outbound,0,manufacturing,small,0
L-03202,2023-11-04,0.1702303005927437,2,52,4668.34038202258,referral,0,saas,medium,0
L-02120,2023-11-04,0.9510448541728894,6,37,4199.553542700494,organic,0,healthcare,medium,1
L-01774,2023-11-04,0.7924251003351785,1,56,3765.4995251740092,referral,1,healthcare,medium,0
L-00319,2023-11-04,0.9192455822172257,3,17,2668.9298326854514,event,1,manufacturing,small,1
L-03677,2023-11-04,0.5780607631866924,3,6,12226.60479904539,paid_search,1,manufacturing,large,1
L-01147,2023-11-04,0.7117171199217964,3,27,6409.423861855984,outbound,0,manufacturing,medium,0
L-02936,2023-11-04,0.36379698216463674,5,37,1574.2210394049935,event,0,finance,small,0
L-00172,2023-11-05,0.5026793247960669,0,18,9595.938017506776,outbound,0,saas,large,0
L-01869,2023-11-05,0.4670423501332346,3,23,5276.590663227745,event,0,healthcare,medium,1
L-00644,2023-11-05,0.29105035245065003,3,18,10975.41394703678,referral,0,finance,large,0
L-03626,2023-11-05,0.7348496539849367,2,28,5878.125254400779,referral,0,retail,medium,1
L-03156,2023-11-05,0.32475211644080837,3,26,7828.640599285725,referral,0,healthcare,medium,0
L-01060,2023-11-05,0.5977793406300381,2,46,2502.310895801555,referral,1,healthcare,small,1
L-03225,2023-11-05,0.44228236512263874,2,12,4522.248776100734,organic,1,healthcare,medium,0
L-00863,2023-11-05,0.1042502162800012,3,17,4624.701616219221,organic,1,saas,medium,0
L-01057,2023-11-05,0.15166370877944457,2,24,7465.110921522589,outbound,0,retail,medium,0
L-03431,2023-11-05,0.4429140631136037,3,22,1195.170002965076,referral,1,saas,small,0
L-01690,2023-11-05,0.03891082077421493,4,38,13070.996274024857,organic,1,retail,large,1
L-03846,2023-11-05,0.9413439770471609,4,10,4421.904643117926,paid_search,0,retail,medium,1
L-00369,2023-11-05,0.5214432101579942,2,52,2258.072069924751,referral,1,finance,small,0
L-02921,2023-11-05,0.16094742358150937,6,40,8325.831619415903,paid_search,0,finance,large,0
L-00910,2023-11-05,0.7043968789774523,5,58,6955.024787484741,paid_search,0,manufacturing,medium,0
L-02994,2023-11-05,0.595499705910118,1,25,21955.337566134443,referral,1,saas,large,1
L-01277,2023-11-06,0.5333585875147011,3,40,2183.492007950093,referral,0,saas,small,1
L-02211,2023-11-06,0.356692799655421,2,59,2154.122452093219,paid_search,1,manufacturing,small,0
L-01557,2023-11-06,0.9258421788774506,2,6,14359.141002405237,event,0,manufacturing,large,1
L-00001,2023-11-06,0.4463894921437095,1,19,7945.095552649094,paid_search,0,finance,medium,1
L-03386,2023-11-06,0.08599897163495285,3,40,2281.182711457345,outbound,0,retail,small,0
L-02446,2023-11-06,0.3813489015876391,4,45,4365.029731099808,paid_search,0,manufacturing,medium,0
L-00733,2023-11-06,0.3340938596599533,1,29,10979.059944452034,paid_search,0,retail,large,0
L-03543,2023-11-06,0.5998914256772949,5,48,12620.417773861855,outbound,1,retail,large,0
L-02574,2023-11-06,0.8486686871473293,1,39,4808.861943581292,outbound,0,retail,medium,1
L-01824,2023-11-06,0.7229339986919212,4,35,6787.355910365716,paid_search,0,finance,medium,1
L-02661,2023-11-06,0.9164332479289065,3,16,5477.024635408087,event,0,saas,medium,1
L-02319,2023-11-06,0.3969546951715005,5,48,4139.515779662622,organic,1,finance,medium,0
L-01338,2023-11-07,0.29233822710969914,2,13,4890.654462733966,referral,0,manufacturing,medium,1
L-00835,2023-11-07,0.6431675435400551,1,46,2361.2391795006797,referral,1,finance,small,1
L-01241,2023-11-07,0.5629659113348885,3,23,5572.214672722206,organic,0,saas,medium,1
L-01913,2023-11-07,0.386373936264664,4,37,1121.1396464617915,referral,1,saas,small,1
L-00401,2023-11-07,0.7922708371704024,2,47,4388.189390717238,outbound,0,manufacturing,medium,0
L-03865,2023-11-07,0.33211751831222025,4,3,9048.90665964023,referral,0,saas,large,0
L-03223,2023-11-07,0.1029313237952636,3,57,6529.024725910464,outbound,1,finance,medium,1
L-03222,2023-11-07,0.09876485771356225,1,40,26358.683422127473,outbound,0,manufacturing,large,0
L-01610,2023-11-07,0.6560476050611784,3,55,5186.933767146414,outbound,1,healthcare,medium,0
L-00597,2023-11-08,0.4068558393908265,5,49,6679.381108663289,event,1,retail,medium,0
L-00601,2023-11-08,0.6673968880987974,2,51,14231.86990473121,referral,0,retail,large,0
L-01468,2023-11-08,0.3103625912878629,2,59,2228.6544276012455,outbound,0,manufacturing,small,0
L-02448,2023-11-08,0.5547195240586772,2,6,4549.9583352409,paid_search,0,manufacturing,medium,0
L-03000,2023-11-08,0.2181491845610315,3,53,1056.6583923518424,paid_search,0,manufacturing,small,0
L-01440,2023-11-08,0.26403370227561407,6,52,5182.820692944232,paid_search,1,healthcare,medium,0
L-01730,2023-11-08,0.9362784928046657,4,39,1867.6045218417596,referral,0,finance,small,1
L-00049,2023-11-08,0.3362858304273617,5,7,6286.000471908783,referral,1,healthcare,medium,0
L-03479,2023-11-08,0.998863240391683,4,18,8289.383623053665,organic,0,retail,large,1
L-00209,2023-11-08,0.10415149380287159,5,23,3537.77700780589,outbound,1,manufacturing,medium,0
L-03428,2023-11-08,0.9278382180832169,2,11,19150.164505699537,referral,1,manufacturing,large,0
L-00814,2023-11-08,0.02829230563811458,3,40,8423.55806301816,referral,0,healthcare,large,1
L-01312,2023-11-08,0.5460540667480798,4,0,9285.889370363839,paid_search,1,retail,large,0
L-02095,2023-11-08,0.3232072894927829,2,16,3784.701818041538,organic,1,healthcare,medium,0
L-02857,2023-11-08,0.6302354949729884,2,17,8060.877919634534,paid_search,0,healthcare,large,0
L-02602,2023-11-09,0.986590075922091,2,50,6136.455538378722,outbound,0,healthcare,medium,0
L-00106,2023-11-09,0.7135866099074174,0,15,8107.55862166472,outbound,1,saas,large,0
L-00024,2023-11-09,0.4565473229940522,2,24,3376.778230448192,referral,1,saas,medium,1
L-00111,2023-11-09,0.5332498098317082,3,59,16143.86275280502,organic,0,healthcare,large,0
L-00805,2023-11-09,0.24476504355611006,4,14,4343.130793523318,paid_search,1,saas,medium,0
L-03564,2023-11-09,0.9327460760074581,0,23,8151.2432481669775,outbound,0,retail,large,0
L-00765,2023-11-09,0.9448051719440385,3,45,4049.3275438269966,organic,1,finance,medium,1
L-02987,2023-11-09,0.18964638154812463,3,24,6912.446446403672,paid_search,1,healthcare,medium,1
L-03349,2023-11-09,0.20378097094672953,2,57,4256.602941886477,outbound,0,retail,medium,0
L-01211,2023-11-09,0.7012708071093576,5,16,7518.891496957112,outbound,1,retail,medium,1
L-03073,2023-11-09,0.5057336871843555,0,15,3739.179819791754,event,1,finance,medium,1
L-01497,2023-11-09,0.758299543463637,1,56,2777.2692364919953,paid_search,0,manufacturing,small,0
L-00612,2023-11-10,0.4928378000687822,1,3,7990.126421015523,organic,0,retail,medium,1
L-00475,2023-11-10,0.050379738288554354,1,9,2220.303531954097,paid_search,1,manufacturing,small,0
L-00917,2023-11-10,0.8543927909934985,8,22,5049.7181169483665,outbound,0,finance,medium,0
L-01725,2023-11-10,0.7993545750571388,5,37,6258.021841456471,referral,1,saas,medium,1
L-01415,2023-11-10,0.23208046066978782,3,18,7247.564106394218,paid_search,1,healthcare,medium,0
L-00689,2023-11-10,0.5111437634299432,2,15,2191.566847299401,outbound,1,healthcare,small,0
L-00159,2023-11-10,0.04245795282809828,2,0,10914.155894637714,outbound,0,saas,large,0
L-03325,2023-11-10,0.14638982888620733,1,0,3626.3446102126936,referral,1,healthcare,medium,1
L-00277,2023-11-10,0.21626930979755143,1,50,15432.662003175576,organic,0,manufacturing,large,0
L-03966,2023-11-11,0.7727961684751686,2,43,4406.281215187937,organic,0,finance,medium,1
L-03381,2023-11-11,0.6967060290760775,2,31,5506.686781942148,referral,1,retail,medium,0
L-02647,2023-11-11,0.2150758081563342,1,5,3062.6673294806055,paid_search,0,healthcare,medium,0
L-03322,2023-11-11,0.8638249502637549,1,33,5931.307202839227,organic,1,retail,medium,0
L-02283,2023-11-11,0.12975719007233688,4,6,1373.392142849287,outbound,0,retail,small,0
L-00954,2023-11-11,0.5178785756685784,1,14,1984.1103552172367,organic,1,retail,small,1
L-00989,2023-11-11,0.6104073194334733,4,55,12354.139455755423,organic,0,retail,large,1
L-00248,2023-11-11,0.38815383457806507,6,31,2047.103891360776,outbound,0,manufacturing,small,0
L-00724,2023-11-11,0.16793798059886367,2,59,5143.799399157475,outbound,1,retail,medium,0
L-00015,2023-11-11,0.5218764346888559,2,34,19016.591733043,event,0,saas,large,0
L-00105,2023-11-11,0.7103591920228293,2,18,5356.9536063804335,paid_search,1,healthcare,medium,1
L-02008,2023-11-12,0.16157862437152193,3,46,3512.9096127596945,outbound,0,retail,medium,0
L-01429,2023-11-12,0.8216131370114036,1,4,8592.078840264407,organic,1,finance,large,1
L-03054,2023-11-12,0.8168200674791013,5,56,5784.29912969456,outbound,1,manufacturing,medium,0
L-03421,2023-11-12,0.4894298992584133,3,2,4718.721448475905,outbound,0,healthcare,medium,0
L-03914,2023-11-12,0.2641406635814547,1,37,3724.08035610362,paid_search,0,saas,medium,0
L-00212,2023-11-12,0.8725317491484982,4,33,23350.171039024342,event,1,retail,large,1
L-02808,2023-11-13,0.43624652094621763,3,28,3879.441667202071,paid_search,0,manufacturing,medium,0
L-02235,2023-11-13,0.17186936423135157,7,10,2703.7334846362505,paid_search,0,healthcare,small,1
L-01413,2023-11-13,0.05438197416681778,2,29,1292.7445510172702,paid_search,0,healthcare,small,1
L-02670,2023-11-13,0.15751763588868595,4,47,5696.972686212672,organic,0,manufacturing,medium,1
L-02724,2023-11-13,0.07016009948520985,4,50,3447.720841692075,outbound,0,retail,medium,0
L-01460,2023-11-13,0.4511457440111546,4,32,4810.333886890571,paid_search,0,manufacturing,medium,0
L-03129,2023-11-13,0.9765799901233341,1,9,5038.6600265659545,event,0,finance,medium,1
L-01979,2023-11-14,0.6518155210575742,3,45,10025.94522012982,organic,1,retail,large,1
L-01985,2023-11-14,0.07183486973360864,5,30,2210.6394513499386,organic,0,healthcare,small,0
L-00558,2023-11-14,0.4637197279965928,2,15,2882.8109370637203,organic,0,finance,small,0
L-02800,2023-11-14,0.4368520075377743,3,32,7017.529810396767,organic,0,healthcare,medium,1
L-00134,2023-11-14,0.5042193555377686,2,16,1801.006707469208,organic,1,healthcare,small,0
L-01616,2023-11-14,0.3655032982213573,3,14,6936.405004615102,outbound,1,retail,medium,0
L-02701,2023-11-14,0.44436616263823236,1,43,6350.3788324627585,paid_search,1,healthcare,medium,0
L-03153,2023-11-14,0.2173318021583479,1,35,8022.3204582329,event,1,manufacturing,large,0
L-00638,2023-11-14,0.8229358771930972,7,17,5605.340900173664,referral,0,manufacturing,medium,0
L-01132,2023-11-14,0.09831659112586444,3,37,3112.9567273351017,outbound,1,manufacturing,medium,0
L-01253,2023-11-14,0.4889755153442745,4,16,11653.45429180129,referral,0,finance,large,0
L-00260,2023-11-14,0.6983184078685881,3,40,8925.822087095614,organic,1,finance,large,1
L-02546,2023-11-14,0.9800126449449591,2,35,8348.457590519607,paid_search,0,finance,large,0
L-00744,2023-11-15,0.3605651107758504,2,46,4783.02894014636,event,1,finance,medium,1
L-03395,2023-11-15,0.4116443168877235,4,7,7144.6497955575105,outbound,1,healthcare,medium,0
L-03482,2023-11-15,0.350367094714948,1,18,2192.2833652250647,organic,1,retail,small,1
L-03563,2023-11-15,0.1746840049206415,2,36,2037.8580056092164,outbound,1,finance,small,0
L-02831,2023-11-15,0.2993703433542988,0,37,12621.673402493214,organic,0,healthcare,large,0
L-00070,2023-11-15,0.8595307918093252,5,21,21515.627796243993,event,1,healthcare,large,1
L-01683,2023-11-15,0.4870454933791568,2,33,5581.013411002538,paid_search,0,healthcare,medium,0
L-00483,2023-11-15,0.33830552460296404,5,52,2570.3891379431097,organic,0,healthcare,small,0
L-00104,2023-11-15,0.6065321004079447,4,11,5062.561521263248,referral,1,retail,medium,0
L-03295,2023-11-15,0.5834935514695763,2,33,3508.886955227248,outbound,0,finance,medium,0
L-02898,2023-11-15,0.8887877663650384,3,50,2746.1118330555737,referral,0,saas,small,0
L-00691,2023-11-15,0.3813075384564345,6,0,1316.885391586081,organic,0,retail,small,0
L-03392,2023-11-15,0.9783702222224766,6,47,5800.3306748888535,organic,1,manufacturing,medium,0
L-02256,2023-11-15,0.030480909124649402,3,52,746.0083687744013,outbound,1,manufacturing,small,0
L-00715,2023-11-16,0.2263975404113341,5,5,5641.299489118981,outbound,1,saas,medium,0
L-01735,2023-11-16,0.9749627024237711,1,54,22784.614299127858,paid_search,1,manufacturing,large,0
L-02556,2023-11-16,0.7697501673506494,5,40,11871.463636624469,outbound,0,finance,large,0
L-02205,2023-11-16,0.7510811604828711,3,49,2931.4623784950327,organic,0,retail,small,0
L-01011,2023-11-16,0.8893018507672135,3,0,4514.649211558938,outbound,0,healthcare,medium,0
L-03384,2023-11-16,0.23798648763260277,4,22,3671.0490278093466,referral,1,retail,medium,1
L-03570,2023-11-16,0.1480332201025618,2,38,9968.1882323004,paid_search,0,manufacturing,large,0
L-03751,2023-11-16,0.38244816794941827,4,36,4676.987850554069,organic,1,healthcare,medium,1
L-01577,2023-11-16,0.25667589214216757,3,13,4132.5600149710235,paid_search,1,finance,medium,1
L-02004,2023-11-16,0.5383934900866247,10,28,2799.104489987966,organic,0,healthcare,small,0
L-03480,2023-11-16,0.025926228090944137,3,23,9016.94096431093,paid_search,0,manufacturing,large,0
L-01283,2023-11-17,0.09422986444610026,3,13,2091.2402186637028,outbound,1,retail,small,0
L-02570,2023-11-17,0.3034428973917942,1,36,9650.863459621703,referral,0,healthcare,large,1
L-02566,2023-11-17,0.7550263775005784,5,36,1887.4601102075937,organic,1,retail,small,1
L-02982,2023-11-17,0.3107402677764569,7,25,3559.5498909485104,paid_search,0,retail,medium,1
L-02901,2023-11-17,0.2884926031419477,1,5,8020.138901801844,outbound,0,retail,large,0
L-00685,2023-11-17,0.7391723219267226,7,51,6916.323082148093,outbound,1,finance,medium,1
L-02295,2023-11-17,0.40296274177050573,3,48,9428.559837421919,referral,1,finance,large,1
L-00595,2023-11-17,0.9133182968322798,1,25,7046.23898887409,organic,1,retail,medium,0
L-03036,2023-11-17,0.8957308382651483,0,25,9545.33536327739,organic,1,retail,large,1
L-00859,2023-11-17,0.4578973697513855,4,36,3073.2030179221674,event,0,retail,medium,0
L-01259,2023-11-17,0.04297512564689887,3,55,1004.8498010050947,organic,1,finance,small,0
L-03056,2023-11-17,0.5492699016016638,4,23,3170.5100718311223,organic,1,retail,medium,0
L-01086,2023-11-17,0.20525985046520223,2,16,3580.961239518213,paid_search,1,retail,medium,0
L-02496,2023-11-17,0.47891840781000505,2,50,12715.21836439577,outbound,1,healthcare,large,0
L-02534,2023-11-17,0.50315885094502,0,27,7319.671798809605,event,0,finance,medium,0
L-00851,2023-11-17,0.4313182815157913,4,46,2822.9862012511967,event,0,saas,small,1
L-00590,2023-11-17,0.7676610326987415,1,1,2838.7371465954566,referral,1,healthcare,small,1
L-00653,2023-11-18,0.7445797595180336,2,24,3536.6344662010197,outbound,0,healthcare,medium,0
L-00471,2023-11-18,0.8641083538153455,2,52,8485.449640214543,event,1,saas,large,1
L-03817,2023-11-18,0.20190721853143612,4,14,3290.2341581451446,paid_search,1,manufacturing,medium,0
L-01198,2023-11-18,0.15430371872268445,2,13,21308.06505910063,referral,1,saas,large,1
L-00550,2023-11-18,0.543309176235957,2,56,4047.871190649299,outbound,0,retail,medium,1
L-01748,2023-11-18,0.30957178602997526,3,2,3718.58452754074,event,1,manufacturing,medium,0
L-00427,2023-11-18,0.6918470612856529,0,51,10594.809947347821,outbound,0,saas,large,0
L-00102,2023-11-18,0.8069442243540357,2,5,4719.13395659078,referral,0,saas,medium,1
L-03299,2023-11-18,0.09255893873833287,4,34,5882.495989328429,referral,1,saas,medium,0
L-00091,2023-11-18,0.8526227190394499,5,7,12665.89426954199,organic,1,saas,large,1
L-03802,2023-11-19,0.7602752846863484,0,13,5873.370585348627,outbound,1,retail,medium,0
L-01333,2023-11-19,0.24267404295502693,3,40,1327.1933171123685,referral,1,retail,small,0
L-03712,2023-11-19,0.9830054990761883,5,25,3877.755504488788,outbound,0,finance,medium,1
L-02531,2023-11-19,0.3171206618751382,1,18,3116.491327442304,outbound,0,healthcare,medium,0
L-02092,2023-11-19,0.8359210809168424,1,5,1757.9843422636375,referral,0,retail,small,0
L-02544,2023-11-19,0.3555190186352464,4,45,2194.789944539791,referral,1,saas,small,0
L-01218,2023-11-20,0.28058862053274936,4,15,2746.2346385974065,referral,0,retail,small,0
L-00836,2023-11-20,0.6498274225632784,5,6,5424.386267568552,event,1,saas,medium,1
L-03768,2023-11-20,0.3515593869713336,2,38,1224.3607791632662,outbound,0,manufacturing,small,0
L-03245,2023-11-20,0.6530635843197385,4,41,13604.634594782963,referral,1,healthcare,large,0
L-02160,2023-11-20,0.5237823693698753,2,50,5680.757917186197,outbound,0,manufacturing,medium,1
L-02934,2023-11-20,0.6310281447330454,1,3,5254.1417135652255,referral,0,healthcare,medium,1
L-00335,2023-11-20,0.6897618484440871,0,45,4241.704326534578,outbound,1,saas,medium,1
L-03832,2023-11-20,0.33286675061634086,4,8,5546.534529368744,organic,0,healthcare,medium,0
L-01000,2023-11-20,0.8292211412031192,1,51,4174.696534765313,outbound,1,retail,medium,1
L-02747,2023-11-20,0.617128577684646,4,12,4724.231557283087,outbound,1,finance,medium,1
L-00226,2023-11-20,0.7052724094776516,2,3,5968.167030854845,paid_search,1,healthcare,medium,1
L-00290,2023-11-20,0.9720701771308857,2,49,10108.103619157693,referral,0,retail,large,1
L-03507,2023-11-21,0.400024995784413,1,43,3904.6169513430355,organic,1,healthcare,medium,0
L-02683,2023-11-21,0.7371517467171977,4,13,3653.432632956913,outbound,1,manufacturing,medium,1
L-03009,2023-11-21,0.4028393399933684,3,52,2130.074957601353,referral,1,healthcare,small,0
L-03867,2023-11-21,0.7155439971174821,1,58,8790.72305592068,outbound,1,manufacturing,large,0
L-03197,2023-11-21,0.34450485167754685,5,21,2187.5976826567808,paid_search,0,retail,small,0
L-02158,2023-11-22,0.4509247473159945,2,7,10168.118417847365,outbound,0,saas,large,1
L-03207,2023-11-22,0.9298845439529657,2,10,2802.7556228051462,outbound,0,finance,small,1
L-01425,2023-11-22,0.5286624185631104,4,43,12844.042827861174,event,0,retail,large,0
L-01573,2023-11-22,0.44573266335973283,4,29,3506.33701392347,outbound,0,saas,medium,1
L-00884,2023-11-22,0.5483977360347181,3,51,3519.091044426565,organic,1,retail,medium,0
L-00165,2023-11-22,0.27034097052763906,1,54,11086.292545684819,referral,1,retail,large,0
L-03400,2023-11-22,0.6818167256463189,4,20,5952.164776889761,referral,0,saas,medium,1
L-00740,2023-11-23,0.0931093308585309,3,13,6512.401069270839,event,1,healthcare,medium,1
L-01842,2023-11-23,0.6526280491413053,5,9,5217.077003247465,paid_search,1,manufacturing,medium,1
L-03077,2023-11-23,0.14951173948933894,0,34,1395.6241974114612,paid_search,1,saas,small,1
L-00513,2023-11-23,0.09675289836109602,5,53,3672.2664706930577,outbound,0,healthcare,medium,0
L-02195,2023-11-23,0.5191407841611407,6,24,3918.2800094362556,organic,1,finance,medium,1
L-01964,2023-11-23,0.3448658031252978,1,54,2565.547473716817,outbound,0,saas,small,0
L-01534,2023-11-23,0.7051259459992218,3,2,6140.632043964592,organic,0,healthcare,medium,0
L-00848,2023-11-24,0.7675074159808983,3,5,10620.451662397962,outbound,0,retail,large,1
L-02872,2023-11-24,0.6958787682282754,1,56,6808.502047975008,organic,1,retail,medium,1
L-02515,2023-11-24,0.3003196691230158,5,6,3066.144175921327,outbound,0,saas,medium,0
L-00866,2023-11-24,0.4104414735554467,4,49,4627.858475980375,referral,0,manufacturing,medium,0
L-02337,2023-11-24,0.02494771870665069,1,24,5130.434356388611,event,0,healthcare,medium,0
L-01963,2023-11-24,0.27384836436023674,4,7,13004.41127889331,referral,0,healthcare,large,0
L-03454,2023-11-24,0.9316558618930374,1,54,7880.956472587171,paid_search,0,manufacturing,medium,0
L-01230,2023-11-25,0.43935006185622505,1,36,2514.017173270046,outbound,0,retail,small,0
L-02287,2023-11-25,0.21638930868297468,2,21,2258.0867886485285,outbound,0,manufacturing,small,1
L-03168,2023-11-25,0.12415001291067829,1,21,4677.779197432179,organic,1,manufacturing,medium,1
L-00148,2023-11-25,0.7700907181588694,2,9,4061.6458805326815,organic,0,saas,medium,1
L-02983,2023-11-25,0.1606227748095368,3,35,3854.1137640432166,referral,1,healthcare,medium,0
L-01024,2023-11-25,0.31415488807834235,4,53,5464.92029217754,paid_search,0,retail,medium,1
L-03081,2023-11-25,0.5813513075500432,3,37,2622.917095102045,event,1,retail,small,0
L-03363,2023-11-25,0.9001858951048464,4,20,2980.533571499667,paid_search,1,retail,small,1
L-02944,2023-11-25,0.5315047318427486,1,26,1647.9765940786988,organic,0,saas,small,1
L-01586,2023-11-26,0.3904465103969599,1,53,2066.140478734475,outbound,0,finance,small,0
L-02333,2023-11-26,0.4740562159278153,2,14,3130.1584020960486,referral,0,healthcare,medium,0
L-01263,2023-11-26,0.4770828662473765,2,55,23158.735254526197,paid_search,1,finance,large,0
L-03889,2023-11-26,0.08485398743320516,3,1,8014.9041566705455,organic,0,saas,large,0
L-02325,2023-11-26,0.5509644155135526,2,11,28239.434911571258,outbound,0,healthcare,large,0
L-00523,2023-11-26,0.6261592858404692,0,16,4867.364534004205,outbound,1,manufacturing,medium,0
L-00027,2023-11-26,0.37783764419282395,2,4,4940.210438243762,referral,0,saas,medium,1
L-02371,2023-11-26,0.11882754226202596,2,28,1205.3341662701748,outbound,1,retail,small,0
L-00432,2023-11-27,0.5861762952709719,2,21,3713.389914129706,referral,0,manufacturing,medium,0
L-03539,2023-11-27,0.001051972560388137,7,7,1708.9766516179839,organic,0,manufacturing,small,1
L-00301,2023-11-27,0.7565030477273105,1,46,23830.892191353658,referral,1,manufacturing,large,1
L-00604,2023-11-27,0.03158133069299851,4,45,37296.27722773603,outbound,1,healthcare,large,0
L-01039,2023-11-27,0.6355412929730783,4,17,5964.965994489752,referral,0,retail,medium,1
L-02609,2023-11-27,0.9732559900976508,4,32,3524.8529932995752,outbound,0,healthcare,medium,0
L-02080,2023-11-27,0.3694710461812528,3,2,10680.635889493677,outbound,1,healthcare,large,1
L-03520,2023-11-27,0.4436695744827004,1,45,15287.510242152652,organic,0,retail,large,0
L-02423,2023-11-27,0.2284364717174271,5,24,9288.855780515982,referral,1,saas,large,1
L-00793,2023-11-27,0.98844741383193,3,45,11456.733079417909,organic,1,manufacturing,large,1
L-01986,2023-11-27,0.2201310802330949,4,34,1975.1028148594348,outbound,1,healthcare,small,0
L-01922,2023-11-27,0.3460008672380144,5,44,7416.504062931894,paid_search,1,healthcare,medium,0
L-01602,2023-11-27,0.5012091335384645,2,19,4069.953863914794,organic,0,retail,medium,0
L-03066,2023-11-28,0.6235751477026844,5,16,1661.6129108629837,outbound,1,finance,small,0
L-03439,2023-11-28,0.15554579993726791,4,14,2407.726519971774,event,1,manufacturing,small,0
L-00333,2023-11-28,0.13858055144246284,2,58,7344.181480756094,organic,1,saas,medium,0
L-01970,2023-11-28,0.9538498899501457,3,6,5405.932488833828,outbound,1,manufacturing,medium,1
L-03629,2023-11-28,0.30365841710986896,2,54,5114.199711854728,paid_search,1,saas,medium,0
L-03522,2023-11-28,0.42942338302152816,0,36,6194.724818429075,organic,0,healthcare,medium,0
L-00481,2023-11-28,0.23484016325923107,2,53,6975.236903065975,outbound,1,finance,medium,0
L-02405,2023-11-28,0.5955443787167958,6,28,10560.55521591754,referral,0,finance,large,0
L-00037,2023-11-28,0.022268820629600006,2,25,1030.4863948246034,paid_search,1,manufacturing,small,1
L-00552,2023-11-28,0.6437404654242731,4,32,1974.6393767336385,paid_search,1,saas,small,0
L-03126,2023-11-29,0.4394817665788924,4,37,8416.694573841205,event,0,manufacturing,large,1
L-02285,2023-11-29,0.15627397711707924,1,43,4146.304689199715,referral,1,healthcare,medium,0
L-02821,2023-11-29,0.2746481426175279,3,31,2921.993516726649,referral,1,saas,small,1
L-02454,2023-11-29,0.5279798578307084,4,42,8989.44327254181,outbound,0,saas,large,0
L-00089,2023-11-29,0.46650926313834307,4,14,5817.297918213477,organic,0,finance,medium,1
L-00387,2023-11-29,0.0448803224762766,2,4,5050.258857736143,outbound,1,retail,medium,0
L-03380,2023-11-29,0.21911667408463453,2,50,7845.882507027864,outbound,0,saas,medium,0
L-00544,2023-11-29,0.5275448744971828,6,14,3371.1078799358465,organic,0,saas,medium,1
L-02245,2023-11-30,0.2633423587356264,2,1,9146.80692425151,event,1,finance,large,1
L-03739,2023-11-30,0.38075297469462865,2,27,6835.574728062534,outbound,0,retail,medium,1
L-01932,2023-11-30,0.5101662932977671,2,23,3195.344435236129,organic,1,finance,medium,0
L-03189,2023-11-30,0.5724895757887801,5,9,6828.5968521087625,organic,0,retail,medium,1
L-00610,2023-11-30,0.8866455581278214,7,16,4851.82114818504,paid_search,0,retail,medium,0
L-00100,2023-11-30,0.747110872687411,5,20,3112.9728004818717,organic,1,healthcare,medium,1
L-00083,2023-11-30,0.18132145876585237,3,19,5446.691728246814,organic,0,saas,medium,1
L-02789,2023-11-30,0.6845514243787411,6,18,10292.544723384957,outbound,1,finance,large,1
L-03624,2023-11-30,0.010398101510140534,5,12,1859.6813348039004,organic,1,finance,small,1
L-00581,2023-11-30,0.8361997509577753,2,38,5382.918792680927,organic,0,healthcare,medium,0
L-01079,2023-12-01,0.26729966881059697,2,40,5732.97963518611,referral,1,healthcare,medium,1
L-00588,2023-12-01,0.4510901608039063,5,14,16227.07982693033,organic,0,saas,large,1
L-01864,2023-12-01,0.9492528141058286,2,10,6870.699611206009,outbound,1,saas,medium,1
L-03050,2023-12-01,0.22552345828308484,1,56,7024.652327904318,outbound,0,saas,medium,0
L-03506,2023-12-01,0.16849271930540444,1,45,17442.308727101947,outbound,0,retail,large,1
L-01015,2023-12-01,0.7089445190216179,4,34,2316.4738808573998,outbound,0,manufacturing,small,0
L-00815,2023-12-01,0.5586742964750561,3,9,7888.982742499523,outbound,0,finance,medium,1
L-01649,2023-12-01,0.8591784786968971,4,4,3540.142837747155,paid_search,1,saas,medium,0
L-02862,2023-12-01,0.2714394175643763,3,27,13860.324967407529,outbound,1,manufacturing,large,0
L-01096,2023-12-01,0.08356203214847824,5,24,3239.067861276849,referral,1,healthcare,medium,0
L-02783,2023-12-01,0.5853099045855237,1,56,10033.758055773455,paid_search,1,saas,large,1
L-03229,2023-12-01,0.23589225418204074,2,3,1597.9787735497248,outbound,0,manufacturing,small,0
L-03147,2023-12-01,0.4833350132161367,3,57,8446.254899963737,organic,0,healthcare,large,0
L-00867,2023-12-02,0.5569337212134503,0,17,8696.76881371801,outbound,1,retail,large,0
L-01960,2023-12-02,0.3155367459028393,3,30,10988.364889174483,paid_search,1,manufacturing,large,0
L-00018,2023-12-02,0.6143861065351858,1,2,4336.569882127444,outbound,0,manufacturing,medium,0
L-01658,2023-12-02,0.8794668555898764,4,41,8265.26372680327,referral,0,finance,large,1
L-02450,2023-12-02,0.8422422479211608,5,28,3870.011281832377,event,1,retail,medium,1
L-01968,2023-12-02,0.4320904235794891,3,39,2010.5076832145648,organic,1,saas,small,0
L-02207,2023-12-02,0.06162399837761201,2,18,4729.17947262623,paid_search,0,saas,medium,0
L-02703,2023-12-02,0.3735910064723913,0,22,12825.861669835605,outbound,1,saas,large,1
L-01085,2023-12-02,0.31627537718497434,6,45,2685.0811126956974,referral,0,finance,small,0
L-00458,2023-12-03,0.27315654072552,3,49,14995.1598978057,referral,1,retail,large,1
L-01023,2023-12-03,0.5707306061202463,4,15,1567.7127516656005,paid_search,0,retail,small,1
L-01124,2023-12-03,0.1904195046663495,4,36,2032.63373062279,organic,1,finance,small,1
L-03571,2023-12-03,0.018750586736279162,2,17,3295.499562625336,outbound,1,healthcare,medium,0
L-03230,2023-12-03,0.8002484436088676,3,59,1800.9653401927992,organic,1,manufacturing,small,0
L-03458,2023-12-03,0.191922708515344,1,40,5192.923679470006,referral,0,finance,medium,1
L-00092,2023-12-03,0.5719506256412027,5,2,10995.125035610403,paid_search,0,retail,large,0
L-02825,2023-12-03,0.40216909914632204,1,26,3533.0617221219,event,1,retail,medium,0
L-00962,2023-12-03,0.10076152112137304,4,37,6548.150992580304,organic,1,saas,medium,0
L-01499,2023-12-03,0.8542025066949921,2,51,5763.693003156314,referral,0,saas,medium,1
L-02456,2023-12-03,0.1489778241795211,4,32,18280.964756294354,outbound,1,healthcare,large,0
L-00512,2023-12-03,0.11944843592870036,3,22,2829.612760543829,organic,0,finance,small,0
L-01092,2023-12-04,0.8502623851359796,4,55,2596.8114606501076,paid_search,0,saas,small,0
L-01125,2023-12-04,0.1930075361587663,4,18,6413.742211515021,organic,0,healthcare,medium,0
L-00589,2023-12-04,0.40237088317218384,1,41,5875.656785295813,organic,0,finance,medium,0
L-02167,2023-12-04,0.4041545356132761,3,18,3436.866230056915,organic,1,saas,medium,1
L-01143,2023-12-04,0.06366358931886362,6,31,7407.460710320464,paid_search,0,manufacturing,medium,0
L-02438,2023-12-04,0.29638748879301235,2,24,3278.5803675235775,organic,1,saas,medium,1
L-00722,2023-12-05,0.35528153955277697,4,58,6305.521619868229,organic,0,saas,medium,0
L-01883,2023-12-05,0.4636257549000118,4,24,14685.862404297304,organic,1,finance,large,1
L-00476,2023-12-05,0.14300740132638512,2,34,2778.830342923916,referral,1,manufacturing,small,0
L-03315,2023-12-05,0.39605894478365467,2,10,6781.549782892341,referral,1,saas,medium,1
L-01598,2023-12-05,0.9512799476066175,4,19,4008.7356914237694,referral,0,saas,medium,1
L-01656,2023-12-05,0.15853002911945835,5,28,4607.503329622271,referral,0,manufacturing,medium,0
L-00864,2023-12-05,0.4148520055261652,1,59,15655.994536844546,organic,0,manufacturing,large,0
L-01843,2023-12-05,0.6081289162558029,6,32,2934.538864296095,referral,0,retail,small,0
L-02148,2023-12-05,0.4350877508488432,4,39,3863.462626096914,referral,1,healthcare,medium,0
L-02620,2023-12-05,0.21535716747940448,3,42,7904.448417864281,outbound,0,manufacturing,medium,0
L-03628,2023-12-05,0.05897577038996116,1,2,1127.65015083694,referral,0,saas,small,0
L-03997,2023-12-05,0.8159310621992495,3,0,18006.19365181132,outbound,1,finance,large,1
L-00774,2023-12-05,0.7540905601855734,1,48,3650.197844557699,event,1,retail,medium,0
L-00360,2023-12-05,0.8307039387459314,4,40,12057.620630762238,outbound,1,healthcare,large,1
L-02035,2023-12-05,0.39272541391242954,4,48,9589.902087356968,referral,0,manufacturing,large,1
L-03805,2023-12-06,0.7269007026541818,1,59,2289.547953993424,outbound,0,finance,small,0
L-00855,2023-12-06,0.9395448407795433,4,15,2793.7322011483698,referral,1,finance,small,0
L-03709,2023-12-06,0.6160872419411724,1,34,2821.600908335755,referral,0,saas,small,1
L-02918,2023-12-06,0.9204004729600596,2,2,8976.153171710035,paid_search,0,saas,large,1
L-03155,2023-12-06,0.0037255080776207317,2,24,3158.6757007748515,outbound,0,saas,medium,1
L-01862,2023-12-06,0.6759099918155648,3,34,9869.457655539474,referral,1,manufacturing,large,1
L-01162,2023-12-06,0.1425712823271138,2,11,5448.269004708284,organic,1,saas,medium,0
L-00649,2023-12-06,0.8463430169899694,1,7,2662.8864338504122,outbound,0,retail,small,0
L-03935,2023-12-06,0.5526613561036466,5,35,7781.912128749941,organic,1,finance,medium,0
L-01547,2023-12-06,0.9976479671837004,1,11,5214.250382391655,paid_search,0,saas,medium,0
L-00296,2023-12-06,0.7284818669019314,1,56,4656.739647273457,organic,1,manufacturing,medium,0
L-03333,2023-12-06,0.16082636230788605,4,22,5378.605553752476,referral,0,manufacturing,medium,0
L-03917,2023-12-06,0.7771794828312787,5,25,5135.493976601488,outbound,0,healthcare,medium,0
L-00559,2023-12-07,0.03099478848113446,4,33,3793.8039206355124,paid_search,0,saas,medium,0
L-02654,2023-12-07,0.41673225389404467,1,57,4870.480364943065,paid_search,0,saas,medium,1
L-03777,2023-12-07,0.5489812739351246,1,32,1501.972662678598,referral,1,finance,small,1
L-03331,2023-12-07,0.7425690617556514,4,11,2790.189798954844,paid_search,0,retail,small,1
L-01464,2023-12-07,0.7513237757913022,1,44,2589.094082971072,referral,0,manufacturing,small,1
L-01855,2023-12-07,0.21989004273506163,2,13,5949.999067296934,paid_search,0,retail,medium,1
L-01149,2023-12-07,0.1837920698561083,2,56,25474.403399488852,event,1,healthcare,large,0
L-02639,2023-12-07,0.22092786221291238,3,55,12147.379142342279,organic,1,finance,large,0
L-01895,2023-12-07,0.6200809066532622,5,23,11902.210186907296,referral,1,finance,large,0
L-02511,2023-12-07,0.5157301809587675,3,54,7841.825070626075,referral,0,finance,medium,0
L-00881,2023-12-07,0.0935663856088007,2,46,3220.1299433144945,referral,1,saas,medium,0
L-01006,2023-12-07,0.5899852222430135,1,2,8778.724487720634,referral,1,finance,large,1
L-03965,2023-12-07,0.24065347556576444,1,55,2007.6252450493425,organic,0,retail,small,0
L-00779,2023-12-07,0.13522136200398605,5,5,1653.8899567845967,outbound,0,retail,small,0
L-02318,2023-12-07,0.8536341921473594,4,56,7933.752341667099,outbound,0,saas,medium,1
L-02672,2023-12-07,0.03491579182274651,7,57,6684.242791488006,paid_search,0,healthcare,medium,1
L-01157,2023-12-07,0.05691320212845086,6,40,8478.497520890325,outbound,0,retail,large,0
L-00145,2023-12-08,0.92924224400615,2,3,5901.544929611069,outbound,1,saas,medium,1
L-02149,2023-12-08,0.4156781931122342,0,46,10247.47646535692,organic,1,retail,large,0
L-00834,2023-12-08,0.6838446843340765,1,24,5990.019325458051,event,0,saas,medium,0
L-01313,2023-12-08,0.6166389313959508,1,40,1453.949787456341,paid_search,1,retail,small,1
L-01126,2023-12-08,0.5417385716632284,2,47,5193.805742051003,organic,1,finance,medium,1
L-01309,2023-12-08,0.07156450006195181,1,58,882.8488141259547,paid_search,0,retail,small,0
L-01400,2023-12-08,0.0688274153162457,1,38,3847.3370975689386,organic,0,healthcare,medium,0
L-00642,2023-12-08,0.5748690420277343,7,31,4558.148879503145,outbound,0,finance,medium,1
L-01551,2023-12-08,0.5531986315377874,1,48,11470.944215527294,referral,1,healthcare,large,1
L-02376,2023-12-08,0.7235949236028211,4,32,14569.369964605774,referral,0,finance,large,1
L-03577,2023-12-09,0.6767386294894133,0,11,6017.1618247604,organic,0,retail,medium,0
L-00150,2023-12-09,0.6562296481050006,4,54,18851.965293759615,organic,1,healthcare,large,0
L-02152,2023-12-09,0.43802678127073147,6,22,1555.9177338108125,organic,0,retail,small,1
L-01041,2023-12-09,0.9242803836790608,0,18,5688.955092782877,outbound,1,manufacturing,medium,1
L-00124,2023-12-09,0.3786209274345186,0,22,8640.806817151339,outbound,0,saas,large,0
L-02993,2023-12-09,0.3553598703559985,1,45,10821.287522535235,referral,1,saas,large,1
L-02671,2023-12-09,0.3064803773185799,5,37,6409.329594899196,outbound,0,manufacturing,medium,0
L-01346,2023-12-09,0.7955252010907665,2,22,5574.9216430984025,referral,0,healthcare,medium,1
L-00231,2023-12-09,0.6554593927200013,1,1,4262.379007185298,organic,1,finance,medium,1
L-01559,2023-12-09,0.5143193331146834,5,30,9265.998847883358,referral,0,retail,large,1
L-01705,2023-12-10,0.1531003758033771,2,32,1582.0805010451995,referral,1,finance,small,0
L-03338,2023-12-10,0.8294285601632039,7,20,2264.370747580819,paid_search,0,finance,small,0
L-01246,2023-12-10,0.3455369917900175,5,4,3013.78773913101,paid_search,1,healthcare,medium,1
L-00036,2023-12-10,0.9424042508085225,2,33,2870.6570258564025,referral,0,saas,small,1
L-03731,2023-12-10,0.8864004191927712,4,8,7453.142758341007,outbound,1,manufacturing,medium,1
L-00609,2023-12-10,0.35122292746129835,0,9,2792.6431914994946,outbound,1,finance,small,0
L-03961,2023-12-10,0.15559555708424522,3,31,2875.892248302418,referral,0,manufacturing,small,0
L-03984,2023-12-10,0.667094759555663,0,17,3415.7743359214555,referral,0,saas,medium,1
L-03378,2023-12-10,0.21639956328126553,2,21,7061.437383831583,outbound,0,healthcare,medium,0
L-01291,2023-12-10,0.7204591528559497,2,31,7041.7666868620045,outbound,1,manufacturing,medium,0
L-00005,2023-12-10,0.8850929882268007,4,13,4752.592201604276,organic,1,manufacturing,medium,1
L-02331,2023-12-11,0.9397202480228001,4,49,16167.511010588329,outbound,0,retail,large,1
L-02481,2023-12-11,0.6359192651892537,4,0,14759.951760462762,organic,1,retail,large,1
L-02197,2023-12-11,0.8846100026502804,4,36,2576.880309546608,paid_search,0,manufacturing,small,1
L-00667,2023-12-11,0.07011443204418388,5,17,6451.668998098914,organic,0,manufacturing,medium,0
L-02097,2023-12-11,0.6217961938000195,2,23,4420.7517126347075,outbound,0,finance,medium,1
L-03106,2023-12-11,0.1647061404908643,2,0,1405.1184298679275,organic,1,finance,small,1
L-01588,2023-12-11,0.7793575447858054,3,22,10790.95429086605,paid_search,0,saas,large,1
L-03263,2023-12-11,0.8856629200453748,2,31,2010.5120456245456,organic,0,finance,small,0
L-02868,2023-12-11,0.4425275875732855,4,42,1524.804369013666,organic,0,retail,small,0
L-01734,2023-12-11,0.1672912284042294,3,18,3083.4239101138264,paid_search,1,healthcare,medium,0
L-01418,2023-12-11,0.05730295454052614,3,7,1667.6782356724027,organic,1,healthcare,small,0
L-02846,2023-12-12,0.13789958241196532,3,5,2616.85737545186,referral,1,retail,small,0
L-02902,2023-12-12,0.17988646470252778,2,31,15900.815794564289,outbound,1,finance,large,0
L-01520,2023-12-12,0.5208571587055678,2,33,2278.5020236975556,event,0,retail,small,1
L-01508,2023-12-12,0.6813727171652418,2,30,4825.497177786997,organic,1,manufacturing,medium,1
L-02600,2023-12-12,0.6230852574702211,4,2,5975.9875086184065,referral,1,retail,medium,1
L-02905,2023-12-12,0.5721633031474584,5,1,4277.868023425621,organic,1,healthcare,medium,1
L-03872,2023-12-12,0.11943294144623695,5,56,4672.133702584552,organic,1,retail,medium,1
L-01485,2023-12-12,0.749729350721248,2,23,2770.686815287031,organic,0,retail,small,0
L-03880,2023-12-12,0.31155813839396085,1,36,7570.505549682306,organic,1,manufacturing,medium,0
L-00828,2023-12-12,0.8125163402479647,3,46,1785.3409711165837,outbound,1,manufacturing,small,1
L-00426,2023-12-12,0.0686208571088589,4,12,1575.3046462126526,organic,1,saas,small,0
L-03469,2023-12-13,0.09662549096894235,1,2,20493.201517421712,organic,0,finance,large,1
L-03339,2023-12-13,0.27713031234139374,2,12,18062.915104973366,paid_search,1,saas,large,1
L-02557,2023-12-13,0.7241072388175379,1,8,1902.2740558380003,referral,1,saas,small,1
L-01324,2023-12-13,0.6043073037989213,2,58,10132.104297277581,paid_search,0,saas,large,0
L-02817,2023-12-13,0.500606858106656,2,33,3544.9853596809626,organic,1,manufacturing,medium,0
L-03462,2023-12-13,0.10621744837643532,3,21,2748.9832212650185,organic,1,healthcare,small,0
L-01279,2023-12-13,0.10525759378311705,0,19,4424.284116771975,event,0,saas,medium,0
L-03455,2023-12-13,0.5303995394185038,2,45,2806.8543360234485,organic,1,healthcare,small,0
L-01733,2023-12-13,0.5791531858639798,4,1,4436.985924073403,event,1,manufacturing,medium,1
L-01213,2023-12-13,0.5902132743446247,4,28,19500.130940284685,outbound,0,healthcare,large,0
L-00503,2023-12-13,0.8291504903457503,6,41,957.242598999035,event,0,healthcare,small,1
L-03119,2023-12-13,0.5061481556405951,4,42,2942.660620761078,paid_search,1,retail,small,0
L-01022,2023-12-14,0.47424258142538656,3,55,5604.359771152454,referral,0,saas,medium,0
L-00491,2023-12-14,0.4021380749035539,2,40,4262.103460068483,outbound,0,healthcare,medium,0
L-02796,2023-12-15,0.18753144657220833,3,12,4695.070971045704,outbound,1,retail,medium,1
L-02104,2023-12-15,0.9074151865936734,3,42,2939.3021305426,outbound,1,saas,small,1
L-03840,2023-12-15,0.3769938189705373,2,15,2476.8258894189585,paid_search,0,saas,small,1
L-02878,2023-12-15,0.3875005355387683,2,38,16187.632998698187,paid_search,1,saas,large,0
L-02755,2023-12-15,0.5448916538646872,2,53,6921.887006336643,organic,0,finance,medium,0
L-01657,2023-12-16,0.4170528833961479,6,1,3217.415496857745,event,0,saas,medium,0
L-02709,2023-12-16,0.3464067459744087,0,52,3170.976107181457,paid_search,1,finance,medium,0
L-00395,2023-12-16,0.9912446281400278,3,40,4050.9081067787333,paid_search,1,saas,medium,0
L-01942,2023-12-16,0.19088514657222366,7,52,14651.26500846471,referral,0,manufacturing,large,1
L-01407,2023-12-16,0.25171064174943225,1,10,3511.467874041589,paid_search,0,healthcare,medium,0
L-00920,2023-12-16,0.9993900365145268,2,34,4289.523967707985,outbound,0,finance,medium,0
L-02389,2023-12-16,0.5819987254559883,3,34,6905.032399698128,organic,1,saas,medium,1
L-03904,2023-12-16,0.464871123857891,7,38,3986.168677109799,organic,1,saas,medium,1
L-03159,2023-12-16,0.3017692985194961,1,33,14870.893018818615,outbound,1,finance,large,1
L-01897,2023-12-16,0.40006655641787603,2,34,9141.519793855858,outbound,1,healthcare,large,1
L-00557,2023-12-17,0.26238847273362453,6,52,3644.6518428148534,referral,0,retail,medium,1
L-01823,2023-12-17,0.03108418000803037,2,27,3085.2655034277727,event,1,healthcare,medium,0
L-03357,2023-12-17,0.4166694109625484,3,0,3306.6441571968107,referral,0,finance,medium,1
L-01244,2023-12-17,0.11483467443194895,6,58,3427.4979902407063,referral,1,retail,medium,0
L-02385,2023-12-17,0.9152772055266487,3,46,2053.728065639087,referral,1,manufacturing,small,1
L-02141,2023-12-17,0.5289732369129581,3,51,4997.49216252541,outbound,1,manufacturing,medium,0
L-03417,2023-12-17,0.9599424193443986,3,27,1666.3631272601237,outbound,0,saas,small,0
L-02651,2023-12-18,0.8026459413930911,5,31,1579.1360054858335,outbound,1,manufacturing,small,0
L-02677,2023-12-18,0.1323852912543504,4,9,6437.9671445792055,outbound,0,retail,medium,0
L-01715,2023-12-18,0.832366358465001,1,1,6966.491825686702,event,0,finance,medium,1
L-00780,2023-12-18,0.11694723308920829,5,40,5539.697080489101,organic,0,finance,medium,0
L-02000,2023-12-18,0.7160999706587471,3,52,9421.030802777224,organic,1,saas,large,1
L-01712,2023-12-18,0.9922472073132491,2,43,2271.412507689237,organic,0,healthcare,small,0
L-01892,2023-12-18,0.51585943798612,3,39,5567.130076790918,outbound,0,manufacturing,medium,0
L-00811,2023-12-18,0.8732399363538809,4,15,3605.378624773049,organic,0,healthcare,medium,0
L-02303,2023-12-18,0.3502978422487649,2,12,1983.5990845363062,paid_search,0,manufacturing,small,0
L-01200,2023-12-18,0.7615077478198968,1,26,3680.043352708658,organic,0,saas,medium,1
L-02226,2023-12-18,0.6032046600508495,5,45,8530.938220043838,paid_search,0,finance,large,0
L-03547,2023-12-19,0.6216684125152849,4,36,5962.565324177193,paid_search,0,saas,medium,1
L-01633,2023-12-19,0.4156834091464291,2,32,8887.058951846057,outbound,0,healthcare,large,0
L-02650,2023-12-19,0.8444135466592435,4,52,4100.904260792338,paid_search,0,saas,medium,0
L-01140,2023-12-19,0.3033376326821986,5,34,1264.426586712944,referral,0,saas,small,0
L-01791,2023-12-19,0.3247706286344808,3,41,6694.84886175323,organic,0,manufacturing,medium,0
L-02700,2023-12-19,0.9775059841289311,6,53,3962.9459687572735,organic,1,saas,medium,0
L-01370,2023-12-19,0.8927060787105903,5,3,6996.488225237928,organic,1,healthcare,medium,1
L-03578,2023-12-19,0.8506906319481564,3,7,64715.541104504126,outbound,0,finance,large,1
L-00516,2023-12-19,0.14583230073568,3,50,7684.547898499204,referral,1,manufacturing,medium,0
L-03580,2023-12-19,0.6982422739891901,3,5,1474.4659254053777,outbound,1,finance,small,0
L-02756,2023-12-20,0.41512061061207595,4,36,11302.523236010138,outbound,0,finance,large,0
L-03238,2023-12-20,0.4376118906550508,3,8,2988.543218899754,referral,0,finance,small,1
L-02239,2023-12-20,0.6553068500072905,3,57,14962.065013489535,referral,0,saas,large,1
L-03045,2023-12-20,0.9988915487544232,5,46,3889.7960899649534,outbound,0,retail,medium,0
L-01814,2023-12-20,0.4308848974108528,5,36,12475.244412771592,outbound,1,finance,large,1
L-00903,2023-12-20,0.9970690110762436,1,36,3024.576291680833,outbound,0,manufacturing,medium,0
L-03427,2023-12-20,0.8173895374164858,1,37,11460.912906898962,event,0,retail,large,0
L-01374,2023-12-21,0.5072486324617159,0,1,1292.5302738395403,organic,0,saas,small,0
L-01003,2023-12-21,0.7456750006602998,2,46,4379.981616447209,event,1,healthcare,medium,1
L-00374,2023-12-21,0.3650472468847584,4,41,2305.3478357463077,outbound,1,manufacturing,small,0
L-01323,2023-12-21,0.801348931421939,10,30,8009.425013844109,outbound,0,manufacturing,large,1
L-02090,2023-12-21,0.10095119929811347,1,39,10344.467919767652,organic,1,saas,large,0
L-03473,2023-12-21,0.20773073536958164,7,17,3483.9051228931,referral,0,manufacturing,medium,0
L-01691,2023-12-22,0.6002732813910818,5,21,5384.835761207376,paid_search,0,finance,medium,1
L-01751,2023-12-22,0.5115311366376475,3,23,937.1984309769028,paid_search,1,saas,small,0
L-02497,2023-12-22,0.49390974315439906,3,57,2863.9219154739317,paid_search,0,saas,small,1
L-00034,2023-12-22,0.10028739849525026,1,29,3318.299392340544,outbound,1,healthcare,medium,0
L-03161,2023-12-22,0.9395250399796778,1,8,2492.412099856996,organic,0,finance,small,1
L-03125,2023-12-22,0.041861525406838074,2,40,3181.3379093240555,organic,1,retail,medium,0
L-03505,2023-12-22,0.3625188818037357,2,42,15743.822399694149,referral,0,retail,large,1
L-01911,2023-12-22,0.47453008918789086,5,2,3063.5028479927782,paid_search,0,finance,medium,0
L-00564,2023-12-22,0.6039446649786266,5,45,10087.18485553719,organic,0,saas,large,1
L-00357,2023-12-23,0.5006608406612697,3,43,6142.386352694715,event,0,manufacturing,medium,0
L-00361,2023-12-23,0.05174974560388479,1,21,7510.22420650822,organic,0,finance,medium,0
L-02470,2023-12-23,0.9056173970674878,2,19,3582.787663341528,organic,1,retail,medium,1
L-00388,2023-12-23,0.7480709590798926,4,6,4584.523060557721,referral,0,finance,medium,1
L-02041,2023-12-23,0.75350056344561,3,41,19335.982628464582,referral,1,manufacturing,large,1
L-03794,2023-12-23,0.7719221359346399,3,24,2060.994913832286,referral,1,healthcare,small,0
L-02451,2023-12-23,0.9736640731733385,4,46,4519.872466227476,organic,0,manufacturing,medium,0
L-01605,2023-12-23,0.004003162442779096,5,3,11264.117440774724,outbound,1,manufacturing,large,0
L-01388,2023-12-23,0.43927206181049183,4,16,14441.60024631263,referral,0,finance,large,1
L-02060,2023-12-24,0.9668198780822334,5,46,4428.047005780567,referral,1,healthcare,medium,1
L-03819,2023-12-24,0.4100505132959775,4,30,4257.545952215562,outbound,1,healthcare,medium,1
L-00047,2023-12-24,0.5469877875782182,6,58,3917.040339991633,outbound,1,retail,medium,0
L-02445,2023-12-24,0.4580585416184314,4,21,8398.159737263697,referral,1,finance,large,1
L-00363,2023-12-24,0.8863348239330235,5,17,3250.302263861257,organic,0,saas,medium,1
L-02299,2023-12-24,0.6880617331012702,2,25,9623.047483377224,outbound,0,manufacturing,large,0
L-03029,2023-12-24,0.02553183713845031,3,4,1303.3102061644163,outbound,1,retail,small,0
L-00578,2023-12-24,0.12228953720281865,2,36,6282.191989995889,referral,0,manufacturing,medium,0
L-01556,2023-12-25,0.49827915871033013,5,31,3339.145730715554,referral,1,healthcare,medium,0
L-01303,2023-12-25,0.9994089253876713,1,21,8757.17903091273,outbound,1,healthcare,large,0
L-00303,2023-12-25,0.486045249560873,4,39,5814.100994260795,organic,0,finance,medium,0
L-01383,2023-12-25,0.5568324163707806,1,12,4430.59872258694,paid_search,1,retail,medium,1
L-01631,2023-12-25,0.965142117057399,2,23,4118.030225252623,organic,1,finance,medium,1
L-02977,2023-12-25,0.20827999443580514,2,39,9764.312739214667,outbound,0,healthcare,large,0
L-01877,2023-12-25,0.9529287906260143,3,59,1270.5884714365395,organic,1,retail,small,0
L-03830,2023-12-25,0.6709392749216151,8,38,4877.841375308035,paid_search,1,saas,medium,0
L-00827,2023-12-25,0.21999343932726134,3,43,8763.642483029622,outbound,0,retail,large,0
L-00094,2023-12-26,0.9000912781436826,4,5,22065.990291358255,outbound,1,finance,large,1
L-02837,2023-12-26,0.010753717600025525,3,53,7213.872166864845,paid_search,1,manufacturing,medium,0
L-03242,2023-12-26,0.3059429964305749,1,56,20869.041723174527,outbound,1,healthcare,large,0
L-00739,2023-12-26,0.5752949526285022,1,38,26726.109930755327,organic,1,saas,large,1
L-01470,2023-12-26,0.4392121792342045,2,26,5295.06173240792,referral,0,healthcare,medium,1
L-00178,2023-12-27,0.25672176153516624,2,6,23479.34115586543,outbound,0,saas,large,1
L-03108,2023-12-27,0.5099889295118646,6,0,5702.31286511588,referral,1,saas,medium,1
L-01825,2023-12-27,0.5449829395784974,5,17,8795.729456631696,referral,1,manufacturing,large,0
L-00219,2023-12-28,0.31471744746536334,5,2,6770.923522989431,event,0,healthcare,medium,1
L-01427,2023-12-28,0.8784721553959879,4,33,2247.271904427677,organic,0,finance,small,1
L-01731,2023-12-28,0.9069024180555311,2,5,2738.323109035056,organic,0,manufacturing,small,1
L-03825,2023-12-28,0.158413713447778,2,24,3350.4154533311294,organic,0,saas,medium,0
L-01036,2023-12-28,0.6177859363885542,0,50,5382.523143372248,event,1,finance,medium,1
L-01205,2023-12-28,0.4167041030824632,3,34,6638.504210761693,outbound,0,manufacturing,medium,0
L-03517,2023-12-28,0.19274289079074547,3,45,6654.765341828614,paid_search,1,finance,medium,0
L-02938,2023-12-28,0.6316683855799359,7,22,1431.4776250644031,referral,0,manufacturing,small,0
L-02777,2023-12-28,0.0819198841853277,3,33,8917.820498110215,paid_search,1,finance,large,0
L-01314,2023-12-28,0.2918944015252498,2,53,4163.7272025187585,outbound,0,saas,medium,1
L-02988,2023-12-28,0.9193969243677436,2,12,3509.7816677993187,paid_search,0,retail,medium,0
L-00591,2023-12-28,0.8931303060700324,5,16,3193.4061109100976,organic,0,manufacturing,medium,1
L-01107,2023-12-29,0.6464270380582822,4,31,2392.2335159848885,outbound,0,saas,small,1
L-00066,2023-12-29,0.5024129936309384,5,12,4471.399866438419,organic,1,saas,medium,1
L-03703,2023-12-29,0.7586008971462594,5,35,15557.553738811455,organic,1,retail,large,1
L-03909,2023-12-29,0.13368052355173354,3,12,4673.547114379231,organic,0,finance,medium,0
L-00344,2023-12-29,0.7237452901918378,3,56,3017.6446735011486,organic,0,saas,medium,0
L-02286,2023-12-29,0.9097935450039947,3,13,17774.034345239015,outbound,0,finance,large,1
L-03749,2023-12-29,0.9674133136983625,4,13,5859.249508139049,referral,0,retail,medium,1
L-02067,2023-12-29,0.6952148230600186,5,22,7208.469953684362,paid_search,0,retail,medium,1
L-00201,2023-12-30,0.9370514306705069,4,47,6835.030913912057,paid_search,1,saas,medium,0
L-03297,2023-12-30,0.24141006629089268,1,19,3764.2458167651666,referral,1,healthcare,medium,0
L-01568,2023-12-30,0.8372015493375974,3,26,1406.9846011883978,paid_search,1,retail,small,1
L-01286,2023-12-30,0.6284766302049182,3,13,4983.111745532938,paid_search,1,saas,medium,0
L-01389,2023-12-30,0.268513647639822,0,53,7633.843682693185,paid_search,0,saas,medium,1
L-01153,2023-12-30,0.12378733111713769,4,44,16623.65757353157,event,0,finance,large,0
L-00842,2023-12-30,0.4382383570875735,3,14,8153.11467635584,organic,1,finance,large,1
L-03589,2023-12-30,0.6137138167259192,3,50,1894.9195700781631,outbound,0,saas,small,1
L-03127,2023-12-30,0.21381815479223087,3,41,3240.1235762934257,organic,0,saas,medium,1
L-03094,2023-12-30,0.9948231734142234,2,22,2626.5689029003565,outbound,0,saas,small,1
L-02692,2023-12-31,0.7270157412683711,3,56,11294.214848224372,referral,0,finance,large,0
L-00839,2023-12-31,0.04566228543670614,4,45,5712.3746007855725,organic,1,healthcare,medium,0
L-02113,2023-12-31,0.5003156144194704,1,44,14139.601842230124,outbound,1,manufacturing,large,0
L-02893,2023-12-31,0.26871514868066315,9,19,16594.030465392174,organic,0,saas,large,0
L-02784,2023-12-31,0.9669471386349304,4,14,12698.307722221556,paid_search,1,finance,large,1
L-02163,2024-01-01,0.39635983396242025,4,19,1585.7725933543331,referral,1,manufacturing,small,0
L-01707,2024-01-01,0.6700931741485705,1,30,10372.429718873587,referral,0,finance,large,0
L-02632,2024-01-01,0.32596360277933156,0,39,6680.760379413677,event,0,saas,medium,0
L-00942,2024-01-01,0.8148759426853727,2,46,20102.894019879306,referral,0,saas,large,0
L-03383,2024-01-01,0.18894575046218876,4,20,18779.611767151815,outbound,1,saas,large,0
L-02100,2024-01-01,0.29504014049653815,4,8,3701.2841900466715,outbound,0,healthcare,medium,1
L-01506,2024-01-01,0.49655881704361604,2,19,2806.3992047280562,event,0,healthcare,small,0
L-02112,2024-01-01,0.7708102818323926,0,45,5167.174616671876,organic,1,healthcare,medium,0
L-03201,2024-01-01,0.17215788496970297,0,55,1745.2465733567333,outbound,0,retail,small,0
L-01353,2024-01-02,0.32894365047649265,7,36,4196.997112881531,outbound,0,retail,medium,0
L-02530,2024-01-02,0.770609332638432,4,21,8273.905587521464,referral,0,saas,large,0
L-01950,2024-01-02,0.4254226298337358,4,32,6573.387823916116,outbound,1,healthcare,medium,0
L-02304,2024-01-02,0.012215462915350805,2,50,1015.2202090317521,organic,1,manufacturing,small,1
L-00641,2024-01-02,0.7599850114961526,4,41,10156.623267696685,outbound,0,finance,large,0
L-03329,2024-01-02,0.34380644819385064,1,38,4347.690172611051,outbound,1,finance,medium,0
L-01947,2024-01-02,0.09113144542638263,3,55,11620.048877374578,paid_search,0,healthcare,large,0
L-00528,2024-01-02,0.8290875833359028,1,4,1433.8113496583337,organic,1,retail,small,0
L-00323,2024-01-02,0.08027732040403712,4,13,5948.603392031553,outbound,1,finance,medium,1
L-01169,2024-01-02,0.6041342052170712,2,3,4019.9602809280755,organic,1,retail,medium,1
L-02795,2024-01-02,0.18145445530144066,5,52,6352.395678210653,outbound,0,healthcare,medium,0
L-03748,2024-01-03,0.9686504733772262,4,13,1675.6603295136665,referral,1,healthcare,small,0
L-01529,2024-01-03,0.484384259201451,0,9,5182.981292776456,organic,0,manufacturing,medium,1
L-00668,2024-01-03,0.5748207312401155,3,53,3682.552217706514,outbound,0,saas,medium,0
L-01563,2024-01-03,0.1844459608868413,1,26,2194.538756379345,paid_search,0,manufacturing,small,0
L-00803,2024-01-03,0.5958579507309852,3,29,2802.1168262816063,organic,1,healthcare,small,0
L-00152,2024-01-03,0.7701869494441829,2,58,6615.144243293195,outbound,0,healthcare,medium,0
L-03401,2024-01-03,0.20120449812587282,1,21,8591.984675904481,event,1,healthcare,large,0
L-01102,2024-01-03,0.959379272315231,0,43,23160.42043300203,referral,0,manufacturing,large,0
L-01704,2024-01-03,0.060829867501361434,6,34,2790.9007809341,outbound,1,finance,small,0
L-02382,2024-01-03,0.2250765257745908,3,31,3528.858812901117,paid_search,1,manufacturing,medium,1
L-03444,2024-01-03,0.9605304639047046,8,2,1875.8352697715045,referral,0,finance,small,1
L-01005,2024-01-04,0.7744178344487831,4,42,13331.713836047942,organic,1,finance,large,1
L-01080,2024-01-04,0.2219522514470672,0,40,5210.5157548167435,outbound,0,saas,medium,0
L-00529,2024-01-04,0.6312859173060852,2,50,2986.7830058047934,paid_search,1,saas,small,1
L-00714,2024-01-04,0.8605635552736322,1,40,9239.026460763622,outbound,1,retail,large,1
L-00968,2024-01-04,0.5738453020245975,4,8,5645.370173645774,organic,0,healthcare,medium,0
L-02013,2024-01-04,0.04300325074005107,2,10,13740.82117484349,outbound,0,saas,large,0
L-00732,2024-01-04,0.5550422850525477,4,38,3454.7374708462685,organic,1,healthcare,medium,1
L-03657,2024-01-04,0.7994657824269527,8,50,1977.2256805120921,paid_search,1,manufacturing,small,0
L-02960,2024-01-04,0.15874858019476323,5,55,7501.233348478986,outbound,0,finance,medium,1
L-03200,2024-01-04,0.2573046544550305,1,12,4120.814179280324,paid_search,1,saas,medium,0
L-01971,2024-01-04,0.1449825331971426,5,36,6578.539198238126,paid_search,1,finance,medium,1
L-03844,2024-01-04,0.46227536028028204,3,24,7944.4758037084075,referral,1,finance,medium,1
L-03519,2024-01-04,0.5701930386989381,6,59,2345.324646491842,outbound,1,retail,small,1
L-02624,2024-01-04,0.10927116603275544,1,0,4117.665655619938,outbound,0,healthcare,medium,0
L-01989,2024-01-05,0.9962650629391334,2,5,3554.227042574637,referral,1,retail,medium,0
L-01622,2024-01-05,0.45091526716210384,7,36,2966.072913375489,organic,0,manufacturing,small,1
L-03604,2024-01-05,0.5480596098426327,5,40,2322.4967049292163,outbound,0,manufacturing,small,0
L-03275,2024-01-05,0.7564689407555436,2,58,6264.268705392991,referral,0,finance,medium,1
L-00060,2024-01-05,0.9454165724399485,3,2,20423.75802225474,event,0,finance,large,1
L-01261,2024-01-05,0.6961163576130128,4,45,1586.7720201710702,referral,0,healthcare,small,0
L-03899,2024-01-05,0.06112940236009179,3,15,1895.9294696640063,outbound,1,saas,small,0
L-03800,2024-01-05,0.4139318081761838,3,49,5761.527227573923,event,0,manufacturing,medium,1
L-00451,2024-01-05,0.7202160290026638,2,13,6301.0966379828,referral,0,manufacturing,medium,1
L-00585,2024-01-05,0.4452567055360407,2,45,5758.263957938778,outbound,0,retail,medium,0
L-02165,2024-01-05,0.24887972814787895,6,4,5117.474944082918,organic,0,healthcare,medium,1
L-02830,2024-01-05,0.5936131913179654,6,22,17712.419201124805,event,0,saas,large,1
L-02623,2024-01-05,0.8996006573833368,5,57,16162.989481149565,referral,1,retail,large,0
L-02532,2024-01-05,0.6539731467169314,8,59,2066.8845895553986,organic,1,retail,small,0
L-01678,2024-01-05,0.27816228389226805,2,28,35362.24548454612,referral,0,manufacturing,large,1
L-00526,2024-01-05,0.9134336598130639,4,11,12257.423750617609,referral,1,saas,large,0
L-02569,2024-01-06,0.5758772585358829,3,37,5695.30128657029,event,0,saas,medium,0
L-03891,2024-01-06,0.588513776624626,1,27,7437.24350096632,organic,1,finance,medium,0
L-00023,2024-01-06,0.24829424788529275,1,27,3383.063844119112,outbound,0,healthcare,medium,1
L-01181,2024-01-06,0.2573306871949832,4,37,13441.01593898261,paid_search,0,saas,large,0
L-00263,2024-01-06,0.09278545412673944,1,48,5463.196911893143,paid_search,1,healthcare,medium,0
L-00576,2024-01-06,0.6967249452745534,4,43,5500.315878895703,organic,1,retail,medium,0
L-03971,2024-01-06,0.04680494181547046,1,45,4209.660414989045,referral,1,saas,medium,0
L-01066,2024-01-06,0.40970107654899457,1,59,4361.998822183032,event,1,healthcare,medium,0
L-00498,2024-01-06,0.8194507555446373,2,16,4446.293761044887,outbound,0,healthcare,medium,0
L-00420,2024-01-07,0.12384368194337081,4,48,9510.734359916809,referral,1,healthcare,large,1
L-02492,2024-01-07,0.9961272576386072,1,0,5679.691885436626,outbound,0,finance,medium,0
L-00437,2024-01-07,0.6643448684342539,3,19,781.7792663667074,outbound,1,finance,small,1
L-03642,2024-01-07,0.7839515802055619,2,2,9094.667914007725,event,0,healthcare,large,1
L-03494,2024-01-07,0.8604296493484839,2,29,3695.004126903424,outbound,0,manufacturing,medium,0
L-03002,2024-01-07,0.7668615203028132,1,27,1336.7366498589581,outbound,1,healthcare,small,0
L-03895,2024-01-07,0.7771527494070096,4,1,3093.60570618303,outbound,1,finance,medium,1
L-00861,2024-01-07,0.5252831635726832,5,16,4498.898106725012,organic,0,retail,medium,1
L-03942,2024-01-07,0.1477285625410687,6,44,5330.035430747155,organic,0,healthcare,medium,0
L-02611,2024-01-07,0.30364513453813335,4,12,7634.112555873843,outbound,1,retail,medium,0
L-02499,2024-01-07,0.7705593027850998,8,47,2903.0044865308532,referral,1,retail,small,0
L-03312,2024-01-07,0.3469600253675299,5,29,8924.285638833102,organic,1,finance,large,0
L-03641,2024-01-07,0.7969713919154653,3,40,8764.455337744717,outbound,1,retail,large,0
L-02861,2024-01-08,0.8862183133894039,3,48,10862.676272422086,referral,0,manufacturing,large,0
L-02412,2024-01-08,0.7424892910556222,4,8,16763.124335319593,referral,1,retail,large,1
L-03113,2024-01-08,0.9360475203348232,2,18,9405.044100205669,outbound,1,retail,large,0
L-02674,2024-01-08,0.6601176338820307,3,59,2579.7231092200695,organic,1,manufacturing,small,0
L-01142,2024-01-08,0.996015755102527,2,51,1250.6663790007979,outbound,1,finance,small,1
L-02732,2024-01-08,0.3432617180803835,1,13,2491.374999650602,organic,0,manufacturing,small,0
L-01272,2024-01-08,0.6416604053632571,5,54,5438.062951472846,referral,1,saas,medium,1
L-01515,2024-01-08,0.7553715412253076,1,56,4693.2532617027655,outbound,1,healthcare,medium,1
L-01750,2024-01-08,0.08485844355493433,3,43,8361.41828448488,referral,0,saas,large,0
L-01976,2024-01-08,0.05477410739043609,3,16,7736.752138535976,outbound,0,manufacturing,medium,0
L-00692,2024-01-08,0.8757384859632077,3,24,2929.1482980575115,paid_search,0,manufacturing,small,0
L-00721,2024-01-08,0.8074473764101547,3,9,4185.3200308311725,organic,1,finance,medium,1
L-00490,2024-01-09,0.9590960633711108,3,9,3880.7771063862865,paid_search,0,saas,medium,1
L-03733,2024-01-09,0.8956720847092428,6,51,9356.434087491114,paid_search,1,healthcare,large,1
L-00408,2024-01-09,0.32978537955150244,5,4,21763.571622352738,paid_search,0,saas,large,1
L-02227,2024-01-09,0.17645765302889949,2,15,13291.977117942666,referral,1,finance,large,1
L-00469,2024-01-09,0.338591443210814,2,55,4580.393665035204,outbound,1,finance,medium,0
L-01442,2024-01-09,0.04043193139300372,2,29,4241.796769455758,organic,0,finance,medium,0
L-02886,2024-01-09,0.1090543064824313,1,59,2768.6442751841687,organic,1,retail,small,0
L-02571,2024-01-09,0.8763446693975172,5,22,2706.304400607501,paid_search,0,healthcare,small,0
L-01532,2024-01-09,0.4734754019943266,3,26,4786.356188545077,referral,1,manufacturing,medium,1
L-03438,2024-01-09,0.9439476095247226,3,54,3359.455535206795,outbound,0,saas,medium,0
L-02694,2024-01-09,0.39995123106749086,1,7,13136.745420071837,paid_search,1,saas,large,1
L-02288,2024-01-10,0.9942786739158408,2,20,5275.941392190515,paid_search,1,healthcare,medium,0
L-00763,2024-01-10,0.3157644778460912,1,59,2732.674692717168,paid_search,0,retail,small,1
L-02952,2024-01-10,0.23790988666433077,4,5,2487.7948474573927,event,0,retail,small,1
L-00381,2024-01-10,0.2375356720522589,2,28,4520.213904464886,referral,1,manufacturing,medium,0
L-00347,2024-01-10,0.8355301981110916,1,45,1646.8971026861773,outbound,0,healthcare,small,0
L-00679,2024-01-10,0.3413784941811928,0,0,2125.799404665646,paid_search,1,finance,small,0
L-02147,2024-01-10,0.6904081087789521,5,7,3317.5509549012427,organic,0,finance,medium,1
L-02790,2024-01-10,0.49108182649458043,1,28,6796.265150645199,organic,1,finance,medium,0
L-02630,2024-01-10,0.272933726749799,2,3,2608.525628809482,paid_search,1,healthcare,small,0
L-00753,2024-01-10,0.08078536393781044,3,46,8938.655642323585,referral,0,finance,large,0
L-02648,2024-01-10,0.31000243191393273,2,16,8117.02097577983,referral,0,saas,large,0
L-02877,2024-01-10,0.6804310610924562,2,53,3658.8807564399713,referral,0,saas,medium,0
L-02168,2024-01-10,0.5364864895582901,3,5,6931.704709916588,organic,1,retail,medium,1
L-02941,2024-01-10,0.053350982345181874,4,27,2654.9502117274355,referral,1,healthcare,small,1
L-02457,2024-01-10,0.5840633426960506,3,3,6365.59262943635,referral,1,healthcare,medium,1
L-01765,2024-01-10,0.7900297691639159,3,23,7252.524878828543,outbound,1,healthcare,medium,0
L-02781,2024-01-10,0.9976485941215104,3,23,775.0210741132794,organic,0,saas,small,1
L-01688,2024-01-11,0.6151355899884214,3,2,2324.1568460459816,paid_search,0,retail,small,1
L-03920,2024-01-11,0.4657513817150738,3,48,1537.0244940772893,referral,1,manufacturing,small,1
L-03171,2024-01-11,0.6256827902603751,1,39,3900.642410762258,organic,1,manufacturing,medium,0
L-00318,2024-01-11,0.49628874282923585,5,41,5815.466321933798,outbound,1,healthcare,medium,0
L-00285,2024-01-11,0.09358294533837275,7,51,4033.822955979412,organic,1,finance,medium,1
L-02096,2024-01-11,0.5910776169538354,6,27,12753.448357287934,event,1,finance,large,1
L-03742,2024-01-11,0.7877527188659602,4,30,13519.946114532997,referral,0,healthcare,large,0
L-03552,2024-01-11,0.35023019656788623,2,37,3096.5869897773255,outbound,0,finance,medium,0
L-02232,2024-01-11,0.7323184221678151,8,43,4570.303589099043,outbound,1,finance,medium,1
L-03351,2024-01-11,0.7531580190208763,1,8,5918.515680065486,paid_search,0,finance,medium,0
L-01446,2024-01-11,0.6790742101195937,0,41,3328.402828650395,organic,0,retail,medium,1
L-00180,2024-01-11,0.7847220208513513,5,24,6367.559089434185,referral,1,healthcare,medium,1
L-01909,2024-01-12,0.8198851218197009,3,15,1746.8443740070607,event,1,retail,small,0
L-00935,2024-01-12,0.4717915073938471,3,3,10320.324653812091,organic,0,finance,large,1
L-02712,2024-01-12,0.611894621342069,4,30,8952.571394916251,paid_search,1,manufacturing,large,0
L-00080,2024-01-12,0.39183770991005273,6,18,4250.323737199909,organic,0,retail,medium,1
L-01108,2024-01-12,0.1866921182812653,3,12,2430.9945222359115,referral,1,saas,small,1
L-03687,2024-01-12,0.19527718020659002,3,24,4135.136535726804,referral,0,manufacturing,medium,0
L-01836,2024-01-12,0.6855922324379105,6,6,5023.348618106075,referral,0,saas,medium,0
L-01873,2024-01-12,0.11987913395667327,3,22,6401.2752700674255,organic,1,manufacturing,medium,0
L-02827,2024-01-13,0.41398737625537374,7,52,8805.334154369704,paid_search,0,healthcare,large,0
L-03955,2024-01-13,0.6410643631152027,4,13,5963.270034562005,referral,0,finance,medium,1
L-01680,2024-01-13,0.737857181360408,3,46,8381.014591638683,organic,1,saas,large,0
L-03704,2024-01-13,0.536310621924958,0,44,12690.155613927564,organic,1,manufacturing,large,1
L-03309,2024-01-13,0.2817669578263532,2,16,825.4158517585693,event,1,saas,small,1
L-00925,2024-01-14,0.5897899838558589,1,37,9163.573854906626,outbound,1,retail,large,0
L-02220,2024-01-14,0.18172956781192617,5,25,8190.391888286978,outbound,1,finance,large,0
L-02396,2024-01-14,0.1803420983749422,1,15,3256.4847143427987,paid_search,1,healthcare,medium,0
L-02917,2024-01-14,0.6679238700585363,4,50,6793.658334797533,organic,1,retail,medium,1
L-00693,2024-01-14,0.9869445812038946,1,59,5927.604470789053,referral,1,saas,medium,1
L-02619,2024-01-14,0.5121864202999443,4,40,597.2811367772536,paid_search,1,healthcare,small,0
L-03461,2024-01-14,0.11069488330549448,0,53,7235.216212185132,outbound,1,healthcare,medium,0
L-02743,2024-01-14,0.28592494883694264,4,27,3167.629291670143,organic,1,manufacturing,medium,0
L-03960,2024-01-14,0.014434802779022093,0,36,4482.022920008856,referral,1,retail,medium,0
L-01726,2024-01-15,0.9618861013685905,5,31,4396.214676126739,paid_search,1,healthcare,medium,1
L-00570,2024-01-15,0.01580323916329618,4,13,1641.352221763584,organic,0,healthcare,small,0
L-02053,2024-01-15,0.44859780801713467,2,7,9702.31564057716,referral,0,manufacturing,large,1
L-02907,2024-01-15,0.12169028737408949,3,0,3211.2584999010555,organic,0,retail,medium,0
L-02527,2024-01-15,0.6813895353038614,4,52,1802.9647021968503,referral,1,retail,small,1
L-00964,2024-01-15,0.2571504740307766,4,39,6225.413239105044,organic,1,retail,medium,0
L-00948,2024-01-15,0.9576934080154231,1,58,4052.269957243589,organic,0,healthcare,medium,0
L-01420,2024-01-15,0.8607676949546045,6,18,3993.9422093156954,organic,0,retail,medium,1
L-03185,2024-01-15,0.8661704308177439,1,46,3066.166916015233,organic,0,manufacturing,medium,1
L-00639,2024-01-15,0.19838296328152805,3,53,3612.0434203147393,referral,1,retail,medium,0
L-00382,2024-01-15,0.15060059433726392,3,37,34591.69969647376,organic,0,finance,large,0
L-03440,2024-01-15,0.12916419610239782,2,21,16051.82705075624,outbound,0,manufacturing,large,0
L-00762,2024-01-15,0.10052200141670842,3,3,4089.485286656374,paid_search,0,healthcare,medium,0
L-01294,2024-01-16,0.4869820823049952,2,16,8281.379579681654,outbound,0,healthcare,large,0
L-03901,2024-01-16,0.027314117071251642,2,13,5209.141765195612,paid_search,1,finance,medium,0
L-00775,2024-01-16,0.3547253211965503,1,32,1741.4707802621674,referral,1,healthcare,small,0
L-01929,2024-01-16,0.9099371729174613,3,57,13712.511468119863,outbound,0,finance,large,0
L-02027,2024-01-16,0.6629215110320876,5,19,2981.742956231574,outbound,0,retail,small,1
L-01268,2024-01-17,0.9515421931502825,3,46,2831.1654809804168,organic,1,saas,small,1
L-01933,2024-01-17,0.03602490683626647,2,12,38041.03233635912,referral,1,saas,large,1
L-02121,2024-01-17,0.7982118419717367,8,30,1939.1910136331894,organic,0,saas,small,0
L-01783,2024-01-17,0.2261888898020621,1,5,3820.252573175892,paid_search,0,healthcare,medium,1
L-02164,2024-01-17,0.6387555557684373,4,27,4081.946306674984,outbound,0,finance,medium,1
L-03839,2024-01-17,0.19843933663226232,7,45,25248.955913186575,organic,0,finance,large,0
L-00670,2024-01-17,0.6142818504715784,4,33,5568.182420164168,event,1,retail,medium,0
L-00339,2024-01-17,0.0691399450072615,3,31,2403.792479153351,outbound,1,healthcare,small,0
L-00292,2024-01-17,0.6105220042138247,6,7,4997.875255709103,outbound,0,retail,medium,1
L-02386,2024-01-17,0.30324861814784576,3,2,6415.791046832519,organic,0,healthcare,medium,1
L-03574,2024-01-17,0.32599104541562474,3,36,6859.427982590294,referral,0,retail,medium,1
L-01831,2024-01-17,0.6209217397084077,2,38,5203.233354258254,organic,1,finance,medium,1
L-00447,2024-01-18,0.40427645633044895,4,21,8243.288801603065,organic,1,retail,large,0
L-02542,2024-01-18,0.9896584966717438,6,29,7334.120837112418,event,1,retail,medium,1
L-01439,2024-01-18,0.596239409547933,3,3,6145.263572659969,paid_search,0,saas,medium,1
L-03035,2024-01-18,0.1981712296224356,1,24,2374.8928600938816,referral,0,manufacturing,small,1
L-02388,2024-01-18,0.7201404475663072,0,12,7070.93095738524,outbound,1,manufacturing,medium,0
L-01082,2024-01-19,0.6593141959164528,4,34,6938.973251957434,referral,1,finance,medium,1
L-03644,2024-01-19,0.6227140140877143,2,1,3622.045631252123,referral,0,finance,medium,0
L-02769,2024-01-19,0.7094129150613248,4,19,7391.423736330282,paid_search,0,manufacturing,medium,1
L-00194,2024-01-19,0.5978560332062036,4,53,4196.522760663088,outbound,0,manufacturing,medium,1
L-03487,2024-01-19,0.14317875048604778,4,28,2093.2313299893817,paid_search,0,healthcare,small,1
L-01447,2024-01-19,0.7565469634019073,3,54,10039.66443297445,organic,0,manufacturing,large,1
L-00514,2024-01-19,0.23273214667618747,2,21,10769.674211191897,paid_search,0,manufacturing,large,1
L-01938,2024-01-19,0.49769712947410594,4,46,3707.792334905476,organic,1,retail,medium,0
L-03838,2024-01-19,0.4733610131974654,3,39,6966.541477040135,referral,0,saas,medium,1
L-00682,2024-01-19,0.1534922053741905,0,58,11698.631056745322,referral,1,saas,large,0
L-01375,2024-01-19,0.4243364289230115,2,13,8800.464859684762,paid_search,1,finance,large,1
L-01053,2024-01-19,0.7828381550557844,0,49,14849.808096697416,organic,0,finance,large,0
L-00683,2024-01-19,0.5826824617307588,1,7,24110.05469201964,referral,1,retail,large,1
L-01809,2024-01-19,0.7981682913973093,5,36,6842.106037182751,outbound,0,retail,medium,0
L-00273,2024-01-19,0.8424550014526674,6,41,5840.969161584777,event,0,manufacturing,medium,0
L-02116,2024-01-20,0.5895063304034679,3,46,3350.2858098030474,organic,0,saas,medium,0
L-00750,2024-01-20,0.22529733878233338,3,34,17656.788577374577,outbound,1,saas,large,0
L-02362,2024-01-20,0.6594672750054781,2,20,5620.7761486809995,outbound,0,saas,medium,0
L-00998,2024-01-20,0.9792432395867943,3,46,7012.215421737761,paid_search,1,finance,medium,0
L-03634,2024-01-20,0.11321728300705158,4,20,4977.512582750516,organic,0,finance,medium,1
L-03003,2024-01-20,0.1666361430284744,4,51,9416.469396927698,referral,1,saas,large,0
L-01222,2024-01-20,0.7599263975940903,1,55,2184.9112036502456,outbound,1,retail,small,0
L-00199,2024-01-20,0.6629244515369208,4,11,3632.885753168257,outbound,1,finance,medium,1
L-00450,2024-01-20,0.6573339617683736,3,42,3630.569800509897,event,1,healthcare,medium,0
L-02676,2024-01-20,0.11136497278658797,5,3,2039.0213385438242,paid_search,1,manufacturing,small,1
L-02730,2024-01-20,0.3164601424152468,2,31,5298.492377877794,organic,0,saas,medium,0
L-03752,2024-01-20,0.759672703987996,2,45,2659.4458776610377,referral,1,healthcare,small,1
L-03397,2024-01-20,0.32569480973758436,3,47,8890.448065555343,outbound,1,retail,large,0
L-01376,2024-01-20,0.010129337341458822,0,47,3735.888795145093,outbound,0,retail,medium,0
L-00648,2024-01-20,0.6645797095273142,5,51,3988.553759087851,outbound,0,manufacturing,medium,0
L-01699,2024-01-20,0.4300265696455212,5,24,5183.80040280364,organic,1,manufacturing,medium,0
L-03210,2024-01-20,0.45118844553353243,3,49,9091.947471133562,referral,1,healthcare,large,0
L-02142,2024-01-20,0.03348356899710048,5,45,12814.259093590621,organic,1,finance,large,0
L-03382,2024-01-20,0.7834134858339759,3,15,7069.3658331417255,outbound,1,finance,medium,1
L-03663,2024-01-20,0.1300464400848661,4,33,2117.453605818024,organic,0,finance,small,0
L-01242,2024-01-21,0.9191598989333117,1,28,4724.759493657433,event,0,healthcare,medium,1
L-00336,2024-01-21,0.8682364402828997,5,50,7898.136488832978,referral,0,manufacturing,medium,1
L-02512,2024-01-21,0.8774270792163887,4,3,3829.365098615743,organic,1,healthcare,medium,1
L-02813,2024-01-21,0.9406109981675586,3,35,7370.095969583129,referral,0,manufacturing,medium,0
L-00852,2024-01-21,0.8150448234080938,4,29,4239.158465373021,outbound,0,saas,medium,1
L-02669,2024-01-21,0.27370040763478487,3,25,3917.3525839051913,referral,1,finance,medium,1
L-01209,2024-01-21,0.09535345318286026,3,27,4205.980133808256,outbound,0,saas,medium,0
L-03213,2024-01-21,0.9109858394978042,4,29,11398.038982466154,event,1,finance,large,1
L-01368,2024-01-21,0.1350508046797747,1,27,4905.323566657685,referral,1,saas,medium,0
L-00502,2024-01-21,0.9504962698027061,11,30,6802.205754398748,outbound,1,healthcare,medium,1
L-02836,2024-01-22,0.07369583213834008,4,16,4452.144687803652,outbound,0,saas,medium,0
L-00465,2024-01-22,0.7340165597887229,1,51,2444.143611040188,event,1,healthcare,small,1
L-03688,2024-01-22,0.7693299595181523,3,23,2715.938497786149,organic,1,saas,small,1
L-02667,2024-01-22,0.34034446392638773,2,18,7067.638294741126,outbound,0,saas,medium,0
L-00608,2024-01-22,0.6660522992691486,2,57,11830.24511988073,referral,0,healthcare,large,0
L-00207,2024-01-23,0.4426560151602582,3,46,2633.5694343774053,outbound,1,manufacturing,small,0
L-00796,2024-01-23,0.6267660643271606,4,12,4494.18440242823,outbound,1,healthcare,medium,1
L-03943,2024-01-23,0.8161156015412826,3,20,13365.478059716166,organic,1,manufacturing,large,1
L-03282,2024-01-23,0.9861613239556271,4,55,1509.7319236155706,organic,1,retail,small,0
L-00416,2024-01-23,0.23670199452660334,4,45,7040.955243692299,event,0,finance,medium,1
L-02578,2024-01-23,0.48922906718999004,3,29,3753.6719030417466,referral,0,retail,medium,1
L-03948,2024-01-23,0.3683710825935145,3,2,7246.20826573646,paid_search,0,finance,medium,0
L-02805,2024-01-23,0.7296819935943137,0,0,7766.527006180355,organic,1,retail,medium,0
L-02598,2024-01-23,0.331463881981506,2,59,4912.275311160649,outbound,1,healthcare,medium,0
L-00063,2024-01-23,0.0907017660899686,2,54,3609.2702852072666,event,0,saas,medium,0
L-00860,2024-01-23,0.4144272711081408,3,22,2434.839861056198,outbound,1,healthcare,small,0
L-00354,2024-01-23,0.42624420318005674,2,19,10803.917294637215,outbound,0,finance,large,0
L-01225,2024-01-23,0.807833909706282,1,31,12370.15660747272,paid_search,0,healthcare,large,0
L-03662,2024-01-23,0.528367320376222,5,0,8110.613788614185,organic,1,saas,large,1
L-01566,2024-01-23,0.8607333618648696,1,16,1460.1949136829721,organic,0,healthcare,small,1
L-03907,2024-01-24,0.623528754370408,3,33,2057.269045494559,outbound,1,healthcare,small,0
L-02541,2024-01-24,0.029631885976391104,3,0,10663.218751950777,referral,0,manufacturing,large,0
L-03911,2024-01-24,0.10479768914339516,2,0,7578.051061806657,paid_search,1,manufacturing,medium,0
L-02839,2024-01-24,0.15600834782750972,4,26,4185.136197221176,paid_search,1,retail,medium,0
L-00403,2024-01-24,0.8925414947950872,3,27,2493.7443147371728,paid_search,0,manufacturing,small,0
L-03515,2024-01-24,0.9811119356202749,1,31,7898.309511781751,outbound,0,healthcare,medium,1
L-00958,2024-01-24,0.24794699166088474,6,8,9666.33244536097,referral,0,finance,large,1
L-03510,2024-01-24,0.10114321332760312,0,24,6832.947260661527,organic,1,retail,medium,1
L-00045,2024-01-24,0.042346113998704804,0,6,1322.079977077228,paid_search,0,saas,small,0
L-02588,2024-01-24,0.6437583821994626,4,37,5196.595986170559,paid_search,0,manufacturing,medium,0
L-02610,2024-01-24,0.8641386768205322,2,48,8193.237828327583,referral,1,manufacturing,large,0
L-01954,2024-01-24,0.06893895173255471,4,32,3609.8032607161367,referral,0,finance,medium,0
L-01232,2024-01-24,0.5183042758451654,4,5,5065.318479994844,referral,1,healthcare,medium,1
L-02749,2024-01-25,0.11080439503263928,0,43,5337.324063730087,outbound,0,manufacturing,medium,0
L-00440,2024-01-25,0.9976673923386359,4,41,3668.431764902158,paid_search,0,retail,medium,1
L-00946,2024-01-25,0.3244056641416051,3,27,2342.969052201052,organic,0,retail,small,1
L-02962,2024-01-25,0.48635842326661893,6,18,9976.857037656413,paid_search,0,finance,large,1
L-00011,2024-01-26,0.2865937649138133,3,49,16925.797835654437,paid_search,1,finance,large,1
L-02387,2024-01-26,0.15424362209507125,3,32,3347.4314983095082,organic,0,healthcare,medium,0
L-03788,2024-01-26,0.8117740782411574,3,27,2642.005621475094,paid_search,0,finance,small,0
L-02131,2024-01-26,0.6268162361303028,1,55,3840.548610382718,referral,0,healthcare,medium,0
L-03684,2024-01-26,0.4205680100373125,1,45,6731.358758768652,organic,0,retail,medium,0
L-00324,2024-01-26,0.2627295964148335,3,52,12652.808740300437,outbound,1,finance,large,0
L-02823,2024-01-26,0.7040322731192128,1,58,5595.874001777896,organic,0,finance,medium,0
L-03354,2024-01-26,0.9043577000916412,5,21,6511.53889501884,event,1,finance,medium,1
L-01796,2024-01-26,0.6489118310958369,2,5,4735.0246309122795,outbound,0,healthcare,medium,1
L-01474,2024-01-26,0.5526715645974142,3,34,3602.0893502848353,outbound,1,retail,medium,0
L-01648,2024-01-26,0.24706758728071898,4,28,7771.663400935959,referral,1,finance,medium,1
L-02879,2024-01-26,0.3634678197300196,4,8,10892.338422540217,organic,0,healthcare,large,1
L-02269,2024-01-26,0.7569363359425592,2,51,17124.853392299796,organic,0,saas,large,0
L-02871,2024-01-26,0.24453657575180598,2,36,3094.0327233624444,outbound,0,healthcare,medium,0
L-00593,2024-01-27,0.12441038872652388,3,28,6722.523075767522,event,0,manufacturing,medium,1
L-01745,2024-01-27,0.7170194727628887,1,53,4140.568276089456,outbound,0,saas,medium,0
L-03198,2024-01-27,0.753309615596317,4,31,5006.410933594359,event,1,healthcare,medium,1
L-01249,2024-01-27,0.4725735109070718,5,0,12182.877517084213,referral,0,retail,large,0
L-03425,2024-01-27,0.6459894602030112,6,35,8786.01815374039,referral,0,healthcare,large,1
L-02535,2024-01-27,0.09005503778215973,4,38,5792.924515075337,organic,0,retail,medium,0
L-02626,2024-01-27,0.8494618186441611,2,41,5028.839146158037,outbound,1,manufacturing,medium,1
L-02169,2024-01-27,0.4595471512617503,1,13,1747.4782154979155,event,1,saas,small,1
L-01829,2024-01-28,0.624362245117227,2,44,2160.305519588001,event,1,healthcare,small,1
L-02689,2024-01-28,0.7285936425378988,2,42,6532.906446700564,paid_search,0,finance,medium,0
L-01380,2024-01-28,0.28674390097921787,1,55,5850.646782334025,referral,1,saas,medium,0
L-00893,2024-01-28,0.6102899517038506,1,58,4898.086199990683,event,1,manufacturing,medium,1
L-02973,2024-01-28,0.8728055319953978,5,26,25707.097116116045,organic,0,manufacturing,large,0
L-00850,2024-01-28,0.38023558389930445,7,28,1529.8389441124102,paid_search,0,retail,small,0
L-01197,2024-01-28,0.09409930663622468,5,58,12050.750324585675,referral,1,manufacturing,large,0
L-00913,2024-01-28,0.6735137147252437,4,21,2715.424798418337,outbound,0,healthcare,small,0
L-02229,2024-01-28,0.25578065342499323,3,17,12158.691436168689,paid_search,0,retail,large,0
L-02554,2024-01-28,0.2503765989898231,1,54,3784.6953878507725,paid_search,1,healthcare,medium,0
L-01392,2024-01-29,0.9741096189805822,3,23,5772.370904190589,organic,1,finance,medium,0
L-00140,2024-01-29,0.8955045771968844,3,1,7785.1570917101535,organic,0,manufacturing,medium,1
L-01456,2024-01-29,0.937565258772947,5,40,17158.71013666385,outbound,1,healthcare,large,0
L-03592,2024-01-29,0.5846132122158377,5,35,2066.6731611196988,organic,1,manufacturing,small,1
L-03360,2024-01-29,0.6446053398343335,3,33,4519.205384980243,paid_search,1,finance,medium,1
L-03269,2024-01-29,0.4903984172596335,3,4,4510.972707701419,outbound,0,manufacturing,medium,0
L-01827,2024-01-29,0.32784203885344165,9,12,3063.6071214041126,referral,0,finance,medium,0
L-01675,2024-01-29,0.878314730893858,4,49,6788.8027882432625,outbound,0,saas,medium,0
L-01227,2024-01-29,0.19483768648139188,1,14,14354.388100914615,organic,1,manufacturing,large,1
L-03784,2024-01-29,0.2435685558055568,3,54,4346.45227039322,referral,0,healthcare,medium,0
L-01569,2024-01-29,0.30677408357720515,2,6,2756.4889504934586,outbound,0,retail,small,0
L-00554,2024-01-29,0.2852210854938674,1,30,3141.4847049371806,paid_search,1,manufacturing,medium,0
L-01202,2024-01-29,0.9166802844993672,3,39,4538.558035193792,event,1,healthcare,medium,1
L-03403,2024-01-29,0.146538972560332,4,30,4505.148427156227,paid_search,1,manufacturing,medium,0
L-01706,2024-01-29,0.33127679341956706,4,33,5142.073899253062,outbound,0,healthcare,medium,0
L-03370,2024-01-30,0.14533771122714223,2,23,2194.7238207411738,referral,0,saas,small,0
L-03411,2024-01-30,0.7747025930112271,4,32,8580.032599186823,organic,0,healthcare,large,1
L-02034,2024-01-30,0.12401981530989548,4,30,6916.893819166244,organic,1,manufacturing,medium,0
L-03977,2024-01-30,0.34495183182006595,1,19,2731.177407078073,paid_search,0,finance,small,0
L-03747,2024-01-30,0.9539781822670841,1,48,3439.4694710315625,outbound,1,finance,medium,1
L-03218,2024-01-30,0.29284683925470867,6,9,8402.639960328526,paid_search,1,finance,large,1
L-00771,2024-01-30,0.7995126057182287,4,36,14841.423398257379,organic,1,finance,large,1
L-01245,2024-01-30,0.5562184527241746,7,34,3317.1712388140527,paid_search,1,manufacturing,medium,1
L-03745,2024-01-30,0.06763955450306436,2,20,5790.070959836466,referral,0,manufacturing,medium,0
L-03778,2024-01-30,0.7239272795530837,4,54,2479.5838074297058,event,1,finance,small,1
L-01746,2024-01-31,0.2501710528050296,2,0,5614.176155622305,referral,0,finance,medium,1
L-03148,2024-01-31,0.8942892694807426,3,3,4709.182913139797,referral,1,manufacturing,medium,1
L-02652,2024-01-31,0.12624143656628217,3,44,10252.603842392798,outbound,0,saas,large,0
L-03533,2024-01-31,0.3467524982610628,5,59,6568.518554238742,paid_search,0,healthcare,medium,0
L-02038,2024-01-31,0.37884255697310876,3,40,15645.16780910644,referral,1,retail,large,1
L-00264,2024-01-31,0.5620091747128678,2,56,7426.769803259811,outbound,0,manufacturing,medium,0
L-02378,2024-01-31,0.8962851007761495,3,10,2771.897133979918,paid_search,0,healthcare,small,1
L-01961,2024-01-31,0.12972810690490555,7,23,14299.426609256989,outbound,1,saas,large,0
L-01081,2024-01-31,0.11390725481902209,5,32,3238.5500272652353,paid_search,1,retail,medium,0
L-02802,2024-01-31,0.04606490010219111,3,54,2642.5902184123006,outbound,1,finance,small,0
L-03725,2024-02-01,0.8815631998643823,7,6,21284.670268657108,event,0,retail,large,1
L-01087,2024-02-01,0.45361417845462193,6,3,3227.249031112739,paid_search,1,finance,medium,1
L-02375,2024-02-01,0.16969693224186544,4,22,928.9592449570171,event,1,manufacturing,small,0
L-00346,2024-02-01,0.8625478004083255,5,14,3155.367764983169,organic,1,finance,medium,0
L-00355,2024-02-01,0.7955255262286021,4,6,12968.482949013987,organic,0,healthcare,large,1
L-02259,2024-02-01,0.2790098034141264,5,43,4225.363646321528,paid_search,0,manufacturing,medium,0
L-01619,2024-02-01,0.9642826487041081,2,47,3667.3824081302882,paid_search,1,saas,medium,1
L-02616,2024-02-01,0.13602744522090648,2,36,5600.73219001103,organic,1,manufacturing,medium,0
L-02754,2024-02-01,0.9241246489842154,5,32,3070.597087949694,referral,1,healthcare,medium,1
L-02045,2024-02-01,0.2597982456263064,7,21,10263.250876046644,organic,0,retail,large,1
L-01625,2024-02-02,0.5606528407291682,1,21,2294.4654097052885,referral,1,manufacturing,small,1
L-01421,2024-02-02,0.3422690742880228,3,57,5522.548135964107,outbound,0,healthcare,medium,1
L-03174,2024-02-02,0.17439171782304852,2,48,2437.557303102225,paid_search,0,manufacturing,small,0
L-03157,2024-02-02,0.5895305945367628,4,44,14558.61573521262,outbound,1,finance,large,0
L-02955,2024-02-02,0.2366840035976563,3,37,7623.588069744766,referral,1,retail,medium,0
L-03278,2024-02-02,0.17778610758077462,4,25,6520.3847332693085,paid_search,0,healthcare,medium,1
L-01997,2024-02-02,0.4531919350490661,8,21,2741.8487174305783,paid_search,0,finance,small,1
L-03723,2024-02-02,0.8888164830096625,2,51,8260.46957905322,event,1,healthcare,large,1
L-00144,2024-02-02,0.30845962249775016,4,12,1368.69666373867,event,1,finance,small,1
L-00510,2024-02-02,0.4626000607108083,3,41,4030.4709964222757,paid_search,1,saas,medium,1
L-03237,2024-02-02,0.10768912229586136,2,12,3945.013678703801,paid_search,0,manufacturing,medium,0
L-02767,2024-02-02,0.5696450909797616,1,14,7437.598895890965,outbound,0,finance,medium,0
L-02519,2024-02-03,0.24526584310929966,3,27,6356.177777350025,referral,0,saas,medium,0
L-01055,2024-02-03,0.49553480415254303,2,50,8524.507236049252,outbound,1,finance,large,1
L-00160,2024-02-03,0.44821608757116616,0,38,5201.24515122874,referral,1,finance,medium,1
L-03620,2024-02-03,0.4429088313208297,4,17,2241.345031130025,paid_search,0,healthcare,small,1
L-01116,2024-02-03,0.15949307176085614,2,30,7360.737015281289,referral,0,finance,medium,1
L-01558,2024-02-03,0.6226913443560438,1,22,4353.087384552959,organic,1,finance,medium,1
L-00809,2024-02-03,0.16575294684235253,2,28,11296.048066379919,organic,0,saas,large,0
L-00690,2024-02-03,0.9486464679161921,3,18,7710.5904214407665,paid_search,0,manufacturing,medium,0
L-02172,2024-02-03,0.9956698006253952,3,57,4038.4278530938527,organic,0,finance,medium,0
L-03206,2024-02-04,0.05208877496969,4,24,434.8258598389455,organic,0,manufacturing,small,0
L-03711,2024-02-04,0.5504905797749521,0,38,2400.7416524962578,event,1,saas,small,1
L-03121,2024-02-04,0.3068338398728402,4,58,3104.7293717405423,outbound,0,healthcare,medium,0
L-02261,2024-02-04,0.8876811765900013,1,43,5824.409761897121,outbound,0,retail,medium,0
L-01335,2024-02-04,0.3513496832892641,4,11,9700.176896684989,referral,1,finance,large,1
L-01345,2024-02-04,0.6718875857654919,3,38,1477.9560647867766,referral,0,finance,small,0
L-00819,2024-02-04,0.9233125623102546,3,38,13487.8192150456,paid_search,0,healthcare,large,1
L-02217,2024-02-04,0.0711688225478937,3,57,1620.2599656743882,referral,0,healthcare,small,0
L-01168,2024-02-04,0.0766386614508815,3,58,5393.624436866886,paid_search,1,saas,medium,1
L-03648,2024-02-04,0.4346042841186101,3,32,11738.66619408359,outbound,0,healthcare,large,0
L-00400,2024-02-04,0.5964450993602733,1,39,3275.5253483434853,paid_search,1,healthcare,medium,0
