external_id,created_at,account_age_months,monthly_revenue,remaining_arr,logins_30d,logins_prev_30d,login_frequency_change,features_used,previous_features_used,feature_usage_change,support_tickets,negative_support,support_ticket_growth,emails_opened,emails_clicked,email_engagement,last_login_days,payment_failures,days_until_renewal,number_of_users,user_activity_variance,historical_discount,churned,upgraded,responded,high_ltv,support_30d,upgrade_arpu,expected_contribution,avoided_support_cost,incremental_margin,true_p0_churn,true_p0_upsell,true_p0_response,true_p0_high_ltv,true_p0_support
C-10000,2025-08-29,7.0,99.0,1188.0,29.0,25.0,0.16,10.0,8.0,0.25,1.0,1.0,0.5206,3.0,3.0,0.3,39.0,1.0,96.0,25.0,0.3345,0.0,1,0,0,1,0,120.0,265.36,65.0,14.85,0.5939,0.5481,0.2891,0.1004,0.5424
C-10001,2025-07-30,46.0,399.0,4788.0,29.0,25.0,0.16,10.0,11.0,-0.0909,2.0,0.0,-0.9437,7.0,7.0,0.7,8.0,0.0,108.0,19.0,0.192,1.0,0,1,0,1,0,360.0,2476.65,90.0,59.85,0.0595,0.8116,0.6593,0.7244,0.2973
C-10002,2025-05-04,39.0,399.0,4788.0,21.0,21.0,0.0,6.0,9.0,-0.3333,1.0,0.0,-0.0671,1.0,0.0,0.05,12.0,0.0,150.0,37.0,0.05,1.0,0,1,0,1,0,360.0,2287.78,65.0,59.85,0.1312,0.8182,0.387,0.6675,0.2809
C-10003,2026-02-04,27.0,99.0,1188.0,5.0,4.0,0.25,6.0,6.0,0.0,1.0,0.0,0.2727,7.0,4.0,0.55,28.0,1.0,136.0,23.0,0.6184,1.0,0,1,0,0,0,120.0,476.39,65.0,14.85,0.2709,0.5926,0.505,0.1311,0.387
C-10004,2026-05-05,27.0,49.0,588.0,2.0,9.0,-0.7778,5.0,6.0,-0.1667,1.0,1.0,0.1306,0.0,0.0,0.0,32.0,0.0,156.0,25.0,0.5406,0.0,0,1,1,0,1,120.0,87.93,65.0,8.0,0.7281,0.5314,0.2244,0.0797,0.5523
C-10005,2025-11-04,51.0,799.0,9588.0,6.0,19.0,-0.6842,2.0,3.0,-0.3333,1.0,1.0,-1.3684,0.0,0.0,0.0,39.0,0.0,169.0,38.0,0.6337,1.0,0,0,0,1,0,360.0,1667.12,65.0,80.0,0.6839,0.7646,0.2535,0.4527,0.6388
C-10006,2024-06-11,6.0,49.0,588.0,28.0,27.0,0.037,7.0,8.0,-0.125,3.0,2.0,0.1049,3.0,0.0,0.15,0.0,0.0,25.0,37.0,0.255,0.0,0,0,0,0,1,120.0,221.4,115.0,8.0,0.3154,0.6064,0.411,0.0949,0.6106
C-10007,2025-11-10,42.0,249.0,2988.0,24.0,22.0,0.0909,8.0,3.0,1.6667,1.0,0.0,0.509,2.0,1.0,0.15,2.0,0.0,21.0,14.0,0.5608,1.0,0,0,1,1,1,360.0,1434.19,65.0,37.35,0.1273,0.7381,0.475,0.3722,0.2075
C-10008,2025-03-19,13.0,99.0,1188.0,19.0,12.0,0.5833,0.0,4.0,-1.0,2.0,1.0,1.2637,5.0,4.0,0.45,21.0,0.0,83.0,12.0,0.0995,1.0,0,0,0,1,0,120.0,490.83,90.0,14.85,0.2488,0.3308,0.5,0.1335,0.6295
C-10009,2025-04-18,7.0,49.0,588.0,16.0,7.0,1.2857,2.0,3.0,-0.3333,0.0,0.0,-0.535,1.0,0.0,0.05,25.0,0.0,31.0,30.0,0.2261,0.0,0,1,0,0,0,120.0,224.86,40.0,8.0,0.3047,0.462,0.265,0.0953,0.3208
C-10010,2026-04-10,32.0,399.0,4788.0,35.0,26.0,0.3462,3.0,4.0,-0.25,0.0,0.0,-0.4364,2.0,1.0,0.15,11.0,0.0,91.0,21.0,0.4252,0.0,0,1,1,1,0,360.0,2296.69,40.0,59.85,0.1279,0.6561,0.3589,0.6703,0.2279
C-10011,2025-04-10,58.0,49.0,588.0,2.0,8.0,-0.75,3.0,5.0,-0.4,1.0,0.0,-0.1671,1.0,0.0,0.05,28.0,0.0,108.0,18.0,0.5326,0.0,0,0,1,0,1,120.0,170.18,65.0,8.0,0.4738,0.6232,0.2535,0.0888,0.4231
C-10012,2026-01-20,44.0,399.0,4788.0,8.0,10.0,-0.2,3.0,1.0,2.0,2.0,1.0,0.233,10.0,7.0,0.85,11.0,0.0,53.0,28.0,0.7358,1.0,0,1,0,1,0,360.0,2324.98,90.0,59.85,0.1171,0.7505,0.6985,0.6792,0.52
C-10013,2025-07-26,46.0,399.0,4788.0,30.0,27.0,0.1111,10.0,8.0,0.25,0.0,0.0,0.0776,8.0,6.0,0.7,41.0,1.0,22.0,26.0,0.352,0.0,0,1,1,0,1,360.0,1496.61,40.0,59.85,0.4317,0.8152,0.4256,0.3933,0.3385
C-10014,2024-03-18,43.0,49.0,588.0,31.0,16.0,0.9375,4.0,5.0,-0.2,1.0,1.0,0.4834,2.0,0.0,0.1,7.0,0.0,173.0,36.0,0.2269,0.0,1,1,0,0,0,120.0,280.21,65.0,8.0,0.1335,0.7297,0.3589,0.1024,0.3799
C-10015,2025-09-09,47.0,99.0,1188.0,17.0,8.0,1.125,10.0,11.0,-0.0909,1.0,0.0,-0.9001,1.0,0.0,0.05,29.0,0.0,69.0,15.0,0.2166,0.0,0,1,0,0,0,120.0,507.32,65.0,14.85,0.2236,0.7065,0.2497,0.1363,0.3475
C-10016,2025-03-12,31.0,399.0,4788.0,8.0,1.0,7.0,1.0,2.0,-0.5,0.0,0.0,0.3175,10.0,7.0,0.85,23.0,1.0,151.0,30.0,0.2624,1.0,0,1,0,0,0,360.0,2170.42,40.0,59.85,0.1758,0.6709,0.6457,0.6293,0.3186
C-10017,2025-04-26,9.0,249.0,2988.0,10.0,12.0,-0.1667,7.0,8.0,-0.125,2.0,2.0,-0.5938,8.0,8.0,0.8,4.0,0.0,114.0,9.0,0.8442,1.0,0,1,1,0,1,360.0,1337.43,90.0,37.35,0.1862,0.5292,0.7109,0.3406,0.5424
C-10018,2024-09-23,50.0,49.0,588.0,22.0,27.0,-0.1852,1.0,2.0,-0.5,0.0,0.0,-0.1147,10.0,9.0,0.95,27.0,0.0,120.0,37.0,0.5514,1.0,0,1,1,0,0,120.0,279.71,40.0,8.0,0.1351,0.7155,0.6637,0.1023,0.3452
C-10019,2024-06-12,28.0,799.0,9588.0,17.0,12.0,0.4167,6.0,7.0,-0.1429,1.0,0.0,1.3664,2.0,0.0,0.1,6.0,0.0,141.0,4.0,0.6225,0.0,0,1,0,1,1,360.0,4666.61,65.0,80.0,0.1151,0.575,0.3635,0.9836,0.246
C-10020,2025-10-18,31.0,99.0,1188.0,12.0,19.0,-0.3684,6.0,6.0,0.0,0.0,0.0,-1.1186,4.0,3.0,0.35,24.0,1.0,51.0,30.0,0.3522,0.0,0,0,1,0,0,120.0,389.11,40.0,14.85,0.4045,0.6451,0.3729,0.1176,0.2729
C-10021,2024-08-07,23.0,49.0,588.0,6.0,7.0,-0.1429,6.0,5.0,0.2,2.0,0.0,-0.2236,1.0,1.0,0.1,28.0,0.0,43.0,4.0,0.3997,0.0,1,1,0,0,0,120.0,217.37,90.0,8.0,0.3279,0.4246,0.2689,0.0944,0.485
C-10022,2024-03-23,12.0,799.0,9588.0,20.0,21.0,-0.0476,4.0,8.0,-0.5,1.0,0.0,-1.0197,5.0,4.0,0.45,3.0,0.0,179.0,35.0,0.5399,1.0,0,1,0,1,0,360.0,4730.22,65.0,80.0,0.103,0.681,0.589,0.985,0.2479
C-10023,2025-03-10,55.0,49.0,588.0,31.0,21.0,0.4762,7.0,10.0,-0.3,0.0,0.0,0.1225,1.0,0.0,0.05,9.0,2.0,121.0,38.0,0.2988,1.0,0,1,0,1,0,120.0,257.61,40.0,8.0,0.2034,0.8173,0.4013,0.0994,0.1854
C-10024,2025-09-19,47.0,249.0,2988.0,15.0,17.0,-0.1176,0.0,4.0,-1.0,1.0,1.0,0.8386,0.0,0.0,0.0,13.0,0.0,56.0,32.0,0.3417,1.0,0,1,0,1,0,360.0,1307.28,65.0,37.35,0.2045,0.7306,0.3635,0.331,0.4725
C-10025,2024-06-28,39.0,799.0,9588.0,6.0,21.0,-0.7143,12.0,10.0,0.2,2.0,0.0,0.1357,6.0,6.0,0.6,41.0,0.0,118.0,31.0,0.2651,0.0,1,1,0,0,0,360.0,2366.45,90.0,80.0,0.5512,0.8312,0.387,0.6919,0.5075
C-10026,2024-11-15,25.0,249.0,2988.0,19.0,16.0,0.1875,3.0,3.0,0.0,2.0,1.0,-0.0934,11.0,10.0,1.0,9.0,0.0,73.0,19.0,0.3105,1.0,0,1,0,1,1,360.0,1496.35,90.0,37.35,0.0895,0.6143,0.754,0.3932,0.505
C-10027,2025-01-08,49.0,249.0,2988.0,7.0,11.0,-0.3636,5.0,4.0,0.25,1.0,0.0,1.0627,7.0,4.0,0.55,41.0,0.0,155.0,10.0,0.4098,1.0,0,1,0,0,1,360.0,1034.67,65.0,37.35,0.3704,0.667,0.4403,0.251,0.495
C-10028,2026-03-25,33.0,149.0,1788.0,20.0,20.0,0.0,0.0,4.0,-1.0,2.0,1.0,0.2644,9.0,9.0,0.9,24.0,1.0,93.0,39.0,0.2357,1.0,0,0,0,0,0,120.0,760.11,90.0,22.35,0.2271,0.6263,0.6593,0.1846,0.6502
C-10029,2024-05-09,27.0,49.0,588.0,22.0,23.0,-0.0435,14.0,11.0,0.2727,1.0,0.0,0.6557,9.0,6.0,0.75,42.0,2.0,59.0,21.0,0.4572,1.0,0,1,1,0,0,120.0,162.65,65.0,8.0,0.4971,0.6988,0.515,0.0879,0.3917
C-10030,2026-03-20,28.0,249.0,2988.0,21.0,23.0,-0.087,0.0,2.0,-1.0,1.0,0.0,0.5722,11.0,11.0,1.0,37.0,0.0,125.0,32.0,0.4569,0.0,0,0,1,0,0,360.0,1291.02,65.0,37.35,0.2144,0.6486,0.5646,0.3258,0.5275
C-10031,2024-05-08,15.0,799.0,9588.0,11.0,6.0,0.8333,5.0,5.0,0.0,0.0,0.0,-1.5,1.0,0.0,0.05,13.0,0.0,136.0,28.0,0.3642,1.0,0,1,0,1,1,360.0,4299.54,40.0,80.0,0.1847,0.6565,0.3823,0.9726,0.221
C-10032,2025-05-24,7.0,49.0,588.0,10.0,19.0,-0.4737,7.0,5.0,0.4,2.0,1.0,-0.0613,3.0,1.0,0.2,25.0,0.0,70.0,28.0,0.2345,0.0,1,1,1,0,1,120.0,142.18,90.0,8.0,0.5604,0.515,0.3143,0.0856,0.5744
C-10033,2026-01-13,34.0,799.0,9588.0,0.0,1.0,-1.0,6.0,9.0,-0.3333,1.0,1.0,-0.8625,7.0,4.0,0.55,32.0,0.0,136.0,14.0,0.421,0.0,1,1,0,1,1,360.0,1651.86,65.0,80.0,0.6868,0.6075,0.411,0.4473,0.5399
C-10034,2026-03-08,53.0,149.0,1788.0,20.0,16.0,0.25,4.0,6.0,-0.3333,1.0,0.0,-0.6635,9.0,8.0,0.85,3.0,1.0,45.0,17.0,0.299,0.0,0,0,0,1,0,120.0,925.68,65.0,22.35,0.0587,0.6594,0.6682,0.2229,0.2479
C-10035,2025-04-23,5.0,249.0,2988.0,12.0,16.0,-0.25,11.0,11.0,0.0,0.0,0.0,1.1797,9.0,9.0,0.9,29.0,0.0,46.0,18.0,0.4093,0.0,0,1,1,0,0,360.0,1178.44,40.0,37.35,0.2829,0.6407,0.5646,0.2915,0.2535
C-10036,2025-03-10,51.0,49.0,588.0,0.0,10.0,-1.0,14.0,9.0,0.5556,2.0,0.0,-0.2998,8.0,5.0,0.65,20.0,0.0,149.0,24.0,0.6196,0.0,1,1,0,0,0,120.0,197.48,90.0,8.0,0.3894,0.8123,0.51,0.092,0.3318
C-10037,2025-11-19,50.0,249.0,2988.0,31.0,27.0,0.1481,8.0,8.0,0.0,1.0,0.0,1.5141,3.0,0.0,0.15,1.0,1.0,113.0,29.0,0.1494,0.0,0,0,0,1,0,360.0,1477.99,65.0,37.35,0.1007,0.8402,0.4061,0.387,0.2026
C-10038,2026-03-13,18.0,99.0,1188.0,31.0,24.0,0.2917,13.0,9.0,0.4444,3.0,3.0,-1.1262,4.0,2.0,0.3,39.0,1.0,11.0,8.0,0.8347,1.0,0,1,0,0,1,120.0,122.65,115.0,14.85,0.8123,0.5085,0.3543,0.0835,0.8606
C-10039,2024-01-11,38.0,99.0,1188.0,2.0,2.0,0.0,5.0,2.0,1.5,2.0,1.0,-0.8669,0.0,0.0,0.0,11.0,0.0,123.0,9.0,0.3855,0.0,0,1,0,0,0,120.0,536.62,90.0,14.85,0.1787,0.5351,0.3058,0.1413,0.495
C-10040,2024-08-19,11.0,399.0,4788.0,0.0,6.0,-1.0,5.0,5.0,0.0,1.0,1.0,0.6099,3.0,1.0,0.2,39.0,0.0,58.0,2.0,0.4824,1.0,0,1,0,0,1,360.0,386.56,65.0,59.85,0.8532,0.3667,0.3186,0.1172,0.6035
C-10041,2024-09-08,45.0,49.0,588.0,10.0,6.0,0.6667,4.0,7.0,-0.4286,5.0,2.0,-0.2731,1.0,0.0,0.05,9.0,0.0,53.0,21.0,0.2494,1.0,0,1,0,0,1,120.0,260.19,165.0,8.0,0.1954,0.6347,0.4013,0.0998,0.8416
C-10042,2026-01-05,42.0,149.0,1788.0,15.0,25.0,-0.4,5.0,3.0,0.6667,0.0,0.0,0.2459,11.0,10.0,1.0,24.0,0.0,79.0,27.0,0.6284,1.0,0,1,1,0,0,120.0,808.36,40.0,22.35,0.178,0.6816,0.6942,0.1952,0.2829
C-10043,2024-01-16,22.0,249.0,2988.0,17.0,15.0,0.1333,0.0,2.0,-1.0,1.0,1.0,-0.0898,1.0,1.0,0.1,16.0,0.0,84.0,9.0,0.3749,0.0,1,1,0,1,0,360.0,1248.18,65.0,37.35,0.2405,0.4476,0.3186,0.3125,0.495
C-10044,2024-04-20,5.0,49.0,588.0,15.0,20.0,-0.25,6.0,2.0,2.0,0.0,0.0,-0.1141,4.0,3.0,0.35,40.0,1.0,161.0,28.0,0.3212,1.0,0,1,0,0,0,120.0,121.34,40.0,8.0,0.6248,0.4769,0.3682,0.0833,0.3775
C-10045,2024-01-03,58.0,99.0,1188.0,15.0,22.0,-0.3182,9.0,9.0,0.0,3.0,0.0,-0.2434,10.0,7.0,0.85,42.0,0.0,81.0,1.0,0.2849,1.0,0,1,0,0,1,120.0,474.09,115.0,14.85,0.2744,0.6394,0.5548,0.1308,0.6479
C-10046,2026-04-20,27.0,149.0,1788.0,18.0,21.0,-0.1429,1.0,8.0,-0.875,2.0,1.0,0.1436,11.0,11.0,1.0,34.0,0.0,56.0,34.0,0.3463,1.0,0,1,1,0,0,120.0,712.66,90.0,22.35,0.2753,0.575,0.6502,0.1746,0.7047
C-10047,2024-01-29,53.0,249.0,2988.0,2.0,3.0,-0.3333,3.0,4.0,-0.25,2.0,1.0,0.5133,4.0,1.0,0.25,38.0,0.0,140.0,27.0,0.4837,1.0,0,1,0,1,1,360.0,887.3,90.0,37.35,0.4601,0.7465,0.3407,0.2135,0.7089
C-10048,2024-08-22,41.0,799.0,9588.0,0.0,4.0,-1.0,10.0,9.0,0.1111,0.0,0.0,1.2915,5.0,3.0,0.4,34.0,0.0,99.0,27.0,0.4346,1.0,1,1,0,1,0,360.0,1923.24,40.0,80.0,0.6353,0.7879,0.4158,0.5439,0.2932
C-10049,2025-04-04,47.0,799.0,9588.0,15.0,11.0,0.3636,7.0,8.0,-0.125,0.0,0.0,-0.162,6.0,4.0,0.5,13.0,0.0,5.0,28.0,0.392,0.0,1,1,0,1,1,360.0,4538.11,40.0,80.0,0.1394,0.8131,0.485,0.9804,0.2042
C-10050,2024-11-03,46.0,99.0,1188.0,7.0,10.0,-0.3,10.0,9.0,0.1111,1.0,0.0,-0.3149,9.0,6.0,0.75,41.0,0.0,115.0,14.0,0.2577,1.0,0,1,1,0,0,120.0,448.02,65.0,14.85,0.3143,0.6863,0.52,0.1266,0.4329
C-10051,2024-03-21,13.0,49.0,588.0,27.0,21.0,0.2857,8.0,11.0,-0.2727,0.0,0.0,-0.418,9.0,9.0,0.9,23.0,1.0,92.0,39.0,0.2462,0.0,0,1,1,0,0,120.0,255.22,40.0,8.0,0.2108,0.6823,0.5939,0.0991,0.2479
C-10052,2024-12-30,23.0,49.0,588.0,7.0,5.0,0.4,6.0,10.0,-0.4,0.0,0.0,1.1758,6.0,3.0,0.45,15.0,0.0,105.0,30.0,0.3078,0.0,1,1,0,0,0,120.0,280.4,40.0,8.0,0.133,0.6396,0.4551,0.1024,0.2227
C-10053,2025-12-05,29.0,249.0,2988.0,7.0,11.0,-0.3636,1.0,2.0,-0.5,0.0,0.0,0.5523,4.0,3.0,0.35,8.0,0.0,37.0,8.0,0.4921,0.0,0,1,1,0,0,360.0,1352.19,40.0,37.35,0.1772,0.5029,0.4502,0.3453,0.2297
C-10054,2024-09-11,30.0,49.0,588.0,2.0,7.0,-0.7143,9.0,9.0,0.0,1.0,0.0,-1.5,4.0,3.0,0.35,31.0,0.0,88.0,36.0,0.5325,0.0,1,1,1,0,1,120.0,152.35,65.0,8.0,0.5289,0.7182,0.3407,0.0868,0.3729
C-10055,2025-03-31,4.0,99.0,1188.0,0.0,6.0,-1.0,4.0,5.0,-0.2,1.0,0.0,-1.5,7.0,6.0,0.65,12.0,0.0,118.0,29.0,0.5594,1.0,1,1,1,0,1,120.0,343.84,65.0,14.85,0.4738,0.4584,0.6225,0.111,0.3015
C-10056,2025-02-18,33.0,799.0,9588.0,7.0,5.0,0.4,8.0,5.0,0.6,0.0,0.0,-0.664,10.0,8.0,0.9,29.0,1.0,123.0,13.0,0.3997,0.0,1,1,0,1,0,360.0,4187.76,40.0,80.0,0.2059,0.6872,0.5646,0.968,0.2829
C-10057,2024-08-04,10.0,799.0,9588.0,4.0,6.0,-0.3333,5.0,8.0,-0.375,0.0,0.0,0.1841,0.0,0.0,0.0,2.0,0.0,124.0,37.0,0.4767,1.0,0,1,0,1,0,360.0,4108.12,40.0,80.0,0.221,0.6899,0.4158,0.9643,0.1694
C-10058,2024-01-03,45.0,799.0,9588.0,2.0,16.0,-0.875,7.0,7.0,0.0,1.0,1.0,-0.0268,9.0,6.0,0.75,28.0,0.0,179.0,10.0,0.3663,1.0,0,0,1,1,1,360.0,2590.56,65.0,80.0,0.5087,0.6694,0.5842,0.7557,0.4975
C-10059,2026-01-09,41.0,99.0,1188.0,9.0,12.0,-0.25,5.0,5.0,0.0,1.0,1.0,0.4118,5.0,5.0,0.5,28.0,0.0,92.0,26.0,0.0515,1.0,0,1,1,0,0,120.0,451.53,65.0,14.85,0.309,0.656,0.485,0.1272,0.5225
C-10060,2026-05-26,55.0,249.0,2988.0,7.0,12.0,-0.4167,7.0,11.0,-0.3636,1.0,0.0,-0.1404,1.0,0.0,0.05,23.0,0.0,80.0,27.0,0.3568,0.0,1,0,0,0,0,360.0,1163.29,65.0,37.35,0.2921,0.8211,0.2729,0.2871,0.3407
C-10061,2025-03-25,45.0,249.0,2988.0,22.0,13.0,0.6923,0.0,2.0,-1.0,2.0,2.0,1.1179,1.0,0.0,0.05,29.0,0.0,99.0,38.0,0.3249,0.0,1,1,0,0,1,360.0,1028.73,90.0,37.35,0.374,0.7413,0.2497,0.2494,0.7807
C-10062,2026-01-02,23.0,99.0,1188.0,11.0,21.0,-0.4762,2.0,2.0,0.0,0.0,0.0,0.6177,4.0,2.0,0.3,44.0,1.0,62.0,23.0,0.1922,1.0,1,1,1,0,0,120.0,192.63,40.0,14.85,0.7052,0.4396,0.3318,0.0914,0.4551
C-10063,2024-11-05,58.0,249.0,2988.0,15.0,24.0,-0.375,5.0,1.0,4.0,1.0,0.0,0.0621,2.0,0.0,0.1,37.0,0.0,60.0,39.0,0.2865,0.0,1,1,1,0,1,360.0,991.76,65.0,37.35,0.3965,0.8496,0.2351,0.2396,0.4651
C-10064,2026-04-11,25.0,249.0,2988.0,22.0,15.0,0.4667,10.0,9.0,0.1111,0.0,0.0,0.9163,1.0,0.0,0.05,19.0,0.0,125.0,12.0,0.427,1.0,0,1,0,0,1,360.0,1309.08,40.0,37.35,0.2034,0.681,0.3543,0.3315,0.2092
C-10065,2025-05-15,20.0,149.0,1788.0,26.0,18.0,0.4444,0.0,5.0,-1.0,1.0,0.0,-1.3191,3.0,0.0,0.15,39.0,0.0,59.0,32.0,0.1734,1.0,0,0,1,1,1,120.0,607.49,65.0,22.35,0.3823,0.4922,0.3015,0.154,0.5424
C-10066,2025-12-06,54.0,399.0,4788.0,16.0,20.0,-0.2,0.0,5.0,-1.0,3.0,3.0,-0.0681,10.0,10.0,1.0,42.0,0.0,136.0,10.0,0.2578,1.0,0,1,0,1,1,360.0,1454.45,115.0,59.85,0.4477,0.5881,0.613,0.379,0.9282
C-10067,2025-08-16,23.0,399.0,4788.0,15.0,19.0,-0.2105,9.0,8.0,0.125,2.0,1.0,0.11,8.0,7.0,0.75,7.0,0.0,135.0,39.0,0.7096,0.0,0,1,0,1,0,360.0,2252.11,90.0,59.85,0.1448,0.8142,0.613,0.6561,0.4158
C-10068,2026-03-25,6.0,249.0,2988.0,8.0,4.0,1.0,4.0,5.0,-0.2,3.0,2.0,0.4816,2.0,0.0,0.1,16.0,1.0,171.0,30.0,0.0795,1.0,1,0,0,0,0,360.0,866.85,115.0,37.35,0.4725,0.5754,0.387,0.2087,0.7465
C-10069,2025-05-07,29.0,399.0,4788.0,13.0,27.0,-0.5185,9.0,7.0,0.2857,0.0,0.0,-1.3721,8.0,7.0,0.75,33.0,0.0,28.0,25.0,0.3634,1.0,0,1,0,1,0,360.0,1278.31,40.0,59.85,0.5146,0.7296,0.5597,0.3219,0.2973
C-10070,2026-01-17,48.0,399.0,4788.0,0.0,5.0,-1.0,0.0,1.0,-1.0,2.0,1.0,-0.2083,5.0,2.0,0.35,23.0,1.0,68.0,3.0,0.1667,1.0,0,1,0,1,1,360.0,816.42,90.0,59.85,0.69,0.4763,0.4502,0.197,0.6434
C-10071,2026-04-02,12.0,249.0,2988.0,10.0,12.0,-0.1667,2.0,2.0,0.0,0.0,0.0,0.3204,8.0,6.0,0.7,6.0,0.0,140.0,20.0,0.2497,0.0,0,0,1,0,0,360.0,1454.3,40.0,37.35,0.1151,0.5356,0.5987,0.379,0.2108
C-10072,2025-11-01,28.0,99.0,1188.0,27.0,18.0,0.5,13.0,11.0,0.1818,1.0,1.0,0.3817,2.0,0.0,0.1,21.0,0.0,80.0,6.0,0.3605,0.0,1,0,0,0,0,120.0,479.59,65.0,14.85,0.266,0.6099,0.2973,0.1317,0.3729
C-10073,2024-11-08,9.0,399.0,4788.0,8.0,11.0,-0.2727,3.0,5.0,-0.4,1.0,0.0,0.9489,0.0,0.0,0.0,16.0,1.0,119.0,36.0,0.2025,1.0,0,1,0,0,0,360.0,1496.03,65.0,59.85,0.4319,0.6187,0.3498,0.3931,0.3385
C-10074,2024-03-21,41.0,399.0,4788.0,8.0,7.0,0.1429,0.0,2.0,-1.0,0.0,0.0,0.6092,3.0,2.0,0.25,33.0,0.0,133.0,15.0,0.5148,0.0,1,0,0,1,1,360.0,2002.5,40.0,59.85,0.2396,0.5867,0.2973,0.5718,0.3989
C-10075,2024-12-27,29.0,799.0,9588.0,32.0,25.0,0.28,5.0,5.0,0.0,0.0,0.0,-0.0487,11.0,9.0,1.0,23.0,0.0,159.0,33.0,0.6702,0.0,0,1,1,1,0,360.0,4698.09,40.0,80.0,0.1091,0.7531,0.6318,0.9843,0.2769
C-10076,2025-09-02,21.0,49.0,588.0,15.0,2.0,6.5,5.0,4.0,0.25,0.0,0.0,0.54,6.0,5.0,0.55,6.0,1.0,44.0,36.0,0.5683,0.0,0,0,1,0,0,120.0,280.96,40.0,8.0,0.1312,0.6535,0.5399,0.1025,0.1869
C-10077,2026-01-27,15.0,149.0,1788.0,4.0,7.0,-0.4286,3.0,4.0,-0.25,1.0,0.0,-0.1611,0.0,0.0,0.0,2.0,1.0,50.0,5.0,0.6049,1.0,0,0,1,0,0,120.0,660.05,65.0,22.35,0.3288,0.3375,0.4158,0.164,0.2516
C-10078,2025-11-09,34.0,799.0,9588.0,27.0,27.0,0.0,6.0,4.0,0.5,3.0,2.0,0.1174,11.0,11.0,1.0,12.0,0.0,87.0,30.0,0.1241,0.0,0,1,1,1,1,360.0,4627.99,115.0,80.0,0.1224,0.7683,0.6814,0.9827,0.7027
C-10079,2025-07-16,40.0,249.0,2988.0,31.0,20.0,0.55,7.0,9.0,-0.2222,1.0,1.0,0.6358,9.0,9.0,0.9,7.0,0.0,93.0,12.0,0.3514,0.0,1,1,1,0,0,360.0,1523.82,65.0,37.35,0.0728,0.7076,0.6682,0.4026,0.3452
C-10080,2025-04-18,56.0,799.0,9588.0,0.0,3.0,-1.0,0.0,2.0,-1.0,3.0,1.0,-0.0362,6.0,5.0,0.55,39.0,0.0,163.0,5.0,0.4935,1.0,1,1,1,1,1,360.0,1668.92,115.0,80.0,0.6835,0.532,0.4502,0.4533,0.8131
C-10081,2026-05-02,27.0,49.0,588.0,27.0,21.0,0.2857,8.0,4.0,1.0,1.0,0.0,0.2896,8.0,7.0,0.75,12.0,2.0,11.0,11.0,0.5742,0.0,1,1,1,1,1,120.0,229.26,65.0,8.0,0.2911,0.541,0.589,0.0959,0.2611
C-10082,2024-08-03,11.0,49.0,588.0,21.0,27.0,-0.2222,4.0,6.0,-0.3333,0.0,0.0,0.769,2.0,0.0,0.1,28.0,0.0,47.0,22.0,0.7507,0.0,0,0,1,0,0,120.0,193.23,40.0,8.0,0.4025,0.4499,0.2689,0.0915,0.3186
C-10083,2025-11-29,50.0,399.0,4788.0,4.0,3.0,0.3333,4.0,6.0,-0.3333,1.0,0.0,0.5697,7.0,4.0,0.55,5.0,0.0,164.0,34.0,0.6138,0.0,0,0,1,1,0,360.0,2485.26,65.0,59.85,0.0563,0.8193,0.5449,0.7269,0.2592
C-10084,2025-05-01,38.0,149.0,1788.0,11.0,12.0,-0.0833,9.0,10.0,-0.1,2.0,0.0,0.9868,10.0,9.0,0.95,19.0,0.0,112.0,27.0,0.5793,0.0,1,1,1,0,1,120.0,887.06,90.0,22.35,0.098,0.739,0.6318,0.2135,0.3823
C-10085,2025-03-28,42.0,249.0,2988.0,7.0,13.0,-0.4615,11.0,11.0,0.0,0.0,0.0,1.8628,5.0,3.0,0.4,42.0,0.0,123.0,10.0,0.9267,1.0,1,1,0,0,0,360.0,850.13,40.0,37.35,0.4827,0.7268,0.3775,0.2047,0.334
C-10086,2024-12-18,7.0,149.0,1788.0,0.0,4.0,-1.0,3.0,4.0,-0.25,2.0,1.0,0.5623,0.0,0.0,0.0,28.0,0.0,48.0,12.0,0.4193,0.0,1,0,0,0,0,120.0,178.67,90.0,22.35,0.8183,0.2954,0.2387,0.0898,0.6434
C-10087,2025-07-13,20.0,149.0,1788.0,8.0,6.0,0.3333,5.0,6.0,-0.1667,1.0,0.0,-0.369,9.0,7.0,0.8,12.0,0.0,114.0,12.0,0.3422,1.0,0,1,1,1,0,120.0,892.15,65.0,22.35,0.0928,0.4784,0.677,0.2147,0.2911
C-10088,2026-05-31,46.0,799.0,9588.0,11.0,5.0,1.2,0.0,1.0,-1.0,1.0,0.0,0.4095,8.0,6.0,0.7,33.0,0.0,69.0,29.0,0.4355,0.0,0,1,0,1,0,360.0,4413.06,65.0,80.0,0.1631,0.7127,0.4651,0.9766,0.4975
C-10089,2024-12-24,50.0,49.0,588.0,5.0,6.0,-0.1667,7.0,7.0,0.0,2.0,2.0,0.3751,8.0,6.0,0.7,22.0,0.0,133.0,21.0,0.217,1.0,0,1,1,1,1,120.0,247.96,90.0,8.0,0.2333,0.7054,0.5939,0.0982,0.6704
C-10090,2024-04-09,27.0,399.0,4788.0,11.0,11.0,0.0,0.0,2.0,-1.0,2.0,1.0,0.4908,7.0,4.0,0.55,10.0,0.0,20.0,1.0,0.4135,1.0,1,1,1,1,1,360.0,2091.26,90.0,59.85,0.2059,0.4175,0.5939,0.6025,0.5498
C-10091,2024-04-22,48.0,799.0,9588.0,16.0,13.0,0.2308,5.0,1.0,4.0,2.0,1.0,1.196,1.0,0.0,0.05,44.0,0.0,54.0,3.0,0.0546,1.0,0,0,0,1,0,360.0,2945.09,90.0,80.0,0.4415,0.6057,0.2497,0.837,0.7251
C-10092,2024-06-05,50.0,249.0,2988.0,1.0,7.0,-0.8571,7.0,8.0,-0.125,2.0,0.0,-1.3473,1.0,0.0,0.05,42.0,0.0,117.0,3.0,0.2941,0.0,1,0,0,0,0,360.0,496.28,90.0,37.35,0.698,0.6227,0.2042,0.1344,0.5769
C-10093,2024-12-25,24.0,149.0,1788.0,12.0,8.0,0.5,3.0,2.0,0.5,1.0,0.0,1.2111,9.0,9.0,0.9,25.0,0.0,110.0,38.0,0.3769,0.0,0,0,0,0,0,120.0,849.2,65.0,22.35,0.1365,0.6438,0.5842,0.2045,0.4013
C-10094,2024-01-04,54.0,49.0,588.0,11.0,6.0,0.8333,2.0,6.0,-0.6667,1.0,0.0,1.4803,10.0,8.0,0.9,1.0,0.0,152.0,20.0,0.5899,0.0,0,0,0,0,0,120.0,312.7,65.0,8.0,0.0331,0.651,0.6942,0.1067,0.2554
C-10095,2024-09-05,18.0,399.0,4788.0,38.0,22.0,0.7273,0.0,2.0,-1.0,3.0,0.0,0.4545,0.0,0.0,0.0,18.0,0.0,145.0,20.0,0.6222,1.0,0,0,0,1,1,360.0,2051.49,115.0,59.85,0.221,0.5124,0.3407,0.5889,0.5842
C-10096,2025-09-05,15.0,149.0,1788.0,4.0,6.0,-0.3333,7.0,9.0,-0.2222,1.0,0.0,0.4737,6.0,4.0,0.5,23.0,0.0,7.0,30.0,0.2073,1.0,0,1,0,1,0,120.0,562.5,65.0,22.35,0.428,0.5856,0.51,0.1458,0.3407
C-10097,2025-08-21,41.0,49.0,588.0,22.0,25.0,-0.12,12.0,9.0,0.3333,2.0,0.0,-0.1933,6.0,3.0,0.45,41.0,0.0,20.0,8.0,0.8152,0.0,1,0,1,0,1,120.0,178.54,90.0,8.0,0.4479,0.6447,0.3318,0.0898,0.5075
C-10098,2025-08-13,38.0,149.0,1788.0,20.0,15.0,0.3333,5.0,7.0,-0.2857,2.0,0.0,0.0051,4.0,3.0,0.35,32.0,0.0,67.0,2.0,0.4297,1.0,0,1,0,0,1,120.0,763.54,90.0,22.35,0.2236,0.4771,0.4061,0.1853,0.5275
C-10099,2025-08-13,10.0,799.0,9588.0,27.0,22.0,0.2273,11.0,10.0,0.1,1.0,0.0,0.5584,7.0,7.0,0.7,10.0,0.0,172.0,11.0,0.448,0.0,1,1,1,1,0,360.0,4713.29,65.0,80.0,0.1062,0.6357,0.5793,0.9847,0.2227
C-10100,2024-03-07,50.0,99.0,1188.0,15.0,18.0,-0.1667,3.0,5.0,-0.4,0.0,0.0,0.5068,10.0,8.0,0.9,22.0,0.0,88.0,9.0,0.0765,0.0,0,1,1,0,0,120.0,580.19,40.0,14.85,0.112,0.5632,0.5987,0.149,0.2911
C-10101,2026-04-06,13.0,99.0,1188.0,6.0,8.0,-0.25,1.0,3.0,-0.6667,2.0,2.0,0.5766,9.0,9.0,0.9,8.0,0.0,161.0,32.0,0.276,0.0,0,0,0,0,0,120.0,512.91,90.0,14.85,0.215,0.4981,0.6637,0.1372,0.6434
C-10102,2024-09-19,48.0,399.0,4788.0,20.0,17.0,0.1765,1.0,2.0,-0.5,0.0,0.0,0.5013,1.0,1.0,0.1,21.0,0.0,15.0,32.0,0.61,1.0,0,1,0,1,0,360.0,1983.11,40.0,59.85,0.2469,0.7458,0.3635,0.565,0.3058
C-10103,2024-03-11,2.0,99.0,1188.0,3.0,8.0,-0.625,6.0,3.0,1.0,1.0,0.0,0.7187,5.0,3.0,0.4,24.0,0.0,173.0,25.0,0.434,0.0,1,0,0,0,0,120.0,324.25,65.0,14.85,0.5037,0.4547,0.3917,0.1083,0.3589
C-10104,2025-12-16,48.0,799.0,9588.0,2.0,4.0,-0.5,0.0,3.0,-1.0,3.0,1.0,0.6293,11.0,10.0,1.0,22.0,0.0,15.0,36.0,0.4216,0.0,0,1,0,1,1,360.0,3440.84,115.0,80.0,0.3475,0.7439,0.6365,0.9125,0.7231
C-10105,2025-02-16,47.0,799.0,9588.0,8.0,7.0,0.1429,0.0,4.0,-1.0,2.0,2.0,-0.8195,2.0,0.0,0.1,19.0,0.0,146.0,19.0,0.4454,0.0,0,0,0,1,1,360.0,3896.25,90.0,80.0,0.2611,0.6409,0.3058,0.9523,0.7251
C-10106,2024-11-01,47.0,799.0,9588.0,14.0,8.0,0.75,0.0,3.0,-1.0,1.0,0.0,0.6658,10.0,8.0,0.9,19.0,1.0,158.0,10.0,0.1114,0.0,0,1,1,1,1,360.0,4650.31,65.0,80.0,0.1182,0.5941,0.613,0.9832,0.3941
C-10107,2024-12-17,40.0,799.0,9588.0,0.0,4.0,-1.0,4.0,7.0,-0.4286,1.0,0.0,1.4869,5.0,4.0,0.45,35.0,0.0,56.0,13.0,0.3807,1.0,1,1,1,0,0,360.0,1904.95,65.0,80.0,0.6388,0.5964,0.4305,0.5374,0.4626
C-10108,2025-05-29,29.0,99.0,1188.0,0.0,1.0,-1.0,0.0,2.0,-1.0,1.0,1.0,-0.0213,6.0,4.0,0.5,22.0,0.0,57.0,6.0,0.6817,0.0,1,1,1,0,0,120.0,253.63,65.0,14.85,0.6118,0.3217,0.4403,0.0989,0.5399
C-10109,2025-04-10,42.0,99.0,1188.0,15.0,26.0,-0.4231,2.0,7.0,-0.7143,0.0,0.0,1.1996,3.0,1.0,0.2,1.0,0.0,106.0,36.0,0.6173,1.0,0,1,0,1,0,120.0,560.99,40.0,14.85,0.1414,0.692,0.5,0.1455,0.1869
C-10110,2024-01-13,18.0,149.0,1788.0,6.0,14.0,-0.5714,2.0,4.0,-0.5,0.0,0.0,-0.7338,11.0,9.0,1.0,33.0,0.0,131.0,24.0,0.375,0.0,0,1,1,0,0,120.0,602.0,40.0,22.35,0.3878,0.4616,0.5842,0.153,0.3752
C-10111,2024-04-15,47.0,149.0,1788.0,3.0,11.0,-0.7273,2.0,8.0,-0.75,3.0,1.0,-0.0238,6.0,4.0,0.5,27.0,0.0,26.0,31.0,0.7127,0.0,1,1,1,0,1,120.0,378.44,115.0,22.35,0.6152,0.6277,0.4158,0.116,0.733
C-10112,2026-04-15,34.0,799.0,9588.0,25.0,26.0,-0.0385,3.0,6.0,-0.5,2.0,0.0,-0.5129,6.0,5.0,0.55,31.0,0.0,46.0,11.0,0.1482,0.0,0,1,0,1,0,360.0,4179.78,90.0,80.0,0.2074,0.5857,0.4158,0.9677,0.5449
C-10113,2025-03-09,28.0,399.0,4788.0,0.0,7.0,-1.0,13.0,10.0,0.3,1.0,1.0,1.1034,5.0,3.0,0.4,31.0,0.0,136.0,29.0,0.2057,1.0,0,0,1,0,0,360.0,726.5,65.0,59.85,0.7241,0.7872,0.4305,0.1775,0.4452
C-10114,2026-05-21,31.0,249.0,2988.0,7.0,11.0,-0.3636,6.0,5.0,0.2,2.0,1.0,1.3124,1.0,0.0,0.05,7.0,1.0,146.0,13.0,0.7727,0.0,1,1,0,1,0,360.0,1038.49,90.0,37.35,0.3681,0.6239,0.3407,0.252,0.4526
C-10115,2025-08-02,34.0,799.0,9588.0,18.0,23.0,-0.2174,4.0,4.0,0.0,1.0,0.0,-0.0794,9.0,9.0,0.9,43.0,0.0,31.0,18.0,0.5156,1.0,0,1,0,1,0,360.0,3631.39,65.0,80.0,0.3114,0.6421,0.5695,0.9319,0.5225
C-10116,2025-10-12,4.0,249.0,2988.0,15.0,18.0,-0.1667,4.0,7.0,-0.4286,0.0,0.0,0.9368,3.0,3.0,0.3,44.0,0.0,160.0,26.0,0.3422,1.0,0,1,1,0,0,360.0,760.19,40.0,37.35,0.5374,0.5278,0.3318,0.1846,0.4305
C-10117,2024-10-03,10.0,149.0,1788.0,19.0,11.0,0.7273,4.0,8.0,-0.5,0.0,0.0,1.3205,2.0,2.0,0.2,6.0,0.0,156.0,39.0,0.3889,0.0,0,1,0,0,0,120.0,850.93,40.0,22.35,0.1347,0.6041,0.4013,0.2049,0.1947
C-10118,2026-01-08,16.0,149.0,1788.0,11.0,7.0,0.5714,2.0,5.0,-0.6,0.0,0.0,-0.0263,9.0,9.0,0.9,9.0,1.0,156.0,22.0,0.2387,0.0,1,1,1,1,1,120.0,865.66,40.0,22.35,0.1197,0.4701,0.6593,0.2084,0.2262
C-10119,2025-07-27,8.0,249.0,2988.0,1.0,1.0,0.0,6.0,7.0,-0.1429,0.0,0.0,0.1038,2.0,1.0,0.15,11.0,0.0,47.0,28.0,0.4553,1.0,0,1,1,0,1,360.0,1358.03,40.0,37.35,0.1736,0.6441,0.4305,0.3472,0.2026
C-10120,2025-10-25,27.0,49.0,588.0,0.0,3.0,-1.0,8.0,6.0,0.3333,2.0,0.0,0.5869,8.0,5.0,0.65,43.0,0.0,122.0,24.0,0.4395,0.0,1,1,1,0,0,120.0,90.52,90.0,8.0,0.7201,0.5842,0.3965,0.08,0.572
C-10121,2024-08-22,40.0,399.0,4788.0,2.0,5.0,-0.6,6.0,4.0,0.5,1.0,0.0,-0.674,5.0,2.0,0.35,41.0,0.0,33.0,17.0,0.404,0.0,0,0,0,1,1,360.0,1178.95,65.0,59.85,0.5523,0.6713,0.2973,0.2917,0.4825
C-10122,2025-06-01,39.0,249.0,2988.0,24.0,22.0,0.0909,5.0,4.0,0.25,0.0,0.0,0.0881,9.0,6.0,0.75,11.0,0.0,39.0,37.0,0.168,0.0,1,1,1,1,0,360.0,1526.02,40.0,37.35,0.0714,0.8107,0.5939,0.4034,0.2108
C-10123,2024-11-21,29.0,399.0,4788.0,22.0,18.0,0.2222,8.0,10.0,-0.2,3.0,2.0,1.7142,0.0,0.0,0.0,28.0,0.0,17.0,38.0,0.453,1.0,0,1,0,0,0,360.0,1136.79,115.0,59.85,0.5683,0.7817,0.2973,0.2794,0.7756
C-10124,2026-03-12,51.0,249.0,2988.0,7.0,12.0,-0.4167,8.0,8.0,0.0,2.0,0.0,-0.4,9.0,9.0,0.9,10.0,0.0,91.0,13.0,0.2941,0.0,0,1,1,0,0,360.0,1475.74,90.0,37.35,0.102,0.7683,0.6548,0.3862,0.3318
C-10125,2026-03-11,34.0,399.0,4788.0,22.0,22.0,0.0,1.0,2.0,-0.5,0.0,0.0,0.6831,2.0,1.0,0.15,1.0,0.0,129.0,35.0,0.2028,0.0,0,1,0,1,0,360.0,2414.37,40.0,59.85,0.0832,0.7248,0.4061,0.7063,0.1947
C-10126,2024-11-07,6.0,799.0,9588.0,0.0,5.0,-1.0,10.0,11.0,-0.0909,0.0,0.0,0.419,10.0,7.0,0.85,10.0,0.0,39.0,18.0,0.6533,1.0,0,1,1,1,1,360.0,3163.45,40.0,80.0,0.4001,0.613,0.7027,0.8752,0.168
C-10127,2024-01-23,46.0,249.0,2988.0,7.0,6.0,0.1667,13.0,8.0,0.625,3.0,0.0,-0.131,4.0,1.0,0.25,3.0,0.0,37.0,29.0,0.8339,0.0,0,1,0,1,1,360.0,1527.64,115.0,37.35,0.0704,0.8802,0.4354,0.4039,0.3186
C-10128,2024-08-08,35.0,149.0,1788.0,16.0,11.0,0.4545,0.0,1.0,-1.0,2.0,1.0,0.1773,0.0,0.0,0.0,38.0,0.0,53.0,21.0,0.7885,0.0,0,0,0,0,1,120.0,556.47,90.0,22.35,0.4341,0.4782,0.2042,0.1447,0.7389
C-10129,2024-08-28,38.0,49.0,588.0,23.0,25.0,-0.08,8.0,9.0,-0.1111,2.0,2.0,1.4021,5.0,4.0,0.45,35.0,0.0,39.0,30.0,0.53,1.0,0,1,1,0,1,120.0,190.18,90.0,8.0,0.4119,0.7097,0.4305,0.0911,0.7408
C-10130,2024-01-18,34.0,399.0,4788.0,28.0,17.0,0.6471,10.0,7.0,0.4286,1.0,0.0,0.4429,0.0,0.0,0.0,8.0,1.0,150.0,34.0,0.3469,1.0,0,0,1,0,0,360.0,2153.0,65.0,59.85,0.1824,0.8332,0.387,0.6235,0.221
C-10131,2026-04-05,34.0,799.0,9588.0,18.0,23.0,-0.2174,7.0,11.0,-0.3636,2.0,0.0,0.5679,3.0,1.0,0.2,25.0,2.0,34.0,17.0,0.3859,0.0,1,1,1,0,1,360.0,2733.81,90.0,80.0,0.4816,0.6702,0.3143,0.7915,0.4502
C-10132,2025-02-15,7.0,399.0,4788.0,8.0,7.0,0.1429,4.0,6.0,-0.3333,1.0,0.0,1.2807,8.0,8.0,0.8,9.0,0.0,53.0,28.0,0.4811,0.0,0,0,1,1,0,360.0,2375.41,65.0,59.85,0.098,0.6109,0.6225,0.6947,0.2829
C-10133,2024-05-09,34.0,799.0,9588.0,23.0,23.0,0.0,4.0,6.0,-0.3333,1.0,1.0,-0.2315,6.0,6.0,0.6,25.0,0.0,58.0,20.0,0.316,0.0,0,1,1,1,1,360.0,4209.16,65.0,80.0,0.2018,0.668,0.4651,0.969,0.5125
C-10134,2025-06-21,48.0,799.0,9588.0,1.0,2.0,-0.5,3.0,4.0,-0.25,1.0,0.0,-0.8375,8.0,8.0,0.8,40.0,0.0,40.0,32.0,0.6638,0.0,1,1,0,1,1,360.0,3331.8,65.0,80.0,0.3682,0.7642,0.47,0.8992,0.5125
C-10135,2024-12-16,19.0,399.0,4788.0,6.0,7.0,-0.1429,0.0,4.0,-1.0,1.0,1.0,1.4147,10.0,8.0,0.9,39.0,1.0,169.0,8.0,0.05,0.0,0,1,1,0,0,360.0,1371.22,65.0,59.85,0.4793,0.3966,0.515,0.3515,0.6615
C-10136,2024-06-03,36.0,249.0,2988.0,16.0,15.0,0.0667,8.0,7.0,0.1429,2.0,0.0,0.1092,5.0,5.0,0.5,37.0,0.0,41.0,29.0,0.3409,0.0,0,1,1,0,0,360.0,1240.63,90.0,37.35,0.2451,0.7871,0.3682,0.3102,0.5275
C-10137,2025-02-04,3.0,49.0,588.0,7.0,2.0,2.5,11.0,10.0,0.1,3.0,1.0,0.7149,6.0,4.0,0.5,10.0,0.0,90.0,24.0,0.5602,1.0,0,1,0,0,0,120.0,264.16,115.0,8.0,0.1832,0.5911,0.5744,0.1003,0.5125
C-10138,2025-06-12,22.0,49.0,588.0,32.0,24.0,0.3333,11.0,10.0,0.1,1.0,0.0,-0.6099,0.0,0.0,0.0,8.0,0.0,104.0,18.0,0.231,0.0,0,0,0,0,1,120.0,276.33,65.0,8.0,0.1455,0.6427,0.3186,0.1019,0.2125
C-10139,2025-07-29,27.0,99.0,1188.0,24.0,24.0,0.0,6.0,9.0,-0.3333,2.0,0.0,0.3108,3.0,0.0,0.15,7.0,0.0,50.0,15.0,0.352,0.0,0,0,0,0,0,120.0,577.21,90.0,14.85,0.1166,0.5527,0.3775,0.1484,0.334
C-10140,2024-07-17,58.0,149.0,1788.0,20.0,15.0,0.3333,7.0,7.0,0.0,1.0,0.0,-0.8775,8.0,8.0,0.8,5.0,1.0,87.0,28.0,0.5187,0.0,0,1,1,0,0,120.0,922.34,65.0,22.35,0.0621,0.7907,0.6411,0.222,0.2315
C-10141,2025-06-23,14.0,399.0,4788.0,5.0,9.0,-0.4444,3.0,6.0,-0.5,1.0,1.0,0.051,0.0,0.0,0.0,27.0,1.0,34.0,14.0,0.7037,1.0,0,1,1,0,1,360.0,813.61,65.0,59.85,0.691,0.4488,0.3015,0.1964,0.5399
C-10142,2025-11-30,18.0,149.0,1788.0,8.0,3.0,1.6667,3.0,4.0,-0.25,1.0,0.0,-0.5183,4.0,4.0,0.4,29.0,0.0,89.0,2.0,0.1412,0.0,0,0,0,0,0,120.0,742.38,65.0,22.35,0.2451,0.3402,0.3682,0.1808,0.4305
C-10143,2025-07-06,25.0,49.0,588.0,12.0,17.0,-0.2941,14.0,9.0,0.5556,1.0,1.0,-0.7021,1.0,0.0,0.05,39.0,0.0,8.0,37.0,0.1264,0.0,1,0,0,0,1,120.0,89.26,65.0,8.0,0.724,0.7628,0.2142,0.0799,0.4925
C-10144,2026-04-19,59.0,99.0,1188.0,22.0,15.0,0.4667,4.0,4.0,0.0,4.0,0.0,-0.2425,10.0,8.0,0.9,4.0,1.0,81.0,18.0,0.2108,0.0,0,1,1,0,1,120.0,618.17,140.0,14.85,0.0539,0.6928,0.6814,0.156,0.53
C-10145,2026-04-09,51.0,799.0,9588.0,34.0,21.0,0.619,0.0,3.0,-1.0,1.0,0.0,-1.5,6.0,6.0,0.6,11.0,0.0,68.0,7.0,0.0925,0.0,0,1,0,1,1,360.0,4912.18,65.0,80.0,0.0685,0.5977,0.5349,0.9884,0.3385
C-10146,2025-03-12,4.0,799.0,9588.0,16.0,17.0,-0.0588,10.0,10.0,0.0,0.0,0.0,-0.9279,7.0,5.0,0.6,32.0,0.0,66.0,9.0,0.1067,0.0,1,1,0,0,0,360.0,3698.92,40.0,80.0,0.2986,0.55,0.4305,0.9378,0.2809
C-10147,2024-12-12,15.0,149.0,1788.0,0.0,4.0,-1.0,3.0,7.0,-0.5714,1.0,0.0,0.6259,8.0,5.0,0.65,30.0,0.0,24.0,33.0,0.2055,0.0,1,0,0,0,0,120.0,247.44,65.0,22.35,0.7484,0.489,0.4601,0.0982,0.4378
C-10148,2025-02-07,49.0,399.0,4788.0,1.0,4.0,-0.75,1.0,4.0,-0.75,1.0,0.0,0.2781,2.0,2.0,0.2,19.0,0.0,179.0,13.0,0.6467,0.0,1,0,1,1,1,360.0,1645.37,65.0,59.85,0.3752,0.6136,0.3407,0.445,0.3823
C-10149,2025-03-08,5.0,399.0,4788.0,29.0,22.0,0.3182,7.0,10.0,-0.3,1.0,0.0,-0.8593,0.0,0.0,0.0,6.0,0.0,9.0,11.0,0.3376,1.0,0,1,1,1,0,360.0,1953.28,65.0,59.85,0.2583,0.5152,0.3965,0.5545,0.2369
C-10150,2024-06-01,51.0,799.0,9588.0,8.0,5.0,0.6,9.0,11.0,-0.1818,0.0,0.0,0.4383,4.0,1.0,0.25,21.0,0.0,30.0,20.0,0.4063,0.0,0,1,0,0,0,360.0,4553.79,40.0,80.0,0.1365,0.8133,0.3498,0.9808,0.2279
C-10151,2026-04-30,18.0,799.0,9588.0,27.0,26.0,0.0385,6.0,4.0,0.5,3.0,2.0,-0.7026,2.0,0.0,0.1,7.0,1.0,23.0,2.0,0.2089,1.0,0,0,1,0,0,360.0,2827.53,115.0,80.0,0.4638,0.4671,0.4305,0.8127,0.6704
C-10152,2025-05-16,55.0,249.0,2988.0,9.0,3.0,2.0,7.0,6.0,0.1667,0.0,0.0,0.5776,3.0,0.0,0.15,24.0,1.0,176.0,22.0,0.5267,0.0,0,1,0,1,0,360.0,1271.69,40.0,37.35,0.2262,0.8033,0.3015,0.3198,0.2631
C-10153,2024-04-23,19.0,149.0,1788.0,23.0,20.0,0.15,7.0,6.0,0.1667,2.0,2.0,-0.0925,3.0,1.0,0.2,40.0,0.0,60.0,2.0,0.7752,0.0,1,1,0,0,1,120.0,434.19,90.0,22.35,0.5585,0.3824,0.2535,0.1244,0.7773
C-10154,2026-03-07,27.0,249.0,2988.0,34.0,27.0,0.2593,5.0,8.0,-0.375,3.0,2.0,-0.2601,9.0,7.0,0.8,8.0,0.0,80.0,33.0,0.2225,0.0,0,1,1,0,1,360.0,1422.99,115.0,37.35,0.1341,0.7433,0.6271,0.3685,0.6878
C-10155,2026-04-16,40.0,99.0,1188.0,18.0,12.0,0.5,9.0,11.0,-0.1818,1.0,1.0,-0.0729,3.0,3.0,0.3,5.0,0.0,136.0,17.0,0.7449,0.0,0,1,1,0,1,120.0,581.8,65.0,14.85,0.1096,0.6846,0.4452,0.1493,0.31
C-10156,2025-05-09,9.0,149.0,1788.0,11.0,2.0,4.5,7.0,7.0,0.0,2.0,0.0,2.0476,1.0,0.0,0.05,33.0,0.0,13.0,9.0,0.4729,0.0,1,0,1,0,1,120.0,478.18,90.0,22.35,0.5137,0.3901,0.2351,0.1314,0.51
C-10157,2026-04-16,34.0,249.0,2988.0,26.0,24.0,0.0833,7.0,9.0,-0.2222,0.0,0.0,-0.607,11.0,10.0,1.0,1.0,0.0,16.0,18.0,0.4034,1.0,0,1,1,0,0,360.0,1531.35,40.0,37.35,0.0682,0.7203,0.7824,0.4052,0.1519
C-10158,2026-05-06,31.0,249.0,2988.0,11.0,6.0,0.8333,6.0,7.0,-0.1429,5.0,2.0,0.1812,0.0,0.0,0.0,44.0,1.0,36.0,7.0,0.48,1.0,1,1,0,1,1,360.0,486.93,165.0,37.35,0.7037,0.5395,0.2351,0.1329,0.9321
C-10159,2026-04-20,47.0,249.0,2988.0,13.0,15.0,-0.1333,11.0,10.0,0.1,1.0,0.0,0.6251,2.0,2.0,0.2,34.0,0.0,123.0,13.0,0.4781,1.0,0,1,1,0,0,360.0,1173.42,65.0,37.35,0.286,0.7802,0.3407,0.2901,0.3705
C-10160,2026-04-30,59.0,149.0,1788.0,23.0,27.0,-0.1481,4.0,5.0,-0.2,0.0,0.0,-0.7699,4.0,4.0,0.4,18.0,0.0,176.0,6.0,0.7714,0.0,1,1,0,0,1,120.0,862.87,40.0,22.35,0.1226,0.6032,0.4207,0.2077,0.2573
C-10161,2024-02-29,40.0,149.0,1788.0,31.0,21.0,0.4762,5.0,5.0,0.0,0.0,0.0,-1.2754,0.0,0.0,0.0,16.0,1.0,113.0,27.0,0.504,0.0,0,0,0,1,0,120.0,760.97,40.0,22.35,0.2262,0.6675,0.285,0.1848,0.2369
C-10162,2024-01-28,25.0,49.0,588.0,3.0,2.0,0.5,8.0,5.0,0.6,1.0,1.0,-0.4809,10.0,7.0,0.85,17.0,1.0,157.0,39.0,0.5082,0.0,0,1,1,1,1,120.0,258.13,65.0,8.0,0.2018,0.7328,0.6035,0.0995,0.4037
C-10163,2025-05-24,25.0,249.0,2988.0,28.0,23.0,0.2174,10.0,11.0,-0.0909,3.0,0.0,0.6076,4.0,1.0,0.25,17.0,0.0,159.0,19.0,0.3157,1.0,0,1,0,0,1,360.0,1375.28,115.0,37.35,0.1631,0.7288,0.4403,0.3528,0.4526
C-10164,2025-10-21,26.0,249.0,2988.0,6.0,5.0,0.2,9.0,7.0,0.2857,1.0,0.0,-0.2736,9.0,7.0,0.8,37.0,0.0,53.0,4.0,0.5678,0.0,0,1,1,0,0,360.0,1275.99,65.0,37.35,0.2236,0.6102,0.485,0.3211,0.4158
C-10165,2026-01-09,49.0,799.0,9588.0,17.0,21.0,-0.1905,3.0,2.0,0.5,1.0,1.0,-0.1849,1.0,0.0,0.05,35.0,0.0,37.0,3.0,0.2086,1.0,0,1,0,1,0,360.0,3044.9,65.0,80.0,0.4226,0.5741,0.285,0.8555,0.5987
C-10166,2025-07-20,20.0,249.0,2988.0,17.0,17.0,0.0,0.0,1.0,-1.0,1.0,0.0,0.7286,6.0,5.0,0.55,9.0,0.0,33.0,33.0,0.4218,0.0,0,1,0,1,1,360.0,1477.99,65.0,37.35,0.1007,0.6317,0.525,0.387,0.3252
C-10167,2024-10-03,11.0,149.0,1788.0,17.0,8.0,1.125,3.0,6.0,-0.5,0.0,0.0,-0.6451,1.0,0.0,0.05,8.0,0.0,143.0,14.0,0.9767,0.0,0,0,0,0,1,120.0,824.97,40.0,22.35,0.1611,0.4012,0.3363,0.1989,0.2125
C-10168,2026-04-02,21.0,49.0,588.0,15.0,12.0,0.25,6.0,9.0,-0.3333,0.0,0.0,-0.071,2.0,2.0,0.2,24.0,0.0,122.0,12.0,0.05,0.0,1,1,0,0,0,120.0,249.4,40.0,8.0,0.2288,0.4864,0.3186,0.0984,0.2729
C-10169,2025-06-04,3.0,99.0,1188.0,0.0,4.0,-1.0,3.0,6.0,-0.5,1.0,1.0,-1.2111,4.0,4.0,0.4,29.0,0.0,156.0,4.0,0.4466,0.0,1,0,0,0,1,120.0,145.51,65.0,14.85,0.7773,0.2371,0.3682,0.086,0.5548
C-10170,2025-08-24,8.0,149.0,1788.0,26.0,27.0,-0.037,6.0,7.0,-0.1429,1.0,0.0,0.2566,10.0,8.0,0.9,32.0,0.0,93.0,26.0,0.4543,1.0,1,1,1,0,0,120.0,759.82,65.0,22.35,0.2274,0.5266,0.6225,0.1845,0.4158
C-10171,2024-08-14,7.0,149.0,1788.0,18.0,7.0,1.5714,10.0,9.0,0.1111,1.0,1.0,0.1836,3.0,2.0,0.25,14.0,0.0,175.0,3.0,0.3544,1.0,0,1,1,0,0,120.0,746.9,65.0,22.35,0.2405,0.4279,0.4551,0.1818,0.3589
C-10172,2025-10-31,46.0,149.0,1788.0,8.0,9.0,-0.1111,9.0,6.0,0.5,0.0,0.0,0.6364,9.0,8.0,0.85,21.0,0.0,161.0,36.0,0.3591,0.0,0,1,1,0,0,120.0,877.07,40.0,22.35,0.1081,0.8124,0.5842,0.2111,0.2279
C-10173,2024-04-24,43.0,149.0,1788.0,3.0,14.0,-0.7857,10.0,10.0,0.0,2.0,1.0,-0.9162,1.0,0.0,0.05,4.0,0.0,146.0,9.0,0.4183,0.0,1,1,0,1,0,120.0,622.63,90.0,22.35,0.3669,0.6333,0.3543,0.1568,0.3823
C-10174,2026-02-06,42.0,399.0,4788.0,30.0,19.0,0.5789,6.0,8.0,-0.25,1.0,0.0,-0.1535,3.0,2.0,0.25,20.0,0.0,145.0,3.0,0.3496,1.0,0,1,1,0,1,360.0,2245.19,65.0,59.85,0.1474,0.6309,0.4256,0.6538,0.3318
C-10175,2026-01-21,28.0,49.0,588.0,18.0,14.0,0.2857,3.0,9.0,-0.6667,1.0,0.0,-1.0228,7.0,4.0,0.55,30.0,0.0,26.0,28.0,0.4444,1.0,0,1,0,0,1,120.0,224.17,65.0,8.0,0.3068,0.5712,0.495,0.0952,0.4378
C-10176,2025-08-25,43.0,99.0,1188.0,14.0,14.0,0.0,9.0,9.0,0.0,1.0,0.0,-0.1969,5.0,5.0,0.5,13.0,1.0,135.0,14.0,0.3025,0.0,0,1,0,0,0,120.0,565.39,65.0,14.85,0.1347,0.6754,0.485,0.1463,0.2573
C-10177,2026-05-15,11.0,49.0,588.0,14.0,16.0,-0.125,7.0,7.0,0.0,1.0,0.0,1.1854,6.0,5.0,0.55,14.0,0.0,170.0,28.0,0.8045,1.0,0,0,0,0,1,120.0,269.3,65.0,8.0,0.1673,0.5833,0.5744,0.1009,0.2829
C-10178,2026-03-13,54.0,99.0,1188.0,30.0,24.0,0.25,1.0,1.0,0.0,0.0,0.0,-0.2566,8.0,8.0,0.8,20.0,0.0,56.0,2.0,0.3496,0.0,0,1,0,0,0,120.0,600.53,40.0,14.85,0.0809,0.4949,0.5695,0.1527,0.2994
C-10179,2024-03-02,31.0,399.0,4788.0,8.0,11.0,-0.2727,10.0,5.0,1.0,0.0,0.0,-1.0927,0.0,0.0,0.0,38.0,0.0,147.0,34.0,0.5139,1.0,1,1,0,0,0,360.0,1358.88,40.0,59.85,0.484,0.8019,0.2573,0.3475,0.3186
C-10180,2024-07-13,56.0,49.0,588.0,30.0,23.0,0.3043,5.0,2.0,1.5,1.0,0.0,-0.5439,8.0,5.0,0.65,27.0,1.0,66.0,13.0,0.2662,0.0,0,1,1,0,1,120.0,267.24,65.0,8.0,0.1736,0.6509,0.475,0.1007,0.3917
C-10181,2024-04-17,10.0,149.0,1788.0,25.0,22.0,0.1364,7.0,6.0,0.1667,4.0,2.0,-1.2888,10.0,7.0,0.85,41.0,0.0,42.0,30.0,0.5866,1.0,0,1,1,1,1,120.0,533.39,140.0,22.35,0.4576,0.5575,0.5597,0.1407,0.8889
C-10182,2024-10-09,30.0,49.0,588.0,27.0,26.0,0.0385,0.0,2.0,-1.0,2.0,0.0,-1.0366,9.0,9.0,0.9,2.0,0.0,132.0,37.0,0.5467,1.0,0,0,1,0,0,120.0,307.62,90.0,8.0,0.0488,0.6191,0.7503,0.106,0.3682
C-10183,2025-06-03,42.0,799.0,9588.0,26.0,25.0,0.04,4.0,6.0,-0.3333,1.0,0.0,0.5368,3.0,0.0,0.15,38.0,1.0,33.0,21.0,0.4839,1.0,0,1,0,1,1,360.0,3163.45,65.0,80.0,0.4001,0.6878,0.3058,0.8752,0.485
C-10184,2024-05-06,30.0,399.0,4788.0,21.0,22.0,-0.0455,3.0,4.0,-0.25,0.0,0.0,-1.157,4.0,4.0,0.4,1.0,0.0,89.0,14.0,0.1945,1.0,0,1,0,1,1,360.0,2430.51,40.0,59.85,0.077,0.6038,0.5793,0.7111,0.1795
C-10185,2024-03-17,27.0,99.0,1188.0,13.0,7.0,0.8571,0.0,1.0,-1.0,0.0,0.0,0.2499,11.0,9.0,1.0,14.0,0.0,168.0,13.0,0.2495,0.0,0,0,1,1,1,120.0,602.68,40.0,14.85,0.0776,0.4234,0.6726,0.1531,0.2729
C-10186,2025-07-22,11.0,99.0,1188.0,16.0,21.0,-0.2381,3.0,2.0,0.5,0.0,0.0,0.0206,9.0,7.0,0.8,19.0,0.0,32.0,27.0,0.7372,0.0,0,1,0,1,0,120.0,524.3,40.0,14.85,0.1976,0.4928,0.5744,0.1391,0.2729
C-10187,2025-07-10,24.0,49.0,588.0,10.0,20.0,-0.5,6.0,6.0,0.0,1.0,0.0,-0.4252,11.0,11.0,1.0,10.0,2.0,32.0,1.0,0.2473,1.0,0,0,1,1,0,120.0,223.83,65.0,8.0,0.3079,0.41,0.7503,0.0952,0.2689
C-10188,2024-11-19,15.0,149.0,1788.0,12.0,8.0,0.5,0.0,1.0,-1.0,2.0,2.0,0.1819,10.0,10.0,1.0,44.0,0.0,170.0,6.0,0.5282,0.0,1,1,1,0,1,120.0,551.63,90.0,22.35,0.4391,0.281,0.53,0.1439,0.8481
C-10189,2025-09-26,19.0,399.0,4788.0,23.0,19.0,0.2105,12.0,10.0,0.2,2.0,0.0,-0.7501,5.0,5.0,0.5,40.0,0.0,140.0,26.0,0.2111,0.0,0,1,1,0,0,360.0,1779.92,90.0,59.85,0.3241,0.761,0.3543,0.4928,0.5
C-10190,2025-06-05,41.0,249.0,2988.0,10.0,7.0,0.4286,9.0,9.0,0.0,2.0,0.0,0.6727,1.0,0.0,0.05,25.0,1.0,85.0,2.0,0.6017,1.0,1,0,1,0,1,360.0,1163.29,90.0,37.35,0.2921,0.6579,0.3274,0.2871,0.4256
C-10191,2024-12-31,38.0,799.0,9588.0,17.0,15.0,0.1333,3.0,8.0,-0.625,2.0,1.0,-0.5587,2.0,0.0,0.1,20.0,0.0,75.0,12.0,0.2627,1.0,0,1,0,1,1,360.0,4062.09,90.0,80.0,0.2297,0.6095,0.3682,0.962,0.5866
C-10192,2024-03-01,37.0,149.0,1788.0,20.0,22.0,-0.0909,1.0,2.0,-0.5,2.0,0.0,-0.3091,3.0,3.0,0.3,34.0,0.0,173.0,26.0,0.2074,0.0,0,0,0,0,0,120.0,705.44,90.0,22.35,0.2826,0.5643,0.31,0.1731,0.5915
C-10193,2025-10-29,22.0,99.0,1188.0,11.0,6.0,0.8333,9.0,9.0,0.0,3.0,2.0,-0.4043,10.0,8.0,0.9,31.0,0.0,131.0,10.0,0.2575,0.0,0,1,0,0,1,120.0,457.06,115.0,14.85,0.3005,0.5274,0.5548,0.128,0.7824
C-10194,2025-07-04,57.0,149.0,1788.0,10.0,10.0,0.0,9.0,7.0,0.2857,1.0,0.0,0.5516,3.0,0.0,0.15,21.0,0.0,163.0,37.0,0.2892,0.0,0,1,0,0,0,120.0,849.2,65.0,22.35,0.1365,0.8458,0.3143,0.2045,0.3058
C-10195,2024-04-10,7.0,99.0,1188.0,19.0,22.0,-0.1364,4.0,5.0,-0.2,3.0,1.0,0.4356,4.0,4.0,0.4,37.0,0.0,21.0,39.0,0.4809,1.0,1,1,0,0,1,120.0,239.75,115.0,14.85,0.6331,0.5283,0.4013,0.0972,0.7703
C-10196,2024-06-14,21.0,799.0,9588.0,11.0,13.0,-0.1538,3.0,1.0,2.0,1.0,0.0,-1.5,10.0,8.0,0.9,8.0,0.0,97.0,2.0,0.4139,0.0,0,1,1,1,0,360.0,4787.64,65.0,80.0,0.0921,0.4685,0.6637,0.9862,0.287
C-10197,2024-09-22,8.0,99.0,1188.0,38.0,26.0,0.4615,6.0,6.0,0.0,0.0,0.0,0.2034,1.0,0.0,0.05,12.0,1.0,131.0,7.0,0.181,1.0,0,1,1,0,0,120.0,474.44,40.0,14.85,0.2739,0.3806,0.387,0.1308,0.2075
C-10198,2024-06-06,21.0,149.0,1788.0,0.0,1.0,-1.0,5.0,9.0,-0.4444,0.0,0.0,-1.3957,7.0,6.0,0.65,0.0,0.0,11.0,36.0,0.3944,1.0,0,1,1,0,1,120.0,576.88,40.0,22.35,0.4134,0.6209,0.677,0.1484,0.1611
C-10199,2025-12-13,57.0,249.0,2988.0,23.0,20.0,0.15,0.0,1.0,-1.0,1.0,1.0,-0.2731,6.0,5.0,0.55,5.0,0.0,94.0,2.0,0.1713,0.0,0,1,1,0,1,360.0,1527.11,65.0,37.35,0.0708,0.5902,0.5449,0.4038,0.4134
C-10200,2026-04-03,23.0,49.0,588.0,12.0,22.0,-0.4545,3.0,1.0,2.0,1.0,1.0,-0.0865,11.0,10.0,1.0,8.0,0.0,14.0,19.0,0.5287,0.0,1,0,1,0,1,120.0,234.3,65.0,8.0,0.2755,0.4831,0.6985,0.0965,0.3989
C-10201,2024-03-18,54.0,149.0,1788.0,24.0,25.0,-0.04,7.0,5.0,0.4,2.0,1.0,-0.2816,5.0,4.0,0.45,28.0,0.0,162.0,38.0,0.5654,1.0,0,0,0,1,1,120.0,778.2,90.0,22.35,0.2087,0.8139,0.4651,0.1885,0.5963
C-10202,2024-07-30,30.0,149.0,1788.0,2.0,5.0,-0.6,6.0,6.0,0.0,3.0,1.0,0.4007,6.0,6.0,0.6,38.0,0.0,124.0,23.0,0.3952,1.0,1,0,1,0,1,120.0,406.52,115.0,22.35,0.5866,0.5687,0.475,0.1202,0.7577
C-10203,2024-09-08,42.0,99.0,1188.0,14.0,27.0,-0.4815,9.0,6.0,0.5,0.0,0.0,0.5761,10.0,9.0,0.95,26.0,0.0,37.0,12.0,0.4543,0.0,0,1,1,0,0,120.0,507.7,40.0,14.85,0.223,0.6476,0.5987,0.1363,0.2554
C-10204,2026-05-24,28.0,49.0,588.0,13.0,11.0,0.1818,7.0,5.0,0.4,0.0,0.0,-0.6188,11.0,9.0,1.0,20.0,0.0,96.0,1.0,0.7504,1.0,0,1,1,0,0,120.0,291.72,40.0,8.0,0.098,0.4753,0.7109,0.1039,0.2405
C-10205,2025-07-01,17.0,49.0,588.0,8.0,10.0,-0.2,4.0,3.0,0.3333,2.0,1.0,-0.6478,8.0,7.0,0.75,12.0,0.0,24.0,16.0,0.3685,1.0,0,0,1,0,0,120.0,231.9,90.0,8.0,0.2829,0.4498,0.6593,0.0962,0.515
C-10206,2026-04-21,46.0,49.0,588.0,0.0,10.0,-1.0,0.0,1.0,-1.0,1.0,1.0,-0.0288,8.0,6.0,0.7,4.0,0.0,145.0,22.0,0.2111,1.0,0,1,1,0,1,120.0,222.44,65.0,8.0,0.3122,0.5557,0.677,0.095,0.4061
C-10207,2024-08-06,58.0,149.0,1788.0,23.0,18.0,0.2778,5.0,1.0,4.0,3.0,1.0,-1.235,10.0,10.0,1.0,26.0,0.0,39.0,4.0,0.5158,1.0,0,1,0,0,0,120.0,871.24,115.0,22.35,0.1141,0.6042,0.6857,0.2097,0.6964
C-10208,2024-02-29,17.0,49.0,588.0,27.0,18.0,0.5,3.0,2.0,0.5,3.0,1.0,-0.3816,11.0,11.0,1.0,6.0,0.0,111.0,21.0,0.1735,0.0,0,1,1,0,0,120.0,294.85,115.0,8.0,0.0883,0.4915,0.7068,0.1043,0.5818
C-10209,2025-02-28,47.0,799.0,9588.0,22.0,13.0,0.6923,7.0,8.0,-0.125,2.0,0.0,1.0785,8.0,5.0,0.65,35.0,0.0,18.0,16.0,0.3579,1.0,0,1,1,1,1,360.0,3818.58,90.0,80.0,0.2759,0.7392,0.51,0.947,0.525
C-10210,2025-12-21,17.0,99.0,1188.0,4.0,2.0,1.0,7.0,9.0,-0.2222,0.0,0.0,-1.205,3.0,2.0,0.25,18.0,0.0,32.0,13.0,0.2802,0.0,0,1,0,0,0,120.0,531.25,40.0,14.85,0.1869,0.4991,0.3635,0.1403,0.2297
C-10211,2026-01-08,43.0,249.0,2988.0,27.0,27.0,0.0,5.0,5.0,0.0,1.0,0.0,-0.2721,7.0,5.0,0.6,15.0,0.0,176.0,38.0,0.2596,0.0,0,0,0,1,0,360.0,1495.0,65.0,37.35,0.0903,0.8256,0.515,0.3928,0.31
C-10212,2025-02-20,47.0,399.0,4788.0,14.0,6.0,1.3333,0.0,1.0,-1.0,2.0,0.0,-0.4738,2.0,0.0,0.1,1.0,0.0,72.0,35.0,0.35,1.0,0,1,1,1,0,360.0,2442.67,90.0,59.85,0.0724,0.7602,0.4601,0.7147,0.3612
C-10213,2024-08-25,28.0,149.0,1788.0,13.0,3.0,3.3333,6.0,5.0,0.2,1.0,0.0,1.6042,6.0,6.0,0.6,10.0,0.0,26.0,28.0,0.58,0.0,0,1,0,0,0,120.0,839.05,65.0,22.35,0.1468,0.6472,0.5399,0.2022,0.2689
C-10214,2024-02-11,44.0,799.0,9588.0,24.0,17.0,0.4118,8.0,11.0,-0.2727,0.0,0.0,-0.4303,5.0,2.0,0.35,0.0,0.0,127.0,24.0,0.6211,1.0,0,1,0,1,0,360.0,4963.9,40.0,80.0,0.0587,0.8039,0.5646,0.9892,0.1419
C-10215,2025-01-19,17.0,49.0,588.0,6.0,12.0,-0.5,3.0,3.0,0.0,2.0,0.0,-0.3838,11.0,10.0,1.0,32.0,1.0,40.0,19.0,0.5852,0.0,1,0,1,0,0,120.0,175.01,90.0,8.0,0.4588,0.4306,0.589,0.0894,0.5523
C-10216,2025-04-17,6.0,99.0,1188.0,18.0,17.0,0.0588,4.0,6.0,-0.3333,2.0,0.0,-0.8246,6.0,3.0,0.45,22.0,0.0,108.0,3.0,0.4673,0.0,0,1,1,1,0,120.0,514.01,90.0,14.85,0.2133,0.315,0.4207,0.1374,0.4651
C-10217,2024-01-17,7.0,99.0,1188.0,27.0,24.0,0.125,5.0,6.0,-0.1667,1.0,0.0,0.0075,11.0,10.0,1.0,35.0,0.0,146.0,12.0,0.3485,0.0,0,0,1,0,1,120.0,505.61,65.0,14.85,0.2262,0.3982,0.5744,0.136,0.4502
C-10218,2026-04-04,27.0,49.0,588.0,0.0,3.0,-1.0,2.0,4.0,-0.5,2.0,1.0,0.2161,9.0,8.0,0.85,25.0,0.0,124.0,1.0,0.05,1.0,1,0,1,0,0,120.0,137.23,90.0,8.0,0.5757,0.3191,0.6365,0.0851,0.6341
C-10219,2025-09-16,54.0,99.0,1188.0,11.0,8.0,0.375,4.0,5.0,-0.2,1.0,0.0,-0.7087,10.0,8.0,0.9,42.0,0.0,48.0,15.0,0.4735,0.0,0,0,0,0,1,120.0,537.1,65.0,14.85,0.178,0.6367,0.5,0.1413,0.515
C-10220,2024-10-15,9.0,99.0,1188.0,28.0,14.0,1.0,10.0,6.0,0.6667,4.0,2.0,0.791,2.0,2.0,0.2,35.0,0.0,46.0,19.0,0.05,0.0,0,1,0,0,1,120.0,300.62,140.0,14.85,0.5399,0.52,0.2729,0.1051,0.852
C-10221,2024-11-09,28.0,399.0,4788.0,26.0,22.0,0.1818,9.0,6.0,0.5,1.0,0.0,0.2169,9.0,7.0,0.8,6.0,1.0,43.0,24.0,0.05,1.0,0,1,1,1,0,360.0,2375.41,65.0,59.85,0.098,0.7597,0.7027,0.6947,0.2193
C-10222,2024-11-10,42.0,99.0,1188.0,26.0,17.0,0.5294,8.0,8.0,0.0,2.0,0.0,0.6815,3.0,0.0,0.15,5.0,0.0,115.0,14.0,0.3677,1.0,0,0,0,0,0,120.0,595.99,90.0,14.85,0.0879,0.6584,0.4601,0.1519,0.2994
C-10223,2026-01-28,13.0,799.0,9588.0,12.0,11.0,0.0909,6.0,7.0,-0.1429,0.0,0.0,-0.2625,6.0,4.0,0.5,40.0,1.0,122.0,10.0,0.4529,1.0,1,1,1,1,0,360.0,2892.97,40.0,80.0,0.4514,0.5036,0.4256,0.8266,0.3775
C-10224,2025-09-30,43.0,399.0,4788.0,17.0,17.0,0.0,3.0,1.0,2.0,0.0,0.0,0.1945,5.0,5.0,0.5,12.0,0.0,96.0,28.0,0.3098,1.0,0,1,0,0,1,360.0,2405.17,40.0,59.85,0.0867,0.7496,0.5646,0.7036,0.2333
C-10225,2024-03-19,19.0,799.0,9588.0,29.0,27.0,0.0741,3.0,1.0,2.0,0.0,0.0,-0.1705,3.0,1.0,0.2,34.0,1.0,74.0,6.0,0.7071,1.0,0,0,0,1,0,360.0,3009.91,40.0,80.0,0.4292,0.4466,0.3407,0.8492,0.3705
C-10226,2024-09-27,48.0,49.0,588.0,8.0,13.0,-0.3846,2.0,5.0,-0.6,0.0,0.0,1.1661,11.0,11.0,1.0,28.0,2.0,15.0,5.0,0.4924,0.0,1,0,1,0,0,120.0,163.13,40.0,8.0,0.4956,0.4557,0.6083,0.088,0.3407
C-10227,2025-11-20,35.0,799.0,9588.0,18.0,24.0,-0.25,9.0,10.0,-0.1,4.0,2.0,0.093,10.0,10.0,1.0,31.0,1.0,151.0,28.0,0.3501,0.0,1,1,1,1,0,360.0,2938.59,140.0,80.0,0.4428,0.7753,0.5939,0.8357,0.8429
C-10228,2024-11-10,33.0,249.0,2988.0,30.0,22.0,0.3636,0.0,1.0,-1.0,2.0,1.0,0.007,6.0,5.0,0.55,12.0,0.0,120.0,23.0,0.6773,1.0,0,0,0,1,1,360.0,1429.58,90.0,37.35,0.1301,0.6189,0.5842,0.3707,0.5646
C-10229,2025-12-18,12.0,799.0,9588.0,17.0,9.0,0.8889,3.0,1.0,2.0,3.0,1.0,-0.3666,0.0,0.0,0.0,14.0,1.0,116.0,34.0,0.713,0.0,0,1,0,1,1,360.0,3344.05,115.0,80.0,0.3659,0.6265,0.2932,0.9008,0.6388
C-10230,2025-03-23,28.0,149.0,1788.0,1.0,7.0,-0.8571,13.0,8.0,0.625,3.0,1.0,-0.4128,2.0,2.0,0.2,24.0,0.0,23.0,29.0,0.5025,0.0,1,1,0,0,1,120.0,241.41,115.0,22.35,0.7545,0.7095,0.3186,0.0974,0.5915
C-10231,2025-11-15,51.0,799.0,9588.0,27.0,21.0,0.2857,5.0,5.0,0.0,0.0,0.0,0.1902,2.0,2.0,0.2,0.0,0.0,55.0,36.0,0.2449,0.0,0,1,0,1,0,360.0,4955.05,40.0,80.0,0.0604,0.8416,0.4305,0.9891,0.1611
C-10232,2025-04-10,3.0,249.0,2988.0,5.0,6.0,-0.1667,0.0,3.0,-1.0,1.0,1.0,0.6557,11.0,8.0,0.95,14.0,0.0,58.0,26.0,0.2899,0.0,1,0,1,0,0,360.0,1323.49,65.0,37.35,0.1947,0.4857,0.6548,0.3361,0.48
C-10233,2025-10-09,45.0,49.0,588.0,12.0,10.0,0.2,4.0,3.0,0.3333,1.0,1.0,-0.5476,4.0,3.0,0.35,22.0,0.0,109.0,33.0,0.1107,0.0,0,0,0,0,1,120.0,261.95,65.0,8.0,0.19,0.714,0.3823,0.1,0.49
C-10234,2025-01-15,30.0,149.0,1788.0,10.0,7.0,0.4286,5.0,8.0,-0.375,1.0,1.0,0.1013,0.0,0.0,0.0,9.0,0.0,142.0,7.0,0.3915,0.0,0,1,1,1,0,120.0,803.27,65.0,22.35,0.1832,0.4796,0.3143,0.1941,0.3823
C-10235,2024-07-28,43.0,49.0,588.0,23.0,17.0,0.3529,4.0,6.0,-0.3333,2.0,1.0,0.1473,7.0,6.0,0.65,12.0,0.0,156.0,21.0,0.19,1.0,0,0,0,0,0,120.0,289.36,90.0,8.0,0.1053,0.6358,0.6225,0.1036,0.515
C-10236,2026-02-17,40.0,799.0,9588.0,8.0,8.0,0.0,9.0,8.0,0.125,0.0,0.0,0.2867,11.0,9.0,1.0,44.0,0.0,96.0,37.0,0.3342,1.0,0,1,0,1,1,360.0,4161.67,40.0,80.0,0.2108,0.8487,0.6035,0.9669,0.3705
C-10237,2025-01-02,27.0,99.0,1188.0,26.0,18.0,0.4444,4.0,4.0,0.0,3.0,0.0,-1.366,6.0,4.0,0.5,13.0,0.0,68.0,31.0,0.4521,0.0,0,1,0,1,0,120.0,580.19,115.0,14.85,0.112,0.6304,0.485,0.149,0.4975
C-10238,2024-01-09,19.0,99.0,1188.0,28.0,26.0,0.0769,4.0,6.0,-0.3333,1.0,0.0,-0.7398,5.0,4.0,0.45,40.0,0.0,76.0,16.0,0.05,1.0,0,1,0,0,1,120.0,435.14,65.0,14.85,0.334,0.4534,0.4061,0.1246,0.5
C-10239,2024-12-06,38.0,249.0,2988.0,27.0,23.0,0.1739,8.0,10.0,-0.2,2.0,0.0,-1.0927,2.0,2.0,0.2,41.0,1.0,133.0,37.0,0.1473,1.0,0,0,1,0,1,360.0,925.9,90.0,37.35,0.4366,0.8163,0.31,0.2229,0.5572
C-10240,2024-12-28,10.0,149.0,1788.0,21.0,26.0,-0.1923,4.0,4.0,0.0,2.0,1.0,0.0263,10.0,7.0,0.85,30.0,0.0,60.0,13.0,0.2986,1.0,0,1,1,0,0,120.0,650.27,90.0,22.35,0.3388,0.3871,0.613,0.1621,0.6457
C-10241,2024-07-31,35.0,49.0,588.0,14.0,1.0,13.0,3.0,5.0,-0.4,0.0,0.0,-0.7208,1.0,0.0,0.05,6.0,1.0,77.0,1.0,0.3895,0.0,0,0,0,0,0,120.0,271.3,40.0,8.0,0.1611,0.423,0.3452,0.1012,0.2026
C-10242,2026-02-13,7.0,399.0,4788.0,16.0,13.0,0.2308,0.0,2.0,-1.0,0.0,0.0,-0.397,11.0,8.0,0.95,9.0,1.0,142.0,32.0,0.3012,1.0,0,1,1,0,1,360.0,2292.26,40.0,59.85,0.1295,0.5585,0.7389,0.6689,0.2442
C-10243,2025-03-09,39.0,799.0,9588.0,10.0,6.0,0.6667,7.0,8.0,-0.125,0.0,0.0,-0.9554,2.0,1.0,0.15,42.0,0.0,100.0,17.0,0.3459,0.0,0,1,0,1,1,360.0,3440.84,40.0,80.0,0.3475,0.706,0.2315,0.9125,0.3799
C-10244,2024-11-22,38.0,399.0,4788.0,15.0,25.0,-0.4,1.0,1.0,0.0,0.0,0.0,-0.3226,1.0,1.0,0.1,0.0,0.0,86.0,2.0,0.2588,0.0,0,1,0,1,0,360.0,2240.2,40.0,59.85,0.1493,0.5063,0.3917,0.6522,0.19
C-10245,2025-09-07,6.0,249.0,2988.0,15.0,20.0,-0.25,2.0,3.0,-0.3333,1.0,1.0,-0.8993,4.0,3.0,0.35,22.0,0.0,133.0,8.0,0.1101,0.0,0,0,0,1,0,360.0,989.8,65.0,37.35,0.3977,0.3825,0.3823,0.2391,0.515
C-10246,2025-07-18,45.0,149.0,1788.0,16.0,9.0,0.7778,4.0,8.0,-0.5,4.0,1.0,0.6063,0.0,0.0,0.0,26.0,0.0,55.0,3.0,0.293,0.0,0,0,0,0,1,120.0,710.13,140.0,22.35,0.2779,0.4928,0.246,0.1741,0.7824
C-10247,2025-02-26,26.0,249.0,2988.0,18.0,16.0,0.125,3.0,1.0,2.0,0.0,0.0,0.3834,0.0,0.0,0.0,37.0,0.0,15.0,39.0,0.3574,1.0,0,1,0,1,0,360.0,811.43,40.0,37.35,0.5062,0.7062,0.2611,0.1959,0.3917
C-10248,2026-05-09,47.0,249.0,2988.0,6.0,17.0,-0.6471,4.0,11.0,-0.6364,0.0,0.0,0.1202,2.0,0.0,0.1,40.0,0.0,142.0,34.0,0.3379,1.0,1,1,0,0,0,360.0,671.51,40.0,37.35,0.5914,0.7657,0.2809,0.1663,0.4013
C-10249,2026-05-09,4.0,49.0,588.0,20.0,14.0,0.4286,3.0,5.0,-0.4,3.0,1.0,-0.2416,8.0,8.0,0.8,12.0,0.0,84.0,37.0,0.4224,1.0,0,0,1,1,0,120.0,273.02,115.0,8.0,0.1558,0.538,0.677,0.1014,0.6248
C-10250,2025-02-23,12.0,49.0,588.0,10.0,13.0,-0.2308,3.0,5.0,-0.4,1.0,1.0,-1.5,9.0,7.0,0.8,22.0,0.0,61.0,8.0,0.4838,0.0,0,0,0,0,1,120.0,232.86,65.0,8.0,0.28,0.3498,0.5597,0.0963,0.5025
C-10251,2025-09-17,30.0,99.0,1188.0,10.0,2.0,4.0,6.0,6.0,0.0,1.0,0.0,-0.3666,2.0,1.0,0.15,28.0,0.0,21.0,32.0,0.5363,0.0,1,1,1,0,0,120.0,418.12,65.0,14.85,0.3601,0.6593,0.285,0.1219,0.387
C-10252,2024-02-15,12.0,149.0,1788.0,12.0,13.0,-0.0769,9.0,8.0,0.125,1.0,1.0,-0.6092,7.0,5.0,0.6,43.0,0.0,167.0,22.0,0.2733,1.0,1,1,1,0,0,120.0,515.42,65.0,22.35,0.4759,0.5454,0.4502,0.1376,0.5842
C-10253,2025-01-25,21.0,49.0,588.0,11.0,10.0,0.1,8.0,6.0,0.3333,0.0,0.0,0.1978,4.0,3.0,0.35,25.0,0.0,131.0,12.0,0.0848,0.0,0,0,1,0,0,120.0,254.41,40.0,8.0,0.2133,0.5283,0.3682,0.099,0.2592
C-10254,2025-01-24,40.0,49.0,588.0,30.0,23.0,0.3043,8.0,10.0,-0.2,2.0,0.0,0.4958,5.0,3.0,0.4,5.0,1.0,52.0,27.0,0.6543,0.0,0,1,0,0,0,120.0,287.64,90.0,8.0,0.1106,0.73,0.485,0.1034,0.2994
C-10255,2024-12-22,10.0,799.0,9588.0,19.0,24.0,-0.2083,12.0,11.0,0.0909,1.0,0.0,0.2597,4.0,2.0,0.3,41.0,0.0,111.0,38.0,0.4771,1.0,0,0,0,1,1,360.0,2636.7,65.0,80.0,0.5,0.7773,0.3452,0.7677,0.4085
C-10256,2026-01-11,41.0,149.0,1788.0,15.0,21.0,-0.2857,3.0,3.0,0.0,0.0,0.0,1.0104,10.0,9.0,0.95,23.0,0.0,86.0,18.0,0.2091,0.0,0,1,1,0,1,120.0,834.14,40.0,22.35,0.1518,0.5803,0.613,0.201,0.2973
C-10257,2025-05-29,7.0,249.0,2988.0,0.0,1.0,-1.0,3.0,8.0,-0.625,0.0,0.0,-0.4547,6.0,6.0,0.6,8.0,0.0,62.0,2.0,0.4555,0.0,0,0,1,1,1,360.0,938.01,40.0,37.35,0.4292,0.3602,0.5498,0.2259,0.2125
C-10258,2025-02-19,12.0,249.0,2988.0,28.0,23.0,0.2174,8.0,4.0,1.0,0.0,0.0,-0.4878,6.0,4.0,0.5,8.0,0.0,59.0,33.0,0.6136,0.0,0,1,0,0,0,360.0,1459.26,40.0,37.35,0.112,0.7338,0.51,0.3807,0.1736
C-10259,2025-01-15,36.0,399.0,4788.0,3.0,11.0,-0.7273,7.0,11.0,-0.3636,0.0,0.0,0.8303,10.0,7.0,0.85,9.0,0.0,18.0,8.0,0.7458,1.0,0,0,1,1,0,360.0,1839.84,40.0,59.85,0.3013,0.6386,0.7068,0.5142,0.1854
C-10260,2025-06-29,48.0,399.0,4788.0,2.0,12.0,-0.8333,4.0,3.0,0.3333,2.0,0.0,0.133,7.0,6.0,0.65,32.0,0.0,175.0,8.0,0.4501,1.0,0,0,0,1,1,360.0,1425.08,90.0,59.85,0.4588,0.6202,0.525,0.3692,0.5399
C-10261,2024-07-14,11.0,99.0,1188.0,31.0,26.0,0.1923,4.0,4.0,0.0,2.0,0.0,-0.1976,1.0,0.0,0.05,42.0,0.0,167.0,25.0,0.6119,1.0,1,1,0,0,0,120.0,346.28,90.0,14.85,0.47,0.4638,0.2573,0.1114,0.613
C-10262,2024-08-04,19.0,799.0,9588.0,20.0,24.0,-0.1667,8.0,8.0,0.0,1.0,0.0,1.4772,2.0,2.0,0.2,19.0,1.0,157.0,32.0,0.1581,1.0,0,1,0,1,1,360.0,3476.54,65.0,80.0,0.3407,0.7329,0.411,0.9165,0.3036
C-10263,2025-04-04,55.0,149.0,1788.0,0.0,2.0,-1.0,7.0,9.0,-0.2222,1.0,0.0,0.4622,4.0,1.0,0.25,4.0,0.0,60.0,31.0,0.3928,1.0,0,0,0,0,0,120.0,693.05,65.0,22.35,0.2953,0.776,0.505,0.1706,0.2262
C-10264,2024-10-08,59.0,799.0,9588.0,0.0,10.0,-1.0,4.0,2.0,1.0,2.0,0.0,-0.1524,1.0,0.0,0.05,39.0,0.0,179.0,34.0,0.333,0.0,0,1,0,1,1,360.0,1606.82,90.0,80.0,0.6953,0.7978,0.2142,0.4314,0.5915
C-10265,2025-08-16,35.0,149.0,1788.0,17.0,21.0,-0.1905,3.0,7.0,-0.5714,1.0,0.0,-0.5488,8.0,7.0,0.75,28.0,1.0,53.0,35.0,0.4685,0.0,0,1,0,0,0,120.0,708.58,65.0,22.35,0.2795,0.6571,0.51,0.1738,0.4231
C-10266,2026-03-06,27.0,49.0,588.0,15.0,15.0,0.0,3.0,4.0,-0.25,4.0,2.0,1.0612,5.0,5.0,0.5,25.0,0.0,149.0,6.0,0.7222,1.0,0,0,1,0,1,120.0,225.2,140.0,8.0,0.3036,0.4033,0.5,0.0954,0.8581
C-10267,2024-11-12,22.0,399.0,4788.0,13.0,7.0,0.8571,5.0,7.0,-0.2857,3.0,0.0,0.1656,0.0,0.0,0.0,2.0,1.0,22.0,12.0,0.45,0.0,0,0,1,0,0,360.0,1945.69,115.0,59.85,0.2611,0.567,0.3452,0.5518,0.4037
C-10268,2025-05-24,37.0,49.0,588.0,10.0,15.0,-0.3333,5.0,7.0,-0.2857,0.0,0.0,0.0196,4.0,1.0,0.25,43.0,0.0,59.0,29.0,0.2125,1.0,0,0,1,0,0,120.0,165.34,40.0,8.0,0.4888,0.6378,0.3186,0.0882,0.411
C-10269,2024-09-06,36.0,399.0,4788.0,34.0,24.0,0.4167,12.0,11.0,0.0909,1.0,0.0,0.541,9.0,9.0,0.9,3.0,0.0,106.0,16.0,0.1473,0.0,0,0,1,1,0,360.0,2510.28,65.0,59.85,0.0468,0.7919,0.6857,0.7339,0.1809
C-10270,2025-11-30,19.0,49.0,588.0,3.0,7.0,-0.5714,13.0,11.0,0.1818,3.0,0.0,0.7041,10.0,8.0,0.9,27.0,0.0,174.0,28.0,0.7292,0.0,0,1,1,0,1,120.0,212.58,115.0,8.0,0.3427,0.7086,0.5744,0.0938,0.49
C-10271,2024-07-10,3.0,99.0,1188.0,17.0,21.0,-0.1905,7.0,8.0,-0.125,0.0,0.0,0.4399,11.0,8.0,0.95,26.0,0.0,51.0,18.0,0.5028,0.0,0,1,0,0,0,120.0,500.65,40.0,14.85,0.2338,0.4609,0.5987,0.1351,0.2749
C-10272,2025-04-05,10.0,249.0,2988.0,29.0,20.0,0.45,9.0,8.0,0.125,1.0,1.0,0.7072,11.0,11.0,1.0,23.0,0.0,80.0,18.0,0.4896,1.0,0,0,1,0,1,360.0,1334.93,65.0,37.35,0.1877,0.6379,0.6985,0.3398,0.4354
C-10273,2024-11-16,57.0,799.0,9588.0,25.0,24.0,0.0417,10.0,10.0,0.0,0.0,0.0,0.3611,7.0,5.0,0.6,24.0,1.0,152.0,2.0,0.3313,0.0,0,0,1,1,0,360.0,4434.44,40.0,80.0,0.1591,0.7541,0.47,0.9773,0.2351
C-10274,2025-11-05,26.0,149.0,1788.0,6.0,9.0,-0.3333,0.0,3.0,-1.0,0.0,0.0,0.4439,11.0,11.0,1.0,17.0,0.0,87.0,24.0,0.4536,0.0,0,1,1,0,0,120.0,834.68,40.0,22.35,0.1512,0.4911,0.6593,0.2012,0.2911
C-10275,2024-08-03,29.0,49.0,588.0,5.0,6.0,-0.1667,7.0,8.0,-0.125,1.0,1.0,-0.5853,11.0,11.0,1.0,25.0,1.0,124.0,34.0,0.2026,0.0,1,1,1,0,0,120.0,230.58,65.0,8.0,0.287,0.6935,0.6225,0.096,0.475
C-10276,2024-06-26,29.0,99.0,1188.0,23.0,15.0,0.5333,8.0,9.0,-0.1111,1.0,1.0,1.4483,7.0,6.0,0.65,16.0,0.0,78.0,32.0,0.4774,0.0,0,1,1,0,0,120.0,556.67,65.0,14.85,0.148,0.7122,0.53,0.1448,0.3965
C-10277,2025-11-04,47.0,799.0,9588.0,24.0,15.0,0.6,0.0,2.0,-1.0,0.0,0.0,-0.9869,4.0,3.0,0.35,21.0,0.0,5.0,14.0,0.165,1.0,0,1,1,1,0,360.0,4166.05,40.0,80.0,0.21,0.6118,0.4601,0.9671,0.3165
C-10278,2025-05-06,5.0,399.0,4788.0,7.0,12.0,-0.4167,11.0,10.0,0.1,0.0,0.0,0.2475,11.0,11.0,1.0,30.0,1.0,54.0,27.0,0.3281,1.0,1,1,1,0,0,360.0,1464.21,40.0,59.85,0.444,0.6831,0.6682,0.3823,0.2592
C-10279,2025-07-17,6.0,49.0,588.0,22.0,22.0,0.0,8.0,8.0,0.0,2.0,2.0,-1.0694,4.0,1.0,0.25,33.0,1.0,103.0,8.0,0.2714,0.0,1,0,0,0,1,120.0,120.58,90.0,8.0,0.6271,0.3744,0.2973,0.0832,0.7291
C-10280,2025-12-01,17.0,149.0,1788.0,23.0,22.0,0.0455,0.0,4.0,-1.0,0.0,0.0,-0.0785,1.0,1.0,0.1,6.0,0.0,8.0,25.0,0.05,0.0,0,1,0,0,0,120.0,776.9,40.0,22.35,0.21,0.4465,0.3635,0.1882,0.2279
C-10281,2024-09-10,30.0,99.0,1188.0,1.0,7.0,-0.8571,1.0,6.0,-0.8333,3.0,1.0,-0.457,1.0,0.0,0.05,44.0,0.0,45.0,16.0,0.3306,1.0,0,0,0,0,1,120.0,111.8,115.0,14.85,0.8289,0.3883,0.2497,0.0823,0.8278
C-10282,2024-07-31,40.0,99.0,1188.0,22.0,22.0,0.0,7.0,6.0,0.1667,2.0,1.0,0.1086,6.0,6.0,0.6,4.0,0.0,171.0,37.0,0.2202,1.0,0,1,1,0,1,120.0,599.55,90.0,14.85,0.0824,0.7736,0.6411,0.1525,0.4182
C-10283,2026-05-24,30.0,799.0,9588.0,7.0,7.0,0.0,8.0,11.0,-0.2727,1.0,0.0,0.2734,0.0,0.0,0.0,12.0,0.0,7.0,28.0,0.3579,1.0,0,1,1,1,0,360.0,4014.81,65.0,80.0,0.2387,0.7615,0.3682,0.9595,0.2611
C-10284,2024-04-08,27.0,249.0,2988.0,19.0,12.0,0.5833,11.0,11.0,0.0,1.0,1.0,-0.7651,1.0,0.0,0.05,15.0,1.0,48.0,3.0,0.4003,1.0,0,0,0,1,0,360.0,1125.07,65.0,37.35,0.3154,0.6347,0.3729,0.276,0.3543
C-10285,2025-07-23,56.0,99.0,1188.0,8.0,1.0,7.0,10.0,9.0,0.1111,0.0,0.0,-0.0235,2.0,1.0,0.15,14.0,0.0,113.0,34.0,0.7536,1.0,0,1,0,0,0,120.0,584.92,40.0,14.85,0.1048,0.8439,0.4158,0.1498,0.1854
C-10286,2024-12-08,11.0,249.0,2988.0,8.0,10.0,-0.2,4.0,8.0,-0.5,2.0,0.0,1.1149,6.0,5.0,0.55,15.0,0.0,103.0,29.0,0.4609,0.0,0,1,0,1,0,360.0,1324.78,90.0,37.35,0.1939,0.6255,0.495,0.3365,0.4134
C-10287,2024-05-05,35.0,149.0,1788.0,25.0,26.0,-0.0385,0.0,2.0,-1.0,2.0,0.0,-1.0498,5.0,2.0,0.35,14.0,0.0,40.0,9.0,0.4668,1.0,0,0,0,0,1,120.0,859.92,90.0,22.35,0.1256,0.4273,0.495,0.207,0.4551
C-10288,2026-04-20,33.0,49.0,588.0,16.0,12.0,0.3333,14.0,11.0,0.2727,1.0,1.0,-0.6832,6.0,6.0,0.6,19.0,0.0,15.0,12.0,0.4991,0.0,0,1,1,0,1,120.0,241.42,65.0,8.0,0.2535,0.6928,0.495,0.0974,0.3475
C-10289,2026-01-01,29.0,149.0,1788.0,16.0,20.0,-0.2,2.0,2.0,0.0,1.0,1.0,0.6886,6.0,3.0,0.45,34.0,0.0,162.0,7.0,0.5744,1.0,0,0,1,0,1,120.0,588.75,65.0,22.35,0.4013,0.3892,0.4354,0.1505,0.6035
C-10290,2024-07-14,48.0,99.0,1188.0,7.0,3.0,1.3333,0.0,2.0,-1.0,0.0,0.0,0.062,11.0,9.0,1.0,37.0,0.0,101.0,13.0,0.4909,1.0,0,0,0,1,0,120.0,557.08,40.0,14.85,0.1474,0.5191,0.6365,0.1448,0.428
C-10291,2025-10-26,17.0,99.0,1188.0,17.0,18.0,-0.0556,0.0,1.0,-1.0,1.0,1.0,0.1209,2.0,0.0,0.1,15.0,0.0,105.0,37.0,0.4563,0.0,0,1,1,1,0,120.0,480.23,65.0,14.85,0.265,0.5293,0.323,0.1318,0.4875
C-10292,2025-11-08,57.0,799.0,9588.0,5.0,11.0,-0.5455,9.0,11.0,-0.1818,1.0,0.0,0.8178,5.0,4.0,0.45,11.0,2.0,15.0,36.0,0.5422,1.0,0,1,1,1,0,360.0,2812.02,65.0,80.0,0.4668,0.8706,0.5498,0.8093,0.246
C-10293,2025-03-17,21.0,399.0,4788.0,15.0,21.0,-0.2857,3.0,6.0,-0.5,0.0,0.0,-0.6353,7.0,6.0,0.65,30.0,1.0,41.0,22.0,0.05,1.0,0,0,0,0,1,360.0,1567.53,40.0,59.85,0.4047,0.5787,0.5349,0.4177,0.343
C-10294,2026-04-23,33.0,49.0,588.0,35.0,26.0,0.3462,5.0,3.0,0.6667,1.0,0.0,-0.4155,3.0,1.0,0.2,2.0,0.0,17.0,15.0,0.8178,0.0,0,1,0,0,0,120.0,278.89,65.0,8.0,0.1376,0.56,0.4207,0.1022,0.2333
C-10295,2024-07-24,32.0,799.0,9588.0,14.0,15.0,-0.0667,0.0,1.0,-1.0,1.0,0.0,-0.5141,2.0,0.0,0.1,20.0,0.0,176.0,15.0,0.7179,1.0,0,1,1,1,1,360.0,4187.76,65.0,80.0,0.2059,0.5466,0.3682,0.968,0.4013
C-10296,2024-03-05,51.0,249.0,2988.0,13.0,3.0,3.3333,7.0,5.0,0.4,1.0,0.0,-0.2786,0.0,0.0,0.0,9.0,1.0,139.0,38.0,0.4434,1.0,0,1,0,0,1,360.0,1391.69,65.0,37.35,0.1532,0.8634,0.3823,0.3582,0.2535
C-10297,2025-12-16,27.0,799.0,9588.0,10.0,13.0,-0.2308,6.0,8.0,-0.25,2.0,1.0,1.0716,3.0,0.0,0.15,27.0,1.0,100.0,8.0,0.1174,0.0,1,1,0,1,1,360.0,2517.62,90.0,80.0,0.5226,0.5495,0.2891,0.736,0.6011
C-10298,2024-11-11,18.0,399.0,4788.0,6.0,4.0,0.5,8.0,11.0,-0.2727,3.0,1.0,-1.3609,3.0,3.0,0.3,3.0,1.0,124.0,30.0,0.6421,1.0,0,1,1,0,0,360.0,2114.56,115.0,59.85,0.197,0.7314,0.53,0.6105,0.4975
C-10299,2024-04-19,3.0,149.0,1788.0,27.0,13.0,1.0769,5.0,7.0,-0.2857,4.0,2.0,-0.9554,2.0,2.0,0.2,37.0,0.0,33.0,39.0,0.2612,0.0,1,0,0,0,1,120.0,408.91,140.0,22.35,0.5842,0.5344,0.265,0.1205,0.887
C-10300,2026-05-04,23.0,249.0,2988.0,0.0,2.0,-1.0,0.0,7.0,-1.0,2.0,0.0,-1.0925,3.0,0.0,0.15,12.0,0.0,177.0,34.0,0.5068,1.0,0,0,0,0,1,360.0,797.06,90.0,37.35,0.515,0.6041,0.4256,0.1927,0.4403
C-10301,2025-01-03,49.0,249.0,2988.0,7.0,18.0,-0.6111,9.0,10.0,-0.1,0.0,0.0,1.1214,8.0,7.0,0.75,23.0,0.0,95.0,29.0,0.1434,1.0,0,1,1,0,0,360.0,1225.23,40.0,37.35,0.2545,0.8379,0.6083,0.3055,0.2387
C-10302,2026-02-02,2.0,399.0,4788.0,17.0,9.0,0.8889,9.0,10.0,-0.1,1.0,1.0,-0.4915,9.0,7.0,0.8,25.0,0.0,95.0,36.0,0.8453,0.0,0,1,0,1,1,360.0,1963.32,65.0,59.85,0.2545,0.7136,0.5449,0.5581,0.4502
C-10303,2025-12-21,53.0,99.0,1188.0,1.0,6.0,-0.8333,6.0,4.0,0.5,3.0,2.0,-0.2613,6.0,6.0,0.6,21.0,0.0,172.0,9.0,0.1116,0.0,0,1,0,0,1,120.0,325.07,115.0,14.85,0.5025,0.5887,0.485,0.1084,0.7558
C-10304,2024-09-24,33.0,99.0,1188.0,1.0,1.0,0.0,6.0,11.0,-0.4545,1.0,0.0,-1.2917,0.0,0.0,0.0,20.0,0.0,21.0,39.0,0.4138,1.0,0,0,0,0,0,120.0,457.06,65.0,14.85,0.3005,0.7231,0.3318,0.128,0.3318
C-10305,2025-12-07,10.0,99.0,1188.0,20.0,24.0,-0.1667,8.0,6.0,0.3333,1.0,0.0,-0.2099,8.0,7.0,0.75,12.0,0.0,79.0,4.0,0.05,0.0,0,0,1,0,0,120.0,559.52,65.0,14.85,0.1437,0.4227,0.589,0.1453,0.2611
C-10306,2025-02-18,19.0,99.0,1188.0,25.0,23.0,0.087,13.0,11.0,0.1818,1.0,0.0,0.6932,1.0,0.0,0.05,34.0,0.0,20.0,1.0,0.3918,0.0,0,1,0,0,0,120.0,334.87,65.0,14.85,0.4875,0.5016,0.2315,0.1098,0.3475
C-10307,2025-07-09,34.0,49.0,588.0,16.0,22.0,-0.2727,5.0,2.0,1.5,2.0,0.0,0.2024,0.0,0.0,0.0,23.0,0.0,79.0,8.0,0.3149,0.0,0,0,0,0,0,120.0,222.03,90.0,8.0,0.3134,0.4908,0.2573,0.095,0.4601
C-10308,2024-09-09,20.0,49.0,588.0,1.0,2.0,-0.5,1.0,2.0,-0.5,0.0,0.0,-0.0863,6.0,3.0,0.45,9.0,0.0,51.0,24.0,0.6274,0.0,0,0,0,0,0,120.0,248.54,40.0,8.0,0.2315,0.4711,0.485,0.0983,0.2351
C-10309,2024-01-07,8.0,799.0,9588.0,13.0,10.0,0.3,12.0,10.0,0.2,0.0,0.0,-1.2519,5.0,5.0,0.5,11.0,0.0,85.0,10.0,0.3149,0.0,0,1,0,1,0,360.0,4572.23,40.0,80.0,0.133,0.635,0.495,0.9813,0.1584
C-10310,2024-06-16,40.0,49.0,588.0,21.0,27.0,-0.2222,4.0,8.0,-0.5,2.0,1.0,-0.2624,3.0,3.0,0.3,19.0,0.0,127.0,25.0,0.6277,0.0,0,1,0,0,0,120.0,240.49,90.0,8.0,0.2564,0.6322,0.3775,0.0973,0.5671
C-10311,2024-10-20,40.0,799.0,9588.0,12.0,16.0,-0.25,3.0,2.0,0.5,0.0,0.0,0.1175,11.0,9.0,1.0,37.0,1.0,54.0,5.0,0.1952,1.0,1,1,1,1,1,360.0,3564.3,40.0,80.0,0.3241,0.5567,0.6365,0.9256,0.3917
C-10312,2025-04-27,8.0,49.0,588.0,2.0,4.0,-0.5,8.0,10.0,-0.2,1.0,0.0,-0.7935,1.0,0.0,0.05,43.0,0.0,13.0,28.0,0.3436,0.0,1,1,0,0,1,120.0,62.95,65.0,8.0,0.8053,0.5093,0.201,0.0772,0.4725
C-10313,2026-01-22,18.0,399.0,4788.0,0.0,4.0,-1.0,0.0,2.0,-1.0,1.0,0.0,0.5239,0.0,0.0,0.0,17.0,0.0,33.0,9.0,0.3476,1.0,0,0,1,0,0,360.0,997.31,65.0,59.85,0.6213,0.3821,0.3452,0.2411,0.3799
C-10314,2024-06-05,16.0,99.0,1188.0,5.0,8.0,-0.375,5.0,8.0,-0.375,1.0,1.0,0.7081,7.0,6.0,0.65,17.0,0.0,130.0,21.0,0.4991,0.0,0,1,0,0,1,120.0,455.69,65.0,14.85,0.3026,0.4997,0.525,0.1278,0.4403
C-10315,2025-09-28,40.0,249.0,2988.0,28.0,27.0,0.037,3.0,3.0,0.0,1.0,1.0,-0.4229,5.0,2.0,0.35,5.0,0.0,106.0,5.0,0.4737,0.0,0,1,0,0,0,360.0,1470.4,65.0,37.35,0.1053,0.5836,0.4651,0.3844,0.3775
C-10316,2025-10-22,44.0,99.0,1188.0,3.0,5.0,-0.4,0.0,1.0,-1.0,2.0,1.0,0.5807,9.0,9.0,0.9,24.0,0.0,176.0,38.0,0.5444,1.0,0,1,1,0,1,120.0,492.66,90.0,14.85,0.246,0.6675,0.6593,0.1338,0.6502
C-10317,2025-12-15,44.0,149.0,1788.0,23.0,25.0,-0.08,9.0,9.0,0.0,1.0,0.0,-0.0878,0.0,0.0,0.0,10.0,0.0,161.0,15.0,0.4534,1.0,0,1,1,0,0,120.0,851.62,65.0,22.35,0.134,0.6863,0.3775,0.2051,0.2405
C-10318,2025-12-19,56.0,149.0,1788.0,19.0,19.0,0.0,5.0,10.0,-0.5,2.0,2.0,0.9177,5.0,4.0,0.45,36.0,1.0,33.0,24.0,0.5323,0.0,0,1,0,0,1,120.0,558.89,90.0,22.35,0.4317,0.6951,0.3543,0.1452,0.7738
C-10319,2024-02-25,46.0,249.0,2988.0,21.0,25.0,-0.16,0.0,2.0,-1.0,3.0,0.0,1.6273,1.0,0.0,0.05,24.0,0.0,133.0,19.0,0.2204,0.0,0,1,0,0,0,360.0,1253.26,115.0,37.35,0.2374,0.6391,0.2689,0.3141,0.6271
C-10320,2024-07-11,20.0,149.0,1788.0,27.0,23.0,0.1739,5.0,2.0,1.5,1.0,0.0,-0.8749,0.0,0.0,0.0,9.0,2.0,20.0,24.0,0.4778,0.0,0,0,0,0,0,120.0,551.63,65.0,22.35,0.4391,0.5251,0.3143,0.1439,0.2729
C-10321,2026-04-09,8.0,249.0,2988.0,18.0,9.0,1.0,9.0,7.0,0.2857,2.0,2.0,0.6156,5.0,3.0,0.4,41.0,0.0,21.0,18.0,0.7216,1.0,0,1,0,0,1,360.0,504.24,90.0,37.35,0.6932,0.5679,0.3823,0.1357,0.7649
C-10322,2025-07-11,37.0,399.0,4788.0,20.0,23.0,-0.1304,0.0,1.0,-1.0,1.0,1.0,1.044,8.0,6.0,0.7,36.0,0.0,143.0,3.0,0.064,0.0,0,1,1,1,1,360.0,1805.79,65.0,59.85,0.3143,0.4683,0.4502,0.5021,0.6411
C-10323,2024-07-21,55.0,149.0,1788.0,8.0,5.0,0.6,8.0,9.0,-0.1111,0.0,0.0,-0.7765,1.0,1.0,0.1,13.0,0.0,75.0,33.0,0.4978,0.0,1,0,1,0,0,120.0,878.95,40.0,22.35,0.1062,0.8141,0.3318,0.2115,0.1962
C-10324,2026-05-28,58.0,149.0,1788.0,7.0,8.0,-0.125,13.0,11.0,0.1818,2.0,1.0,-0.4601,10.0,9.0,0.95,5.0,0.0,179.0,26.0,0.5354,0.0,0,1,1,1,0,120.0,922.91,90.0,22.35,0.0615,0.8519,0.6942,0.2222,0.3543
C-10325,2024-10-20,15.0,49.0,588.0,8.0,6.0,0.3333,10.0,9.0,0.1111,3.0,0.0,-0.4691,6.0,3.0,0.45,11.0,1.0,5.0,10.0,0.6922,1.0,0,1,1,0,0,120.0,232.23,115.0,8.0,0.2819,0.5148,0.5498,0.0962,0.4085
C-10326,2024-09-11,15.0,149.0,1788.0,13.0,4.0,2.25,3.0,3.0,0.0,2.0,0.0,-0.1062,5.0,5.0,0.5,16.0,0.0,92.0,4.0,0.5452,0.0,0,0,1,0,1,120.0,838.43,90.0,22.35,0.1474,0.3512,0.47,0.202,0.4329
C-10327,2026-01-11,4.0,49.0,588.0,6.0,3.0,1.0,5.0,3.0,0.6667,0.0,0.0,-0.2851,11.0,9.0,1.0,18.0,0.0,58.0,35.0,0.4201,1.0,0,0,1,0,0,120.0,283.12,40.0,8.0,0.1246,0.5665,0.7191,0.1028,0.2479
C-10328,2026-04-27,10.0,99.0,1188.0,0.0,6.0,-1.0,6.0,8.0,-0.25,0.0,0.0,-0.1586,3.0,1.0,0.2,37.0,0.0,177.0,13.0,0.486,1.0,1,0,0,1,0,120.0,136.13,40.0,14.85,0.7917,0.3715,0.3274,0.0849,0.3566
C-10329,2024-12-24,34.0,799.0,9588.0,7.0,4.0,0.75,1.0,1.0,0.0,0.0,0.0,0.6704,2.0,2.0,0.2,43.0,2.0,122.0,36.0,0.253,1.0,0,0,0,0,1,360.0,2186.33,40.0,80.0,0.5854,0.6786,0.3015,0.6346,0.4601
C-10330,2025-07-23,33.0,49.0,588.0,18.0,11.0,0.6364,5.0,6.0,-0.1667,1.0,1.0,-1.5,9.0,9.0,0.9,33.0,0.0,140.0,30.0,0.3224,0.0,0,1,0,0,1,120.0,252.49,65.0,8.0,0.2193,0.6571,0.5449,0.0988,0.5597
C-10331,2025-07-21,23.0,149.0,1788.0,1.0,2.0,-0.5,4.0,5.0,-0.2,1.0,1.0,-0.7791,1.0,0.0,0.05,38.0,0.0,55.0,38.0,0.1329,1.0,1,1,0,0,0,120.0,311.23,65.0,22.35,0.6835,0.5934,0.2729,0.1065,0.6083
C-10332,2024-07-18,19.0,799.0,9588.0,8.0,2.0,3.0,8.0,9.0,-0.1111,0.0,0.0,0.5359,10.0,10.0,1.0,5.0,0.0,161.0,26.0,0.6974,1.0,0,1,1,1,0,360.0,4959.5,40.0,80.0,0.0595,0.7252,0.7685,0.9892,0.1611
C-10333,2025-05-02,50.0,799.0,9588.0,23.0,27.0,-0.1481,3.0,3.0,0.0,1.0,0.0,0.4422,9.0,9.0,0.9,6.0,0.0,152.0,8.0,0.49,1.0,0,1,1,1,1,360.0,4977.69,65.0,80.0,0.0561,0.6575,0.735,0.9894,0.2749
C-10334,2024-02-19,28.0,49.0,588.0,0.0,3.0,-1.0,9.0,9.0,0.0,1.0,0.0,-0.8468,11.0,11.0,1.0,40.0,0.0,142.0,2.0,0.2168,0.0,1,0,1,0,0,120.0,123.62,65.0,8.0,0.6177,0.4579,0.5498,0.0836,0.4378
C-10335,2026-02-02,48.0,49.0,588.0,3.0,2.0,0.5,5.0,8.0,-0.375,0.0,0.0,0.4478,5.0,3.0,0.4,27.0,0.0,88.0,10.0,0.4543,0.0,0,1,0,0,1,120.0,271.95,40.0,8.0,0.1591,0.594,0.3775,0.1013,0.3015
C-10336,2025-12-31,57.0,149.0,1788.0,0.0,1.0,-1.0,5.0,3.0,0.6667,0.0,0.0,1.0615,7.0,4.0,0.55,10.0,1.0,166.0,18.0,0.6319,0.0,1,1,0,0,1,120.0,600.5,40.0,22.35,0.3894,0.6649,0.52,0.1527,0.2059
C-10337,2024-05-17,20.0,249.0,2988.0,3.0,4.0,-0.25,1.0,4.0,-0.75,1.0,1.0,-0.0392,10.0,10.0,1.0,35.0,0.0,122.0,25.0,0.5986,0.0,0,0,0,0,0,360.0,1070.44,65.0,37.35,0.3486,0.5636,0.5744,0.2607,0.6225
C-10338,2025-06-20,13.0,799.0,9588.0,23.0,15.0,0.5333,0.0,1.0,-1.0,1.0,1.0,-0.8064,1.0,0.0,0.05,7.0,0.0,16.0,35.0,0.2145,1.0,1,0,0,1,1,360.0,3666.58,65.0,80.0,0.3047,0.5885,0.411,0.935,0.428
C-10339,2024-03-27,57.0,99.0,1188.0,12.0,23.0,-0.4783,4.0,5.0,-0.2,2.0,1.0,0.7,3.0,1.0,0.2,34.0,0.0,159.0,6.0,0.05,1.0,0,0,0,0,0,120.0,342.06,90.0,14.85,0.4765,0.5503,0.3407,0.1108,0.6726
C-10340,2024-03-18,38.0,49.0,588.0,12.0,20.0,-0.4,3.0,3.0,0.0,1.0,0.0,1.3784,5.0,5.0,0.5,39.0,0.0,8.0,25.0,0.4791,1.0,0,1,1,0,0,120.0,145.18,65.0,8.0,0.5511,0.5682,0.4305,0.086,0.505
C-10341,2025-07-11,18.0,99.0,1188.0,10.0,16.0,-0.375,0.0,2.0,-1.0,2.0,2.0,-0.7089,7.0,7.0,0.7,21.0,0.0,124.0,4.0,0.2226,1.0,0,1,1,0,1,120.0,388.04,90.0,14.85,0.4061,0.2843,0.5987,0.1174,0.7369
C-10342,2025-12-03,38.0,799.0,9588.0,3.0,3.0,0.0,9.0,7.0,0.2857,2.0,0.0,0.0314,8.0,7.0,0.75,29.0,1.0,48.0,19.0,0.5245,0.0,0,0,1,1,1,360.0,4135.12,90.0,80.0,0.2159,0.7581,0.505,0.9656,0.4551
C-10343,2026-01-14,31.0,49.0,588.0,19.0,21.0,-0.0952,5.0,7.0,-0.2857,2.0,1.0,0.8721,11.0,11.0,1.0,32.0,0.0,162.0,3.0,0.5901,1.0,0,1,1,0,1,120.0,248.75,90.0,8.0,0.2308,0.4488,0.6593,0.0983,0.6479
C-10344,2024-10-19,54.0,149.0,1788.0,10.0,2.0,4.0,4.0,1.0,3.0,2.0,1.0,0.0923,5.0,5.0,0.5,39.0,0.0,132.0,15.0,0.6227,0.0,0,0,0,0,1,120.0,710.13,90.0,22.35,0.2779,0.6251,0.3589,0.1741,0.7047
C-10345,2026-03-25,16.0,49.0,588.0,24.0,18.0,0.3333,1.0,3.0,-0.6667,1.0,0.0,-1.3978,2.0,1.0,0.15,26.0,1.0,146.0,24.0,0.7489,0.0,0,0,0,0,1,120.0,205.45,65.0,8.0,0.3647,0.4348,0.2932,0.093,0.4329
C-10346,2025-04-21,59.0,49.0,588.0,15.0,12.0,0.25,0.0,1.0,-1.0,2.0,1.0,0.3547,2.0,0.0,0.1,13.0,0.0,127.0,29.0,0.6473,0.0,0,0,0,0,1,120.0,279.08,90.0,8.0,0.1371,0.686,0.3318,0.1022,0.572
C-10347,2024-12-18,56.0,799.0,9588.0,25.0,24.0,0.0417,12.0,8.0,0.5,0.0,0.0,-0.783,9.0,6.0,0.75,9.0,0.0,104.0,32.0,0.7499,1.0,0,1,1,1,0,360.0,5000.97,40.0,80.0,0.0517,0.9015,0.6726,0.9898,0.1506
C-10348,2024-10-31,12.0,49.0,588.0,11.0,9.0,0.2222,3.0,4.0,-0.25,3.0,1.0,-1.0166,5.0,3.0,0.4,15.0,0.0,156.0,21.0,0.6758,0.0,0,1,0,0,1,120.0,254.95,115.0,8.0,0.2117,0.4512,0.4354,0.0991,0.6457
C-10349,2025-10-10,11.0,99.0,1188.0,13.0,18.0,-0.2778,4.0,1.0,3.0,1.0,0.0,-1.3822,7.0,6.0,0.65,2.0,0.0,57.0,11.0,0.6932,0.0,0,0,1,0,1,120.0,572.73,65.0,14.85,0.1235,0.4033,0.5987,0.1476,0.2423
C-10350,2024-11-22,32.0,799.0,9588.0,17.0,12.0,0.4167,3.0,3.0,0.0,1.0,0.0,0.9523,6.0,5.0,0.55,31.0,0.0,97.0,36.0,0.3918,0.0,0,1,0,1,0,360.0,4213.4,65.0,80.0,0.201,0.7426,0.4158,0.9692,0.4452
C-10351,2024-12-10,4.0,249.0,2988.0,8.0,15.0,-0.4667,12.0,11.0,0.0909,2.0,1.0,-0.6678,9.0,7.0,0.8,16.0,1.0,57.0,37.0,0.1421,0.0,1,1,1,0,0,360.0,911.72,90.0,37.35,0.4452,0.7554,0.589,0.2194,0.4452
C-10352,2024-12-08,19.0,49.0,588.0,31.0,26.0,0.1923,3.0,3.0,0.0,1.0,0.0,0.2667,2.0,2.0,0.2,32.0,1.0,24.0,38.0,0.8965,1.0,1,1,0,0,1,120.0,147.59,65.0,8.0,0.5436,0.5716,0.3498,0.0862,0.4526
C-10353,2024-10-08,27.0,149.0,1788.0,27.0,20.0,0.35,10.0,8.0,0.25,0.0,0.0,0.4632,2.0,0.0,0.1,2.0,0.0,158.0,31.0,0.4126,0.0,0,1,1,0,0,120.0,885.75,40.0,22.35,0.0993,0.735,0.3823,0.2131,0.1371
C-10354,2024-12-16,58.0,799.0,9588.0,13.0,12.0,0.0833,4.0,6.0,-0.3333,2.0,0.0,0.1295,8.0,5.0,0.65,14.0,1.0,91.0,31.0,0.6457,0.0,0,0,0,1,0,360.0,4735.42,90.0,80.0,0.102,0.8262,0.5399,0.9851,0.4061
C-10355,2024-01-22,59.0,149.0,1788.0,12.0,13.0,-0.0769,0.0,2.0,-1.0,2.0,1.0,0.2373,5.0,2.0,0.35,17.0,0.0,14.0,4.0,0.2899,0.0,0,0,0,0,0,120.0,755.16,90.0,22.35,0.2321,0.496,0.4061,0.1835,0.6011
C-10356,2026-02-10,10.0,249.0,2988.0,22.0,20.0,0.1,2.0,4.0,-0.5,1.0,0.0,0.3048,9.0,9.0,0.9,3.0,1.0,149.0,23.0,0.5928,0.0,0,1,0,1,1,360.0,1475.74,65.0,37.35,0.102,0.5496,0.6857,0.3862,0.267
C-10357,2024-08-08,53.0,249.0,2988.0,0.0,10.0,-1.0,1.0,1.0,0.0,0.0,0.0,0.1105,1.0,0.0,0.05,37.0,1.0,169.0,16.0,0.05,1.0,0,1,1,0,1,360.0,358.92,40.0,37.35,0.7816,0.6057,0.2769,0.1132,0.4158
C-10358,2025-01-29,7.0,249.0,2988.0,7.0,5.0,0.4,8.0,9.0,-0.1111,0.0,0.0,-0.6081,3.0,2.0,0.25,26.0,1.0,120.0,11.0,0.3179,1.0,0,1,0,0,0,360.0,1026.81,40.0,37.35,0.3752,0.5306,0.3965,0.2489,0.265
C-10359,2024-05-30,45.0,99.0,1188.0,12.0,13.0,-0.0769,5.0,4.0,0.25,3.0,3.0,-0.6795,11.0,9.0,1.0,37.0,1.0,62.0,3.0,0.3803,1.0,1,1,0,0,1,120.0,338.38,115.0,14.85,0.4821,0.4872,0.6365,0.1103,0.8966
C-10360,2025-04-18,51.0,799.0,9588.0,2.0,2.0,0.0,9.0,6.0,0.5,1.0,1.0,-0.084,10.0,10.0,1.0,36.0,1.0,155.0,9.0,0.4925,0.0,0,1,1,1,0,360.0,3901.33,65.0,80.0,0.2602,0.7465,0.5695,0.9527,0.5325
C-10361,2024-08-24,53.0,799.0,9588.0,9.0,5.0,0.8,0.0,2.0,-1.0,1.0,1.0,-0.1009,0.0,0.0,0.0,1.0,0.0,134.0,36.0,0.6144,0.0,0,0,0,1,1,360.0,4747.38,65.0,80.0,0.0998,0.7842,0.3498,0.9854,0.3846
C-10362,2024-05-29,14.0,49.0,588.0,12.0,12.0,0.0,8.0,10.0,-0.2,1.0,0.0,0.3435,9.0,6.0,0.75,38.0,0.0,54.0,36.0,0.1812,0.0,0,1,0,0,1,120.0,234.83,65.0,8.0,0.2739,0.6599,0.4601,0.0966,0.4354
C-10363,2024-09-11,53.0,399.0,4788.0,15.0,22.0,-0.3182,0.0,3.0,-1.0,3.0,1.0,0.8813,0.0,0.0,0.0,3.0,0.0,62.0,29.0,0.532,1.0,0,1,0,1,1,360.0,2167.47,115.0,59.85,0.1769,0.7391,0.411,0.6283,0.5963
C-10364,2026-03-08,8.0,399.0,4788.0,21.0,22.0,-0.0455,12.0,7.0,0.7143,2.0,2.0,0.2751,1.0,0.0,0.05,39.0,0.0,177.0,4.0,0.6453,1.0,0,0,1,0,1,360.0,950.18,90.0,59.85,0.6392,0.5301,0.2689,0.229,0.7251
C-10365,2026-01-27,32.0,399.0,4788.0,8.0,8.0,0.0,10.0,10.0,0.0,2.0,0.0,-0.6487,10.0,9.0,0.95,30.0,0.0,171.0,27.0,0.8692,0.0,0,1,0,1,1,360.0,2255.02,90.0,59.85,0.1437,0.7987,0.5793,0.657,0.4502
C-10366,2025-11-27,29.0,149.0,1788.0,13.0,12.0,0.0833,9.0,8.0,0.125,1.0,1.0,-1.5,1.0,1.0,0.1,36.0,1.0,123.0,5.0,0.5413,0.0,0,1,0,1,1,120.0,468.36,65.0,22.35,0.5237,0.497,0.2387,0.1298,0.5325
C-10367,2024-06-28,20.0,149.0,1788.0,6.0,5.0,0.2,3.0,7.0,-0.5714,0.0,0.0,-0.6151,3.0,0.0,0.15,22.0,0.0,11.0,27.0,0.3081,1.0,0,0,0,0,1,120.0,656.0,40.0,22.35,0.3329,0.5209,0.3775,0.1632,0.2911
C-10368,2025-07-27,3.0,799.0,9588.0,27.0,21.0,0.2857,9.0,10.0,-0.1,1.0,0.0,-1.0756,1.0,0.0,0.05,7.0,1.0,45.0,2.0,0.1456,1.0,1,0,1,1,0,360.0,3980.97,65.0,80.0,0.2451,0.4794,0.411,0.9575,0.2244
C-10369,2025-12-23,46.0,49.0,588.0,0.0,7.0,-1.0,3.0,2.0,0.5,1.0,0.0,-0.5843,7.0,6.0,0.65,6.0,0.0,66.0,12.0,0.7658,0.0,0,1,0,0,0,120.0,236.74,65.0,8.0,0.268,0.5464,0.5793,0.0968,0.2749
C-10370,2025-07-27,21.0,399.0,4788.0,23.0,22.0,0.0455,10.0,11.0,-0.0909,0.0,0.0,0.1938,0.0,0.0,0.0,5.0,1.0,98.0,5.0,0.5475,0.0,0,0,0,1,0,360.0,2128.98,40.0,59.85,0.1915,0.6164,0.3318,0.6154,0.148
C-10371,2026-01-27,40.0,799.0,9588.0,31.0,23.0,0.3478,9.0,7.0,0.2857,1.0,0.0,0.0675,3.0,2.0,0.25,36.0,1.0,156.0,37.0,0.3956,1.0,0,0,0,1,1,360.0,3350.16,65.0,80.0,0.3647,0.8386,0.3498,0.9015,0.4085
C-10372,2024-06-26,25.0,399.0,4788.0,9.0,19.0,-0.5263,10.0,5.0,1.0,1.0,0.0,1.4865,3.0,3.0,0.3,24.0,0.0,153.0,23.0,0.076,0.0,0,1,0,1,1,360.0,1587.72,65.0,59.85,0.3971,0.7294,0.3543,0.4248,0.3143
C-10373,2025-02-13,23.0,149.0,1788.0,10.0,9.0,0.1111,0.0,3.0,-1.0,3.0,0.0,0.3865,7.0,6.0,0.65,9.0,0.0,52.0,36.0,0.2138,1.0,0,1,1,0,1,120.0,895.81,115.0,22.35,0.0891,0.5733,0.6365,0.2156,0.5175
C-10374,2024-10-18,53.0,249.0,2988.0,22.0,26.0,-0.1538,6.0,9.0,-0.3333,0.0,0.0,1.5273,5.0,5.0,0.5,5.0,0.0,24.0,1.0,0.5263,0.0,0,1,0,0,0,360.0,1446.3,40.0,37.35,0.1199,0.6704,0.525,0.3763,0.1751
C-10375,2025-10-01,7.0,49.0,588.0,17.0,19.0,-0.1053,8.0,11.0,-0.2727,0.0,0.0,0.5721,2.0,0.0,0.1,3.0,1.0,53.0,29.0,0.4708,1.0,0,1,1,0,0,120.0,249.72,40.0,8.0,0.2278,0.5832,0.4502,0.0984,0.1532
C-10376,2024-04-22,44.0,799.0,9588.0,13.0,18.0,-0.2778,12.0,8.0,0.5,2.0,0.0,0.8686,5.0,3.0,0.4,11.0,1.0,46.0,19.0,0.05,1.0,0,0,0,0,0,360.0,4209.16,90.0,80.0,0.2018,0.8189,0.53,0.969,0.2953
C-10377,2024-10-08,45.0,149.0,1788.0,23.0,24.0,-0.0417,3.0,1.0,2.0,2.0,0.0,-0.2871,5.0,2.0,0.35,33.0,0.0,162.0,19.0,0.5265,0.0,0,1,0,0,1,120.0,760.97,90.0,22.35,0.2262,0.5979,0.3318,0.1848,0.5597
C-10378,2025-09-11,24.0,49.0,588.0,35.0,24.0,0.4583,5.0,6.0,-0.1667,0.0,0.0,-0.8596,4.0,4.0,0.4,40.0,0.0,7.0,35.0,0.0863,1.0,1,1,1,0,0,120.0,175.41,40.0,8.0,0.4576,0.6227,0.387,0.0894,0.3894
C-10379,2024-01-16,17.0,399.0,4788.0,0.0,3.0,-1.0,9.0,9.0,0.0,1.0,0.0,-0.3592,6.0,4.0,0.5,27.0,0.0,150.0,2.0,0.6708,0.0,0,1,1,0,0,360.0,988.03,65.0,59.85,0.6248,0.5019,0.4158,0.2387,0.3452
C-10380,2024-08-13,2.0,249.0,2988.0,17.0,24.0,-0.2917,2.0,5.0,-0.6,2.0,2.0,-0.0095,3.0,1.0,0.2,44.0,0.0,119.0,37.0,0.4417,1.0,1,0,0,0,1,360.0,381.87,90.0,37.35,0.7676,0.5315,0.2973,0.1165,0.8348
C-10381,2025-09-17,56.0,249.0,2988.0,13.0,21.0,-0.381,11.0,9.0,0.2222,2.0,0.0,-0.5025,4.0,2.0,0.3,17.0,1.0,23.0,2.0,0.3073,1.0,0,0,1,0,0,360.0,1007.15,90.0,37.35,0.3872,0.7439,0.4601,0.2437,0.3452
C-10382,2024-07-30,56.0,49.0,588.0,16.0,6.0,1.6667,7.0,8.0,-0.125,1.0,1.0,-0.8009,9.0,6.0,0.75,14.0,0.0,124.0,15.0,0.598,1.0,0,1,1,1,0,120.0,294.85,65.0,8.0,0.0883,0.708,0.6502,0.1043,0.3941
C-10383,2025-06-18,15.0,399.0,4788.0,6.0,9.0,-0.3333,0.0,1.0,-1.0,2.0,1.0,0.3335,3.0,2.0,0.25,31.0,1.0,106.0,6.0,0.4707,1.0,1,1,0,0,1,360.0,966.52,90.0,59.85,0.633,0.346,0.3729,0.2331,0.6964
C-10384,2024-12-19,3.0,249.0,2988.0,21.0,21.0,0.0,8.0,7.0,0.1429,1.0,0.0,-0.8043,3.0,3.0,0.3,6.0,1.0,5.0,21.0,0.665,0.0,0,1,0,0,0,360.0,1149.59,65.0,37.35,0.3005,0.5938,0.4403,0.2831,0.2279
C-10385,2025-02-10,9.0,399.0,4788.0,4.0,6.0,-0.3333,1.0,2.0,-0.5,1.0,0.0,-1.2268,1.0,1.0,0.1,41.0,1.0,44.0,24.0,0.4161,0.0,0,1,0,0,0,360.0,777.52,65.0,59.85,0.7047,0.457,0.221,0.1884,0.5449
C-10386,2024-11-11,5.0,399.0,4788.0,7.0,13.0,-0.4615,5.0,6.0,-0.1667,1.0,1.0,-0.8977,8.0,7.0,0.75,35.0,0.0,65.0,26.0,0.4278,0.0,0,1,0,0,1,360.0,1181.71,65.0,59.85,0.5513,0.5509,0.475,0.2925,0.5744
C-10387,2026-03-03,50.0,99.0,1188.0,18.0,19.0,-0.0526,5.0,5.0,0.0,0.0,0.0,-0.1875,8.0,8.0,0.8,1.0,0.0,42.0,32.0,0.3429,0.0,0,1,0,1,1,120.0,626.04,40.0,14.85,0.0419,0.7575,0.6593,0.1575,0.1652
C-10388,2025-09-27,53.0,99.0,1188.0,33.0,18.0,0.8333,10.0,9.0,0.1111,0.0,0.0,-0.7927,8.0,8.0,0.8,8.0,1.0,106.0,30.0,0.4526,0.0,0,1,1,0,0,120.0,604.06,40.0,14.85,0.0755,0.8209,0.6271,0.1534,0.1598
C-10389,2025-10-03,10.0,799.0,9588.0,33.0,25.0,0.32,14.0,10.0,0.4,0.0,0.0,-0.1825,2.0,2.0,0.2,28.0,0.0,112.0,37.0,0.7396,0.0,0,0,0,1,0,360.0,3716.41,40.0,80.0,0.2953,0.8149,0.3015,0.9392,0.221
C-10390,2025-11-29,45.0,249.0,2988.0,0.0,4.0,-1.0,7.0,6.0,0.1667,0.0,0.0,0.4804,5.0,4.0,0.45,33.0,1.0,34.0,18.0,0.2994,1.0,1,0,0,0,0,360.0,490.37,40.0,37.35,0.7016,0.7004,0.4403,0.1334,0.3186
C-10391,2025-01-10,12.0,149.0,1788.0,12.0,8.0,0.5,8.0,6.0,0.3333,2.0,1.0,0.4596,3.0,3.0,0.3,9.0,0.0,26.0,7.0,0.5296,0.0,0,1,1,0,0,120.0,708.15,90.0,22.35,0.2799,0.4378,0.4256,0.1737,0.4428
C-10392,2024-04-01,23.0,99.0,1188.0,22.0,27.0,-0.1852,6.0,7.0,-0.1429,1.0,1.0,-0.5287,9.0,8.0,0.85,33.0,0.0,119.0,7.0,0.2239,1.0,0,0,0,0,0,120.0,442.59,65.0,14.85,0.3226,0.4474,0.5987,0.1257,0.5474
C-10393,2024-02-17,36.0,249.0,2988.0,5.0,16.0,-0.6875,6.0,8.0,-0.25,0.0,0.0,-1.0432,4.0,2.0,0.3,21.0,2.0,87.0,11.0,0.05,1.0,1,1,0,0,0,360.0,631.11,40.0,37.35,0.616,0.604,0.4403,0.1584,0.2554
C-10394,2025-03-01,43.0,399.0,4788.0,13.0,7.0,0.8571,8.0,7.0,0.1429,0.0,0.0,-0.4605,4.0,3.0,0.35,30.0,1.0,51.0,24.0,0.4415,0.0,0,1,1,0,0,360.0,1904.27,40.0,59.85,0.2769,0.7827,0.3452,0.5372,0.2891
C-10395,2026-02-11,52.0,49.0,588.0,15.0,8.0,0.875,9.0,9.0,0.0,2.0,0.0,0.5245,5.0,5.0,0.5,19.0,0.0,49.0,3.0,0.4741,0.0,0,0,1,0,0,120.0,290.41,90.0,8.0,0.102,0.6454,0.4551,0.1037,0.3823
C-10396,2025-03-01,4.0,249.0,2988.0,16.0,10.0,0.6,7.0,11.0,-0.3636,2.0,1.0,0.7114,9.0,7.0,0.8,20.0,0.0,11.0,38.0,0.378,1.0,1,1,0,0,0,360.0,1126.85,90.0,37.35,0.3143,0.6948,0.6411,0.2765,0.5374
C-10397,2026-05-18,13.0,799.0,9588.0,12.0,15.0,-0.2,9.0,10.0,-0.1,0.0,0.0,0.2823,8.0,8.0,0.8,17.0,0.0,154.0,39.0,0.1008,0.0,0,1,0,1,0,360.0,4380.17,40.0,80.0,0.1694,0.7799,0.5842,0.9755,0.2075
C-10398,2025-04-06,18.0,99.0,1188.0,7.0,8.0,-0.125,1.0,2.0,-0.5,0.0,0.0,0.9611,9.0,7.0,0.8,7.0,0.0,152.0,7.0,0.4609,1.0,0,0,1,0,0,120.0,591.1,40.0,14.85,0.0953,0.3549,0.6985,0.151,0.2244
C-10399,2025-07-13,19.0,99.0,1188.0,21.0,17.0,0.2353,4.0,6.0,-0.3333,3.0,2.0,1.3834,5.0,4.0,0.45,8.0,0.0,102.0,31.0,0.4533,0.0,0,1,1,0,1,120.0,527.23,115.0,14.85,0.1931,0.5826,0.49,0.1396,0.6985
C-10400,2024-03-09,59.0,799.0,9588.0,15.0,13.0,0.1538,9.0,6.0,0.5,3.0,3.0,-0.3866,9.0,8.0,0.85,7.0,0.0,66.0,24.0,0.2222,0.0,0,1,1,1,1,360.0,4690.36,115.0,80.0,0.1106,0.8538,0.6502,0.9842,0.7427
C-10401,2025-11-08,47.0,49.0,588.0,15.0,17.0,-0.1176,7.0,6.0,0.1667,0.0,0.0,1.1893,10.0,10.0,1.0,36.0,0.0,42.0,19.0,0.1293,1.0,0,1,0,0,1,120.0,267.85,40.0,8.0,0.1718,0.6866,0.6411,0.1008,0.3385
C-10402,2026-02-23,20.0,149.0,1788.0,0.0,5.0,-1.0,9.0,6.0,0.5,0.0,0.0,-0.2084,6.0,5.0,0.55,19.0,0.0,58.0,29.0,0.3495,0.0,0,0,0,0,0,120.0,476.95,40.0,22.35,0.515,0.6301,0.475,0.1312,0.2176
C-10403,2025-03-22,58.0,149.0,1788.0,18.0,17.0,0.0588,8.0,8.0,0.0,2.0,0.0,0.8159,8.0,8.0,0.8,17.0,0.0,167.0,23.0,0.5306,0.0,0,1,1,0,0,120.0,916.97,90.0,22.35,0.0675,0.7784,0.5842,0.2207,0.3799
C-10404,2026-03-08,30.0,399.0,4788.0,31.0,25.0,0.24,5.0,5.0,0.0,1.0,1.0,0.5669,10.0,8.0,0.9,38.0,0.0,20.0,13.0,0.4833,0.0,0,0,0,1,1,360.0,1608.06,65.0,59.85,0.3894,0.5976,0.52,0.4319,0.5963
C-10405,2024-07-27,31.0,49.0,588.0,0.0,4.0,-1.0,0.0,3.0,-1.0,1.0,0.0,-1.5,10.0,10.0,1.0,39.0,0.0,149.0,22.0,0.2238,0.0,0,1,0,0,0,120.0,130.56,65.0,8.0,0.5963,0.4457,0.5548,0.0843,0.5424
C-10406,2025-03-07,27.0,149.0,1788.0,13.0,9.0,0.4444,6.0,6.0,0.0,0.0,0.0,-0.773,3.0,1.0,0.2,10.0,0.0,58.0,6.0,0.4274,0.0,0,0,1,0,0,120.0,859.3,40.0,22.35,0.1262,0.4842,0.3823,0.2069,0.1978
C-10407,2026-03-15,10.0,49.0,588.0,21.0,19.0,0.1053,10.0,10.0,0.0,2.0,1.0,-0.977,8.0,7.0,0.75,15.0,0.0,51.0,10.0,0.5774,0.0,1,1,0,0,1,120.0,269.07,90.0,8.0,0.168,0.504,0.5744,0.1009,0.4626
C-10408,2025-06-16,56.0,399.0,4788.0,22.0,17.0,0.2941,0.0,4.0,-1.0,0.0,0.0,-1.4256,5.0,3.0,0.4,18.0,0.0,146.0,38.0,0.1655,0.0,0,1,1,1,1,360.0,2368.34,40.0,59.85,0.1007,0.8037,0.4207,0.6925,0.2973
C-10409,2025-08-30,2.0,249.0,2988.0,24.0,19.0,0.2632,0.0,1.0,-1.0,0.0,0.0,0.7035,1.0,0.0,0.05,37.0,0.0,173.0,8.0,0.4126,1.0,1,1,0,0,0,360.0,907.66,40.0,37.35,0.4477,0.3222,0.2769,0.2184,0.428
C-10410,2024-12-21,12.0,149.0,1788.0,12.0,16.0,-0.25,10.0,11.0,-0.0909,0.0,0.0,1.655,4.0,2.0,0.3,30.0,0.0,178.0,24.0,0.6679,1.0,0,1,1,0,1,120.0,600.5,40.0,22.35,0.3894,0.5903,0.3965,0.1527,0.2689
C-10411,2025-04-28,15.0,149.0,1788.0,9.0,19.0,-0.5263,4.0,3.0,0.3333,0.0,0.0,-0.2061,11.0,8.0,0.95,24.0,1.0,51.0,12.0,0.145,1.0,1,0,1,0,0,120.0,589.37,40.0,22.35,0.4007,0.3964,0.677,0.1507,0.2932
C-10412,2024-11-23,18.0,49.0,588.0,14.0,17.0,-0.1765,8.0,7.0,0.1429,0.0,0.0,0.6833,11.0,9.0,1.0,10.0,1.0,108.0,19.0,0.6311,1.0,0,1,1,0,0,120.0,275.62,40.0,8.0,0.1478,0.5735,0.7503,0.1018,0.1824
C-10413,2025-08-24,9.0,799.0,9588.0,7.0,2.0,2.5,7.0,9.0,-0.2222,3.0,1.0,1.1877,9.0,6.0,0.75,17.0,1.0,56.0,10.0,0.7238,0.0,0,0,1,1,1,360.0,3901.33,115.0,80.0,0.2602,0.5274,0.5646,0.9527,0.613
C-10414,2024-02-19,3.0,249.0,2988.0,18.0,21.0,-0.1429,5.0,4.0,0.25,2.0,1.0,0.1667,11.0,10.0,1.0,1.0,1.0,38.0,23.0,0.3556,0.0,0,1,1,1,0,360.0,1377.04,90.0,37.35,0.1621,0.5668,0.7271,0.3534,0.4207
C-10415,2025-03-27,41.0,99.0,1188.0,9.0,13.0,-0.3077,3.0,4.0,-0.25,1.0,0.0,-0.0203,6.0,3.0,0.45,31.0,0.0,72.0,22.0,0.3314,0.0,0,0,1,0,0,120.0,460.64,65.0,14.85,0.295,0.5921,0.3775,0.1286,0.4452
C-10416,2026-03-31,58.0,149.0,1788.0,0.0,2.0,-1.0,0.0,4.0,-1.0,1.0,1.0,-0.1966,9.0,8.0,0.85,41.0,1.0,15.0,25.0,0.6066,1.0,1,1,0,0,0,120.0,170.76,65.0,22.35,0.8264,0.5737,0.5597,0.0889,0.6748
C-10417,2024-02-21,9.0,399.0,4788.0,23.0,12.0,0.9167,0.0,2.0,-1.0,1.0,0.0,0.43,1.0,0.0,0.05,35.0,0.0,33.0,13.0,0.3628,0.0,0,1,0,0,0,360.0,1579.75,65.0,59.85,0.4001,0.3941,0.2279,0.422,0.5125
C-10418,2025-02-01,19.0,399.0,4788.0,17.0,12.0,0.4167,4.0,2.0,1.0,3.0,1.0,0.6998,3.0,2.0,0.25,13.0,1.0,109.0,23.0,0.05,0.0,1,1,1,0,0,360.0,1885.67,115.0,59.85,0.2839,0.6102,0.387,0.5306,0.6201
C-10419,2025-08-05,31.0,149.0,1788.0,8.0,3.0,1.6667,0.0,3.0,-1.0,2.0,1.0,0.3694,2.0,0.0,0.1,21.0,1.0,125.0,29.0,0.3802,1.0,0,1,0,0,1,120.0,637.18,90.0,22.35,0.3521,0.5285,0.3635,0.1596,0.6295
C-10420,2024-03-15,55.0,99.0,1188.0,33.0,27.0,0.2222,6.0,6.0,0.0,3.0,2.0,0.342,11.0,10.0,1.0,43.0,1.0,52.0,29.0,0.4941,0.0,1,1,0,0,1,120.0,397.44,115.0,14.85,0.3917,0.7416,0.5349,0.1188,0.8569
C-10421,2024-01-05,42.0,249.0,2988.0,10.0,7.0,0.4286,9.0,6.0,0.5,2.0,1.0,-0.041,7.0,5.0,0.6,19.0,0.0,102.0,23.0,0.548,1.0,0,1,1,0,1,360.0,1403.19,90.0,37.35,0.1462,0.7985,0.5695,0.362,0.505
C-10422,2024-05-25,46.0,249.0,2988.0,8.0,9.0,-0.1111,0.0,1.0,-1.0,0.0,0.0,-1.2744,11.0,11.0,1.0,37.0,0.0,138.0,12.0,0.2239,0.0,0,1,0,1,1,360.0,1349.68,40.0,37.35,0.1787,0.5964,0.5646,0.3445,0.428
C-10423,2024-07-13,35.0,249.0,2988.0,11.0,12.0,-0.0833,10.0,10.0,0.0,0.0,0.0,0.7182,4.0,2.0,0.3,25.0,0.0,161.0,21.0,0.346,1.0,0,1,1,1,0,360.0,1296.94,40.0,37.35,0.2108,0.7729,0.4207,0.3277,0.2405
C-10424,2026-02-13,26.0,49.0,588.0,20.0,23.0,-0.1304,4.0,8.0,-0.5,0.0,0.0,-1.0277,4.0,4.0,0.4,22.0,0.0,104.0,21.0,0.5954,0.0,0,0,0,0,0,120.0,255.5,40.0,8.0,0.21,0.5412,0.4013,0.0992,0.2809
C-10425,2024-05-17,13.0,149.0,1788.0,37.0,21.0,0.7619,5.0,1.0,4.0,2.0,1.0,0.4955,8.0,7.0,0.75,26.0,1.0,47.0,38.0,0.388,0.0,0,1,1,0,0,120.0,657.1,90.0,22.35,0.3318,0.6069,0.52,0.1635,0.6059
C-10426,2025-07-18,52.0,249.0,2988.0,24.0,21.0,0.1429,9.0,10.0,-0.1,1.0,0.0,0.6046,6.0,6.0,0.6,10.0,0.0,129.0,15.0,0.0943,0.0,1,1,1,0,1,360.0,1536.96,65.0,37.35,0.0648,0.7986,0.5399,0.4071,0.2405
C-10427,2024-10-26,48.0,799.0,9588.0,4.0,7.0,-0.4286,1.0,1.0,0.0,3.0,1.0,-0.9123,4.0,3.0,0.35,19.0,0.0,34.0,13.0,0.6475,1.0,1,1,0,1,1,360.0,3703.84,115.0,80.0,0.2976,0.618,0.47,0.9382,0.6942
C-10428,2025-04-17,3.0,249.0,2988.0,26.0,23.0,0.1304,10.0,7.0,0.4286,1.0,1.0,-0.4862,3.0,2.0,0.25,13.0,0.0,29.0,30.0,0.3572,1.0,0,1,0,1,0,360.0,1055.42,65.0,37.35,0.3578,0.6859,0.4601,0.2566,0.3521
C-10429,2026-03-12,43.0,149.0,1788.0,17.0,23.0,-0.2609,7.0,6.0,0.1667,0.0,0.0,1.6972,6.0,5.0,0.55,34.0,0.0,67.0,25.0,0.6182,0.0,1,1,1,0,0,120.0,707.25,40.0,22.35,0.2808,0.6963,0.4013,0.1735,0.3252
C-10430,2026-01-26,6.0,249.0,2988.0,22.0,13.0,0.6923,3.0,6.0,-0.5,1.0,1.0,-0.0636,0.0,0.0,0.0,27.0,0.0,62.0,17.0,0.1209,1.0,0,1,0,0,0,360.0,954.06,65.0,37.35,0.4195,0.4651,0.3015,0.23,0.5399
C-10431,2024-03-11,44.0,99.0,1188.0,11.0,15.0,-0.2667,9.0,11.0,-0.1818,1.0,1.0,-0.9762,2.0,2.0,0.2,17.0,0.0,30.0,1.0,0.3758,1.0,1,1,1,0,1,120.0,483.39,65.0,14.85,0.2602,0.5744,0.4207,0.1323,0.3917
C-10432,2024-03-19,49.0,49.0,588.0,5.0,2.0,1.5,12.0,11.0,0.0909,4.0,1.0,0.6407,0.0,0.0,0.0,37.0,0.0,14.0,28.0,0.5019,0.0,0,1,0,0,1,120.0,159.27,140.0,8.0,0.5075,0.7902,0.2075,0.0876,0.7703
C-10433,2024-11-11,9.0,399.0,4788.0,27.0,21.0,0.2857,2.0,4.0,-0.5,0.0,0.0,-0.6181,1.0,0.0,0.05,20.0,0.0,170.0,29.0,0.3826,0.0,0,1,0,1,0,360.0,1965.82,40.0,59.85,0.2535,0.5703,0.285,0.5589,0.2891
C-10434,2025-12-14,27.0,799.0,9588.0,28.0,26.0,0.0769,1.0,7.0,-0.8571,2.0,0.0,-1.5,2.0,1.0,0.15,42.0,0.0,123.0,37.0,0.1634,0.0,1,0,0,1,1,360.0,3220.14,90.0,80.0,0.3894,0.676,0.2315,0.8838,0.6479
C-10435,2025-10-31,9.0,799.0,9588.0,14.0,13.0,0.0769,10.0,11.0,-0.0909,1.0,1.0,0.4158,0.0,0.0,0.0,27.0,0.0,130.0,20.0,0.05,1.0,0,1,1,1,0,360.0,3119.0,65.0,80.0,0.4085,0.6401,0.3015,0.8681,0.4526
C-10436,2025-06-29,34.0,249.0,2988.0,15.0,15.0,0.0,5.0,9.0,-0.4444,0.0,0.0,-0.7333,0.0,0.0,0.0,39.0,0.0,16.0,21.0,0.7047,1.0,0,1,0,0,0,360.0,823.75,40.0,37.35,0.4988,0.6594,0.2535,0.1987,0.3823
C-10437,2026-01-31,55.0,49.0,588.0,14.0,14.0,0.0,14.0,10.0,0.4,1.0,0.0,0.257,9.0,7.0,0.8,44.0,0.0,144.0,9.0,0.4496,0.0,1,0,1,1,1,120.0,257.61,65.0,8.0,0.2034,0.7664,0.4502,0.0994,0.4061
C-10438,2024-06-09,6.0,799.0,9588.0,0.0,3.0,-1.0,5.0,5.0,0.0,3.0,0.0,-0.6502,2.0,0.0,0.1,14.0,0.0,68.0,18.0,0.6334,1.0,1,0,1,0,0,360.0,2053.26,115.0,80.0,0.6106,0.4887,0.3965,0.5895,0.4925
C-10439,2025-10-11,25.0,149.0,1788.0,14.0,17.0,-0.1765,1.0,4.0,-0.75,1.0,1.0,0.5658,6.0,3.0,0.45,11.0,0.0,135.0,1.0,0.5857,1.0,0,1,0,0,1,120.0,791.56,65.0,22.35,0.1951,0.3346,0.5498,0.1914,0.4452
C-10440,2026-05-04,58.0,99.0,1188.0,29.0,20.0,0.45,4.0,6.0,-0.3333,2.0,1.0,0.1468,1.0,0.0,0.05,37.0,0.0,90.0,20.0,0.5194,1.0,0,1,0,1,1,120.0,436.59,90.0,14.85,0.3318,0.6713,0.2769,0.1248,0.6921
C-10441,2026-05-01,19.0,799.0,9588.0,25.0,26.0,-0.0385,4.0,9.0,-0.5556,0.0,0.0,-1.5,11.0,10.0,1.0,10.0,0.0,47.0,28.0,0.3357,0.0,0,1,1,1,0,360.0,4860.53,40.0,80.0,0.0783,0.6684,0.69,0.9875,0.2142
C-10442,2025-09-19,9.0,399.0,4788.0,21.0,26.0,-0.1923,8.0,11.0,-0.2727,2.0,1.0,0.3056,2.0,2.0,0.2,33.0,1.0,50.0,31.0,0.498,1.0,0,0,0,0,1,360.0,984.24,90.0,59.85,0.6262,0.654,0.3452,0.2377,0.6201
C-10443,2025-09-05,30.0,399.0,4788.0,11.0,14.0,-0.2143,10.0,8.0,0.25,0.0,0.0,-0.2318,8.0,8.0,0.8,7.0,0.0,29.0,26.0,0.6865,0.0,0,1,1,0,0,360.0,2233.22,40.0,59.85,0.152,0.7865,0.6318,0.65,0.1558
C-10444,2024-07-16,31.0,99.0,1188.0,33.0,26.0,0.2692,13.0,8.0,0.625,0.0,0.0,1.1334,7.0,4.0,0.55,39.0,1.0,150.0,32.0,0.4166,1.0,0,1,0,0,0,120.0,415.1,40.0,14.85,0.3647,0.7752,0.4502,0.1215,0.2932
C-10445,2025-10-18,40.0,799.0,9588.0,19.0,15.0,0.2667,7.0,6.0,0.1667,2.0,2.0,0.3162,9.0,8.0,0.85,31.0,0.0,80.0,26.0,0.7803,1.0,0,1,1,1,0,360.0,3926.56,90.0,80.0,0.2554,0.7707,0.6083,0.9543,0.7271
C-10446,2024-08-06,20.0,149.0,1788.0,21.0,18.0,0.1667,3.0,4.0,-0.25,1.0,0.0,0.6049,7.0,6.0,0.65,23.0,0.0,141.0,31.0,0.1001,0.0,1,0,0,0,1,120.0,824.97,65.0,22.35,0.1611,0.5719,0.495,0.1989,0.387
C-10447,2025-01-07,57.0,249.0,2988.0,15.0,17.0,-0.1176,3.0,5.0,-0.4,1.0,0.0,-0.5684,6.0,5.0,0.55,20.0,1.0,150.0,18.0,0.0786,0.0,0,1,1,1,1,360.0,1364.63,65.0,37.35,0.1696,0.7379,0.47,0.3493,0.3659
C-10448,2024-04-13,32.0,399.0,4788.0,30.0,27.0,0.1111,3.0,6.0,-0.5,1.0,0.0,-0.6321,9.0,8.0,0.85,28.0,0.0,34.0,24.0,0.5976,0.0,0,1,1,0,0,360.0,2255.02,65.0,59.85,0.1437,0.6744,0.5498,0.657,0.4231
C-10449,2024-09-23,18.0,249.0,2988.0,16.0,20.0,-0.2,14.0,9.0,0.5556,0.0,0.0,-0.0205,9.0,6.0,0.75,17.0,1.0,62.0,25.0,0.2363,0.0,0,1,0,0,1,360.0,1254.15,40.0,37.35,0.2369,0.7878,0.5646,0.3144,0.1694
C-10450,2024-03-07,57.0,99.0,1188.0,2.0,4.0,-0.5,6.0,7.0,-0.1429,2.0,0.0,-0.2885,4.0,1.0,0.25,17.0,1.0,26.0,23.0,0.8087,1.0,1,0,1,0,0,120.0,361.69,90.0,14.85,0.4465,0.7082,0.4403,0.1136,0.4037
C-10451,2025-02-11,55.0,99.0,1188.0,8.0,2.0,3.0,14.0,9.0,0.5556,3.0,2.0,1.0704,11.0,9.0,1.0,9.0,0.0,6.0,23.0,0.6675,0.0,0,1,1,0,1,120.0,566.14,115.0,14.85,0.1335,0.838,0.6942,0.1465,0.5915
C-10452,2024-03-04,30.0,149.0,1788.0,17.0,12.0,0.4167,4.0,1.0,3.0,1.0,1.0,-0.1227,11.0,10.0,1.0,7.0,2.0,177.0,31.0,0.7175,1.0,0,1,1,1,0,120.0,816.13,65.0,22.35,0.1701,0.6376,0.7613,0.1969,0.3799
C-10453,2025-11-08,3.0,799.0,9588.0,8.0,14.0,-0.4286,4.0,9.0,-0.5556,0.0,0.0,-0.9799,8.0,6.0,0.7,40.0,1.0,120.0,10.0,0.5769,1.0,0,1,0,1,0,360.0,1933.72,40.0,80.0,0.6333,0.3925,0.505,0.5476,0.4013
C-10454,2025-08-01,36.0,399.0,4788.0,14.0,19.0,-0.2632,4.0,6.0,-0.3333,0.0,0.0,-0.6621,11.0,10.0,1.0,33.0,0.0,84.0,13.0,0.2157,0.0,0,1,0,1,1,360.0,2061.09,40.0,59.85,0.2173,0.6275,0.5842,0.5922,0.3521
C-10455,2025-07-27,34.0,149.0,1788.0,15.0,14.0,0.0714,9.0,11.0,-0.1818,0.0,0.0,0.772,1.0,0.0,0.05,19.0,0.0,40.0,21.0,0.0681,0.0,0,1,0,0,0,120.0,804.0,40.0,22.35,0.1824,0.6767,0.2891,0.1942,0.2176
C-10456,2025-09-12,10.0,399.0,4788.0,24.0,14.0,0.7143,5.0,6.0,-0.1667,3.0,1.0,-0.1338,6.0,6.0,0.6,37.0,0.0,108.0,26.0,0.6991,1.0,0,1,1,0,1,360.0,1623.67,115.0,59.85,0.3834,0.5959,0.48,0.4374,0.7613
C-10457,2025-11-11,38.0,399.0,4788.0,14.0,25.0,-0.44,5.0,6.0,-0.1667,2.0,0.0,-0.1766,7.0,5.0,0.6,27.0,1.0,99.0,21.0,0.1001,1.0,0,1,1,1,0,360.0,1609.94,90.0,59.85,0.3886,0.689,0.53,0.4325,0.49
C-10458,2025-08-18,50.0,149.0,1788.0,12.0,10.0,0.2,9.0,2.0,3.5,2.0,1.0,0.8482,11.0,11.0,1.0,26.0,1.0,44.0,8.0,0.717,0.0,0,1,0,1,1,120.0,801.05,90.0,22.35,0.1854,0.6609,0.6177,0.1936,0.5572
C-10459,2025-07-07,8.0,149.0,1788.0,6.0,14.0,-0.5714,6.0,9.0,-0.3333,2.0,0.0,-0.7318,1.0,0.0,0.05,5.0,1.0,7.0,33.0,0.5339,0.0,0,1,1,0,1,120.0,421.24,90.0,22.35,0.5716,0.536,0.3498,0.1224,0.3208
C-10460,2024-06-10,43.0,799.0,9588.0,12.0,16.0,-0.25,8.0,8.0,0.0,1.0,1.0,-1.5,9.0,7.0,0.8,24.0,0.0,87.0,22.0,0.3847,1.0,0,1,1,1,0,360.0,4130.65,65.0,80.0,0.2167,0.7776,0.6225,0.9654,0.4551
C-10461,2025-10-08,10.0,249.0,2988.0,11.0,13.0,-0.1538,11.0,10.0,0.1,4.0,2.0,-0.6823,0.0,0.0,0.0,4.0,0.0,94.0,17.0,0.4884,1.0,0,0,1,1,1,360.0,1131.47,140.0,37.35,0.3115,0.6535,0.4061,0.2779,0.6835
C-10462,2025-03-05,45.0,49.0,588.0,24.0,27.0,-0.1111,1.0,2.0,-0.5,2.0,0.0,0.1937,4.0,2.0,0.3,30.0,0.0,144.0,35.0,0.4931,1.0,0,1,0,0,0,120.0,248.25,90.0,8.0,0.2324,0.6712,0.3965,0.0983,0.5622
C-10463,2024-05-17,26.0,399.0,4788.0,23.0,26.0,-0.1154,3.0,3.0,0.0,2.0,1.0,-0.1996,8.0,8.0,0.8,3.0,0.0,73.0,18.0,0.3595,0.0,0,1,0,1,1,360.0,2374.78,90.0,59.85,0.0982,0.6109,0.6502,0.6945,0.4601
C-10464,2025-02-28,2.0,249.0,2988.0,14.0,14.0,0.0,7.0,10.0,-0.3,2.0,1.0,-1.2483,3.0,2.0,0.25,23.0,0.0,21.0,7.0,0.6851,1.0,0,1,1,0,1,360.0,870.94,90.0,37.35,0.47,0.444,0.411,0.2096,0.5597
C-10465,2024-10-12,58.0,249.0,2988.0,10.0,13.0,-0.2308,1.0,1.0,0.0,0.0,0.0,0.8128,10.0,10.0,1.0,16.0,0.0,159.0,39.0,0.6783,0.0,1,0,1,0,0,360.0,1510.99,40.0,37.35,0.0806,0.8277,0.6637,0.3982,0.2749
C-10466,2024-06-24,11.0,399.0,4788.0,7.0,16.0,-0.5625,7.0,6.0,0.1667,0.0,0.0,0.1308,11.0,9.0,1.0,5.0,0.0,77.0,15.0,0.4311,0.0,0,1,0,0,1,360.0,2201.07,40.0,59.85,0.1642,0.5861,0.7109,0.6394,0.168
C-10467,2025-05-09,36.0,799.0,9588.0,10.0,5.0,1.0,5.0,5.0,0.0,1.0,0.0,0.3112,1.0,0.0,0.05,21.0,0.0,131.0,35.0,0.28,0.0,0,1,1,1,0,360.0,4263.3,65.0,80.0,0.1915,0.7815,0.2809,0.9712,0.3498
C-10468,2026-02-28,12.0,99.0,1188.0,17.0,12.0,0.4167,12.0,11.0,0.0909,0.0,0.0,0.3357,3.0,2.0,0.25,9.0,0.0,12.0,21.0,0.6612,1.0,0,1,0,0,0,120.0,507.89,40.0,14.85,0.2227,0.6268,0.48,0.1364,0.1506
C-10469,2024-01-15,56.0,149.0,1788.0,11.0,6.0,0.8333,13.0,10.0,0.3,0.0,0.0,-1.0388,0.0,0.0,0.0,11.0,0.0,11.0,10.0,0.05,1.0,0,0,1,0,0,120.0,817.52,40.0,22.35,0.1687,0.7642,0.3729,0.1973,0.1519
C-10470,2024-04-28,44.0,99.0,1188.0,0.0,4.0,-1.0,12.0,10.0,0.2,0.0,0.0,0.2423,8.0,6.0,0.7,40.0,0.0,9.0,15.0,0.4888,1.0,0,0,1,0,0,120.0,168.13,40.0,14.85,0.7427,0.6723,0.505,0.0886,0.31
C-10471,2026-03-15,48.0,249.0,2988.0,5.0,3.0,0.6667,4.0,4.0,0.0,2.0,1.0,0.726,10.0,8.0,0.9,15.0,0.0,143.0,36.0,0.5479,0.0,1,1,1,0,0,360.0,1494.33,90.0,37.35,0.0907,0.8197,0.6318,0.3925,0.5374
C-10472,2025-09-01,27.0,149.0,1788.0,20.0,16.0,0.25,4.0,7.0,-0.4286,0.0,0.0,0.9122,7.0,7.0,0.7,18.0,1.0,47.0,37.0,0.2343,0.0,0,1,1,0,1,120.0,814.74,40.0,22.35,0.1715,0.6647,0.5399,0.1966,0.2573
C-10473,2024-07-30,29.0,149.0,1788.0,0.0,1.0,-1.0,6.0,8.0,-0.25,0.0,0.0,0.577,1.0,0.0,0.05,0.0,0.0,143.0,6.0,0.5948,1.0,1,0,0,0,0,120.0,607.49,40.0,22.35,0.3823,0.4623,0.4452,0.154,0.1545
C-10474,2024-11-21,38.0,399.0,4788.0,18.0,18.0,0.0,10.0,11.0,-0.0909,0.0,0.0,0.4105,2.0,0.0,0.1,13.0,0.0,170.0,39.0,0.3947,0.0,0,1,0,0,0,360.0,2283.25,40.0,59.85,0.133,0.8657,0.3318,0.666,0.1809
C-10475,2024-03-19,47.0,149.0,1788.0,11.0,12.0,-0.0833,1.0,1.0,0.0,1.0,0.0,-1.3899,0.0,0.0,0.0,15.0,0.0,121.0,34.0,0.2909,0.0,0,1,0,0,1,120.0,828.91,65.0,22.35,0.1571,0.6817,0.2891,0.1998,0.3543
C-10476,2026-01-14,51.0,149.0,1788.0,21.0,10.0,1.1,9.0,11.0,-0.1818,2.0,0.0,-0.0119,5.0,3.0,0.4,32.0,0.0,177.0,26.0,0.5926,0.0,0,1,1,0,1,120.0,801.79,90.0,22.35,0.1847,0.7734,0.3543,0.1937,0.4775
C-10477,2025-08-08,3.0,149.0,1788.0,33.0,21.0,0.5714,1.0,4.0,-0.75,1.0,0.0,-0.7653,8.0,8.0,0.8,5.0,0.0,167.0,8.0,0.1829,0.0,0,0,1,0,0,120.0,896.99,65.0,22.35,0.0879,0.2965,0.6411,0.2159,0.2891
C-10478,2024-07-23,40.0,99.0,1188.0,5.0,15.0,-0.6667,0.0,2.0,-1.0,0.0,0.0,1.0257,1.0,0.0,0.05,41.0,0.0,131.0,23.0,0.5738,0.0,0,1,1,0,1,120.0,231.53,40.0,14.85,0.6457,0.4918,0.2075,0.0962,0.4576
C-10479,2024-06-19,8.0,49.0,588.0,35.0,20.0,0.75,2.0,7.0,-0.7143,2.0,1.0,0.9043,10.0,10.0,1.0,5.0,0.0,145.0,17.0,0.05,1.0,0,1,1,1,0,120.0,292.42,90.0,8.0,0.0958,0.397,0.7685,0.104,0.4875
C-10480,2025-09-01,18.0,399.0,4788.0,15.0,20.0,-0.25,8.0,9.0,-0.1111,2.0,2.0,-0.7604,3.0,2.0,0.25,29.0,0.0,110.0,5.0,0.4571,1.0,1,1,0,0,1,360.0,1211.59,90.0,59.85,0.5399,0.52,0.3823,0.3014,0.7047
C-10481,2025-05-10,50.0,49.0,588.0,7.0,1.0,6.0,0.0,2.0,-1.0,1.0,0.0,-0.0368,6.0,3.0,0.45,0.0,0.0,43.0,39.0,0.4088,0.0,0,0,0,0,1,120.0,307.39,65.0,8.0,0.0495,0.7202,0.53,0.106,0.2689
C-10482,2025-10-22,16.0,99.0,1188.0,12.0,6.0,1.0,0.0,1.0,-1.0,0.0,0.0,0.1988,8.0,5.0,0.65,36.0,0.0,22.0,24.0,0.2921,0.0,1,0,0,0,1,120.0,399.77,40.0,14.85,0.3882,0.4124,0.4305,0.1192,0.4207
C-10483,2024-08-07,48.0,399.0,4788.0,10.0,16.0,-0.375,9.0,10.0,-0.1,0.0,0.0,0.7206,6.0,3.0,0.45,31.0,0.0,71.0,4.0,0.4779,1.0,0,1,0,1,0,360.0,1847.63,40.0,59.85,0.2984,0.7007,0.4502,0.517,0.285
C-10484,2026-05-27,28.0,49.0,588.0,30.0,27.0,0.1111,7.0,11.0,-0.3636,2.0,1.0,-1.3405,5.0,4.0,0.45,37.0,0.0,88.0,14.0,0.3841,0.0,0,0,1,0,1,120.0,209.54,90.0,8.0,0.3521,0.5409,0.3498,0.0935,0.6593
C-10485,2024-05-26,15.0,249.0,2988.0,4.0,5.0,-0.2,2.0,2.0,0.0,0.0,0.0,-1.5,4.0,2.0,0.3,41.0,0.0,66.0,33.0,0.6109,1.0,0,1,0,0,1,360.0,858.65,40.0,37.35,0.4775,0.6014,0.3452,0.2067,0.4329
C-10486,2024-06-06,21.0,399.0,4788.0,6.0,3.0,1.0,11.0,10.0,0.1,2.0,1.0,0.0305,5.0,3.0,0.4,37.0,0.0,22.0,18.0,0.512,0.0,1,1,0,0,1,360.0,1257.49,90.0,59.85,0.5225,0.6854,0.3318,0.3154,0.613
C-10487,2025-10-10,32.0,249.0,2988.0,27.0,26.0,0.0385,9.0,11.0,-0.1818,1.0,0.0,-1.5,2.0,2.0,0.2,27.0,0.0,93.0,20.0,0.4905,0.0,0,1,0,1,1,360.0,1275.99,65.0,37.35,0.2236,0.7404,0.3058,0.3211,0.3452
C-10488,2025-05-13,46.0,99.0,1188.0,34.0,27.0,0.2593,9.0,11.0,-0.1818,2.0,0.0,0.1269,3.0,0.0,0.15,37.0,0.0,92.0,6.0,0.4584,1.0,0,0,0,0,0,120.0,472.49,90.0,14.85,0.2769,0.6181,0.31,0.1305,0.515
C-10489,2024-12-08,37.0,49.0,588.0,5.0,5.0,0.0,4.0,3.0,0.3333,0.0,0.0,0.4738,9.0,6.0,0.75,4.0,0.0,171.0,5.0,0.3056,0.0,0,1,0,0,0,120.0,305.72,40.0,8.0,0.0547,0.4957,0.6271,0.1058,0.1854
C-10490,2025-10-11,56.0,799.0,9588.0,10.0,11.0,-0.0909,5.0,7.0,-0.2857,1.0,0.0,0.9889,10.0,10.0,1.0,29.0,0.0,172.0,39.0,0.3396,0.0,0,1,1,1,1,360.0,4683.25,65.0,80.0,0.1119,0.8622,0.6035,0.984,0.4061
C-10491,2025-05-21,52.0,99.0,1188.0,24.0,17.0,0.4118,9.0,11.0,-0.1818,1.0,1.0,-0.4981,10.0,7.0,0.85,44.0,0.0,112.0,38.0,0.4496,0.0,0,1,0,0,0,120.0,479.59,65.0,14.85,0.266,0.8274,0.47,0.1317,0.5915
C-10492,2024-12-21,45.0,399.0,4788.0,9.0,6.0,0.5,12.0,10.0,0.2,5.0,3.0,0.1289,3.0,2.0,0.25,16.0,0.0,153.0,4.0,0.3653,0.0,0,1,0,0,1,360.0,1888.35,165.0,59.85,0.2829,0.7386,0.3729,0.5315,0.8787
C-10493,2024-07-09,36.0,99.0,1188.0,13.0,9.0,0.4444,9.0,7.0,0.2857,1.0,1.0,0.5212,3.0,1.0,0.2,43.0,0.0,59.0,22.0,0.6223,0.0,0,1,0,0,1,120.0,364.91,65.0,14.85,0.4415,0.6636,0.2423,0.114,0.5842
C-10494,2025-09-24,18.0,49.0,588.0,7.0,11.0,-0.3636,4.0,3.0,0.3333,2.0,0.0,-0.9406,0.0,0.0,0.0,22.0,0.0,174.0,27.0,0.4187,1.0,0,0,0,0,0,120.0,195.59,90.0,8.0,0.3952,0.5231,0.323,0.0918,0.4651
C-10495,2025-05-02,25.0,399.0,4788.0,12.0,18.0,-0.3333,3.0,1.0,2.0,0.0,0.0,0.7323,3.0,3.0,0.3,21.0,0.0,169.0,35.0,0.4752,0.0,0,1,1,1,1,360.0,1872.21,40.0,59.85,0.2891,0.6996,0.3682,0.5258,0.285
C-10496,2026-02-27,8.0,799.0,9588.0,6.0,9.0,-0.3333,0.0,3.0,-1.0,1.0,0.0,0.2195,7.0,7.0,0.7,13.0,0.0,26.0,22.0,0.1195,0.0,1,0,0,1,1,360.0,3655.38,65.0,80.0,0.3068,0.4667,0.5646,0.934,0.3521
C-10497,2025-01-06,23.0,799.0,9588.0,8.0,12.0,-0.3333,4.0,1.0,3.0,1.0,0.0,-0.4844,3.0,1.0,0.2,4.0,0.0,127.0,34.0,0.5886,0.0,1,1,0,1,0,360.0,4346.29,65.0,80.0,0.1758,0.7134,0.411,0.9744,0.2535
C-10498,2024-08-22,55.0,399.0,4788.0,13.0,8.0,0.625,3.0,3.0,0.0,2.0,0.0,0.1131,8.0,5.0,0.65,39.0,1.0,85.0,5.0,0.2838,0.0,0,0,1,1,0,360.0,1927.76,90.0,59.85,0.268,0.6355,0.4158,0.5455,0.6035
C-10499,2024-02-15,26.0,99.0,1188.0,27.0,21.0,0.2857,3.0,1.0,2.0,0.0,0.0,-0.1115,0.0,0.0,0.0,32.0,0.0,51.0,1.0,0.1915,0.0,1,0,1,0,0,120.0,443.78,40.0,14.85,0.3208,0.3611,0.2244,0.1259,0.3566
C-10500,2024-08-26,8.0,799.0,9588.0,4.0,5.0,-0.2,9.0,9.0,0.0,2.0,0.0,0.6241,4.0,3.0,0.35,18.0,0.0,77.0,19.0,0.7292,1.0,0,1,0,1,0,360.0,3921.54,90.0,80.0,0.2564,0.6276,0.475,0.9539,0.3752
C-10501,2025-10-02,39.0,399.0,4788.0,16.0,7.0,1.2857,7.0,7.0,0.0,2.0,1.0,-0.2884,3.0,0.0,0.15,43.0,0.0,163.0,11.0,0.5395,1.0,1,1,0,1,1,360.0,1470.7,90.0,59.85,0.4415,0.6568,0.285,0.3845,0.6985
C-10502,2024-09-10,57.0,99.0,1188.0,15.0,7.0,1.1429,5.0,6.0,-0.1667,3.0,1.0,0.1817,5.0,4.0,0.45,8.0,1.0,166.0,30.0,0.5954,0.0,0,1,0,0,0,120.0,568.39,115.0,14.85,0.1301,0.764,0.49,0.1469,0.572
C-10503,2025-05-02,52.0,49.0,588.0,26.0,25.0,0.04,9.0,9.0,0.0,1.0,0.0,-0.4967,0.0,0.0,0.0,35.0,0.0,65.0,14.0,0.4909,1.0,0,1,0,0,0,120.0,236.74,65.0,8.0,0.268,0.6997,0.2689,0.0968,0.4013
C-10504,2024-07-08,17.0,799.0,9588.0,21.0,26.0,-0.1923,4.0,5.0,-0.2,4.0,1.0,-0.7503,5.0,4.0,0.45,20.0,1.0,85.0,16.0,0.3814,1.0,0,1,1,1,1,360.0,3174.64,140.0,80.0,0.398,0.5352,0.505,0.8769,0.7503
C-10505,2026-03-28,28.0,99.0,1188.0,23.0,14.0,0.6429,7.0,5.0,0.4,3.0,1.0,0.1372,9.0,7.0,0.8,28.0,0.0,95.0,21.0,0.3441,1.0,0,1,1,0,1,120.0,516.74,115.0,14.85,0.2092,0.6095,0.6035,0.1379,0.6878
C-10506,2026-03-06,32.0,399.0,4788.0,5.0,5.0,0.0,0.0,3.0,-1.0,1.0,0.0,-0.7174,10.0,8.0,0.9,1.0,0.0,133.0,38.0,0.5558,0.0,0,1,0,1,0,360.0,2513.75,65.0,59.85,0.0454,0.7226,0.6942,0.7349,0.2749
C-10507,2025-12-13,16.0,49.0,588.0,22.0,21.0,0.0476,3.0,5.0,-0.4,3.0,0.0,0.6405,3.0,1.0,0.2,27.0,0.0,88.0,3.0,0.6265,1.0,0,0,0,0,1,120.0,236.74,115.0,8.0,0.268,0.3354,0.3729,0.0968,0.613
C-10508,2025-10-08,17.0,99.0,1188.0,12.0,14.0,-0.1429,7.0,2.0,2.5,2.0,1.0,0.4738,5.0,4.0,0.45,30.0,1.0,74.0,22.0,0.3864,1.0,0,1,0,0,1,120.0,335.33,90.0,14.85,0.4868,0.5291,0.4551,0.1098,0.6106
C-10509,2025-05-18,15.0,99.0,1188.0,18.0,23.0,-0.2174,5.0,7.0,-0.2857,3.0,1.0,-0.6121,8.0,6.0,0.7,44.0,2.0,166.0,16.0,0.8145,1.0,0,1,1,0,0,120.0,180.09,115.0,14.85,0.7244,0.4056,0.485,0.09,0.7974
C-10510,2024-01-08,59.0,99.0,1188.0,1.0,10.0,-0.9,10.0,11.0,-0.0909,1.0,1.0,0.171,5.0,3.0,0.4,15.0,1.0,70.0,2.0,0.3605,1.0,0,1,0,0,0,120.0,318.53,65.0,14.85,0.5125,0.6419,0.51,0.1075,0.3659
C-10511,2024-02-07,45.0,399.0,4788.0,31.0,27.0,0.1481,3.0,6.0,-0.5,0.0,0.0,-0.6158,6.0,5.0,0.55,3.0,0.0,51.0,32.0,0.1212,1.0,0,1,1,1,0,360.0,2487.35,40.0,59.85,0.0555,0.7811,0.6271,0.7275,0.1885
C-10512,2025-01-26,50.0,799.0,9588.0,17.0,22.0,-0.2273,4.0,4.0,0.0,1.0,0.0,-1.2835,4.0,2.0,0.3,2.0,0.0,62.0,36.0,0.0557,1.0,0,0,1,1,0,360.0,4801.93,65.0,80.0,0.0894,0.8257,0.5349,0.9865,0.2423
C-10513,2025-10-25,49.0,799.0,9588.0,25.0,7.0,2.5714,6.0,8.0,-0.25,2.0,0.0,-0.4778,10.0,10.0,1.0,6.0,0.0,63.0,7.0,0.0624,0.0,0,1,1,1,1,360.0,5059.8,90.0,80.0,0.0405,0.7005,0.7068,0.9906,0.3274
C-10514,2024-04-24,57.0,399.0,4788.0,13.0,20.0,-0.35,9.0,10.0,-0.1,2.0,0.0,-0.0403,7.0,4.0,0.55,13.0,0.0,102.0,30.0,0.3172,1.0,0,1,1,1,0,360.0,2301.07,90.0,59.85,0.1262,0.8695,0.5793,0.6717,0.3407
C-10515,2025-04-29,8.0,99.0,1188.0,0.0,8.0,-1.0,8.0,6.0,0.3333,2.0,1.0,0.4171,11.0,11.0,1.0,37.0,0.0,120.0,28.0,0.3536,1.0,1,1,1,0,0,120.0,176.37,90.0,14.85,0.7301,0.5187,0.6365,0.0895,0.6479
C-10516,2026-04-21,53.0,799.0,9588.0,13.0,10.0,0.3,1.0,3.0,-0.6667,0.0,0.0,0.1196,9.0,6.0,0.75,8.0,1.0,28.0,28.0,0.5365,0.0,0,0,0,1,0,360.0,4593.23,40.0,80.0,0.129,0.7532,0.6083,0.9818,0.2297
C-10517,2026-01-06,5.0,249.0,2988.0,16.0,7.0,1.2857,9.0,8.0,0.125,2.0,0.0,0.7261,4.0,1.0,0.25,6.0,0.0,160.0,18.0,0.3943,1.0,0,1,1,1,0,360.0,1416.22,90.0,37.35,0.1382,0.6203,0.495,0.3663,0.2953
C-10518,2025-05-01,29.0,249.0,2988.0,19.0,19.0,0.0,5.0,3.0,0.6667,1.0,0.0,-0.7849,3.0,0.0,0.15,1.0,0.0,49.0,13.0,0.5687,1.0,0,1,1,0,1,360.0,1497.02,65.0,37.35,0.0891,0.6284,0.48,0.3934,0.2279
C-10519,2025-05-24,36.0,399.0,4788.0,11.0,8.0,0.375,13.0,11.0,0.1818,1.0,0.0,-0.3014,1.0,1.0,0.1,17.0,0.0,25.0,3.0,0.409,1.0,0,0,1,1,0,360.0,1983.11,65.0,59.85,0.2469,0.7164,0.3823,0.565,0.2423
C-10520,2024-02-25,22.0,399.0,4788.0,7.0,18.0,-0.6111,4.0,4.0,0.0,2.0,0.0,1.3155,7.0,7.0,0.7,27.0,0.0,121.0,2.0,0.4027,1.0,0,0,0,0,0,360.0,1604.93,90.0,59.85,0.3906,0.4563,0.5695,0.4308,0.5025
C-10521,2024-01-02,10.0,799.0,9588.0,12.0,16.0,-0.25,12.0,4.0,2.0,0.0,0.0,-1.5,8.0,8.0,0.8,12.0,0.0,41.0,7.0,0.2845,0.0,0,1,1,1,0,360.0,4444.97,40.0,80.0,0.1571,0.6204,0.6083,0.9777,0.1625
C-10522,2024-10-05,13.0,249.0,2988.0,15.0,21.0,-0.2857,10.0,8.0,0.25,1.0,0.0,-0.3616,4.0,3.0,0.35,22.0,1.0,136.0,21.0,0.6845,0.0,0,1,0,1,1,360.0,966.32,65.0,37.35,0.412,0.6646,0.3823,0.2331,0.3015
C-10523,2025-12-19,49.0,249.0,2988.0,16.0,27.0,-0.4074,1.0,1.0,0.0,2.0,1.0,-0.8572,0.0,0.0,0.0,10.0,0.0,170.0,6.0,0.0937,1.0,0,1,0,0,1,360.0,1201.96,90.0,37.35,0.2686,0.5758,0.3775,0.2985,0.5374
C-10524,2024-01-06,20.0,399.0,4788.0,2.0,1.0,1.0,0.0,3.0,-1.0,1.0,0.0,-0.1563,9.0,6.0,0.75,36.0,0.0,126.0,27.0,0.4603,0.0,1,0,1,0,0,360.0,2002.5,65.0,59.85,0.2396,0.572,0.47,0.5718,0.52
C-10525,2025-12-05,19.0,99.0,1188.0,14.0,27.0,-0.4815,1.0,2.0,-0.5,0.0,0.0,-0.3476,2.0,0.0,0.1,1.0,0.0,141.0,25.0,0.3637,0.0,0,1,0,0,0,120.0,509.39,40.0,14.85,0.2204,0.475,0.387,0.1366,0.1947
C-10526,2024-08-15,55.0,99.0,1188.0,0.0,3.0,-1.0,8.0,5.0,0.6,3.0,2.0,0.4817,6.0,3.0,0.45,9.0,0.0,91.0,14.0,0.5564,1.0,0,1,0,0,1,120.0,347.09,115.0,14.85,0.4688,0.6738,0.5597,0.1115,0.6615
C-10527,2024-03-28,10.0,249.0,2988.0,12.0,15.0,-0.2,11.0,7.0,0.5714,1.0,0.0,0.2044,0.0,0.0,0.0,25.0,0.0,65.0,4.0,0.3958,0.0,0,1,0,0,0,360.0,1009.38,65.0,37.35,0.3858,0.5516,0.2497,0.2443,0.31
C-10528,2024-03-25,55.0,49.0,588.0,5.0,10.0,-0.5,5.0,2.0,1.5,3.0,1.0,-1.0445,0.0,0.0,0.0,37.0,0.0,112.0,21.0,0.4017,1.0,1,1,0,1,1,120.0,138.42,115.0,8.0,0.572,0.6557,0.2611,0.0852,0.7613
C-10529,2025-08-26,55.0,99.0,1188.0,20.0,18.0,0.1111,5.0,4.0,0.25,2.0,0.0,-0.4705,10.0,9.0,0.95,18.0,0.0,67.0,33.0,0.3467,0.0,0,1,1,0,0,120.0,611.08,90.0,14.85,0.0648,0.7786,0.6365,0.1547,0.4231
C-10530,2024-02-09,36.0,399.0,4788.0,22.0,20.0,0.1,5.0,9.0,-0.4444,3.0,1.0,-0.0001,8.0,6.0,0.7,3.0,0.0,158.0,16.0,0.6787,0.0,1,1,0,1,0,360.0,2430.85,115.0,59.85,0.0769,0.6817,0.613,0.7112,0.5349
C-10531,2025-04-09,11.0,799.0,9588.0,29.0,24.0,0.2083,12.0,11.0,0.0909,2.0,0.0,0.5915,0.0,0.0,0.0,24.0,1.0,87.0,32.0,0.4005,1.0,0,1,0,1,0,360.0,3201.31,90.0,80.0,0.3929,0.7583,0.3143,0.881,0.3823
C-10532,2026-04-04,11.0,249.0,2988.0,16.0,11.0,0.4545,0.0,1.0,-1.0,1.0,0.0,1.9464,1.0,0.0,0.05,12.0,0.0,92.0,12.0,0.7939,0.0,0,0,1,0,0,360.0,1336.18,65.0,37.35,0.1869,0.4223,0.3186,0.3402,0.3452
C-10533,2025-06-04,18.0,149.0,1788.0,33.0,26.0,0.2692,3.0,7.0,-0.5714,5.0,1.0,0.5622,5.0,4.0,0.45,13.0,0.0,122.0,4.0,0.4544,0.0,0,0,1,0,1,120.0,809.8,165.0,22.35,0.1765,0.3616,0.4651,0.1955,0.7925
C-10534,2024-10-21,35.0,149.0,1788.0,9.0,9.0,0.0,1.0,1.0,0.0,1.0,1.0,-0.81,8.0,6.0,0.7,41.0,1.0,38.0,26.0,0.4044,0.0,1,1,0,0,1,120.0,567.31,65.0,22.35,0.4231,0.537,0.4256,0.1467,0.6637
C-10535,2026-02-23,10.0,399.0,4788.0,8.0,6.0,0.3333,7.0,6.0,0.1667,2.0,0.0,-0.0751,5.0,4.0,0.45,42.0,0.0,103.0,35.0,0.3709,1.0,0,0,1,0,1,360.0,1617.43,90.0,59.85,0.3858,0.6936,0.3965,0.4352,0.5769
C-10536,2024-03-05,28.0,249.0,2988.0,14.0,11.0,0.2727,12.0,10.0,0.2,1.0,1.0,0.1448,10.0,8.0,0.9,11.0,1.0,136.0,35.0,0.5128,1.0,0,1,0,0,1,360.0,1396.97,65.0,37.35,0.1499,0.8449,0.715,0.3599,0.3165
C-10537,2024-08-08,8.0,49.0,588.0,16.0,15.0,0.0667,10.0,9.0,0.1111,0.0,0.0,-0.4155,7.0,6.0,0.65,26.0,1.0,140.0,38.0,0.2823,1.0,0,1,0,0,0,120.0,228.92,40.0,8.0,0.2921,0.68,0.5548,0.0958,0.246
C-10538,2024-05-31,33.0,249.0,2988.0,17.0,19.0,-0.1053,4.0,3.0,0.3333,1.0,1.0,0.3762,7.0,6.0,0.65,24.0,1.0,44.0,5.0,0.4291,0.0,1,0,1,1,0,360.0,1137.6,65.0,37.35,0.3078,0.5439,0.49,0.2796,0.505
C-10539,2024-01-12,3.0,149.0,1788.0,21.0,23.0,-0.087,0.0,3.0,-1.0,0.0,0.0,-1.5,3.0,3.0,0.3,43.0,0.0,14.0,2.0,0.4016,0.0,1,0,0,0,0,120.0,365.16,40.0,22.35,0.6287,0.1987,0.2729,0.1141,0.4725
C-10540,2026-04-21,43.0,399.0,4788.0,2.0,7.0,-0.7143,8.0,9.0,-0.1111,0.0,0.0,0.4425,8.0,7.0,0.75,42.0,0.0,38.0,23.0,0.465,0.0,0,0,1,0,0,360.0,1280.03,40.0,59.85,0.5139,0.7564,0.4403,0.3224,0.3682
C-10541,2024-07-02,5.0,799.0,9588.0,12.0,9.0,0.3333,6.0,10.0,-0.4,1.0,0.0,-0.3811,10.0,8.0,0.9,15.0,0.0,148.0,38.0,0.47,1.0,0,1,0,1,0,360.0,4650.31,65.0,80.0,0.1182,0.7029,0.6985,0.9832,0.2994
C-10542,2024-03-05,13.0,799.0,9588.0,25.0,26.0,-0.0385,0.0,4.0,-1.0,1.0,0.0,-0.0878,0.0,0.0,0.0,1.0,0.0,51.0,39.0,0.4804,1.0,0,1,1,1,0,360.0,4575.73,65.0,80.0,0.1323,0.6373,0.4207,0.9814,0.2749
C-10543,2026-03-18,12.0,249.0,2988.0,8.0,12.0,-0.3333,2.0,1.0,1.0,1.0,0.0,1.1726,8.0,8.0,0.8,0.0,1.0,15.0,11.0,0.419,1.0,0,1,0,1,1,360.0,1232.98,65.0,37.35,0.2497,0.4514,0.7271,0.3079,0.2497
C-10544,2026-04-28,50.0,149.0,1788.0,3.0,7.0,-0.5714,3.0,5.0,-0.4,1.0,1.0,-1.0092,10.0,10.0,1.0,0.0,0.0,109.0,15.0,0.7138,1.0,0,1,1,0,1,120.0,873.35,65.0,22.35,0.1119,0.6068,0.7858,0.2102,0.343
C-10545,2024-07-05,5.0,149.0,1788.0,20.0,27.0,-0.2593,9.0,7.0,0.2857,1.0,0.0,0.2182,5.0,3.0,0.4,35.0,1.0,159.0,26.0,0.4845,1.0,1,0,0,1,0,120.0,428.94,65.0,22.35,0.5638,0.5295,0.411,0.1236,0.4013
C-10546,2024-12-20,26.0,99.0,1188.0,19.0,13.0,0.4615,7.0,5.0,0.4,1.0,0.0,0.6351,9.0,7.0,0.8,33.0,0.0,44.0,36.0,0.9212,0.0,0,1,0,0,0,120.0,526.72,65.0,14.85,0.1939,0.7033,0.505,0.1396,0.411
C-10547,2025-08-17,36.0,799.0,9588.0,27.0,27.0,0.0,9.0,11.0,-0.1818,1.0,0.0,0.1363,4.0,4.0,0.4,37.0,0.0,12.0,7.0,0.41,0.0,0,1,0,1,1,360.0,3263.85,65.0,80.0,0.3811,0.6591,0.3318,0.89,0.4158
C-10548,2025-01-11,31.0,799.0,9588.0,20.0,25.0,-0.2,10.0,9.0,0.1111,1.0,1.0,-1.2914,2.0,1.0,0.15,6.0,0.0,29.0,39.0,0.5918,0.0,0,1,1,1,0,360.0,3716.41,65.0,80.0,0.2953,0.8379,0.3823,0.9392,0.3058
C-10549,2025-11-27,41.0,799.0,9588.0,30.0,25.0,0.2,7.0,9.0,-0.2222,2.0,0.0,1.0803,9.0,9.0,0.9,2.0,1.0,27.0,32.0,0.2548,1.0,0,1,1,1,1,360.0,4715.78,90.0,80.0,0.1057,0.8156,0.7503,0.9847,0.2911
C-10550,2024-08-07,48.0,99.0,1188.0,13.0,16.0,-0.1875,0.0,1.0,-1.0,0.0,0.0,-0.1691,3.0,3.0,0.3,7.0,0.0,40.0,3.0,0.6802,0.0,0,0,1,1,0,120.0,584.46,40.0,14.85,0.1055,0.4495,0.4354,0.1498,0.2333
C-10551,2025-12-18,24.0,99.0,1188.0,14.0,22.0,-0.3636,10.0,10.0,0.0,0.0,0.0,-0.422,9.0,9.0,0.9,28.0,1.0,36.0,33.0,0.2591,0.0,0,1,1,1,0,120.0,422.69,40.0,14.85,0.3531,0.7096,0.5695,0.1226,0.2573
C-10552,2025-05-07,50.0,799.0,9588.0,32.0,26.0,0.2308,7.0,9.0,-0.2222,3.0,0.0,-0.2484,3.0,1.0,0.2,0.0,0.0,116.0,26.0,0.4912,0.0,0,1,0,1,0,360.0,4950.53,115.0,80.0,0.0612,0.819,0.4305,0.989,0.3659
C-10553,2024-01-10,20.0,249.0,2988.0,5.0,8.0,-0.375,3.0,5.0,-0.4,0.0,0.0,-0.3057,4.0,1.0,0.25,29.0,1.0,44.0,39.0,0.3471,1.0,0,0,0,1,0,360.0,778.6,40.0,37.35,0.5262,0.6785,0.3823,0.1886,0.3363
C-10554,2025-07-01,59.0,399.0,4788.0,0.0,2.0,-1.0,11.0,7.0,0.5714,1.0,0.0,-0.9521,8.0,7.0,0.75,40.0,0.0,100.0,9.0,0.4904,1.0,0,1,1,1,0,360.0,1159.45,65.0,59.85,0.5597,0.7773,0.525,0.286,0.4134
C-10555,2024-01-09,31.0,149.0,1788.0,9.0,9.0,0.0,6.0,10.0,-0.4,2.0,1.0,0.132,4.0,4.0,0.4,6.0,1.0,75.0,39.0,0.353,1.0,0,1,0,0,0,120.0,811.93,90.0,22.35,0.1744,0.7277,0.5548,0.196,0.4452
C-10556,2026-01-16,44.0,149.0,1788.0,25.0,18.0,0.3889,10.0,10.0,0.0,0.0,0.0,-0.4778,9.0,6.0,0.75,33.0,0.0,119.0,2.0,0.2421,0.0,0,1,0,0,1,120.0,824.97,40.0,22.35,0.1611,0.6129,0.485,0.1989,0.287
C-10557,2026-05-22,52.0,249.0,2988.0,15.0,15.0,0.0,4.0,7.0,-0.4286,0.0,0.0,0.5367,0.0,0.0,0.0,24.0,0.0,119.0,3.0,0.3457,0.0,0,1,0,0,0,360.0,1343.6,40.0,37.35,0.1824,0.6362,0.2535,0.3425,0.2932
C-10558,2024-05-16,47.0,399.0,4788.0,0.0,3.0,-1.0,3.0,1.0,2.0,1.0,1.0,0.4141,0.0,0.0,0.0,42.0,1.0,108.0,18.0,0.7083,0.0,0,1,0,0,1,360.0,318.08,65.0,59.85,0.8792,0.6178,0.1915,0.1075,0.6479
C-10559,2025-04-10,51.0,149.0,1788.0,19.0,16.0,0.1875,7.0,7.0,0.0,1.0,1.0,1.3005,0.0,0.0,0.0,10.0,0.0,161.0,26.0,0.4935,1.0,0,1,0,0,0,120.0,839.66,65.0,22.35,0.1462,0.7478,0.3775,0.2023,0.3659
C-10560,2024-10-23,33.0,399.0,4788.0,2.0,5.0,-0.6,8.0,8.0,0.0,1.0,0.0,-0.1693,3.0,2.0,0.25,10.0,0.0,39.0,7.0,0.1422,0.0,0,1,0,1,0,360.0,1919.98,65.0,59.85,0.2709,0.6398,0.4013,0.5427,0.2497
C-10561,2024-02-26,4.0,99.0,1188.0,25.0,14.0,0.7857,0.0,1.0,-1.0,2.0,0.0,-0.6426,0.0,0.0,0.0,0.0,1.0,96.0,11.0,0.6191,1.0,0,0,0,0,0,120.0,525.18,90.0,14.85,0.1962,0.2915,0.4256,0.1393,0.3543
C-10562,2025-08-20,30.0,149.0,1788.0,16.0,16.0,0.0,7.0,9.0,-0.2222,1.0,1.0,-1.1758,4.0,3.0,0.35,31.0,0.0,73.0,16.0,0.2217,0.0,0,1,1,1,0,120.0,682.71,65.0,22.35,0.3058,0.5713,0.3407,0.1685,0.52
C-10563,2024-01-24,12.0,799.0,9588.0,5.0,18.0,-0.7222,5.0,3.0,0.6667,1.0,0.0,1.7547,0.0,0.0,0.0,39.0,1.0,98.0,5.0,0.5487,1.0,1,0,0,0,1,360.0,942.5,65.0,80.0,0.8213,0.3964,0.2535,0.2271,0.48
C-10564,2024-01-22,53.0,799.0,9588.0,14.0,12.0,0.1667,14.0,10.0,0.4,3.0,0.0,0.5297,9.0,8.0,0.85,0.0,0.0,29.0,7.0,0.5106,0.0,0,1,0,1,1,360.0,4973.94,115.0,80.0,0.0568,0.8266,0.6814,0.9894,0.2891
C-10565,2025-12-16,15.0,799.0,9588.0,24.0,12.0,1.0,8.0,7.0,0.1429,2.0,0.0,-0.5539,1.0,0.0,0.05,22.0,1.0,60.0,6.0,0.5233,1.0,0,1,0,1,1,360.0,3440.84,90.0,80.0,0.3475,0.5365,0.3407,0.9125,0.4158
C-10566,2024-09-05,15.0,99.0,1188.0,28.0,19.0,0.4737,1.0,4.0,-0.75,0.0,0.0,1.3545,11.0,9.0,1.0,32.0,0.0,169.0,38.0,0.7706,1.0,0,0,1,0,0,120.0,532.73,40.0,14.85,0.1847,0.5567,0.6593,0.1406,0.3799
C-10567,2026-03-09,16.0,799.0,9588.0,32.0,21.0,0.5238,1.0,1.0,0.0,2.0,1.0,1.0849,10.0,8.0,0.9,35.0,0.0,145.0,37.0,0.2343,1.0,0,1,1,1,1,360.0,3776.07,90.0,80.0,0.2839,0.6383,0.6083,0.9439,0.7109
C-10568,2025-06-08,39.0,799.0,9588.0,16.0,22.0,-0.2727,7.0,1.0,6.0,3.0,3.0,-1.081,8.0,7.0,0.75,41.0,1.0,79.0,25.0,0.5222,1.0,1,1,0,1,1,360.0,1662.19,115.0,80.0,0.6848,0.7206,0.52,0.4509,0.8984
C-10569,2025-04-07,35.0,799.0,9588.0,15.0,10.0,0.5,9.0,9.0,0.0,0.0,0.0,-0.6028,9.0,7.0,0.8,32.0,0.0,24.0,27.0,0.6519,0.0,0,1,1,0,1,360.0,3911.46,40.0,80.0,0.2583,0.786,0.51,0.9533,0.2911
C-10570,2024-12-26,57.0,49.0,588.0,8.0,12.0,-0.3333,8.0,5.0,0.6,0.0,0.0,-0.1059,9.0,6.0,0.75,41.0,0.0,118.0,6.0,0.2713,0.0,0,1,0,0,0,120.0,228.92,40.0,8.0,0.2921,0.6488,0.4452,0.0958,0.3612
C-10571,2024-11-23,26.0,399.0,4788.0,10.0,9.0,0.1111,8.0,10.0,-0.2,1.0,1.0,-0.8561,10.0,8.0,0.9,44.0,0.0,57.0,2.0,0.2508,0.0,0,1,1,0,0,360.0,1742.0,65.0,59.85,0.3385,0.5624,0.49,0.4793,0.6035
C-10572,2024-07-17,18.0,799.0,9588.0,7.0,15.0,-0.5333,2.0,3.0,-0.3333,2.0,0.0,-0.0773,6.0,3.0,0.45,41.0,0.0,62.0,15.0,0.3426,1.0,0,0,0,1,0,360.0,2205.55,90.0,80.0,0.5818,0.4698,0.4013,0.6409,0.6295
C-10573,2025-09-11,4.0,399.0,4788.0,0.0,4.0,-1.0,12.0,11.0,0.0909,0.0,0.0,0.5696,7.0,7.0,0.7,19.0,0.0,21.0,39.0,0.4649,0.0,0,1,0,0,0,360.0,865.06,40.0,59.85,0.6715,0.7454,0.5349,0.2082,0.1931
C-10574,2025-06-18,2.0,99.0,1188.0,8.0,12.0,-0.3333,11.0,11.0,0.0,1.0,1.0,-1.0986,5.0,2.0,0.35,18.0,0.0,55.0,19.0,0.1179,1.0,0,0,1,0,0,120.0,388.82,65.0,14.85,0.4049,0.5219,0.475,0.1175,0.3752
C-10575,2024-01-20,23.0,399.0,4788.0,11.0,6.0,0.8333,0.0,2.0,-1.0,1.0,0.0,0.2344,7.0,4.0,0.55,19.0,1.0,42.0,32.0,0.5103,0.0,0,1,1,1,0,360.0,2084.77,65.0,59.85,0.2083,0.6262,0.475,0.6003,0.3941
C-10576,2024-10-12,55.0,49.0,588.0,20.0,15.0,0.3333,5.0,8.0,-0.375,2.0,1.0,0.9348,4.0,2.0,0.3,42.0,1.0,10.0,15.0,0.1183,0.0,1,1,0,0,1,120.0,134.08,90.0,8.0,0.5854,0.6124,0.2769,0.0847,0.713
C-10577,2026-03-03,32.0,149.0,1788.0,25.0,23.0,0.087,13.0,11.0,0.1818,0.0,0.0,0.3202,1.0,0.0,0.05,12.0,0.0,107.0,13.0,0.6587,0.0,1,1,0,1,0,120.0,842.1,40.0,22.35,0.1437,0.6896,0.3186,0.2029,0.1558
C-10578,2025-03-10,53.0,249.0,2988.0,19.0,27.0,-0.2963,6.0,4.0,0.5,0.0,0.0,-0.0605,11.0,9.0,1.0,33.0,0.0,174.0,32.0,0.5028,1.0,0,1,1,0,0,360.0,1337.84,40.0,37.35,0.1859,0.833,0.6548,0.3407,0.3296
C-10579,2024-08-13,7.0,149.0,1788.0,11.0,13.0,-0.1538,4.0,1.0,3.0,2.0,0.0,-0.5345,8.0,7.0,0.75,28.0,0.0,27.0,19.0,0.7826,1.0,0,0,1,0,0,120.0,610.53,90.0,22.35,0.3792,0.4111,0.5842,0.1546,0.51
C-10580,2024-07-21,7.0,399.0,4788.0,0.0,2.0,-1.0,14.0,10.0,0.4,0.0,0.0,0.6647,8.0,6.0,0.7,2.0,0.0,14.0,29.0,0.5338,1.0,1,1,1,1,0,360.0,1379.2,40.0,59.85,0.4763,0.7487,0.6857,0.3541,0.1151
C-10581,2024-06-17,50.0,99.0,1188.0,12.0,7.0,0.7143,6.0,6.0,0.0,1.0,0.0,-0.9415,3.0,1.0,0.2,21.0,0.0,22.0,29.0,0.339,0.0,0,1,0,0,0,120.0,506.18,65.0,14.85,0.2253,0.7383,0.3318,0.1361,0.3385
C-10582,2026-01-29,8.0,249.0,2988.0,10.0,3.0,2.3333,0.0,1.0,-1.0,2.0,1.0,0.1942,9.0,9.0,0.9,8.0,0.0,100.0,29.0,0.2403,0.0,0,1,1,1,1,360.0,1450.93,90.0,37.35,0.1171,0.5428,0.6637,0.3779,0.5349
C-10583,2024-10-01,5.0,249.0,2988.0,27.0,21.0,0.2857,13.0,10.0,0.3,1.0,0.0,0.0204,6.0,6.0,0.6,32.0,1.0,149.0,27.0,0.4478,0.0,1,1,0,0,1,360.0,1032.57,65.0,37.35,0.3717,0.724,0.4305,0.2504,0.334
C-10584,2024-09-19,25.0,249.0,2988.0,22.0,27.0,-0.1852,9.0,8.0,0.125,2.0,0.0,0.9005,0.0,0.0,0.0,20.0,0.0,59.0,32.0,0.3939,0.0,1,1,0,0,0,360.0,1182.32,90.0,37.35,0.2806,0.7755,0.2689,0.2927,0.3894
C-10585,2024-02-26,55.0,99.0,1188.0,0.0,15.0,-1.0,0.0,1.0,-1.0,2.0,1.0,-0.4662,11.0,9.0,1.0,16.0,0.0,25.0,19.0,0.6372,0.0,1,1,0,0,0,120.0,343.84,90.0,14.85,0.4738,0.558,0.6637,0.111,0.5939
C-10586,2026-02-23,41.0,99.0,1188.0,0.0,5.0,-1.0,0.0,3.0,-1.0,2.0,1.0,-0.3982,11.0,11.0,1.0,2.0,0.0,21.0,12.0,0.2143,1.0,0,0,1,0,1,120.0,410.54,90.0,14.85,0.3717,0.4487,0.779,0.1208,0.49
C-10587,2024-12-09,7.0,99.0,1188.0,10.0,1.0,9.0,2.0,1.0,1.0,1.0,1.0,-0.9935,10.0,7.0,0.85,5.0,1.0,111.0,20.0,0.8042,1.0,0,1,1,0,1,120.0,547.69,65.0,14.85,0.1618,0.4059,0.7231,0.1432,0.3894
C-10588,2025-09-13,50.0,149.0,1788.0,25.0,27.0,-0.0741,10.0,11.0,-0.0909,1.0,0.0,0.3498,5.0,5.0,0.5,34.0,0.0,67.0,13.0,0.655,0.0,0,0,1,0,1,120.0,778.8,65.0,22.35,0.2081,0.7081,0.3823,0.1886,0.3823
C-10589,2025-09-22,50.0,249.0,2988.0,4.0,9.0,-0.5556,0.0,1.0,-1.0,2.0,0.0,-0.3391,2.0,0.0,0.1,38.0,0.0,66.0,2.0,0.3593,1.0,0,1,0,0,0,360.0,792.95,90.0,37.35,0.5175,0.5003,0.2891,0.1918,0.6318
C-10590,2024-11-04,48.0,149.0,1788.0,14.0,4.0,2.5,11.0,9.0,0.2222,0.0,0.0,-0.6897,0.0,0.0,0.0,13.0,1.0,46.0,15.0,0.7596,1.0,1,1,1,0,0,120.0,801.79,40.0,22.35,0.1847,0.7306,0.3635,0.1937,0.1736
C-10591,2025-03-15,54.0,149.0,1788.0,13.0,5.0,1.6,7.0,6.0,0.1667,1.0,0.0,-0.6135,8.0,7.0,0.75,37.0,0.0,161.0,20.0,0.2434,0.0,0,0,0,0,1,120.0,820.94,65.0,22.35,0.1652,0.7226,0.4651,0.198,0.4403
C-10592,2024-03-30,15.0,99.0,1188.0,7.0,7.0,0.0,10.0,7.0,0.4286,1.0,0.0,0.4297,10.0,9.0,0.95,24.0,0.0,70.0,21.0,0.4411,1.0,0,1,0,1,0,120.0,560.71,65.0,14.85,0.1419,0.6128,0.677,0.1455,0.3143
C-10593,2025-08-12,58.0,99.0,1188.0,16.0,18.0,-0.1111,4.0,9.0,-0.5556,2.0,0.0,-0.8824,1.0,0.0,0.05,15.0,0.0,128.0,14.0,0.1447,0.0,0,0,0,1,1,120.0,563.85,90.0,14.85,0.1371,0.6528,0.3058,0.146,0.4134
C-10594,2025-08-17,20.0,249.0,2988.0,24.0,25.0,-0.04,10.0,10.0,0.0,1.0,1.0,-0.8113,8.0,8.0,0.8,20.0,0.0,134.0,29.0,0.7693,0.0,1,1,1,0,0,360.0,1343.11,65.0,37.35,0.1827,0.7647,0.5695,0.3424,0.4013
C-10595,2024-07-07,48.0,399.0,4788.0,9.0,8.0,0.125,3.0,2.0,0.5,0.0,0.0,0.7171,0.0,0.0,0.0,31.0,1.0,15.0,12.0,0.0705,0.0,1,0,1,1,0,360.0,1398.89,40.0,59.85,0.4688,0.6285,0.2279,0.3605,0.3498
C-10596,2024-06-21,35.0,99.0,1188.0,29.0,19.0,0.5263,0.0,1.0,-1.0,2.0,2.0,-0.1329,9.0,7.0,0.8,40.0,0.0,48.0,26.0,0.1119,0.0,0,1,1,0,1,120.0,413.59,90.0,14.85,0.367,0.5241,0.47,0.1213,0.832
C-10597,2024-12-16,47.0,799.0,9588.0,5.0,2.0,1.5,0.0,2.0,-1.0,1.0,0.0,0.7644,0.0,0.0,0.0,22.0,1.0,161.0,11.0,0.2731,1.0,0,1,0,1,0,360.0,3921.54,65.0,80.0,0.2564,0.5846,0.323,0.9539,0.4158
C-10598,2025-09-02,38.0,249.0,2988.0,5.0,1.0,4.0,5.0,8.0,-0.375,3.0,2.0,-0.2875,11.0,8.0,0.95,15.0,0.0,159.0,39.0,0.6645,1.0,0,1,0,0,1,360.0,1420.11,115.0,37.35,0.1359,0.8118,0.715,0.3676,0.7311
C-10599,2025-04-03,39.0,99.0,1188.0,9.0,2.0,3.5,7.0,7.0,0.0,2.0,1.0,-0.0009,2.0,0.0,0.1,34.0,1.0,77.0,26.0,0.591,0.0,0,1,1,0,1,120.0,350.34,90.0,14.85,0.4638,0.6655,0.246,0.112,0.6388
C-10600,2024-02-24,37.0,149.0,1788.0,18.0,25.0,-0.28,5.0,1.0,4.0,0.0,0.0,0.125,4.0,4.0,0.4,23.0,1.0,32.0,22.0,0.4244,1.0,0,0,0,1,0,120.0,662.74,40.0,22.35,0.3261,0.6075,0.47,0.1646,0.2769
C-10601,2025-05-19,47.0,49.0,588.0,21.0,16.0,0.3125,8.0,3.0,1.6667,1.0,0.0,1.1098,8.0,6.0,0.7,17.0,1.0,57.0,17.0,0.6038,0.0,0,0,1,0,0,120.0,282.05,65.0,8.0,0.1279,0.6955,0.5449,0.1026,0.2911
C-10602,2025-09-15,44.0,49.0,588.0,20.0,22.0,-0.0909,3.0,6.0,-0.5,1.0,0.0,1.0447,10.0,9.0,0.95,20.0,0.0,171.0,30.0,0.3769,1.0,0,1,1,0,1,120.0,292.6,65.0,8.0,0.0952,0.684,0.6942,0.104,0.3659
C-10603,2024-06-13,9.0,149.0,1788.0,0.0,1.0,-1.0,10.0,9.0,0.1111,1.0,0.0,0.9226,4.0,1.0,0.25,24.0,0.0,122.0,17.0,0.4845,1.0,1,1,1,1,0,120.0,321.96,65.0,22.35,0.6726,0.4884,0.4061,0.108,0.3143
C-10604,2025-01-27,49.0,149.0,1788.0,0.0,1.0,-1.0,5.0,4.0,0.25,2.0,0.0,-0.5031,11.0,10.0,1.0,6.0,1.0,18.0,32.0,0.7303,0.0,1,0,1,0,1,120.0,580.45,90.0,22.35,0.4097,0.7181,0.7068,0.149,0.3385
C-10605,2025-12-13,33.0,399.0,4788.0,17.0,23.0,-0.2609,11.0,11.0,0.0,2.0,2.0,-0.7895,0.0,0.0,0.0,2.0,0.0,130.0,7.0,0.3507,0.0,0,0,0,0,1,360.0,1943.37,90.0,59.85,0.262,0.694,0.3452,0.551,0.4775
C-10606,2024-10-13,20.0,49.0,588.0,6.0,3.0,1.0,11.0,11.0,0.0,0.0,0.0,0.6086,5.0,2.0,0.35,29.0,0.0,30.0,32.0,0.2467,0.0,1,0,0,0,0,120.0,243.24,40.0,8.0,0.2479,0.7142,0.3498,0.0976,0.2535
C-10607,2024-03-20,31.0,799.0,9588.0,6.0,5.0,0.2,9.0,9.0,0.0,2.0,1.0,1.1014,11.0,11.0,1.0,7.0,1.0,58.0,38.0,0.4941,0.0,0,1,1,1,1,360.0,4671.96,90.0,80.0,0.1141,0.8352,0.7027,0.9837,0.4158
C-10608,2026-03-27,58.0,99.0,1188.0,16.0,15.0,0.0667,9.0,5.0,0.8,1.0,0.0,0.9303,3.0,2.0,0.25,23.0,1.0,89.0,10.0,0.5481,1.0,1,0,0,0,0,120.0,525.18,65.0,14.85,0.1962,0.7072,0.411,0.1393,0.3186
C-10609,2024-03-27,51.0,49.0,588.0,29.0,17.0,0.7059,12.0,10.0,0.2,0.0,0.0,0.0104,6.0,6.0,0.6,35.0,0.0,66.0,9.0,0.4221,0.0,0,1,0,0,1,120.0,265.84,40.0,8.0,0.178,0.7233,0.4158,0.1005,0.2789
C-10610,2024-02-24,50.0,399.0,4788.0,0.0,7.0,-1.0,6.0,9.0,-0.3333,1.0,0.0,0.5822,5.0,4.0,0.45,9.0,1.0,127.0,38.0,0.6007,0.0,1,1,0,0,0,360.0,1512.74,65.0,59.85,0.4256,0.833,0.485,0.3988,0.2631
C-10611,2024-08-08,28.0,399.0,4788.0,13.0,13.0,0.0,7.0,6.0,0.1667,0.0,0.0,0.5963,4.0,4.0,0.4,17.0,0.0,32.0,16.0,0.3597,0.0,0,1,0,1,0,360.0,2264.63,40.0,59.85,0.14,0.6748,0.4256,0.6601,0.2244
C-10612,2025-10-24,47.0,249.0,2988.0,21.0,19.0,0.1053,7.0,5.0,0.4,1.0,1.0,0.1192,9.0,7.0,0.8,44.0,0.0,158.0,28.0,0.4255,0.0,0,1,0,0,1,360.0,1166.68,65.0,37.35,0.2901,0.8014,0.4502,0.2881,0.6154
C-10613,2025-07-31,24.0,49.0,588.0,8.0,12.0,-0.3333,10.0,10.0,0.0,0.0,0.0,0.1539,6.0,6.0,0.6,1.0,1.0,108.0,8.0,0.4749,1.0,0,0,1,0,0,120.0,269.3,40.0,8.0,0.1673,0.5588,0.6548,0.1009,0.1335
C-10614,2024-07-26,41.0,49.0,588.0,11.0,11.0,0.0,9.0,7.0,0.2857,3.0,1.0,0.0786,8.0,6.0,0.7,34.0,0.0,58.0,17.0,0.4575,1.0,0,1,1,0,1,120.0,246.51,115.0,8.0,0.2378,0.6751,0.5349,0.098,0.7047
C-10615,2024-03-08,39.0,149.0,1788.0,0.0,2.0,-1.0,3.0,3.0,0.0,1.0,1.0,-0.6305,6.0,5.0,0.55,7.0,0.0,172.0,28.0,0.7227,0.0,1,1,0,1,0,120.0,592.29,65.0,22.35,0.3977,0.6133,0.5349,0.1512,0.3917
C-10616,2026-04-21,16.0,149.0,1788.0,21.0,13.0,0.6154,11.0,11.0,0.0,1.0,1.0,-0.5488,11.0,8.0,0.95,40.0,1.0,88.0,35.0,0.4739,1.0,0,1,1,0,0,120.0,563.7,65.0,22.35,0.4268,0.6978,0.6035,0.146,0.5374
C-10617,2024-01-07,17.0,799.0,9588.0,18.0,22.0,-0.1818,1.0,1.0,0.0,0.0,0.0,-0.5612,5.0,2.0,0.35,18.0,0.0,77.0,18.0,0.3392,0.0,0,0,0,1,0,360.0,4083.17,40.0,80.0,0.2257,0.5118,0.4013,0.9631,0.287
C-10618,2026-03-26,5.0,99.0,1188.0,29.0,17.0,0.7059,2.0,8.0,-0.75,3.0,1.0,-1.2794,9.0,7.0,0.8,0.0,0.0,8.0,3.0,0.5056,0.0,1,0,1,0,0,120.0,552.04,115.0,14.85,0.1551,0.2834,0.6637,0.144,0.5498
C-10619,2025-02-20,10.0,99.0,1188.0,25.0,25.0,0.0,7.0,8.0,-0.125,0.0,0.0,0.1143,7.0,6.0,0.65,32.0,0.0,179.0,17.0,0.6018,0.0,0,1,1,0,0,120.0,489.61,40.0,14.85,0.2507,0.4862,0.4502,0.1333,0.3122
C-10620,2024-06-20,27.0,799.0,9588.0,10.0,4.0,1.5,5.0,7.0,-0.2857,2.0,1.0,-0.0325,9.0,7.0,0.8,6.0,0.0,153.0,26.0,0.5548,1.0,0,1,1,1,0,360.0,4795.05,90.0,80.0,0.0907,0.7057,0.7027,0.9863,0.4576
C-10621,2024-11-01,29.0,49.0,588.0,1.0,1.0,0.0,0.0,1.0,-1.0,0.0,0.0,0.6096,10.0,8.0,0.9,16.0,0.0,35.0,35.0,0.5438,1.0,0,1,0,1,0,120.0,294.59,40.0,8.0,0.0891,0.5952,0.6942,0.1043,0.285
C-10622,2024-09-30,11.0,49.0,588.0,15.0,15.0,0.0,9.0,6.0,0.5,0.0,0.0,1.0086,2.0,2.0,0.2,22.0,1.0,170.0,33.0,0.1004,0.0,0,1,0,0,0,120.0,216.45,40.0,8.0,0.3307,0.6375,0.3274,0.0943,0.2333
C-10623,2024-05-18,26.0,149.0,1788.0,1.0,5.0,-0.8,11.0,10.0,0.1,2.0,1.0,1.0594,3.0,2.0,0.25,33.0,0.0,144.0,30.0,0.05,0.0,1,1,0,0,0,120.0,292.4,90.0,22.35,0.7027,0.6789,0.2973,0.104,0.5842
C-10624,2025-01-15,37.0,149.0,1788.0,18.0,17.0,0.0588,2.0,3.0,-0.3333,0.0,0.0,1.1348,3.0,0.0,0.15,18.0,0.0,78.0,7.0,0.6551,0.0,0,0,0,1,0,120.0,828.91,40.0,22.35,0.1571,0.458,0.3274,0.1998,0.2769
C-10625,2025-08-01,15.0,249.0,2988.0,27.0,25.0,0.08,6.0,8.0,-0.25,0.0,0.0,-0.6057,5.0,4.0,0.45,38.0,0.0,167.0,21.0,0.4878,1.0,1,0,0,0,0,360.0,1105.36,40.0,37.35,0.3274,0.6098,0.4158,0.2705,0.3635
C-10626,2025-02-20,21.0,799.0,9588.0,5.0,10.0,-0.5,10.0,10.0,0.0,0.0,0.0,-1.1456,5.0,5.0,0.5,21.0,0.0,102.0,23.0,0.3957,1.0,1,0,0,1,1,360.0,3546.93,40.0,80.0,0.3274,0.7204,0.52,0.9238,0.2193
C-10627,2025-07-19,23.0,799.0,9588.0,14.0,15.0,-0.0667,13.0,11.0,0.1818,1.0,1.0,0.7446,0.0,0.0,0.0,15.0,0.0,125.0,19.0,0.5389,0.0,0,1,0,1,0,360.0,3855.16,65.0,80.0,0.2689,0.7569,0.2891,0.9496,0.3318
C-10628,2026-05-05,31.0,99.0,1188.0,15.0,19.0,-0.2105,3.0,6.0,-0.5,4.0,1.0,1.1057,10.0,7.0,0.85,15.0,1.0,37.0,36.0,0.7855,0.0,0,1,0,0,1,120.0,499.35,140.0,14.85,0.2358,0.6507,0.613,0.1349,0.7311
C-10629,2024-04-17,23.0,799.0,9588.0,19.0,5.0,2.8,3.0,4.0,-0.25,0.0,0.0,1.2448,10.0,8.0,0.9,36.0,1.0,24.0,38.0,0.6827,0.0,1,1,0,1,0,360.0,3074.26,40.0,80.0,0.417,0.6967,0.53,0.8606,0.3846
C-10630,2025-10-13,44.0,249.0,2988.0,24.0,25.0,-0.04,10.0,8.0,0.25,1.0,0.0,0.388,7.0,5.0,0.6,29.0,0.0,97.0,9.0,0.5924,0.0,0,1,1,0,1,360.0,1372.58,65.0,37.35,0.1648,0.7441,0.4452,0.3519,0.3475
C-10631,2024-07-21,20.0,49.0,588.0,15.0,6.0,1.5,1.0,6.0,-0.8333,0.0,0.0,-1.5,3.0,2.0,0.25,5.0,1.0,62.0,38.0,0.2227,0.0,0,1,0,0,0,120.0,271.3,40.0,8.0,0.1611,0.5841,0.4256,0.1012,0.2142
C-10632,2024-01-17,27.0,799.0,9588.0,21.0,22.0,-0.0455,6.0,7.0,-0.1429,1.0,0.0,0.2925,9.0,8.0,0.85,33.0,0.0,176.0,34.0,0.2486,0.0,0,0,0,1,1,360.0,4232.9,65.0,80.0,0.1973,0.7579,0.525,0.97,0.4231
C-10633,2024-11-17,24.0,49.0,588.0,20.0,18.0,0.1111,7.0,9.0,-0.2222,0.0,0.0,0.4444,3.0,0.0,0.15,18.0,0.0,19.0,28.0,0.05,0.0,1,0,0,0,0,120.0,232.23,40.0,8.0,0.2819,0.6316,0.3274,0.0962,0.2297
C-10634,2024-12-13,12.0,249.0,2988.0,0.0,4.0,-1.0,7.0,8.0,-0.125,2.0,1.0,1.0017,3.0,0.0,0.15,15.0,1.0,138.0,15.0,0.5267,0.0,1,1,0,0,1,360.0,392.23,90.0,37.35,0.7613,0.5173,0.3407,0.118,0.5
C-10635,2026-05-23,41.0,399.0,4788.0,17.0,20.0,-0.15,1.0,3.0,-0.6667,1.0,1.0,1.1437,11.0,10.0,1.0,4.0,0.0,110.0,30.0,0.6217,0.0,0,0,1,1,1,360.0,2436.39,65.0,59.85,0.0748,0.7236,0.715,0.7128,0.3941
C-10636,2024-10-30,15.0,99.0,1188.0,7.0,6.0,0.1667,9.0,9.0,0.0,0.0,0.0,0.7277,11.0,10.0,1.0,44.0,1.0,158.0,23.0,0.638,1.0,1,0,0,0,0,120.0,405.95,40.0,14.85,0.3787,0.5795,0.6035,0.1201,0.3705
C-10637,2025-11-08,19.0,99.0,1188.0,27.0,17.0,0.5882,10.0,6.0,0.6667,1.0,1.0,-0.4698,7.0,7.0,0.7,2.0,0.0,179.0,36.0,0.5351,0.0,1,1,0,1,0,120.0,592.49,65.0,14.85,0.0932,0.7337,0.6177,0.1512,0.2809
C-10638,2026-04-04,47.0,149.0,1788.0,27.0,26.0,0.0385,10.0,11.0,-0.0909,1.0,0.0,-0.8233,2.0,2.0,0.2,44.0,1.0,157.0,28.0,0.3692,0.0,1,0,0,0,1,120.0,554.05,65.0,22.35,0.4366,0.7616,0.2387,0.1443,0.4551
C-10639,2024-10-24,57.0,799.0,9588.0,34.0,26.0,0.3077,8.0,8.0,0.0,1.0,0.0,0.4272,1.0,0.0,0.05,2.0,0.0,70.0,38.0,0.2871,0.0,0,0,1,1,0,360.0,4912.18,65.0,80.0,0.0685,0.8895,0.3635,0.9884,0.2075
C-10640,2024-06-06,40.0,99.0,1188.0,28.0,24.0,0.1667,14.0,10.0,0.4,1.0,0.0,-0.6339,11.0,9.0,1.0,22.0,0.0,126.0,17.0,0.2349,0.0,1,0,1,0,0,120.0,594.4,65.0,14.85,0.0903,0.7658,0.6365,0.1516,0.2611
C-10641,2026-05-01,55.0,249.0,2988.0,24.0,14.0,0.7143,9.0,11.0,-0.1818,3.0,2.0,1.1801,3.0,1.0,0.2,4.0,0.0,33.0,4.0,0.3673,0.0,0,1,1,0,0,360.0,1434.19,115.0,37.35,0.1273,0.7458,0.411,0.3722,0.6154
C-10642,2025-02-08,51.0,149.0,1788.0,16.0,16.0,0.0,14.0,11.0,0.2727,2.0,1.0,-1.3636,8.0,5.0,0.65,22.0,1.0,90.0,20.0,0.2044,0.0,0,1,0,0,0,120.0,782.55,90.0,22.35,0.2042,0.8081,0.5,0.1895,0.4651
C-10643,2025-02-05,29.0,49.0,588.0,23.0,9.0,1.5556,9.0,9.0,0.0,2.0,1.0,0.4535,4.0,3.0,0.35,37.0,0.0,52.0,39.0,0.7512,0.0,0,1,0,0,0,120.0,203.95,90.0,8.0,0.3694,0.7475,0.3143,0.0928,0.6365
C-10644,2025-10-04,46.0,399.0,4788.0,22.0,25.0,-0.12,11.0,7.0,0.5714,4.0,0.0,0.2556,5.0,5.0,0.5,26.0,0.0,48.0,26.0,0.1395,1.0,0,0,0,1,1,360.0,2173.85,140.0,59.85,0.1745,0.8446,0.495,0.6304,0.6059
C-10645,2024-12-01,21.0,399.0,4788.0,8.0,13.0,-0.3846,3.0,2.0,0.5,0.0,0.0,-0.1654,11.0,8.0,0.95,24.0,0.0,104.0,28.0,0.3606,1.0,0,1,0,1,0,360.0,2022.75,40.0,59.85,0.2319,0.642,0.677,0.5789,0.3036
C-10646,2025-04-22,28.0,249.0,2988.0,14.0,21.0,-0.3333,5.0,5.0,0.0,2.0,0.0,-0.7401,7.0,4.0,0.55,5.0,0.0,27.0,25.0,0.05,0.0,0,1,0,1,0,360.0,1302.38,90.0,37.35,0.2075,0.6913,0.5449,0.3294,0.3318
C-10647,2026-04-12,33.0,99.0,1188.0,24.0,10.0,1.4,5.0,6.0,-0.1667,2.0,2.0,-1.5,5.0,3.0,0.4,42.0,0.0,104.0,24.0,0.4593,0.0,0,1,0,0,1,120.0,337.31,90.0,14.85,0.4838,0.5837,0.31,0.1101,0.8038
C-10648,2024-02-12,57.0,49.0,588.0,25.0,20.0,0.25,7.0,9.0,-0.2222,1.0,0.0,-0.4251,4.0,4.0,0.4,16.0,1.0,75.0,3.0,0.3995,1.0,0,1,1,0,0,120.0,279.27,65.0,8.0,0.1365,0.6276,0.505,0.1022,0.2953
C-10649,2025-10-11,51.0,149.0,1788.0,5.0,7.0,-0.2857,7.0,7.0,0.0,0.0,0.0,-0.4111,2.0,1.0,0.15,24.0,0.0,45.0,17.0,0.3286,1.0,0,1,0,0,0,120.0,738.86,40.0,22.35,0.2487,0.6826,0.3682,0.1801,0.2631
C-10650,2024-12-16,30.0,249.0,2988.0,27.0,20.0,0.35,7.0,5.0,0.4,1.0,0.0,0.8894,6.0,4.0,0.5,40.0,0.0,103.0,4.0,0.2134,0.0,0,0,1,1,0,360.0,1168.37,65.0,37.35,0.2891,0.5831,0.3543,0.2886,0.4626
C-10651,2025-04-28,39.0,249.0,2988.0,6.0,2.0,2.0,1.0,2.0,-0.5,1.0,1.0,-0.6263,6.0,3.0,0.45,28.0,0.0,136.0,14.0,0.4005,1.0,0,1,0,1,1,360.0,1257.12,65.0,37.35,0.2351,0.5896,0.4651,0.3153,0.572
C-10652,2026-03-13,13.0,99.0,1188.0,15.0,3.0,4.0,7.0,8.0,-0.125,1.0,0.0,0.3622,1.0,0.0,0.05,33.0,0.0,111.0,29.0,0.2911,1.0,0,1,0,0,1,120.0,415.1,65.0,14.85,0.3647,0.5763,0.2932,0.1215,0.411
C-10653,2025-06-13,48.0,249.0,2988.0,1.0,10.0,-0.9,4.0,5.0,-0.2,0.0,0.0,-1.0338,4.0,3.0,0.35,8.0,0.0,20.0,32.0,0.3726,0.0,1,1,0,0,0,360.0,946.05,40.0,37.35,0.4243,0.7734,0.4502,0.2279,0.2042
C-10654,2025-01-04,34.0,99.0,1188.0,12.0,14.0,-0.1429,3.0,1.0,2.0,1.0,1.0,0.3842,7.0,6.0,0.65,20.0,0.0,103.0,9.0,0.7915,0.0,1,1,1,0,1,120.0,522.88,65.0,14.85,0.1998,0.4726,0.51,0.1389,0.4875
C-10655,2026-05-08,32.0,399.0,4788.0,17.0,20.0,-0.15,7.0,4.0,0.75,0.0,0.0,-1.5,0.0,0.0,0.0,24.0,0.0,114.0,26.0,0.4344,1.0,1,0,1,0,0,360.0,1888.35,40.0,59.85,0.2829,0.7386,0.3143,0.5315,0.2631
C-10656,2025-06-17,46.0,399.0,4788.0,0.0,10.0,-1.0,8.0,10.0,-0.2,0.0,0.0,1.6762,11.0,11.0,1.0,7.0,0.0,124.0,9.0,0.5066,1.0,0,0,1,1,0,360.0,2058.26,40.0,59.85,0.2184,0.7152,0.7613,0.5912,0.1694
C-10657,2024-05-14,38.0,249.0,2988.0,7.0,1.0,6.0,0.0,2.0,-1.0,0.0,0.0,-0.1129,10.0,10.0,1.0,17.0,0.0,79.0,8.0,0.3071,0.0,0,0,1,1,1,360.0,1519.31,40.0,37.35,0.0755,0.5405,0.6593,0.4011,0.2911
C-10658,2024-03-19,6.0,49.0,588.0,7.0,9.0,-0.2222,5.0,5.0,0.0,1.0,1.0,-1.5,7.0,4.0,0.55,37.0,0.0,21.0,38.0,0.2431,1.0,1,1,0,0,1,120.0,116.08,65.0,8.0,0.6411,0.5348,0.4601,0.0827,0.589
C-10659,2024-11-02,18.0,799.0,9588.0,16.0,12.0,0.3333,9.0,6.0,0.5,1.0,1.0,-0.5742,0.0,0.0,0.0,41.0,0.0,27.0,24.0,0.3954,0.0,0,0,0,1,1,360.0,1779.13,65.0,80.0,0.6626,0.6612,0.1947,0.4925,0.5695
C-10660,2025-09-25,12.0,49.0,588.0,29.0,15.0,0.9333,3.0,1.0,2.0,2.0,0.0,-0.7005,6.0,3.0,0.45,37.0,1.0,63.0,8.0,0.9008,1.0,0,0,0,0,1,120.0,183.4,90.0,8.0,0.4329,0.3326,0.4207,0.0903,0.589
C-10661,2025-01-06,44.0,799.0,9588.0,16.0,18.0,-0.1111,0.0,2.0,-1.0,2.0,1.0,-0.5247,10.0,9.0,0.95,42.0,1.0,116.0,6.0,0.3425,0.0,0,0,1,1,1,360.0,3188.71,90.0,80.0,0.3953,0.5156,0.52,0.8791,0.7613
C-10662,2024-05-28,4.0,49.0,588.0,4.0,7.0,-0.4286,10.0,11.0,-0.0909,4.0,3.0,-0.2917,0.0,0.0,0.0,44.0,0.0,134.0,2.0,0.4723,0.0,1,1,0,0,1,120.0,40.58,140.0,8.0,0.8745,0.3324,0.1854,0.0749,0.9255
C-10663,2026-05-18,13.0,249.0,2988.0,18.0,17.0,0.0588,4.0,7.0,-0.4286,2.0,1.0,-0.5301,9.0,9.0,0.9,8.0,0.0,122.0,20.0,0.2343,1.0,0,1,1,1,1,360.0,1463.31,90.0,37.35,0.1096,0.5806,0.7271,0.382,0.485
C-10664,2024-06-23,36.0,49.0,588.0,24.0,18.0,0.3333,2.0,3.0,-0.3333,0.0,0.0,-0.6531,10.0,10.0,1.0,38.0,0.0,59.0,4.0,0.05,0.0,0,0,1,1,0,120.0,265.84,40.0,8.0,0.178,0.4282,0.5597,0.1005,0.411
C-10665,2024-03-15,42.0,49.0,588.0,18.0,21.0,-0.1429,6.0,2.0,2.0,0.0,0.0,-0.9269,0.0,0.0,0.0,27.0,1.0,82.0,23.0,0.242,0.0,0,0,0,0,0,120.0,201.9,40.0,8.0,0.3757,0.6507,0.2423,0.0925,0.2911
C-10666,2024-12-02,31.0,399.0,4788.0,11.0,15.0,-0.2667,1.0,5.0,-0.8,1.0,1.0,0.6574,2.0,0.0,0.1,38.0,0.0,13.0,17.0,0.8761,1.0,1,1,0,0,1,360.0,853.48,65.0,59.85,0.6759,0.518,0.2891,0.2055,0.6434
C-10667,2024-04-08,51.0,399.0,4788.0,28.0,22.0,0.2727,3.0,8.0,-0.625,0.0,0.0,0.9609,8.0,8.0,0.8,28.0,0.0,144.0,25.0,0.5191,0.0,0,1,1,1,1,360.0,2326.34,40.0,59.85,0.1166,0.7598,0.53,0.6796,0.3296
C-10668,2025-06-06,55.0,49.0,588.0,8.0,6.0,0.3333,6.0,9.0,-0.3333,2.0,1.0,-0.2037,10.0,8.0,0.9,5.0,0.0,66.0,9.0,0.7282,1.0,0,1,0,0,0,120.0,305.88,90.0,8.0,0.0542,0.6509,0.7389,0.1058,0.4378
C-10669,2025-01-18,9.0,799.0,9588.0,8.0,20.0,-0.6,3.0,3.0,0.0,3.0,0.0,-0.0141,9.0,9.0,0.9,25.0,0.0,94.0,6.0,0.3305,1.0,0,1,1,1,1,360.0,3331.8,115.0,80.0,0.3682,0.4051,0.6548,0.8992,0.5987
C-10670,2026-03-28,57.0,99.0,1188.0,0.0,2.0,-1.0,9.0,8.0,0.125,0.0,0.0,-0.9011,6.0,4.0,0.5,34.0,0.0,83.0,4.0,0.05,0.0,0,0,1,0,0,120.0,290.1,40.0,14.85,0.556,0.6229,0.3823,0.1037,0.3036
C-10671,2024-05-29,37.0,99.0,1188.0,12.0,3.0,3.0,11.0,10.0,0.1,1.0,0.0,0.0568,7.0,5.0,0.6,5.0,0.0,55.0,4.0,0.1783,1.0,0,1,1,0,0,120.0,611.08,65.0,14.85,0.0648,0.6242,0.6365,0.1547,0.1978
C-10672,2024-08-25,38.0,99.0,1188.0,26.0,24.0,0.0833,5.0,3.0,0.6667,1.0,1.0,0.184,6.0,4.0,0.5,22.0,1.0,34.0,3.0,0.4794,1.0,0,1,1,0,0,120.0,481.5,65.0,14.85,0.2631,0.4796,0.515,0.132,0.4775
C-10673,2025-08-27,7.0,149.0,1788.0,8.0,13.0,-0.3846,0.0,1.0,-1.0,5.0,0.0,-0.1755,6.0,5.0,0.55,29.0,1.0,171.0,11.0,0.4475,1.0,0,0,0,1,1,120.0,480.07,165.0,22.35,0.5118,0.2717,0.5,0.1317,0.8131
C-10674,2025-09-07,38.0,99.0,1188.0,16.0,17.0,-0.0588,13.0,11.0,0.1818,4.0,1.0,0.3169,9.0,8.0,0.85,20.0,0.0,25.0,32.0,0.3979,0.0,1,1,0,0,1,120.0,505.51,140.0,14.85,0.2263,0.8095,0.589,0.136,0.657
C-10675,2024-11-14,44.0,149.0,1788.0,17.0,17.0,0.0,5.0,6.0,-0.1667,0.0,0.0,0.247,0.0,0.0,0.0,35.0,0.0,170.0,24.0,0.294,1.0,0,1,0,1,1,120.0,696.11,40.0,22.35,0.2921,0.6579,0.2689,0.1712,0.3543
C-10676,2026-03-24,35.0,99.0,1188.0,23.0,19.0,0.2105,10.0,9.0,0.1111,4.0,2.0,-0.8433,2.0,1.0,0.15,5.0,1.0,24.0,10.0,0.5879,1.0,1,0,1,0,1,120.0,412.07,140.0,14.85,0.3694,0.6024,0.4601,0.121,0.7006
C-10677,2026-01-16,6.0,49.0,588.0,0.0,7.0,-1.0,0.0,4.0,-1.0,1.0,0.0,0.9544,0.0,0.0,0.0,15.0,1.0,21.0,37.0,0.2997,0.0,0,0,0,1,1,120.0,55.01,65.0,8.0,0.8299,0.4049,0.2891,0.0764,0.3659
C-10678,2025-06-23,32.0,149.0,1788.0,0.0,5.0,-1.0,4.0,4.0,0.0,1.0,0.0,-0.1661,9.0,9.0,0.9,42.0,1.0,163.0,30.0,0.4616,0.0,1,0,1,0,1,120.0,254.92,65.0,22.35,0.7408,0.5719,0.5,0.0991,0.515
C-10679,2025-10-22,56.0,399.0,4788.0,4.0,2.0,1.0,3.0,3.0,0.0,1.0,1.0,1.3405,8.0,7.0,0.75,23.0,2.0,170.0,31.0,0.4391,0.0,0,1,1,1,1,360.0,1940.59,65.0,59.85,0.2631,0.7955,0.5349,0.55,0.51
C-10680,2025-04-17,43.0,399.0,4788.0,23.0,24.0,-0.0417,5.0,3.0,0.6667,1.0,1.0,0.3363,0.0,0.0,0.0,8.0,0.0,161.0,36.0,0.3263,0.0,0,1,0,0,1,360.0,2212.68,65.0,59.85,0.1598,0.8116,0.3186,0.6433,0.3752
C-10681,2025-02-19,9.0,149.0,1788.0,10.0,7.0,0.4286,2.0,6.0,-0.6667,3.0,1.0,1.5767,1.0,1.0,0.1,5.0,0.0,140.0,30.0,0.2237,1.0,0,1,1,0,1,120.0,796.55,115.0,22.35,0.19,0.4863,0.4403,0.1926,0.5866
C-10682,2025-04-26,57.0,99.0,1188.0,9.0,16.0,-0.4375,2.0,2.0,0.0,0.0,0.0,0.9402,3.0,2.0,0.25,26.0,0.0,91.0,38.0,0.3145,0.0,1,0,0,0,0,120.0,467.54,40.0,14.85,0.2844,0.7498,0.3274,0.1297,0.3274
C-10683,2026-01-15,57.0,399.0,4788.0,15.0,13.0,0.1538,7.0,10.0,-0.3,2.0,2.0,0.1818,2.0,1.0,0.15,41.0,0.0,23.0,13.0,0.7747,0.0,0,1,0,0,0,360.0,1117.45,90.0,59.85,0.5757,0.7315,0.2351,0.2739,0.7824
C-10684,2024-01-15,11.0,399.0,4788.0,12.0,5.0,1.4,7.0,6.0,0.1667,4.0,3.0,-0.5785,6.0,6.0,0.6,2.0,0.0,108.0,34.0,0.6225,1.0,0,1,1,0,1,360.0,2097.69,140.0,59.85,0.2034,0.7106,0.6502,0.6047,0.8038
C-10685,2024-03-29,48.0,399.0,4788.0,15.0,12.0,0.25,12.0,11.0,0.0909,1.0,0.0,-0.5613,5.0,5.0,0.5,4.0,0.0,95.0,5.0,0.6041,0.0,0,1,0,0,1,360.0,2481.01,65.0,59.85,0.0579,0.7757,0.53,0.7257,0.1854
C-10686,2025-02-22,25.0,799.0,9588.0,4.0,3.0,0.3333,9.0,6.0,0.5,0.0,0.0,0.4264,4.0,1.0,0.25,16.0,0.0,133.0,12.0,0.2427,0.0,0,1,1,1,0,360.0,4444.97,40.0,80.0,0.1571,0.6685,0.3729,0.9777,0.2026
C-10687,2025-05-27,36.0,399.0,4788.0,4.0,5.0,-0.2,2.0,4.0,-0.5,0.0,0.0,0.1145,1.0,0.0,0.05,9.0,0.0,11.0,35.0,0.1125,1.0,0,1,0,0,0,360.0,1960.82,40.0,59.85,0.2554,0.7315,0.4013,0.5572,0.2262
C-10688,2024-06-07,27.0,799.0,9588.0,0.0,4.0,-1.0,8.0,6.0,0.3333,2.0,0.0,-0.4712,7.0,5.0,0.6,5.0,0.0,18.0,6.0,0.6193,1.0,0,1,1,1,0,360.0,2860.28,90.0,80.0,0.4576,0.5821,0.6365,0.8198,0.2994
C-10689,2025-06-17,47.0,149.0,1788.0,23.0,23.0,0.0,5.0,2.0,1.5,1.0,1.0,0.6664,9.0,7.0,0.8,13.0,0.0,108.0,20.0,0.581,1.0,0,1,1,0,1,120.0,892.97,65.0,22.35,0.092,0.6669,0.6726,0.2149,0.411
C-10690,2024-01-22,59.0,149.0,1788.0,24.0,16.0,0.5,5.0,10.0,-0.5,0.0,0.0,0.031,7.0,7.0,0.7,28.0,0.0,154.0,14.0,0.4274,0.0,0,1,0,0,0,120.0,871.74,40.0,22.35,0.1135,0.6777,0.49,0.2098,0.3079
C-10691,2024-08-04,48.0,99.0,1188.0,24.0,25.0,-0.04,9.0,8.0,0.125,2.0,0.0,0.6712,9.0,7.0,0.8,37.0,0.0,168.0,4.0,0.3259,1.0,0,1,1,0,0,120.0,534.5,90.0,14.85,0.182,0.6246,0.5597,0.1409,0.515
C-10692,2025-02-09,56.0,99.0,1188.0,7.0,12.0,-0.4167,4.0,2.0,1.0,1.0,1.0,-0.7804,10.0,7.0,0.85,13.0,0.0,104.0,10.0,0.1072,0.0,0,0,1,0,1,120.0,554.17,65.0,14.85,0.1519,0.614,0.6225,0.1443,0.4231
C-10693,2024-02-13,56.0,399.0,4788.0,3.0,6.0,-0.5,6.0,7.0,-0.1429,3.0,1.0,0.7996,10.0,9.0,0.95,31.0,0.0,69.0,21.0,0.5735,1.0,0,1,1,1,1,360.0,1844.87,115.0,59.85,0.2994,0.7825,0.6457,0.516,0.7171
C-10694,2025-07-12,7.0,399.0,4788.0,18.0,17.0,0.0588,2.0,6.0,-0.6667,1.0,0.0,0.4008,7.0,4.0,0.55,37.0,0.0,87.0,25.0,0.6372,0.0,0,0,0,0,1,360.0,1779.92,65.0,59.85,0.3241,0.522,0.387,0.4928,0.5025
C-10695,2025-04-17,16.0,399.0,4788.0,24.0,26.0,-0.0769,5.0,3.0,0.6667,1.0,0.0,0.9581,0.0,0.0,0.0,0.0,0.0,94.0,27.0,0.2642,0.0,0,1,0,1,0,360.0,2291.23,65.0,59.85,0.1299,0.6604,0.3543,0.6686,0.2227
C-10696,2025-05-13,43.0,99.0,1188.0,18.0,15.0,0.2,0.0,2.0,-1.0,2.0,1.0,0.7819,4.0,2.0,0.3,38.0,1.0,113.0,6.0,0.2475,1.0,0,1,0,0,1,120.0,360.07,90.0,14.85,0.4489,0.4051,0.3589,0.1133,0.7389
C-10697,2025-03-29,36.0,149.0,1788.0,4.0,1.0,3.0,8.0,9.0,-0.1111,0.0,0.0,-0.068,5.0,5.0,0.5,8.0,0.0,44.0,13.0,0.6482,1.0,0,1,1,0,0,120.0,903.83,40.0,22.35,0.0809,0.6247,0.5842,0.2175,0.1736
C-10698,2025-09-01,4.0,99.0,1188.0,14.0,9.0,0.5556,2.0,3.0,-0.3333,1.0,1.0,-0.1323,8.0,6.0,0.7,30.0,0.0,73.0,5.0,0.2716,0.0,1,0,0,0,1,120.0,449.43,65.0,14.85,0.3122,0.2757,0.48,0.1268,0.5744
C-10699,2025-07-30,7.0,799.0,9588.0,34.0,25.0,0.36,7.0,6.0,0.1667,2.0,0.0,1.4264,10.0,7.0,0.85,33.0,1.0,99.0,1.0,0.7558,1.0,0,1,0,1,1,360.0,3564.3,90.0,80.0,0.3241,0.4422,0.5987,0.9256,0.51
C-10700,2025-08-05,32.0,99.0,1188.0,20.0,14.0,0.4286,1.0,3.0,-0.6667,1.0,1.0,-0.2325,7.0,5.0,0.6,38.0,0.0,153.0,16.0,0.3782,1.0,0,1,0,0,0,120.0,445.2,65.0,14.85,0.3186,0.4603,0.475,0.1262,0.6434
C-10701,2024-07-06,37.0,49.0,588.0,20.0,26.0,-0.2308,6.0,8.0,-0.25,3.0,0.0,0.5987,4.0,1.0,0.25,18.0,1.0,145.0,25.0,0.3227,0.0,0,1,0,0,0,120.0,230.23,115.0,8.0,0.2881,0.6516,0.3635,0.096,0.51
C-10702,2025-08-29,11.0,249.0,2988.0,9.0,14.0,-0.3571,1.0,1.0,0.0,1.0,1.0,-0.3051,9.0,7.0,0.8,29.0,0.0,136.0,15.0,0.409,0.0,0,0,0,0,1,360.0,978.8,65.0,37.35,0.4044,0.4373,0.525,0.2363,0.5793
C-10703,2024-06-07,11.0,799.0,9588.0,1.0,1.0,0.0,6.0,4.0,0.5,4.0,3.0,-1.4895,8.0,7.0,0.75,1.0,0.0,42.0,2.0,0.3227,0.0,0,1,1,1,1,360.0,4346.29,140.0,80.0,0.1758,0.4681,0.6411,0.9744,0.8069
C-10704,2024-01-19,9.0,799.0,9588.0,21.0,24.0,-0.125,12.0,7.0,0.7143,1.0,0.0,-0.9819,9.0,6.0,0.75,20.0,0.0,76.0,9.0,0.6252,0.0,0,1,1,1,0,360.0,4299.54,65.0,80.0,0.1847,0.6266,0.5498,0.9726,0.2689
C-10705,2026-05-12,34.0,49.0,588.0,14.0,21.0,-0.3333,1.0,5.0,-0.8,2.0,0.0,0.3247,7.0,7.0,0.7,43.0,0.0,101.0,17.0,0.5772,0.0,0,1,1,0,1,120.0,194.0,90.0,8.0,0.4001,0.4675,0.4158,0.0916,0.6548
C-10706,2024-06-06,2.0,99.0,1188.0,17.0,20.0,-0.15,7.0,7.0,0.0,3.0,2.0,0.5609,7.0,6.0,0.65,7.0,1.0,174.0,14.0,0.6176,0.0,1,0,0,0,1,120.0,433.69,115.0,14.85,0.3363,0.4138,0.5744,0.1243,0.6593
C-10707,2024-04-10,35.0,49.0,588.0,24.0,27.0,-0.1111,0.0,2.0,-1.0,0.0,0.0,0.3274,4.0,4.0,0.4,6.0,0.0,67.0,33.0,0.4369,1.0,0,1,0,0,0,120.0,291.57,40.0,8.0,0.0984,0.6084,0.5548,0.1039,0.2279
C-10708,2024-09-24,29.0,99.0,1188.0,2.0,6.0,-0.6667,7.0,5.0,0.4,1.0,1.0,0.9168,4.0,2.0,0.3,31.0,0.0,165.0,24.0,0.3087,0.0,0,0,1,0,0,120.0,255.96,65.0,14.85,0.6083,0.588,0.323,0.0992,0.52
C-10709,2026-05-31,29.0,249.0,2988.0,23.0,25.0,-0.08,6.0,9.0,-0.3333,2.0,0.0,0.313,3.0,0.0,0.15,22.0,0.0,135.0,39.0,0.3982,0.0,0,1,1,0,0,360.0,1273.42,90.0,37.35,0.2251,0.7888,0.31,0.3203,0.4403
C-10710,2026-02-01,41.0,99.0,1188.0,14.0,7.0,1.0,2.0,4.0,-0.5,0.0,0.0,-0.6202,3.0,0.0,0.15,20.0,1.0,115.0,7.0,0.3149,0.0,0,1,0,0,0,120.0,502.15,40.0,14.85,0.2315,0.4686,0.3186,0.1354,0.2891
C-10711,2025-09-27,32.0,49.0,588.0,28.0,27.0,0.037,0.0,2.0,-1.0,2.0,1.0,0.4754,7.0,7.0,0.7,11.0,0.0,127.0,15.0,0.6933,0.0,0,0,1,0,0,120.0,287.0,90.0,8.0,0.1125,0.4585,0.5744,0.1033,0.5572
C-10712,2024-06-14,44.0,249.0,2988.0,21.0,6.0,2.5,9.0,10.0,-0.1,0.0,0.0,0.1357,4.0,2.0,0.3,7.0,0.0,143.0,4.0,0.6005,0.0,0,0,0,1,0,360.0,1508.58,40.0,37.35,0.082,0.7066,0.4354,0.3974,0.1625
C-10713,2025-07-09,46.0,49.0,588.0,16.0,15.0,0.0667,9.0,9.0,0.0,0.0,0.0,-0.4604,1.0,0.0,0.05,33.0,2.0,127.0,1.0,0.3817,0.0,1,0,0,0,0,120.0,173.8,40.0,8.0,0.4626,0.5594,0.2351,0.0892,0.2973
C-10714,2026-01-04,55.0,99.0,1188.0,20.0,22.0,-0.0909,9.0,8.0,0.125,2.0,1.0,0.378,0.0,0.0,0.0,16.0,0.0,122.0,37.0,0.2147,0.0,0,1,1,0,0,120.0,523.25,90.0,14.85,0.1992,0.8362,0.285,0.139,0.4825
C-10715,2024-10-26,48.0,49.0,588.0,3.0,3.0,0.0,8.0,9.0,-0.1111,1.0,0.0,0.0635,10.0,8.0,0.9,34.0,0.0,71.0,20.0,0.7082,1.0,0,0,1,0,0,120.0,277.53,65.0,8.0,0.1419,0.7169,0.613,0.102,0.4061
C-10716,2024-08-16,32.0,49.0,588.0,4.0,2.0,1.0,5.0,9.0,-0.4444,1.0,0.0,-0.484,5.0,5.0,0.5,19.0,0.0,79.0,26.0,0.4273,1.0,0,1,0,0,0,120.0,280.4,65.0,8.0,0.133,0.635,0.53,0.1024,0.3363
C-10717,2026-02-04,30.0,149.0,1788.0,26.0,23.0,0.1304,10.0,9.0,0.1111,2.0,1.0,-0.1423,6.0,5.0,0.55,17.0,0.0,109.0,11.0,0.374,0.0,0,0,1,0,0,120.0,822.29,90.0,22.35,0.1638,0.6102,0.485,0.1983,0.4775
C-10718,2024-04-25,15.0,799.0,9588.0,14.0,2.0,6.0,5.0,6.0,-0.1667,1.0,0.0,1.1309,10.0,7.0,0.85,10.0,1.0,152.0,3.0,0.7099,1.0,0,0,1,1,0,360.0,4581.3,65.0,80.0,0.1312,0.4811,0.7027,0.9815,0.2789
C-10719,2026-03-13,36.0,399.0,4788.0,12.0,17.0,-0.2941,3.0,1.0,2.0,1.0,1.0,1.1047,1.0,0.0,0.05,29.0,0.0,118.0,35.0,0.298,0.0,0,1,1,0,0,360.0,1448.32,65.0,59.85,0.45,0.7281,0.2497,0.377,0.5548
C-10720,2025-02-26,10.0,49.0,588.0,31.0,26.0,0.1923,5.0,7.0,-0.2857,0.0,0.0,0.1505,11.0,10.0,1.0,12.0,1.0,177.0,26.0,0.3362,0.0,1,0,1,0,1,120.0,279.84,40.0,8.0,0.1347,0.5281,0.6814,0.1023,0.2159
C-10721,2025-09-28,56.0,49.0,588.0,18.0,17.0,0.0588,0.0,4.0,-1.0,1.0,0.0,0.0458,8.0,8.0,0.8,40.0,0.0,124.0,28.0,0.3538,0.0,0,0,0,0,1,120.0,267.24,65.0,8.0,0.1736,0.6622,0.47,0.1007,0.5498
C-10722,2024-11-24,51.0,149.0,1788.0,4.0,13.0,-0.6923,8.0,9.0,-0.1111,1.0,1.0,-1.1464,7.0,5.0,0.6,18.0,0.0,76.0,21.0,0.1367,0.0,0,1,1,0,1,120.0,656.84,65.0,22.35,0.3321,0.7158,0.5,0.1634,0.411
C-10723,2025-09-18,8.0,249.0,2988.0,17.0,12.0,0.4167,9.0,6.0,0.5,1.0,0.0,1.3755,5.0,4.0,0.45,36.0,0.0,105.0,16.0,0.4631,1.0,0,0,0,0,0,360.0,1099.92,65.0,37.35,0.3307,0.5974,0.4256,0.2689,0.4085
C-10724,2026-03-26,47.0,399.0,4788.0,26.0,18.0,0.4444,10.0,10.0,0.0,1.0,0.0,0.8291,8.0,7.0,0.75,21.0,0.0,114.0,17.0,0.2475,1.0,0,1,1,0,0,360.0,2378.88,65.0,59.85,0.0967,0.8024,0.6177,0.6957,0.2953
C-10725,2025-03-10,8.0,399.0,4788.0,11.0,16.0,-0.3125,6.0,7.0,-0.1429,0.0,0.0,0.6016,2.0,0.0,0.1,18.0,0.0,156.0,30.0,0.2859,0.0,1,1,0,0,0,360.0,1722.74,40.0,59.85,0.3458,0.6381,0.31,0.4724,0.2387
C-10726,2024-07-06,43.0,149.0,1788.0,14.0,14.0,0.0,4.0,7.0,-0.4286,3.0,1.0,-1.5,3.0,3.0,0.3,20.0,0.0,49.0,9.0,0.2591,1.0,0,0,1,0,1,120.0,798.81,115.0,22.35,0.1877,0.539,0.4452,0.1931,0.6682
C-10727,2024-03-09,7.0,99.0,1188.0,0.0,5.0,-1.0,14.0,11.0,0.2727,0.0,0.0,0.0327,11.0,11.0,1.0,19.0,0.0,48.0,14.0,0.2826,1.0,0,1,1,1,0,120.0,351.16,40.0,14.85,0.4626,0.5619,0.715,0.1121,0.178
C-10728,2026-03-27,30.0,49.0,588.0,10.0,18.0,-0.4444,3.0,6.0,-0.5,3.0,1.0,-0.1017,3.0,0.0,0.15,21.0,1.0,40.0,12.0,0.2322,1.0,0,0,1,0,0,120.0,148.79,115.0,8.0,0.5399,0.4329,0.3823,0.0864,0.6857
C-10729,2026-05-31,40.0,49.0,588.0,26.0,20.0,0.3,3.0,5.0,-0.4,0.0,0.0,0.5463,8.0,5.0,0.65,39.0,0.0,14.0,21.0,0.4494,1.0,0,0,1,0,0,120.0,214.65,40.0,8.0,0.3363,0.5749,0.49,0.0941,0.4061
C-10730,2025-07-28,44.0,49.0,588.0,17.0,20.0,-0.15,6.0,5.0,0.2,2.0,1.0,-0.3608,11.0,10.0,1.0,31.0,0.0,123.0,38.0,0.3689,0.0,0,1,1,0,1,120.0,256.56,90.0,8.0,0.2067,0.7679,0.5939,0.0993,0.6295
C-10731,2024-01-14,26.0,799.0,9588.0,0.0,3.0,-1.0,5.0,10.0,-0.5,2.0,1.0,-0.1854,7.0,4.0,0.55,1.0,0.0,173.0,36.0,0.4096,0.0,1,1,0,1,0,360.0,3270.07,90.0,80.0,0.3799,0.733,0.5646,0.8909,0.4207
C-10732,2026-02-19,55.0,99.0,1188.0,20.0,19.0,0.0526,12.0,9.0,0.3333,1.0,1.0,0.4955,3.0,3.0,0.3,2.0,0.0,112.0,22.0,0.8708,0.0,0,1,1,0,1,120.0,601.73,65.0,14.85,0.0791,0.8146,0.4601,0.1529,0.2611
C-10733,2025-03-12,46.0,399.0,4788.0,17.0,20.0,-0.15,3.0,2.0,0.5,1.0,0.0,-0.6189,10.0,10.0,1.0,1.0,0.0,15.0,8.0,0.3689,1.0,0,1,1,0,0,360.0,2438.2,65.0,59.85,0.0741,0.6371,0.7824,0.7134,0.246
C-10734,2024-07-25,14.0,249.0,2988.0,2.0,5.0,-0.6,8.0,6.0,0.3333,1.0,0.0,-0.4592,9.0,8.0,0.85,31.0,1.0,68.0,37.0,0.521,0.0,0,1,1,0,1,360.0,760.19,65.0,37.35,0.5374,0.7234,0.5349,0.1846,0.3846
C-10735,2024-11-19,40.0,249.0,2988.0,27.0,23.0,0.1739,6.0,5.0,0.2,2.0,0.0,0.1547,6.0,4.0,0.5,9.0,0.0,163.0,13.0,0.5437,0.0,0,1,0,0,0,360.0,1512.25,90.0,37.35,0.0798,0.6964,0.505,0.3987,0.3475
C-10736,2026-04-10,44.0,149.0,1788.0,8.0,15.0,-0.4667,7.0,8.0,-0.125,2.0,1.0,1.0708,1.0,1.0,0.1,17.0,0.0,14.0,14.0,0.3874,0.0,1,0,1,0,0,120.0,502.76,90.0,22.35,0.4888,0.6024,0.3143,0.1355,0.515
C-10737,2025-11-15,21.0,399.0,4788.0,8.0,13.0,-0.3846,0.0,1.0,-1.0,4.0,1.0,0.6468,5.0,5.0,0.5,37.0,0.0,112.0,35.0,0.4548,1.0,0,1,1,1,1,360.0,1223.17,140.0,59.85,0.5355,0.5992,0.4403,0.3049,0.8594
C-10738,2025-06-10,44.0,49.0,588.0,21.0,20.0,0.05,7.0,8.0,-0.125,1.0,0.0,0.8603,5.0,2.0,0.35,5.0,0.0,82.0,11.0,0.4041,1.0,0,0,1,0,0,120.0,299.98,65.0,8.0,0.0724,0.6304,0.5399,0.105,0.2315
C-10739,2025-10-10,54.0,49.0,588.0,20.0,14.0,0.4286,6.0,9.0,-0.3333,0.0,0.0,0.0507,2.0,0.0,0.1,6.0,0.0,165.0,19.0,0.4405,0.0,0,0,1,0,0,120.0,297.23,40.0,8.0,0.0809,0.7088,0.3635,0.1046,0.1795
C-10740,2026-01-17,49.0,149.0,1788.0,22.0,15.0,0.4667,4.0,3.0,0.3333,1.0,0.0,1.1961,4.0,2.0,0.3,3.0,0.0,94.0,36.0,0.2827,0.0,0,1,0,0,0,120.0,919.71,65.0,22.35,0.0648,0.7591,0.4551,0.2214,0.2479
C-10741,2025-07-07,46.0,149.0,1788.0,5.0,9.0,-0.4444,4.0,2.0,1.0,0.0,0.0,-1.3929,1.0,0.0,0.05,12.0,0.0,103.0,13.0,0.3012,1.0,0,0,1,0,0,120.0,754.89,40.0,22.35,0.2324,0.5778,0.387,0.1835,0.2244
C-10742,2024-10-03,38.0,249.0,2988.0,32.0,26.0,0.2308,10.0,7.0,0.4286,0.0,0.0,1.6178,8.0,8.0,0.8,4.0,0.0,131.0,25.0,0.4034,1.0,0,1,1,1,0,360.0,1558.5,40.0,37.35,0.0517,0.8152,0.7109,0.4146,0.1443
C-10743,2024-03-06,17.0,399.0,4788.0,22.0,27.0,-0.1852,3.0,3.0,0.0,0.0,0.0,1.7214,5.0,2.0,0.35,28.0,1.0,148.0,2.0,0.05,0.0,0,1,1,1,0,360.0,1529.87,40.0,59.85,0.4191,0.4087,0.3543,0.4047,0.3296
C-10744,2024-04-18,48.0,249.0,2988.0,15.0,4.0,2.75,13.0,11.0,0.1818,1.0,0.0,0.3653,8.0,7.0,0.75,33.0,0.0,95.0,39.0,0.6992,0.0,0,0,1,0,0,360.0,1391.69,65.0,37.35,0.1532,0.9083,0.485,0.3582,0.3407
C-10745,2024-07-27,23.0,99.0,1188.0,13.0,20.0,-0.35,8.0,9.0,-0.1111,1.0,1.0,0.6658,5.0,2.0,0.35,8.0,0.0,131.0,17.0,0.8322,0.0,1,0,0,0,0,120.0,492.66,65.0,14.85,0.246,0.5713,0.4502,0.1338,0.3407
C-10746,2025-11-08,32.0,99.0,1188.0,9.0,1.0,8.0,9.0,11.0,-0.1818,0.0,0.0,-0.0304,8.0,5.0,0.65,23.0,0.0,145.0,27.0,0.4341,0.0,0,1,1,0,0,120.0,563.08,40.0,14.85,0.1382,0.7111,0.495,0.1459,0.2387
C-10747,2024-03-24,20.0,399.0,4788.0,6.0,10.0,-0.4,7.0,6.0,0.1667,1.0,0.0,-0.1677,8.0,8.0,0.8,13.0,0.0,96.0,20.0,0.5331,0.0,0,1,0,0,1,360.0,2158.86,65.0,59.85,0.1802,0.6615,0.6035,0.6254,0.2769
C-10748,2024-04-22,20.0,99.0,1188.0,39.0,27.0,0.4444,10.0,11.0,-0.0909,1.0,1.0,-0.4887,1.0,1.0,0.1,3.0,0.0,130.0,17.0,0.6162,0.0,0,1,0,0,1,120.0,552.9,65.0,14.85,0.1538,0.6066,0.3775,0.1441,0.287
C-10749,2026-05-13,11.0,249.0,2988.0,9.0,5.0,0.8,1.0,1.0,0.0,4.0,0.0,-0.0392,5.0,3.0,0.4,21.0,0.0,68.0,16.0,0.1351,0.0,0,1,0,0,1,360.0,1313.06,140.0,37.35,0.201,0.4699,0.4061,0.3328,0.6857
C-10750,2024-12-19,57.0,249.0,2988.0,5.0,11.0,-0.5455,1.0,4.0,-0.75,0.0,0.0,0.4447,8.0,6.0,0.7,31.0,0.0,67.0,1.0,0.5857,1.0,0,1,0,0,0,360.0,1171.13,40.0,37.35,0.2874,0.576,0.5498,0.2894,0.3729
C-10751,2024-04-22,10.0,399.0,4788.0,3.0,6.0,-0.5,0.0,1.0,-1.0,0.0,0.0,0.3359,7.0,7.0,0.7,10.0,0.0,5.0,11.0,0.3147,0.0,0,0,1,1,1,360.0,1747.89,40.0,59.85,0.3363,0.3922,0.5793,0.4814,0.2497
C-10752,2026-02-08,7.0,399.0,4788.0,25.0,20.0,0.25,9.0,8.0,0.125,1.0,0.0,1.5893,2.0,1.0,0.15,35.0,0.0,122.0,15.0,0.8581,0.0,0,1,0,1,1,360.0,1617.43,65.0,59.85,0.3858,0.5786,0.2573,0.4352,0.4013
C-10753,2026-05-03,56.0,149.0,1788.0,19.0,13.0,0.4615,8.0,6.0,0.3333,1.0,0.0,0.0802,9.0,6.0,0.75,44.0,1.0,48.0,15.0,0.3623,0.0,1,1,0,0,1,120.0,696.11,65.0,22.35,0.2921,0.7035,0.4305,0.1712,0.48
C-10754,2025-03-20,34.0,99.0,1188.0,17.0,17.0,0.0,1.0,4.0,-0.75,0.0,0.0,-1.1911,2.0,0.0,0.1,2.0,1.0,147.0,11.0,0.5816,1.0,0,0,0,0,0,120.0,565.39,40.0,14.85,0.1347,0.4558,0.4551,0.1463,0.1994
C-10755,2024-04-09,27.0,149.0,1788.0,26.0,26.0,0.0,5.0,4.0,0.25,1.0,1.0,1.3154,11.0,11.0,1.0,7.0,1.0,171.0,26.0,0.3643,0.0,0,1,1,0,0,120.0,865.14,65.0,22.35,0.1203,0.613,0.7027,0.2082,0.3682
C-10756,2025-07-07,44.0,149.0,1788.0,20.0,15.0,0.3333,6.0,8.0,-0.25,2.0,1.0,-0.9768,8.0,6.0,0.7,13.0,0.0,158.0,33.0,0.8393,0.0,0,1,0,0,1,120.0,881.26,90.0,22.35,0.1039,0.7499,0.5646,0.2121,0.4975
C-10757,2026-01-30,24.0,99.0,1188.0,21.0,20.0,0.05,2.0,2.0,0.0,2.0,1.0,-0.4475,3.0,3.0,0.3,38.0,0.0,53.0,35.0,0.2975,1.0,0,1,0,0,1,120.0,386.46,90.0,14.85,0.4085,0.571,0.3589,0.1172,0.7191
C-10758,2026-05-01,9.0,249.0,2988.0,0.0,3.0,-1.0,9.0,6.0,0.5,2.0,1.0,0.2174,2.0,1.0,0.15,6.0,0.0,119.0,38.0,0.633,0.0,0,1,1,0,0,360.0,679.35,90.0,37.35,0.5866,0.7204,0.3823,0.1679,0.4085
C-10759,2025-05-21,44.0,99.0,1188.0,1.0,6.0,-0.8333,9.0,7.0,0.2857,3.0,1.0,0.3337,10.0,10.0,1.0,21.0,0.0,136.0,26.0,0.5253,1.0,0,1,1,0,0,120.0,416.61,115.0,14.85,0.3624,0.7308,0.7068,0.1217,0.6177
C-10760,2026-04-12,12.0,249.0,2988.0,27.0,26.0,0.0385,4.0,3.0,0.3333,1.0,0.0,-1.1564,6.0,4.0,0.5,24.0,1.0,93.0,17.0,0.4809,1.0,1,1,0,0,1,360.0,1168.37,65.0,37.35,0.2891,0.5313,0.505,0.2886,0.3823
C-10761,2026-01-03,34.0,399.0,4788.0,31.0,24.0,0.2917,7.0,3.0,1.3333,2.0,1.0,-0.5972,9.0,9.0,0.9,5.0,1.0,93.0,26.0,0.4458,1.0,0,1,1,0,0,360.0,2344.82,90.0,59.85,0.1096,0.7623,0.7389,0.6853,0.4256
C-10762,2024-05-22,57.0,799.0,9588.0,28.0,18.0,0.5556,2.0,4.0,-0.5,2.0,0.0,-1.1846,9.0,9.0,0.9,1.0,0.0,81.0,6.0,0.2666,0.0,0,1,0,1,0,360.0,5106.36,90.0,80.0,0.0317,0.6602,0.6942,0.9912,0.3385
C-10763,2025-07-13,56.0,49.0,588.0,16.0,11.0,0.4545,4.0,7.0,-0.4286,1.0,1.0,0.4974,0.0,0.0,0.0,5.0,1.0,58.0,32.0,0.05,1.0,0,1,1,0,1,120.0,269.75,65.0,8.0,0.1659,0.7534,0.4013,0.101,0.3659
C-10764,2025-08-10,22.0,399.0,4788.0,8.0,6.0,0.3333,1.0,3.0,-0.6667,3.0,2.0,0.9467,8.0,8.0,0.8,2.0,0.0,105.0,21.0,0.6149,0.0,0,1,0,0,1,360.0,2335.71,115.0,59.85,0.113,0.5728,0.6548,0.6825,0.6921
C-10765,2025-11-09,47.0,49.0,588.0,27.0,23.0,0.1739,4.0,5.0,-0.2,3.0,2.0,-0.9775,4.0,4.0,0.4,22.0,0.0,178.0,7.0,0.3022,0.0,0,1,0,0,1,120.0,247.09,115.0,8.0,0.236,0.5379,0.4013,0.0981,0.779
C-10766,2025-04-13,37.0,149.0,1788.0,18.0,22.0,-0.1818,0.0,6.0,-1.0,0.0,0.0,0.7965,10.0,8.0,0.9,42.0,0.0,43.0,17.0,0.6339,0.0,0,1,1,0,0,120.0,708.69,40.0,22.35,0.2793,0.4776,0.5,0.1738,0.4651
C-10767,2025-10-06,29.0,99.0,1188.0,6.0,7.0,-0.1429,2.0,3.0,-0.3333,1.0,1.0,0.7446,2.0,0.0,0.1,15.0,0.0,13.0,12.0,0.4703,0.0,0,1,0,0,0,120.0,405.62,65.0,14.85,0.3792,0.4281,0.323,0.12,0.4626
C-10768,2025-05-30,10.0,49.0,588.0,11.0,16.0,-0.3125,5.0,7.0,-0.2857,0.0,0.0,-0.5273,0.0,0.0,0.0,11.0,1.0,14.0,14.0,0.6401,0.0,1,0,0,0,0,120.0,153.02,40.0,8.0,0.5268,0.3909,0.3058,0.0868,0.2108
C-10769,2024-08-17,23.0,99.0,1188.0,10.0,17.0,-0.4118,3.0,2.0,0.5,1.0,1.0,-1.5,7.0,4.0,0.55,10.0,0.0,106.0,2.0,0.5604,1.0,0,0,1,0,1,120.0,490.08,65.0,14.85,0.25,0.3624,0.5939,0.1334,0.4134
C-10770,2025-03-02,39.0,49.0,588.0,15.0,13.0,0.1538,2.0,2.0,0.0,1.0,0.0,-0.857,6.0,4.0,0.5,44.0,0.0,52.0,1.0,0.05,1.0,1,0,1,0,1,120.0,226.9,65.0,8.0,0.2984,0.4063,0.4061,0.0956,0.5548
C-10771,2026-04-04,59.0,399.0,4788.0,27.0,26.0,0.0385,1.0,3.0,-0.6667,1.0,0.0,-0.4762,6.0,5.0,0.55,43.0,1.0,85.0,14.0,0.523,1.0,0,1,0,1,1,360.0,1814.16,65.0,59.85,0.3111,0.6736,0.4305,0.5051,0.5597
C-10772,2026-01-13,2.0,49.0,588.0,8.0,4.0,1.0,5.0,4.0,0.25,1.0,0.0,1.2333,3.0,3.0,0.3,29.0,1.0,171.0,12.0,0.3313,0.0,1,0,0,0,0,120.0,189.32,65.0,8.0,0.4146,0.3527,0.3318,0.091,0.4061
C-10773,2025-07-21,43.0,149.0,1788.0,10.0,7.0,0.4286,2.0,1.0,1.0,3.0,2.0,-0.0946,5.0,2.0,0.35,20.0,1.0,18.0,39.0,0.633,1.0,0,0,0,0,1,120.0,530.95,115.0,22.35,0.4601,0.6813,0.4651,0.1403,0.7858
C-10774,2024-10-10,51.0,399.0,4788.0,4.0,3.0,0.3333,9.0,11.0,-0.1818,1.0,1.0,-0.8055,11.0,11.0,1.0,7.0,1.0,35.0,11.0,0.5182,0.0,0,1,1,1,1,360.0,2404.12,65.0,59.85,0.0871,0.7732,0.7027,0.7033,0.323
C-10775,2024-06-27,57.0,799.0,9588.0,22.0,19.0,0.1579,2.0,4.0,-0.5,0.0,0.0,0.1183,9.0,8.0,0.85,41.0,1.0,42.0,13.0,0.5206,0.0,0,0,1,1,0,360.0,3980.97,40.0,80.0,0.2451,0.683,0.485,0.9575,0.4329
C-10776,2024-09-08,26.0,799.0,9588.0,18.0,18.0,0.0,3.0,9.0,-0.6667,2.0,1.0,-1.0363,11.0,11.0,1.0,0.0,0.0,84.0,36.0,0.3456,0.0,0,1,1,1,1,360.0,4953.55,90.0,80.0,0.0607,0.733,0.7311,0.9891,0.4378
C-10777,2024-09-26,8.0,49.0,588.0,29.0,27.0,0.0741,7.0,10.0,-0.3,1.0,0.0,0.4115,3.0,0.0,0.15,7.0,0.0,126.0,34.0,0.2175,1.0,0,1,0,0,1,120.0,275.11,65.0,8.0,0.1493,0.6143,0.4502,0.1017,0.2423
C-10778,2026-04-28,17.0,799.0,9588.0,11.0,15.0,-0.2667,7.0,9.0,-0.2222,1.0,0.0,-0.7821,10.0,7.0,0.85,30.0,1.0,37.0,3.0,0.3134,1.0,0,1,1,1,0,360.0,3331.8,65.0,80.0,0.3682,0.5015,0.613,0.8992,0.3894
C-10779,2025-04-15,51.0,249.0,2988.0,7.0,5.0,0.4,10.0,10.0,0.0,1.0,1.0,-0.666,4.0,3.0,0.35,8.0,0.0,23.0,4.0,0.05,1.0,0,1,0,0,0,360.0,1371.9,65.0,37.35,0.1652,0.7422,0.525,0.3517,0.3186
C-10780,2024-12-10,52.0,99.0,1188.0,17.0,13.0,0.3077,0.0,2.0,-1.0,0.0,0.0,0.3004,11.0,10.0,1.0,4.0,0.0,20.0,4.0,0.2819,0.0,0,1,0,0,1,120.0,614.14,40.0,14.85,0.0601,0.4825,0.715,0.1552,0.2176
C-10781,2026-02-16,38.0,149.0,1788.0,0.0,3.0,-1.0,3.0,5.0,-0.4,1.0,0.0,1.4002,10.0,8.0,0.9,26.0,0.0,145.0,18.0,0.1072,0.0,0,1,1,0,0,120.0,543.14,65.0,22.35,0.4477,0.529,0.5793,0.1424,0.4085
C-10782,2024-11-21,9.0,799.0,9588.0,19.0,19.0,0.0,5.0,9.0,-0.4444,2.0,1.0,1.7582,1.0,0.0,0.05,1.0,0.0,10.0,23.0,0.1125,0.0,0,1,0,0,1,360.0,3891.16,90.0,80.0,0.2621,0.5839,0.3682,0.952,0.4207
C-10783,2025-12-03,9.0,149.0,1788.0,15.0,19.0,-0.2105,7.0,7.0,0.0,0.0,0.0,-0.8319,11.0,10.0,1.0,12.0,0.0,114.0,14.0,0.4233,0.0,0,1,1,0,0,120.0,857.23,40.0,22.35,0.1283,0.474,0.6814,0.2064,0.1994
C-10784,2025-07-19,29.0,99.0,1188.0,21.0,24.0,-0.125,2.0,1.0,1.0,3.0,1.0,-0.4773,7.0,6.0,0.65,28.0,1.0,106.0,1.0,0.5068,0.0,1,0,1,0,1,120.0,412.07,115.0,14.85,0.3694,0.351,0.47,0.121,0.7389
C-10785,2024-09-23,36.0,799.0,9588.0,3.0,10.0,-0.7,8.0,7.0,0.1429,3.0,1.0,0.4124,9.0,9.0,0.9,8.0,0.0,22.0,8.0,0.3936,1.0,0,1,1,1,1,360.0,3440.84,115.0,80.0,0.3475,0.6516,0.7271,0.9125,0.5349
C-10786,2026-04-27,3.0,799.0,9588.0,17.0,9.0,0.8889,9.0,9.0,0.0,0.0,0.0,0.935,6.0,5.0,0.55,34.0,0.0,101.0,24.0,0.3002,1.0,0,1,0,1,0,360.0,3649.77,40.0,80.0,0.3079,0.6332,0.475,0.9335,0.3036
C-10787,2025-08-30,41.0,799.0,9588.0,8.0,2.0,3.0,6.0,10.0,-0.4,4.0,2.0,-1.5,2.0,0.0,0.1,4.0,0.0,55.0,15.0,0.2105,1.0,0,1,0,1,1,360.0,4405.84,140.0,80.0,0.1645,0.7043,0.4452,0.9764,0.735
C-10788,2026-05-22,33.0,799.0,9588.0,15.0,12.0,0.25,3.0,5.0,-0.4,0.0,0.0,0.0699,11.0,9.0,1.0,27.0,0.0,95.0,5.0,0.3366,1.0,1,0,0,1,0,360.0,4633.64,40.0,80.0,0.1213,0.5472,0.6814,0.9828,0.323
C-10789,2024-01-02,2.0,799.0,9588.0,25.0,13.0,0.9231,1.0,3.0,-0.6667,0.0,0.0,-0.3897,1.0,0.0,0.05,3.0,0.0,29.0,26.0,0.2356,1.0,0,1,0,1,0,360.0,4043.33,40.0,80.0,0.2333,0.4958,0.4305,0.961,0.2042
C-10790,2024-09-04,7.0,149.0,1788.0,20.0,21.0,-0.0476,2.0,4.0,-0.5,1.0,1.0,-1.5,9.0,7.0,0.8,32.0,0.0,121.0,24.0,0.3874,0.0,0,1,0,0,1,120.0,667.75,65.0,22.35,0.321,0.4157,0.51,0.1656,0.589
C-10791,2024-10-20,28.0,99.0,1188.0,39.0,21.0,0.8571,4.0,4.0,0.0,1.0,1.0,-1.0697,2.0,0.0,0.1,33.0,0.0,144.0,20.0,0.0957,1.0,0,1,0,0,1,120.0,402.86,65.0,14.85,0.3834,0.5221,0.31,0.1196,0.572
C-10792,2025-08-17,43.0,249.0,2988.0,3.0,4.0,-0.25,7.0,4.0,0.75,3.0,1.0,-0.4542,9.0,7.0,0.8,35.0,0.0,5.0,37.0,0.5403,1.0,1,1,0,0,0,360.0,919.83,115.0,37.35,0.4403,0.819,0.5695,0.2214,0.7311
C-10793,2026-01-10,49.0,99.0,1188.0,10.0,8.0,0.25,6.0,4.0,0.5,1.0,0.0,0.0471,5.0,4.0,0.45,12.0,0.0,98.0,33.0,0.2866,1.0,0,1,0,0,1,120.0,599.05,65.0,14.85,0.0832,0.77,0.5449,0.1524,0.2809
C-10794,2024-04-17,27.0,149.0,1788.0,12.0,14.0,-0.1429,3.0,6.0,-0.5,2.0,2.0,0.8065,2.0,1.0,0.15,10.0,0.0,118.0,2.0,0.4753,1.0,0,1,0,0,1,120.0,705.74,90.0,22.35,0.2823,0.3773,0.4354,0.1732,0.6341
C-10795,2024-05-13,19.0,249.0,2988.0,12.0,10.0,0.2,2.0,1.0,1.0,0.0,0.0,0.2835,2.0,0.0,0.1,44.0,0.0,5.0,36.0,0.5774,1.0,1,1,0,0,1,360.0,677.36,40.0,37.35,0.5878,0.6286,0.265,0.1675,0.4551
C-10796,2025-08-18,58.0,799.0,9588.0,6.0,1.0,5.0,5.0,4.0,0.25,5.0,2.0,0.758,3.0,2.0,0.25,32.0,0.0,131.0,2.0,0.4656,1.0,0,1,1,1,1,360.0,3587.32,165.0,80.0,0.3197,0.6593,0.3682,0.9278,0.9097
C-10797,2024-11-07,28.0,99.0,1188.0,22.0,23.0,-0.0435,1.0,4.0,-0.75,1.0,0.0,0.0214,10.0,7.0,0.85,8.0,0.0,100.0,19.0,0.5598,1.0,0,1,0,1,0,120.0,605.93,65.0,14.85,0.0726,0.4934,0.7109,0.1537,0.3079
C-10798,2025-09-08,20.0,99.0,1188.0,31.0,20.0,0.55,4.0,2.0,1.0,1.0,1.0,-0.564,9.0,9.0,0.9,1.0,0.0,58.0,36.0,0.05,0.0,0,0,1,0,0,120.0,604.52,65.0,14.85,0.0748,0.6371,0.6942,0.1534,0.3385
C-10799,2024-01-01,27.0,399.0,4788.0,16.0,15.0,0.0667,9.0,10.0,-0.1,2.0,0.0,-0.147,8.0,8.0,0.8,15.0,1.0,89.0,39.0,0.3014,1.0,0,1,1,1,1,360.0,2259.85,90.0,59.85,0.1419,0.8262,0.6637,0.6586,0.3543
C-10800,2025-04-06,2.0,49.0,588.0,11.0,9.0,0.2222,4.0,8.0,-0.5,1.0,0.0,0.5564,7.0,6.0,0.65,29.0,0.0,124.0,1.0,0.6206,1.0,0,0,0,0,0,120.0,243.24,65.0,8.0,0.2479,0.2821,0.5399,0.0976,0.4182
C-10801,2024-01-21,19.0,249.0,2988.0,18.0,23.0,-0.2174,12.0,11.0,0.0909,2.0,1.0,0.826,5.0,5.0,0.5,16.0,0.0,117.0,3.0,0.5018,0.0,0,1,0,0,1,360.0,1224.82,90.0,37.35,0.2547,0.6231,0.47,0.3054,0.4452
C-10802,2026-04-19,31.0,399.0,4788.0,4.0,1.0,3.0,7.0,7.0,0.0,1.0,0.0,-0.1183,10.0,10.0,1.0,36.0,0.0,140.0,10.0,0.7697,1.0,0,0,0,1,0,360.0,2170.42,65.0,59.85,0.1758,0.6438,0.6411,0.6293,0.4329
C-10803,2024-05-08,55.0,249.0,2988.0,12.0,13.0,-0.0769,1.0,2.0,-0.5,1.0,0.0,-0.7433,3.0,2.0,0.25,22.0,0.0,11.0,11.0,0.7409,0.0,0,1,0,1,0,360.0,1254.61,65.0,37.35,0.2366,0.6438,0.3452,0.3145,0.4037
C-10804,2024-06-05,44.0,149.0,1788.0,18.0,22.0,-0.1818,9.0,10.0,-0.1,0.0,0.0,0.2685,11.0,11.0,1.0,44.0,0.0,142.0,11.0,0.4599,1.0,0,1,1,0,0,120.0,728.99,40.0,22.35,0.2587,0.6458,0.6035,0.178,0.3705
C-10805,2024-03-30,47.0,399.0,4788.0,21.0,26.0,-0.1923,4.0,6.0,-0.3333,0.0,0.0,0.3824,4.0,4.0,0.4,39.0,0.0,11.0,17.0,0.3496,0.0,1,0,1,0,0,360.0,1456.95,40.0,59.85,0.4467,0.6784,0.323,0.3799,0.3941
C-10806,2024-07-13,33.0,149.0,1788.0,23.0,7.0,2.2857,9.0,8.0,0.125,2.0,0.0,0.9862,4.0,2.0,0.3,21.0,0.0,118.0,13.0,0.2083,0.0,0,1,1,0,0,120.0,820.94,90.0,22.35,0.1652,0.6195,0.3682,0.198,0.3965
C-10807,2025-03-07,8.0,399.0,4788.0,16.0,18.0,-0.1111,4.0,5.0,-0.2,0.0,0.0,-0.543,5.0,4.0,0.45,37.0,0.0,66.0,23.0,0.3048,0.0,0,1,0,0,1,360.0,1614.31,40.0,59.85,0.387,0.544,0.3498,0.4341,0.3799
C-10808,2025-06-28,24.0,149.0,1788.0,0.0,6.0,-1.0,6.0,6.0,0.0,3.0,3.0,-0.5342,8.0,5.0,0.65,20.0,1.0,16.0,34.0,0.3184,1.0,1,1,1,0,1,120.0,116.71,115.0,22.35,0.8813,0.584,0.5842,0.0828,0.832
C-10809,2026-03-04,59.0,49.0,588.0,0.0,4.0,-1.0,6.0,6.0,0.0,1.0,0.0,0.6049,8.0,8.0,0.8,0.0,0.0,125.0,22.0,0.2814,0.0,1,1,1,0,0,120.0,269.3,65.0,8.0,0.1673,0.7381,0.6637,0.1009,0.2142
C-10810,2026-02-13,4.0,249.0,2988.0,10.0,10.0,0.0,1.0,4.0,-0.75,1.0,0.0,-0.3259,9.0,7.0,0.8,13.0,1.0,101.0,13.0,0.2163,1.0,0,1,1,1,1,360.0,1354.47,65.0,37.35,0.1758,0.4163,0.6726,0.346,0.3407
C-10811,2024-03-15,52.0,49.0,588.0,27.0,24.0,0.125,4.0,7.0,-0.4286,0.0,0.0,-0.3597,1.0,0.0,0.05,18.0,1.0,121.0,23.0,0.4803,0.0,0,1,0,0,0,120.0,257.61,40.0,8.0,0.2034,0.6788,0.2932,0.0994,0.2573
C-10812,2025-01-12,41.0,799.0,9588.0,22.0,19.0,0.1579,3.0,9.0,-0.6667,1.0,0.0,1.0033,1.0,0.0,0.05,43.0,0.0,70.0,25.0,0.7393,1.0,1,1,0,1,0,360.0,3313.36,65.0,80.0,0.3717,0.6951,0.2535,0.8968,0.5349
C-10813,2026-02-06,18.0,249.0,2988.0,18.0,14.0,0.2857,2.0,1.0,1.0,1.0,1.0,-1.0968,10.0,8.0,0.9,37.0,0.0,53.0,35.0,0.5867,0.0,0,1,1,0,1,360.0,1156.47,65.0,37.35,0.2963,0.6506,0.525,0.2851,0.6248
C-10814,2024-05-25,47.0,149.0,1788.0,4.0,8.0,-0.5,0.0,2.0,-1.0,2.0,2.0,1.645,11.0,11.0,1.0,6.0,0.0,114.0,37.0,0.3355,1.0,0,1,1,0,0,120.0,809.08,90.0,22.35,0.1773,0.6817,0.7649,0.1954,0.6411
C-10815,2025-08-12,50.0,149.0,1788.0,6.0,4.0,0.5,10.0,10.0,0.0,2.0,1.0,-0.4901,1.0,0.0,0.05,0.0,0.0,42.0,11.0,0.6028,0.0,0,1,1,0,0,120.0,889.21,90.0,22.35,0.0958,0.7073,0.3729,0.214,0.3543
C-10816,2025-01-11,4.0,249.0,2988.0,3.0,8.0,-0.625,7.0,7.0,0.0,2.0,0.0,0.6934,10.0,9.0,0.95,23.0,0.0,147.0,36.0,0.4693,1.0,0,0,0,0,0,360.0,1044.04,90.0,37.35,0.3647,0.6765,0.6814,0.2535,0.4354
C-10817,2024-05-28,8.0,99.0,1188.0,1.0,5.0,-0.8,12.0,11.0,0.0909,0.0,0.0,-0.087,3.0,1.0,0.2,24.0,0.0,124.0,32.0,0.3919,1.0,1,1,0,0,0,120.0,259.08,40.0,14.85,0.6035,0.6407,0.387,0.0996,0.2176
C-10818,2024-02-24,40.0,99.0,1188.0,0.0,6.0,-1.0,3.0,7.0,-0.5714,1.0,1.0,0.2171,11.0,10.0,1.0,33.0,0.0,179.0,5.0,0.3794,0.0,0,0,0,0,1,120.0,272.48,65.0,14.85,0.583,0.4252,0.5842,0.1014,0.5842
C-10819,2024-09-12,59.0,149.0,1788.0,12.0,19.0,-0.3684,7.0,8.0,-0.125,3.0,2.0,-0.2102,11.0,10.0,1.0,11.0,0.0,9.0,22.0,0.36,0.0,0,1,1,0,1,120.0,751.69,115.0,22.35,0.2356,0.7469,0.6857,0.1828,0.6857
C-10820,2024-01-01,3.0,99.0,1188.0,10.0,4.0,1.5,14.0,10.0,0.4,1.0,1.0,0.6853,7.0,5.0,0.6,36.0,0.0,107.0,6.0,0.5302,1.0,0,0,0,0,1,120.0,393.53,65.0,14.85,0.3977,0.4903,0.485,0.1182,0.47
C-10821,2024-06-20,40.0,399.0,4788.0,6.0,2.0,2.0,12.0,8.0,0.5,1.0,1.0,-0.2779,2.0,0.0,0.1,18.0,0.0,102.0,20.0,0.4279,1.0,0,1,0,1,0,360.0,2082.6,65.0,59.85,0.2092,0.8108,0.3775,0.5996,0.3635
C-10822,2025-04-28,9.0,49.0,588.0,21.0,15.0,0.4,6.0,4.0,0.5,2.0,1.0,-0.4584,9.0,6.0,0.75,15.0,1.0,155.0,2.0,0.2543,0.0,0,0,0,0,1,120.0,244.74,90.0,8.0,0.2432,0.354,0.5744,0.0978,0.5125
C-10823,2025-11-27,39.0,399.0,4788.0,8.0,8.0,0.0,6.0,6.0,0.0,3.0,1.0,1.4507,1.0,0.0,0.05,18.0,0.0,79.0,12.0,0.2446,0.0,1,1,0,1,0,360.0,2056.01,115.0,59.85,0.2193,0.6705,0.2932,0.5904,0.6318
C-10824,2025-03-21,38.0,149.0,1788.0,18.0,13.0,0.3846,0.0,3.0,-1.0,0.0,0.0,0.0235,4.0,2.0,0.3,42.0,0.0,168.0,23.0,0.4612,0.0,1,0,0,0,0,120.0,667.9,40.0,22.35,0.3208,0.5224,0.2769,0.1656,0.4651
C-10825,2025-10-01,7.0,249.0,2988.0,0.0,4.0,-1.0,5.0,4.0,0.25,1.0,0.0,-0.5406,7.0,5.0,0.6,17.0,0.0,46.0,12.0,0.4857,1.0,0,1,0,0,0,360.0,772.46,65.0,37.35,0.53,0.4588,0.5793,0.1873,0.323
C-10826,2024-03-06,41.0,49.0,588.0,11.0,6.0,0.8333,7.0,8.0,-0.125,1.0,1.0,-1.1922,0.0,0.0,0.0,25.0,1.0,154.0,1.0,0.3374,0.0,1,1,0,0,0,120.0,200.54,65.0,8.0,0.3799,0.505,0.2497,0.0924,0.475
C-10827,2024-09-25,54.0,149.0,1788.0,13.0,12.0,0.0833,3.0,2.0,0.5,2.0,0.0,1.4925,4.0,4.0,0.4,40.0,0.0,96.0,16.0,0.1736,0.0,0,0,1,0,1,120.0,750.48,90.0,22.35,0.2369,0.6181,0.3186,0.1825,0.6106
C-10828,2025-08-03,52.0,399.0,4788.0,23.0,19.0,0.2105,6.0,8.0,-0.25,1.0,0.0,-0.4415,9.0,6.0,0.75,0.0,0.0,170.0,22.0,0.6502,1.0,0,0,0,0,0,360.0,2535.58,65.0,59.85,0.0371,0.796,0.7109,0.7409,0.2142
C-10829,2024-02-17,3.0,99.0,1188.0,14.0,12.0,0.1667,6.0,7.0,-0.1429,0.0,0.0,1.6495,1.0,0.0,0.05,24.0,1.0,43.0,30.0,0.6077,0.0,0,1,0,0,1,120.0,384.88,40.0,14.85,0.411,0.5086,0.2689,0.117,0.2729
C-10830,2025-05-30,16.0,49.0,588.0,9.0,15.0,-0.4,4.0,4.0,0.0,2.0,1.0,0.3191,4.0,2.0,0.3,31.0,0.0,50.0,6.0,0.05,1.0,0,0,0,0,1,120.0,149.19,90.0,8.0,0.5387,0.3431,0.3917,0.0864,0.6525
C-10831,2024-05-28,15.0,249.0,2988.0,6.0,15.0,-0.6,1.0,1.0,0.0,2.0,1.0,0.1143,0.0,0.0,0.0,40.0,0.0,103.0,19.0,0.6679,1.0,1,1,1,0,1,360.0,378.95,90.0,37.35,0.7694,0.4416,0.2497,0.1161,0.7408
C-10832,2025-01-04,28.0,49.0,588.0,4.0,8.0,-0.5,9.0,8.0,0.125,0.0,0.0,0.1359,7.0,4.0,0.55,2.0,0.0,101.0,8.0,0.3582,0.0,0,1,1,0,0,120.0,274.49,40.0,8.0,0.1512,0.5608,0.5597,0.1016,0.1431
C-10833,2025-07-09,10.0,99.0,1188.0,11.0,8.0,0.375,8.0,10.0,-0.2,0.0,0.0,1.7728,0.0,0.0,0.0,32.0,0.0,31.0,6.0,0.438,1.0,0,1,0,0,0,120.0,408.25,40.0,14.85,0.3752,0.4091,0.2809,0.1204,0.3015
C-10834,2026-05-20,51.0,149.0,1788.0,16.0,12.0,0.3333,5.0,9.0,-0.4444,0.0,0.0,-1.5,3.0,3.0,0.3,36.0,0.0,118.0,5.0,0.6276,1.0,0,1,1,0,1,120.0,758.38,40.0,22.35,0.2288,0.5636,0.3682,0.1842,0.3612
C-10835,2024-03-20,47.0,249.0,2988.0,0.0,1.0,-1.0,9.0,5.0,0.8,3.0,2.0,0.1715,6.0,3.0,0.45,15.0,0.0,75.0,30.0,0.7305,0.0,1,1,0,0,1,360.0,713.46,115.0,37.35,0.5659,0.8141,0.4551,0.1748,0.69
C-10836,2025-04-30,48.0,249.0,2988.0,13.0,19.0,-0.3158,14.0,8.0,0.75,2.0,0.0,-0.2122,2.0,0.0,0.1,33.0,0.0,31.0,36.0,0.6006,0.0,1,1,0,0,1,360.0,1044.64,90.0,37.35,0.3643,0.8982,0.2497,0.2537,0.4231
C-10837,2025-04-18,13.0,399.0,4788.0,13.0,17.0,-0.2353,6.0,5.0,0.2,0.0,0.0,-0.1705,2.0,0.0,0.1,22.0,0.0,94.0,26.0,0.4482,1.0,0,1,0,0,0,360.0,1742.87,40.0,59.85,0.3382,0.6343,0.3589,0.4796,0.2611
C-10838,2024-02-26,2.0,799.0,9588.0,7.0,9.0,-0.2222,0.0,4.0,-1.0,1.0,0.0,0.1194,10.0,7.0,0.85,29.0,1.0,127.0,15.0,0.1249,0.0,1,0,0,1,0,360.0,3207.59,65.0,80.0,0.3917,0.3762,0.5449,0.8819,0.4675
C-10839,2025-06-24,54.0,49.0,588.0,3.0,11.0,-0.7273,2.0,4.0,-0.5,0.0,0.0,-0.213,9.0,6.0,0.75,17.0,1.0,10.0,38.0,0.05,1.0,0,1,0,0,0,120.0,178.69,40.0,8.0,0.4475,0.7224,0.6365,0.0898,0.2709
C-10840,2024-03-07,18.0,149.0,1788.0,0.0,9.0,-1.0,4.0,3.0,0.3333,2.0,0.0,0.1505,0.0,0.0,0.0,7.0,0.0,166.0,20.0,0.5756,0.0,0,0,0,0,0,120.0,480.64,90.0,22.35,0.5112,0.4562,0.323,0.1318,0.3566
C-10841,2025-08-29,40.0,49.0,588.0,13.0,18.0,-0.2778,14.0,11.0,0.2727,2.0,1.0,-0.0189,10.0,8.0,0.9,37.0,0.0,111.0,21.0,0.6684,1.0,0,0,1,0,1,120.0,215.73,90.0,8.0,0.3329,0.7656,0.5987,0.0942,0.5769
C-10842,2024-07-02,54.0,49.0,588.0,22.0,21.0,0.0476,4.0,8.0,-0.5,1.0,1.0,-1.0508,5.0,2.0,0.35,9.0,0.0,50.0,25.0,0.2371,0.0,0,1,1,1,0,120.0,290.26,65.0,8.0,0.1025,0.7107,0.4452,0.1037,0.3941
C-10843,2024-04-20,4.0,99.0,1188.0,0.0,3.0,-1.0,1.0,2.0,-0.5,0.0,0.0,0.3051,1.0,0.0,0.05,8.0,0.0,136.0,26.0,0.346,1.0,0,0,1,1,0,120.0,285.27,40.0,14.85,0.5634,0.3678,0.4061,0.103,0.2297
C-10844,2024-03-04,2.0,249.0,2988.0,11.0,12.0,-0.0833,10.0,10.0,0.0,1.0,0.0,0.5728,10.0,8.0,0.9,39.0,0.0,152.0,20.0,0.2885,1.0,0,0,1,0,0,360.0,1110.78,65.0,37.35,0.3241,0.6173,0.589,0.272,0.4182
C-10845,2025-02-09,2.0,799.0,9588.0,7.0,1.0,6.0,4.0,2.0,1.0,0.0,0.0,-0.4337,4.0,1.0,0.25,42.0,0.0,172.0,19.0,0.2832,0.0,1,0,0,1,0,360.0,2853.74,40.0,80.0,0.4588,0.4752,0.2611,0.8184,0.4158
C-10846,2024-07-27,11.0,399.0,4788.0,5.0,13.0,-0.6154,6.0,7.0,-0.1429,1.0,0.0,1.4943,3.0,0.0,0.15,27.0,0.0,143.0,13.0,0.615,1.0,0,0,0,1,0,360.0,1170.69,65.0,59.85,0.5554,0.5031,0.3543,0.2893,0.3799
C-10847,2025-02-12,4.0,249.0,2988.0,6.0,7.0,-0.1429,0.0,2.0,-1.0,3.0,0.0,1.0685,1.0,1.0,0.1,26.0,0.0,40.0,27.0,0.4437,1.0,0,1,0,0,0,360.0,1031.75,115.0,37.35,0.3722,0.476,0.3407,0.2502,0.6411
C-10848,2026-03-01,49.0,399.0,4788.0,16.0,10.0,0.6,5.0,4.0,0.25,1.0,1.0,0.6752,10.0,7.0,0.85,16.0,0.0,33.0,27.0,0.3542,0.0,0,0,0,1,0,360.0,2377.73,65.0,59.85,0.0971,0.7927,0.6083,0.6954,0.4329
C-10849,2026-01-06,37.0,99.0,1188.0,10.0,13.0,-0.2308,10.0,8.0,0.25,1.0,1.0,0.6655,3.0,1.0,0.2,27.0,0.0,41.0,18.0,0.9315,0.0,0,1,0,0,0,120.0,415.04,65.0,14.85,0.3648,0.6677,0.3058,0.1215,0.4526
C-10850,2025-10-23,58.0,799.0,9588.0,6.0,9.0,-0.3333,10.0,11.0,-0.0909,1.0,1.0,0.0241,7.0,5.0,0.6,27.0,0.0,158.0,28.0,0.1131,1.0,1,1,0,1,0,360.0,3901.33,65.0,80.0,0.2602,0.8664,0.53,0.9527,0.4526
C-10851,2025-02-17,48.0,799.0,9588.0,18.0,11.0,0.6364,12.0,11.0,0.0909,2.0,0.0,0.9131,2.0,2.0,0.2,23.0,0.0,58.0,6.0,0.5096,0.0,0,1,1,1,0,360.0,4434.44,90.0,80.0,0.1591,0.7721,0.323,0.9773,0.3752
C-10852,2024-04-08,57.0,49.0,588.0,19.0,21.0,-0.0952,8.0,10.0,-0.2,1.0,0.0,1.2566,10.0,7.0,0.85,29.0,0.0,62.0,17.0,0.1902,1.0,0,0,0,1,0,120.0,282.89,65.0,8.0,0.1253,0.7364,0.6177,0.1027,0.3705
C-10853,2024-12-24,15.0,149.0,1788.0,29.0,22.0,0.3182,0.0,3.0,-1.0,1.0,0.0,0.6464,9.0,8.0,0.85,24.0,0.0,160.0,39.0,0.3685,0.0,0,0,0,1,0,120.0,832.78,65.0,22.35,0.1532,0.5482,0.5695,0.2007,0.4305
C-10854,2024-01-20,18.0,399.0,4788.0,4.0,1.0,3.0,4.0,2.0,1.0,2.0,0.0,-0.4562,6.0,5.0,0.55,39.0,0.0,40.0,29.0,0.4297,0.0,0,1,0,1,1,360.0,1822.6,90.0,59.85,0.3079,0.6448,0.3775,0.5081,0.5915
C-10855,2024-04-18,51.0,149.0,1788.0,9.0,11.0,-0.1818,10.0,10.0,0.0,1.0,0.0,-0.0317,4.0,3.0,0.35,30.0,0.0,76.0,29.0,0.5689,1.0,0,1,0,0,0,120.0,756.24,65.0,22.35,0.231,0.7981,0.4158,0.1838,0.3543
C-10856,2024-09-23,16.0,799.0,9588.0,26.0,23.0,0.1304,12.0,11.0,0.0909,3.0,0.0,0.4589,7.0,4.0,0.55,17.0,1.0,56.0,34.0,0.3478,0.0,0,1,1,1,1,360.0,4161.67,115.0,80.0,0.2108,0.8013,0.485,0.9669,0.428
C-10857,2025-09-04,5.0,799.0,9588.0,17.0,15.0,0.1333,7.0,4.0,0.75,0.0,0.0,0.6702,5.0,4.0,0.45,29.0,1.0,57.0,24.0,0.3266,1.0,0,1,1,1,0,360.0,3313.36,40.0,80.0,0.3717,0.5973,0.4601,0.8968,0.2932
C-10858,2025-11-26,40.0,149.0,1788.0,12.0,6.0,1.0,0.0,1.0,-1.0,4.0,1.0,-0.062,11.0,11.0,1.0,10.0,0.0,109.0,26.0,0.3442,1.0,0,1,0,0,1,120.0,908.8,140.0,22.35,0.0759,0.5847,0.7503,0.2187,0.7311
C-10859,2025-06-30,48.0,49.0,588.0,14.0,17.0,-0.1765,6.0,8.0,-0.25,3.0,2.0,-0.4534,8.0,8.0,0.8,9.0,0.0,134.0,19.0,0.184,0.0,0,0,1,0,1,120.0,278.2,115.0,8.0,0.1398,0.677,0.6225,0.1021,0.6835
C-10860,2024-08-15,58.0,149.0,1788.0,4.0,4.0,0.0,1.0,1.0,0.0,2.0,0.0,1.2674,0.0,0.0,0.0,37.0,0.0,51.0,33.0,0.5265,0.0,1,1,1,0,0,120.0,719.89,90.0,22.35,0.268,0.7101,0.2075,0.1761,0.613
C-10861,2025-09-24,55.0,99.0,1188.0,1.0,1.0,0.0,0.0,1.0,-1.0,0.0,0.0,-0.8579,9.0,9.0,0.9,26.0,0.0,11.0,28.0,0.4563,0.0,0,0,1,0,1,120.0,553.75,40.0,14.85,0.1525,0.6601,0.5793,0.1443,0.3498
C-10862,2026-05-28,8.0,149.0,1788.0,22.0,18.0,0.2222,12.0,11.0,0.0909,3.0,2.0,-0.7531,2.0,0.0,0.1,2.0,0.0,116.0,21.0,0.487,0.0,0,1,0,1,0,120.0,759.25,115.0,22.35,0.2279,0.6073,0.3823,0.1844,0.5646
C-10863,2025-08-01,46.0,249.0,2988.0,8.0,14.0,-0.4286,5.0,6.0,-0.1667,0.0,0.0,-1.0617,3.0,3.0,0.3,15.0,0.0,101.0,5.0,0.3861,0.0,1,0,0,1,1,360.0,1295.18,40.0,37.35,0.2119,0.6374,0.3965,0.3271,0.2315
C-10864,2025-11-02,51.0,149.0,1788.0,27.0,21.0,0.2857,0.0,2.0,-1.0,0.0,0.0,-0.7548,5.0,2.0,0.35,44.0,0.0,120.0,32.0,0.3614,0.0,0,1,1,0,1,120.0,699.15,40.0,22.35,0.2891,0.6537,0.285,0.1718,0.48
C-10865,2026-02-11,42.0,99.0,1188.0,13.0,10.0,0.3,8.0,8.0,0.0,3.0,2.0,0.9979,2.0,0.0,0.1,28.0,0.0,83.0,13.0,0.6351,1.0,0,1,0,0,1,120.0,415.86,115.0,14.85,0.3635,0.6197,0.3318,0.1216,0.7756
C-10866,2025-09-23,49.0,99.0,1188.0,16.0,24.0,-0.3333,5.0,5.0,0.0,2.0,1.0,1.0247,11.0,11.0,1.0,39.0,0.0,140.0,15.0,0.6044,0.0,0,0,1,0,0,120.0,440.92,90.0,14.85,0.3252,0.6148,0.5548,0.1255,0.6942
C-10867,2026-02-12,50.0,399.0,4788.0,19.0,12.0,0.5833,8.0,6.0,0.3333,2.0,1.0,-0.0592,11.0,8.0,0.95,24.0,0.0,114.0,5.0,0.683,0.0,0,1,0,1,1,360.0,2312.51,90.0,59.85,0.1219,0.7169,0.6083,0.6753,0.5548
C-10868,2024-09-18,27.0,49.0,588.0,33.0,20.0,0.65,10.0,10.0,0.0,0.0,0.0,0.3971,1.0,0.0,0.05,1.0,0.0,137.0,9.0,0.4745,1.0,1,0,0,0,0,120.0,291.29,40.0,8.0,0.0993,0.5891,0.4403,0.1038,0.1335
C-10869,2024-09-28,4.0,99.0,1188.0,9.0,3.0,2.0,4.0,3.0,0.3333,4.0,2.0,-0.0084,3.0,0.0,0.15,8.0,0.0,132.0,5.0,0.6705,0.0,0,1,0,0,1,120.0,469.2,140.0,14.85,0.2819,0.312,0.3729,0.13,0.7756
C-10870,2024-06-02,28.0,799.0,9588.0,12.0,3.0,3.0,8.0,8.0,0.0,2.0,0.0,-0.9536,4.0,2.0,0.3,4.0,0.0,91.0,4.0,0.3168,0.0,0,0,0,1,0,360.0,4797.22,90.0,80.0,0.0903,0.6165,0.4502,0.9864,0.2932
C-10871,2024-06-09,13.0,49.0,588.0,23.0,22.0,0.0455,9.0,10.0,-0.1,1.0,0.0,1.7745,8.0,7.0,0.75,33.0,0.0,61.0,1.0,0.3598,0.0,0,1,0,0,0,120.0,247.67,65.0,8.0,0.2342,0.4238,0.485,0.0982,0.387
C-10872,2025-05-02,8.0,149.0,1788.0,13.0,23.0,-0.4348,3.0,5.0,-0.4,1.0,0.0,1.0998,7.0,7.0,0.7,34.0,0.0,106.0,12.0,0.639,0.0,0,0,0,1,0,120.0,549.79,65.0,22.35,0.4409,0.3406,0.4601,0.1436,0.4675
C-10873,2026-03-28,9.0,99.0,1188.0,15.0,26.0,-0.4231,11.0,11.0,0.0,1.0,1.0,0.2835,8.0,7.0,0.75,20.0,0.0,116.0,30.0,0.5687,0.0,0,1,1,1,0,120.0,421.64,65.0,14.85,0.3547,0.6417,0.5498,0.1225,0.3894
C-10874,2024-07-14,42.0,49.0,588.0,11.0,9.0,0.2222,4.0,5.0,-0.2,1.0,1.0,-0.6847,0.0,0.0,0.0,32.0,0.0,105.0,34.0,0.3419,0.0,1,0,1,0,1,120.0,211.75,65.0,8.0,0.3452,0.6916,0.2244,0.0937,0.5646
C-10875,2025-09-20,31.0,149.0,1788.0,0.0,1.0,-1.0,10.0,6.0,0.6667,0.0,0.0,-0.1799,6.0,3.0,0.45,24.0,1.0,96.0,9.0,0.1907,1.0,1,1,1,1,0,120.0,335.08,40.0,22.35,0.6593,0.54,0.485,0.1098,0.2351
C-10876,2024-03-09,33.0,249.0,2988.0,22.0,27.0,-0.1852,13.0,10.0,0.3,2.0,1.0,-0.5539,2.0,2.0,0.2,33.0,0.0,65.0,17.0,0.3592,0.0,0,1,1,0,1,360.0,946.72,90.0,37.35,0.4239,0.7682,0.2809,0.2281,0.5597
C-10877,2026-05-06,45.0,99.0,1188.0,17.0,17.0,0.0,8.0,7.0,0.1429,0.0,0.0,0.0781,2.0,2.0,0.2,30.0,0.0,28.0,33.0,0.263,1.0,1,1,0,1,1,120.0,444.49,40.0,14.85,0.3197,0.7632,0.3589,0.126,0.2891
C-10878,2025-04-08,33.0,49.0,588.0,11.0,7.0,0.5714,10.0,10.0,0.0,1.0,1.0,0.2479,9.0,9.0,0.9,20.0,0.0,79.0,28.0,0.7449,1.0,0,1,1,1,1,120.0,279.65,65.0,8.0,0.1353,0.7374,0.677,0.1023,0.4013
C-10879,2025-03-14,38.0,49.0,588.0,12.0,21.0,-0.4286,8.0,9.0,-0.1111,0.0,0.0,-0.2729,1.0,0.0,0.05,29.0,0.0,159.0,36.0,0.552,0.0,1,1,0,0,0,120.0,188.81,40.0,8.0,0.4162,0.745,0.2497,0.091,0.2829
C-10880,2024-11-13,6.0,249.0,2988.0,22.0,25.0,-0.12,4.0,8.0,-0.5,4.0,1.0,-1.1635,0.0,0.0,0.0,14.0,0.0,130.0,17.0,0.2468,0.0,0,0,0,0,1,360.0,1095.91,140.0,37.35,0.3331,0.4959,0.2932,0.2678,0.715
C-10881,2026-04-28,51.0,799.0,9588.0,17.0,8.0,1.125,2.0,3.0,-0.3333,3.0,2.0,1.7056,5.0,3.0,0.4,33.0,1.0,137.0,7.0,0.191,0.0,0,0,0,1,1,360.0,3016.36,115.0,80.0,0.428,0.5929,0.3498,0.8504,0.8442
C-10882,2025-01-05,28.0,99.0,1188.0,15.0,21.0,-0.2857,5.0,5.0,0.0,1.0,1.0,0.19,8.0,8.0,0.8,41.0,0.0,133.0,6.0,0.2443,1.0,1,1,1,0,1,120.0,364.22,65.0,14.85,0.4426,0.4301,0.5399,0.1139,0.6177
C-10883,2024-04-18,11.0,99.0,1188.0,27.0,22.0,0.2273,10.0,10.0,0.0,1.0,0.0,0.3653,6.0,4.0,0.5,9.0,1.0,166.0,28.0,0.2882,1.0,0,1,0,0,0,120.0,539.94,65.0,14.85,0.1736,0.6395,0.5793,0.1418,0.2262
C-10884,2025-05-12,49.0,149.0,1788.0,11.0,14.0,-0.2143,8.0,7.0,0.1429,1.0,1.0,-0.3379,1.0,0.0,0.05,30.0,0.0,44.0,2.0,0.3667,0.0,0,1,1,0,0,120.0,610.8,65.0,22.35,0.3789,0.5721,0.246,0.1546,0.5
C-10885,2025-06-04,44.0,149.0,1788.0,21.0,18.0,0.1667,6.0,4.0,0.5,2.0,1.0,-1.2496,9.0,9.0,0.9,4.0,0.0,131.0,18.0,0.6229,1.0,0,0,1,1,1,120.0,923.75,90.0,22.35,0.0607,0.6614,0.7427,0.2224,0.4305
C-10886,2025-10-19,5.0,99.0,1188.0,15.0,8.0,0.875,2.0,4.0,-0.5,0.0,0.0,-0.0666,4.0,1.0,0.25,16.0,1.0,17.0,14.0,0.2067,1.0,1,0,1,0,0,120.0,388.04,40.0,14.85,0.4061,0.3267,0.4452,0.1174,0.265
C-10887,2025-03-14,13.0,49.0,588.0,30.0,26.0,0.1538,7.0,9.0,-0.2222,0.0,0.0,-0.2586,8.0,8.0,0.8,30.0,0.0,47.0,36.0,0.8579,1.0,0,1,1,0,0,120.0,257.61,40.0,8.0,0.2034,0.6453,0.5939,0.0994,0.2994
C-10888,2024-09-03,2.0,249.0,2988.0,32.0,27.0,0.1852,5.0,2.0,1.5,2.0,1.0,0.5676,2.0,0.0,0.1,12.0,1.0,10.0,39.0,0.2113,0.0,1,0,1,0,0,360.0,834.02,90.0,37.35,0.4925,0.6373,0.3363,0.201,0.5025
C-10889,2024-01-03,17.0,149.0,1788.0,20.0,27.0,-0.2593,3.0,2.0,0.5,1.0,0.0,0.7249,10.0,8.0,0.9,10.0,0.0,80.0,19.0,0.1182,0.0,0,0,1,0,0,120.0,860.74,65.0,22.35,0.1247,0.4719,0.6548,0.2072,0.2994
C-10890,2026-05-20,7.0,149.0,1788.0,27.0,20.0,0.35,8.0,9.0,-0.1111,0.0,0.0,0.612,3.0,0.0,0.15,17.0,0.0,29.0,23.0,0.7377,1.0,0,1,0,0,0,120.0,662.52,40.0,22.35,0.3263,0.5267,0.4013,0.1645,0.2159
C-10891,2024-06-19,43.0,99.0,1188.0,0.0,2.0,-1.0,3.0,4.0,-0.25,3.0,0.0,0.7906,11.0,10.0,1.0,5.0,0.0,72.0,15.0,0.6643,0.0,0,1,1,1,1,120.0,515.65,115.0,14.85,0.2108,0.5608,0.7109,0.1377,0.4502
C-10892,2024-11-05,32.0,799.0,9588.0,12.0,10.0,0.2,8.0,9.0,-0.1111,1.0,1.0,1.4429,4.0,1.0,0.25,28.0,0.0,28.0,31.0,0.3635,1.0,0,1,0,0,1,360.0,3087.07,65.0,80.0,0.4146,0.769,0.387,0.8628,0.485
C-10893,2024-05-15,58.0,249.0,2988.0,15.0,13.0,0.1538,6.0,6.0,0.0,2.0,0.0,0.3119,8.0,5.0,0.65,5.0,1.0,11.0,12.0,0.4763,0.0,0,1,0,0,1,360.0,1452.62,90.0,37.35,0.1161,0.758,0.5842,0.3784,0.3208
C-10894,2024-07-26,45.0,149.0,1788.0,29.0,26.0,0.1154,12.0,11.0,0.0909,3.0,1.0,0.8794,6.0,5.0,0.55,14.0,0.0,88.0,30.0,0.4813,0.0,0,1,0,0,0,120.0,865.14,115.0,22.35,0.1203,0.8176,0.5,0.2082,0.53
C-10895,2024-02-23,37.0,99.0,1188.0,17.0,15.0,0.1333,12.0,6.0,1.0,1.0,0.0,0.3951,0.0,0.0,0.0,14.0,0.0,76.0,36.0,0.4273,0.0,0,0,1,0,0,120.0,554.59,65.0,14.85,0.1512,0.8182,0.2932,0.1444,0.2351
C-10896,2024-10-27,31.0,399.0,4788.0,10.0,15.0,-0.3333,10.0,10.0,0.0,2.0,2.0,-1.5,1.0,0.0,0.05,43.0,0.0,77.0,7.0,0.1407,1.0,1,0,0,1,1,360.0,747.73,90.0,59.85,0.7161,0.6158,0.2535,0.1819,0.7667
C-10897,2026-04-16,5.0,799.0,9588.0,0.0,4.0,-1.0,11.0,10.0,0.1,0.0,0.0,-0.1236,4.0,3.0,0.35,44.0,0.0,65.0,9.0,0.05,1.0,0,1,1,0,1,360.0,893.23,40.0,80.0,0.8306,0.5087,0.3498,0.2149,0.3475
C-10898,2024-07-16,6.0,49.0,588.0,27.0,22.0,0.2273,0.0,3.0,-1.0,1.0,1.0,-0.6942,2.0,0.0,0.1,3.0,1.0,76.0,15.0,0.2311,1.0,0,0,0,1,0,120.0,239.26,65.0,8.0,0.2602,0.3186,0.4502,0.0971,0.3989
C-10899,2026-05-01,37.0,799.0,9588.0,11.0,10.0,0.1,9.0,11.0,-0.1818,2.0,1.0,0.1851,7.0,7.0,0.7,7.0,1.0,5.0,33.0,0.7632,0.0,0,1,0,1,1,360.0,4161.67,90.0,80.0,0.2108,0.8241,0.5939,0.9669,0.4158
C-10900,2025-07-13,2.0,399.0,4788.0,10.0,3.0,2.3333,12.0,9.0,0.3333,1.0,0.0,-0.6328,1.0,1.0,0.1,32.0,0.0,88.0,25.0,0.7711,1.0,0,1,1,0,1,360.0,1626.78,65.0,59.85,0.3823,0.6811,0.3143,0.4384,0.3452
C-10901,2026-02-25,4.0,49.0,588.0,27.0,27.0,0.0,3.0,2.0,0.5,2.0,0.0,0.4845,7.0,6.0,0.65,13.0,0.0,153.0,8.0,0.3476,0.0,0,0,1,0,1,120.0,279.84,90.0,8.0,0.1347,0.3302,0.5449,0.1023,0.411
C-10902,2025-07-01,14.0,399.0,4788.0,0.0,6.0,-1.0,0.0,1.0,-1.0,1.0,1.0,0.7848,2.0,0.0,0.1,28.0,2.0,29.0,15.0,0.2084,1.0,1,0,0,0,1,360.0,156.75,65.0,59.85,0.9405,0.3681,0.3318,0.0873,0.5842
C-10903,2026-05-22,53.0,49.0,588.0,7.0,1.0,6.0,4.0,3.0,0.3333,2.0,0.0,0.9629,2.0,2.0,0.2,41.0,0.0,30.0,26.0,0.4556,0.0,1,1,0,1,1,120.0,231.9,90.0,8.0,0.2829,0.6939,0.2497,0.0962,0.6059
C-10904,2025-05-01,28.0,49.0,588.0,1.0,3.0,-0.6667,5.0,1.0,4.0,1.0,0.0,1.2954,4.0,3.0,0.35,7.0,0.0,141.0,38.0,0.4878,0.0,0,1,1,0,0,120.0,237.69,65.0,8.0,0.265,0.683,0.4551,0.0969,0.2611
C-10905,2026-01-02,43.0,49.0,588.0,15.0,13.0,0.1538,0.0,4.0,-1.0,1.0,1.0,-1.3408,6.0,4.0,0.5,43.0,1.0,92.0,18.0,0.5201,1.0,0,1,1,0,0,120.0,174.61,65.0,8.0,0.4601,0.4925,0.411,0.0893,0.6878
C-10906,2024-02-02,25.0,149.0,1788.0,0.0,3.0,-1.0,14.0,11.0,0.2727,1.0,0.0,-0.9592,4.0,3.0,0.35,2.0,0.0,50.0,3.0,0.05,0.0,1,0,0,0,0,120.0,634.94,65.0,22.35,0.3543,0.5824,0.48,0.1592,0.1625
C-10907,2026-04-02,12.0,249.0,2988.0,33.0,23.0,0.4348,0.0,6.0,-1.0,2.0,1.0,2.3423,4.0,2.0,0.3,10.0,1.0,142.0,5.0,1.0316,0.0,0,1,1,1,1,360.0,1201.42,90.0,37.35,0.2689,0.3671,0.4207,0.2984,0.5498
C-10908,2024-01-17,23.0,149.0,1788.0,9.0,14.0,-0.3571,3.0,1.0,2.0,4.0,2.0,0.8076,4.0,2.0,0.3,22.0,0.0,61.0,2.0,0.6265,0.0,1,0,1,0,1,120.0,511.88,140.0,22.35,0.4795,0.3363,0.3635,0.137,0.8468
C-10909,2024-06-23,7.0,49.0,588.0,7.0,9.0,-0.2222,5.0,6.0,-0.1667,1.0,1.0,0.1796,4.0,1.0,0.25,39.0,1.0,110.0,5.0,0.3604,0.0,1,1,1,0,1,120.0,98.54,65.0,8.0,0.6953,0.2978,0.2729,0.0809,0.6035
C-10910,2025-10-13,46.0,99.0,1188.0,2.0,1.0,1.0,0.0,3.0,-1.0,0.0,0.0,0.0256,4.0,1.0,0.25,24.0,0.0,102.0,17.0,0.2563,0.0,1,0,0,1,1,120.0,546.8,40.0,14.85,0.1631,0.537,0.3363,0.143,0.3363
C-10911,2024-08-14,12.0,799.0,9588.0,6.0,13.0,-0.5385,11.0,10.0,0.1,2.0,1.0,-0.0455,10.0,9.0,0.95,6.0,0.0,34.0,11.0,0.5975,0.0,1,1,1,1,0,360.0,4095.15,90.0,80.0,0.2234,0.6314,0.69,0.9637,0.3846
C-10912,2024-02-07,23.0,799.0,9588.0,7.0,5.0,0.4,3.0,1.0,2.0,0.0,0.0,-1.5,6.0,5.0,0.55,11.0,0.0,137.0,12.0,0.4991,0.0,0,0,0,1,0,360.0,4720.75,40.0,80.0,0.1048,0.5517,0.515,0.9848,0.2279
C-10913,2026-01-30,58.0,399.0,4788.0,37.0,27.0,0.3704,9.0,9.0,0.0,1.0,0.0,-0.6179,5.0,4.0,0.45,34.0,0.0,113.0,30.0,0.4184,1.0,0,1,1,0,1,360.0,2170.42,65.0,59.85,0.1758,0.869,0.4354,0.6293,0.3941
C-10914,2025-03-28,36.0,49.0,588.0,5.0,8.0,-0.375,6.0,5.0,0.2,0.0,0.0,-0.0895,8.0,7.0,0.75,25.0,0.0,41.0,19.0,0.4917,0.0,0,1,0,0,0,120.0,249.4,40.0,8.0,0.2288,0.612,0.525,0.0984,0.2789
C-10915,2025-02-26,28.0,399.0,4788.0,15.0,13.0,0.1538,0.0,1.0,-1.0,0.0,0.0,-0.5727,6.0,3.0,0.45,0.0,1.0,137.0,29.0,0.3775,0.0,0,0,0,0,0,360.0,2364.75,40.0,59.85,0.102,0.6408,0.53,0.6914,0.1978
C-10916,2024-10-05,33.0,399.0,4788.0,0.0,1.0,-1.0,3.0,8.0,-0.625,0.0,0.0,-0.4681,11.0,9.0,1.0,22.0,1.0,113.0,22.0,0.4804,1.0,0,1,1,0,0,360.0,1287.08,40.0,59.85,0.5112,0.6235,0.7027,0.3246,0.2911
C-10917,2025-09-24,47.0,249.0,2988.0,4.0,4.0,0.0,7.0,6.0,0.1667,2.0,0.0,2.047,6.0,4.0,0.5,18.0,1.0,154.0,8.0,0.5453,0.0,0,0,1,1,0,360.0,1388.48,90.0,37.35,0.1551,0.7032,0.4601,0.3571,0.3989
C-10918,2024-10-04,16.0,49.0,588.0,4.0,6.0,-0.3333,13.0,9.0,0.4444,2.0,1.0,-0.2013,2.0,1.0,0.15,0.0,0.0,148.0,37.0,0.4687,1.0,0,1,1,0,1,120.0,249.97,90.0,8.0,0.2271,0.7607,0.485,0.0985,0.3208
C-10919,2025-05-10,38.0,799.0,9588.0,0.0,2.0,-1.0,9.0,7.0,0.2857,2.0,0.0,0.2225,6.0,4.0,0.5,11.0,0.0,60.0,19.0,0.4582,1.0,0,1,0,1,0,360.0,3313.36,90.0,80.0,0.3717,0.7435,0.5695,0.8968,0.3274
C-10920,2024-04-24,52.0,149.0,1788.0,26.0,20.0,0.3,4.0,9.0,-0.5556,3.0,1.0,0.194,9.0,7.0,0.8,42.0,0.0,168.0,33.0,0.6786,0.0,0,1,1,0,1,120.0,730.36,115.0,22.35,0.2573,0.7352,0.4601,0.1783,0.7958
C-10921,2024-09-26,35.0,49.0,588.0,24.0,26.0,-0.0769,2.0,6.0,-0.6667,0.0,0.0,0.4716,2.0,0.0,0.1,31.0,0.0,10.0,4.0,0.0806,1.0,0,0,0,0,0,120.0,188.26,40.0,8.0,0.4179,0.3944,0.3186,0.0909,0.3612
C-10922,2024-01-25,27.0,99.0,1188.0,26.0,27.0,-0.037,0.0,1.0,-1.0,2.0,1.0,-0.3818,2.0,0.0,0.1,3.0,0.0,63.0,34.0,0.2404,0.0,0,0,0,1,1,120.0,556.12,90.0,14.85,0.1489,0.5709,0.3775,0.1447,0.4975
C-10923,2024-09-08,10.0,149.0,1788.0,6.0,8.0,-0.25,0.0,2.0,-1.0,1.0,0.0,0.9976,7.0,4.0,0.55,0.0,0.0,111.0,28.0,0.4053,1.0,0,0,0,0,0,120.0,865.66,65.0,22.35,0.1197,0.4453,0.6411,0.2084,0.2689
C-10924,2024-12-02,16.0,49.0,588.0,10.0,22.0,-0.5455,6.0,6.0,0.0,0.0,0.0,0.3548,10.0,10.0,1.0,15.0,0.0,98.0,10.0,0.254,0.0,0,1,0,0,0,120.0,253.22,40.0,8.0,0.217,0.4481,0.6682,0.0989,0.2227
C-10925,2025-10-21,56.0,99.0,1188.0,7.0,14.0,-0.5,5.0,5.0,0.0,1.0,0.0,-1.0297,4.0,4.0,0.4,20.0,0.0,44.0,31.0,0.3208,0.0,0,0,0,0,0,120.0,502.15,65.0,14.85,0.2315,0.7566,0.411,0.1354,0.343
C-10926,2025-12-26,33.0,149.0,1788.0,8.0,2.0,3.0,5.0,9.0,-0.4444,1.0,0.0,-0.086,6.0,3.0,0.45,20.0,0.0,39.0,29.0,0.6575,0.0,1,0,1,0,1,120.0,843.9,65.0,22.35,0.1419,0.6591,0.4305,0.2033,0.343
C-10927,2025-04-14,19.0,799.0,9588.0,0.0,3.0,-1.0,6.0,5.0,0.2,2.0,0.0,-0.1377,7.0,6.0,0.65,31.0,0.0,141.0,35.0,0.3702,0.0,1,1,0,0,0,360.0,1960.04,90.0,80.0,0.6283,0.6891,0.4551,0.5569,0.5075
C-10928,2026-03-27,26.0,49.0,588.0,10.0,15.0,-0.3333,11.0,10.0,0.1,4.0,0.0,-0.1745,7.0,6.0,0.65,7.0,0.0,158.0,9.0,0.05,1.0,0,1,1,1,1,120.0,279.84,140.0,8.0,0.1347,0.5993,0.6457,0.1023,0.4651
C-10929,2024-11-12,35.0,249.0,2988.0,10.0,12.0,-0.1667,1.0,3.0,-0.6667,2.0,0.0,0.4074,1.0,0.0,0.05,2.0,1.0,123.0,35.0,0.3153,1.0,0,0,1,0,1,360.0,1350.89,90.0,37.35,0.178,0.7193,0.4354,0.3449,0.3566
C-10930,2025-03-11,33.0,799.0,9588.0,11.0,1.0,10.0,4.0,5.0,-0.2,0.0,0.0,0.5078,4.0,2.0,0.3,30.0,1.0,97.0,30.0,0.4116,0.0,0,1,0,1,1,360.0,3598.77,40.0,80.0,0.3176,0.7153,0.3274,0.9289,0.3318
C-10931,2025-06-28,42.0,399.0,4788.0,31.0,26.0,0.1923,4.0,9.0,-0.5556,1.0,1.0,0.4133,11.0,11.0,1.0,40.0,0.0,140.0,14.0,0.4079,0.0,0,1,0,0,1,360.0,2014.41,65.0,59.85,0.2351,0.6598,0.5498,0.576,0.6225
C-10932,2024-06-05,16.0,799.0,9588.0,17.0,20.0,-0.15,1.0,2.0,-0.5,1.0,1.0,0.2711,10.0,10.0,1.0,7.0,1.0,47.0,14.0,0.5112,0.0,0,0,0,1,0,360.0,4353.9,65.0,80.0,0.1744,0.4832,0.7027,0.9746,0.4158
C-10933,2025-01-05,39.0,99.0,1188.0,22.0,14.0,0.5714,4.0,4.0,0.0,1.0,1.0,0.0685,9.0,6.0,0.75,16.0,1.0,174.0,10.0,0.4949,0.0,0,1,1,0,1,120.0,538.05,65.0,14.85,0.1765,0.5279,0.5695,0.1415,0.4452
C-10934,2026-03-04,27.0,399.0,4788.0,23.0,27.0,-0.1481,9.0,9.0,0.0,2.0,1.0,-1.5,0.0,0.0,0.0,28.0,0.0,26.0,19.0,0.3722,1.0,0,0,0,0,0,360.0,1171.36,90.0,59.85,0.5552,0.6797,0.2973,0.2895,0.572
C-10935,2025-02-23,56.0,799.0,9588.0,33.0,27.0,0.2222,7.0,7.0,0.0,1.0,1.0,0.6223,5.0,4.0,0.45,7.0,0.0,107.0,35.0,0.1614,1.0,0,1,0,1,1,360.0,4826.69,65.0,80.0,0.0847,0.8685,0.5695,0.9869,0.3452
C-10936,2026-04-01,11.0,99.0,1188.0,19.0,27.0,-0.2963,9.0,9.0,0.0,2.0,2.0,0.3907,0.0,0.0,0.0,38.0,0.0,64.0,33.0,0.3118,0.0,0,0,0,0,0,120.0,178.52,90.0,14.85,0.7268,0.5906,0.2042,0.0898,0.7484
C-10937,2025-08-20,10.0,149.0,1788.0,13.0,7.0,0.8571,5.0,6.0,-0.1667,2.0,1.0,-0.7878,3.0,3.0,0.3,10.0,0.0,163.0,6.0,0.2754,0.0,0,0,0,0,1,120.0,791.97,90.0,22.35,0.1947,0.3735,0.4207,0.1915,0.4875
C-10938,2024-05-29,28.0,249.0,2988.0,22.0,24.0,-0.0833,10.0,10.0,0.0,3.0,0.0,0.2245,10.0,7.0,0.85,23.0,0.0,47.0,6.0,0.343,0.0,0,1,1,1,1,360.0,1410.28,115.0,37.35,0.1419,0.6613,0.5744,0.3643,0.4975
C-10939,2025-02-07,31.0,149.0,1788.0,8.0,14.0,-0.4286,12.0,10.0,0.2,1.0,1.0,0.5184,4.0,4.0,0.4,15.0,0.0,117.0,3.0,0.5382,0.0,0,1,0,0,1,120.0,684.5,65.0,22.35,0.3039,0.5788,0.4354,0.1689,0.343
C-10940,2024-11-19,42.0,99.0,1188.0,19.0,20.0,-0.05,10.0,11.0,-0.0909,0.0,0.0,0.937,2.0,0.0,0.1,30.0,1.0,32.0,24.0,0.4808,0.0,0,0,0,0,0,120.0,426.34,40.0,14.85,0.3475,0.7283,0.2611,0.1232,0.2689
C-10941,2026-04-17,25.0,799.0,9588.0,26.0,24.0,0.0833,2.0,2.0,0.0,0.0,0.0,0.4082,8.0,5.0,0.65,8.0,0.0,36.0,13.0,0.5648,0.0,0,1,0,1,1,360.0,4834.8,40.0,80.0,0.0832,0.5519,0.5695,0.9871,0.221
C-10942,2024-10-23,54.0,799.0,9588.0,2.0,5.0,-0.6,6.0,7.0,-0.1429,2.0,2.0,0.2573,9.0,7.0,0.8,4.0,0.0,77.0,30.0,0.3232,1.0,0,1,0,1,0,360.0,4204.9,90.0,80.0,0.2026,0.8262,0.7109,0.9688,0.5548
C-10943,2025-03-03,29.0,149.0,1788.0,16.0,13.0,0.2308,0.0,2.0,-1.0,0.0,0.0,0.7574,7.0,4.0,0.55,22.0,1.0,144.0,30.0,0.7017,0.0,0,0,0,1,0,120.0,771.13,40.0,22.35,0.2159,0.5429,0.4601,0.187,0.323
C-10944,2025-08-31,9.0,399.0,4788.0,1.0,4.0,-0.75,4.0,3.0,0.3333,1.0,0.0,-0.2452,9.0,8.0,0.85,38.0,1.0,53.0,8.0,0.5346,1.0,0,0,1,1,0,360.0,810.8,65.0,59.85,0.6921,0.3999,0.5744,0.1957,0.485
C-10945,2026-04-28,8.0,149.0,1788.0,12.0,8.0,0.5,2.0,4.0,-0.5,0.0,0.0,0.3296,8.0,7.0,0.75,28.0,1.0,126.0,28.0,0.4224,1.0,0,0,1,0,0,120.0,696.11,40.0,22.35,0.2921,0.4536,0.5842,0.1712,0.3407
C-10946,2025-04-26,58.0,399.0,4788.0,15.0,12.0,0.25,8.0,8.0,0.0,0.0,0.0,-0.4969,7.0,6.0,0.65,34.0,1.0,104.0,30.0,0.5207,0.0,0,1,1,1,1,360.0,2058.26,40.0,59.85,0.2184,0.857,0.4403,0.5912,0.3143
C-10947,2026-01-17,9.0,249.0,2988.0,24.0,24.0,0.0,5.0,5.0,0.0,2.0,1.0,0.8882,10.0,10.0,1.0,19.0,1.0,176.0,39.0,0.2648,1.0,0,1,1,0,1,360.0,1257.12,90.0,37.35,0.2351,0.6969,0.715,0.3153,0.5548
C-10948,2024-04-13,56.0,149.0,1788.0,21.0,24.0,-0.125,9.0,10.0,-0.1,0.0,0.0,-1.2878,3.0,2.0,0.25,6.0,0.0,57.0,29.0,0.05,1.0,0,1,1,0,0,120.0,899.33,40.0,22.35,0.0855,0.8126,0.495,0.2164,0.1584
C-10949,2026-02-24,18.0,49.0,588.0,12.0,11.0,0.0909,3.0,4.0,-0.25,2.0,0.0,0.6534,5.0,5.0,0.5,19.0,1.0,47.0,15.0,0.2787,0.0,0,0,1,0,1,120.0,249.4,90.0,8.0,0.2288,0.4343,0.4551,0.0984,0.4551
C-10950,2024-07-02,7.0,249.0,2988.0,12.0,9.0,0.3333,5.0,7.0,-0.2857,0.0,0.0,0.0142,6.0,3.0,0.45,44.0,0.0,162.0,39.0,0.5495,0.0,0,0,0,0,1,360.0,956.06,40.0,37.35,0.4182,0.6684,0.3186,0.2305,0.4182
C-10951,2025-11-04,19.0,99.0,1188.0,27.0,15.0,0.8,4.0,9.0,-0.5556,3.0,1.0,0.7723,8.0,8.0,0.8,35.0,0.0,63.0,11.0,0.416,1.0,0,1,0,0,1,120.0,461.84,115.0,14.85,0.2932,0.4215,0.5695,0.1288,0.7595
C-10952,2025-04-16,37.0,99.0,1188.0,31.0,25.0,0.24,11.0,11.0,0.0,1.0,1.0,-0.6244,5.0,5.0,0.5,31.0,0.0,42.0,32.0,0.3726,0.0,0,0,1,0,1,120.0,485.27,65.0,14.85,0.2573,0.7775,0.3965,0.1326,0.47
C-10953,2025-06-17,26.0,99.0,1188.0,33.0,27.0,0.2222,3.0,3.0,0.0,0.0,0.0,0.072,5.0,3.0,0.4,13.0,0.0,148.0,15.0,0.2304,0.0,0,1,0,0,0,120.0,573.08,40.0,14.85,0.1229,0.4871,0.4452,0.1477,0.2387
C-10954,2024-03-22,47.0,799.0,9588.0,26.0,7.0,2.7143,11.0,9.0,0.2222,1.0,0.0,0.0485,1.0,0.0,0.05,26.0,0.0,147.0,37.0,0.05,1.0,0,1,0,1,0,360.0,4213.4,65.0,80.0,0.201,0.8839,0.323,0.9692,0.3165
C-10955,2025-04-14,37.0,49.0,588.0,9.0,6.0,0.5,0.0,1.0,-1.0,2.0,2.0,0.3471,7.0,7.0,0.7,28.0,0.0,16.0,31.0,0.685,0.0,0,1,0,0,0,120.0,199.4,90.0,8.0,0.3834,0.5691,0.49,0.0922,0.7756
C-10956,2024-03-17,25.0,399.0,4788.0,23.0,20.0,0.15,10.0,6.0,0.6667,1.0,1.0,-0.838,1.0,0.0,0.05,29.0,0.0,154.0,24.0,0.3584,0.0,0,1,0,0,0,360.0,1679.08,65.0,59.85,0.3624,0.7386,0.2497,0.4569,0.4675
C-10957,2025-05-01,38.0,799.0,9588.0,13.0,9.0,0.4444,4.0,5.0,-0.2,1.0,0.0,0.509,5.0,5.0,0.5,40.0,0.0,115.0,9.0,0.3141,0.0,0,1,1,1,0,360.0,3875.8,65.0,80.0,0.265,0.6029,0.3543,0.951,0.5
C-10958,2024-12-24,58.0,49.0,588.0,0.0,6.0,-1.0,8.0,11.0,-0.2727,1.0,1.0,-1.4767,4.0,1.0,0.25,30.0,0.0,53.0,8.0,0.2657,0.0,1,0,1,0,0,120.0,114.23,65.0,8.0,0.6468,0.6264,0.31,0.0825,0.5
C-10959,2024-06-26,25.0,249.0,2988.0,0.0,1.0,-1.0,6.0,9.0,-0.3333,1.0,1.0,-0.5343,9.0,9.0,0.9,9.0,1.0,98.0,37.0,0.6509,0.0,0,1,0,0,0,360.0,813.48,65.0,37.35,0.505,0.7384,0.6593,0.1963,0.3705
C-10960,2025-03-09,10.0,249.0,2988.0,8.0,11.0,-0.2727,6.0,11.0,-0.4545,0.0,0.0,-1.2502,5.0,3.0,0.4,9.0,0.0,46.0,32.0,0.5763,0.0,1,1,1,0,0,360.0,1321.97,40.0,37.35,0.1956,0.6775,0.4651,0.3356,0.1931
C-10961,2024-07-08,25.0,149.0,1788.0,15.0,11.0,0.3636,13.0,10.0,0.3,0.0,0.0,0.6626,0.0,0.0,0.0,27.0,0.0,34.0,20.0,0.2066,1.0,0,1,0,0,0,120.0,711.12,40.0,22.35,0.2769,0.6903,0.3015,0.1743,0.2244
C-10962,2024-03-14,50.0,399.0,4788.0,15.0,16.0,-0.0625,8.0,5.0,0.6,1.0,0.0,0.3201,6.0,5.0,0.55,38.0,0.0,28.0,35.0,0.6329,0.0,0,1,0,1,0,360.0,1743.48,65.0,59.85,0.3379,0.8483,0.3823,0.4798,0.4354
C-10963,2024-01-31,14.0,149.0,1788.0,7.0,6.0,0.1667,10.0,9.0,0.1111,1.0,0.0,0.3648,2.0,0.0,0.1,42.0,1.0,33.0,31.0,0.371,0.0,1,1,0,0,1,120.0,432.98,65.0,22.35,0.5597,0.6295,0.2176,0.1242,0.4403
C-10964,2024-10-28,57.0,149.0,1788.0,27.0,20.0,0.35,0.0,1.0,-1.0,1.0,1.0,1.1786,4.0,3.0,0.35,27.0,0.0,106.0,16.0,0.2779,1.0,0,1,1,0,1,120.0,789.65,65.0,22.35,0.197,0.5797,0.4305,0.191,0.5769
C-10965,2025-10-19,36.0,149.0,1788.0,24.0,19.0,0.2632,11.0,7.0,0.5714,0.0,0.0,-0.2528,3.0,1.0,0.2,23.0,0.0,146.0,33.0,0.3413,0.0,0,1,0,0,1,120.0,801.79,40.0,22.35,0.1847,0.7854,0.323,0.1937,0.221
C-10966,2025-05-23,36.0,399.0,4788.0,12.0,13.0,-0.0769,0.0,1.0,-1.0,1.0,0.0,0.4877,1.0,1.0,0.1,36.0,0.0,90.0,32.0,0.2433,0.0,0,0,0,0,1,360.0,1742.91,65.0,59.85,0.3382,0.6706,0.2387,0.4796,0.52
C-10967,2024-04-20,20.0,249.0,2988.0,1.0,5.0,-0.8,7.0,8.0,-0.125,2.0,0.0,0.0528,11.0,9.0,1.0,43.0,1.0,7.0,19.0,0.1358,1.0,1,0,1,0,1,360.0,331.66,90.0,37.35,0.7982,0.582,0.6083,0.1093,0.5842
C-10968,2025-01-26,55.0,149.0,1788.0,21.0,14.0,0.5,14.0,11.0,0.2727,0.0,0.0,-0.069,3.0,0.0,0.15,1.0,2.0,80.0,1.0,0.5552,0.0,0,1,0,0,0,120.0,845.69,40.0,22.35,0.14,0.7271,0.4061,0.2037,0.112
C-10969,2025-05-28,4.0,799.0,9588.0,24.0,19.0,0.2632,9.0,8.0,0.125,1.0,0.0,1.0453,6.0,3.0,0.45,13.0,1.0,135.0,29.0,0.3559,0.0,1,0,1,1,1,360.0,4080.65,65.0,80.0,0.2262,0.6807,0.4651,0.963,0.2573
C-10970,2024-07-25,19.0,399.0,4788.0,1.0,11.0,-0.9091,14.0,10.0,0.4,0.0,0.0,1.6655,9.0,8.0,0.85,15.0,0.0,151.0,14.0,0.5234,1.0,0,1,0,1,0,360.0,1662.98,40.0,59.85,0.3685,0.7182,0.6814,0.4512,0.1611
C-10971,2024-05-01,26.0,799.0,9588.0,6.0,8.0,-0.25,3.0,3.0,0.0,1.0,0.0,-0.3452,4.0,3.0,0.35,25.0,0.0,133.0,15.0,0.4574,0.0,0,1,1,1,1,360.0,3781.42,65.0,80.0,0.2829,0.5667,0.3682,0.9443,0.4013
C-10972,2024-08-07,29.0,399.0,4788.0,15.0,14.0,0.0714,10.0,11.0,-0.0909,1.0,1.0,0.667,11.0,10.0,1.0,13.0,0.0,69.0,28.0,0.5097,1.0,0,1,1,0,0,360.0,2370.72,65.0,59.85,0.0998,0.7974,0.7389,0.6932,0.3521
C-10973,2024-02-28,29.0,149.0,1788.0,15.0,10.0,0.5,5.0,7.0,-0.2857,0.0,0.0,0.2553,4.0,1.0,0.25,13.0,0.0,118.0,32.0,0.05,0.0,0,1,1,0,0,120.0,852.64,40.0,22.35,0.133,0.6623,0.387,0.2053,0.221
C-10974,2024-08-01,10.0,399.0,4788.0,16.0,11.0,0.4545,3.0,8.0,-0.625,2.0,0.0,0.2649,11.0,8.0,0.95,1.0,0.0,16.0,4.0,0.2266,0.0,1,1,1,0,1,360.0,2373.07,90.0,59.85,0.0989,0.4281,0.7109,0.694,0.3274
C-10975,2025-04-15,15.0,99.0,1188.0,12.0,10.0,0.2,8.0,9.0,-0.1111,1.0,0.0,0.1977,5.0,3.0,0.4,0.0,1.0,76.0,33.0,0.5139,0.0,0,1,1,0,0,120.0,570.94,65.0,14.85,0.1262,0.6608,0.51,0.1473,0.1978
C-10976,2025-12-07,7.0,99.0,1188.0,13.0,9.0,0.4444,10.0,8.0,0.25,3.0,1.0,-0.2665,0.0,0.0,0.0,20.0,1.0,98.0,12.0,0.145,0.0,0,1,1,0,0,120.0,360.07,115.0,14.85,0.4489,0.4689,0.2689,0.1133,0.5987
C-10977,2026-02-09,35.0,149.0,1788.0,20.0,20.0,0.0,5.0,4.0,0.25,2.0,1.0,-1.5,10.0,10.0,1.0,44.0,0.0,9.0,23.0,0.4746,1.0,0,1,0,0,0,120.0,575.69,90.0,22.35,0.4146,0.5945,0.6035,0.1482,0.7251
C-10978,2025-08-16,22.0,799.0,9588.0,9.0,13.0,-0.3077,7.0,7.0,0.0,0.0,0.0,1.2278,10.0,7.0,0.85,13.0,0.0,7.0,34.0,0.1219,1.0,0,1,0,1,0,360.0,4058.5,40.0,80.0,0.2304,0.7512,0.69,0.9618,0.2042
C-10979,2024-11-10,34.0,249.0,2988.0,11.0,13.0,-0.1538,5.0,8.0,-0.375,3.0,1.0,-0.5558,11.0,8.0,0.95,10.0,0.0,145.0,9.0,0.4033,0.0,0,1,1,1,1,360.0,1462.2,115.0,37.35,0.1103,0.6213,0.6726,0.3816,0.5866
C-10980,2026-04-03,36.0,149.0,1788.0,18.0,18.0,0.0,10.0,10.0,0.0,1.0,1.0,-0.1932,1.0,0.0,0.05,11.0,0.0,43.0,9.0,0.722,1.0,0,0,0,0,0,120.0,809.8,65.0,22.35,0.1765,0.6229,0.3917,0.1955,0.3385
C-10981,2026-03-21,42.0,149.0,1788.0,10.0,10.0,0.0,8.0,6.0,0.3333,3.0,2.0,-0.1762,10.0,8.0,0.9,43.0,0.0,26.0,38.0,0.5549,0.0,1,1,1,0,1,120.0,505.22,115.0,22.35,0.4863,0.7644,0.495,0.1359,0.8442
C-10982,2024-11-11,33.0,99.0,1188.0,0.0,3.0,-1.0,7.0,6.0,0.1667,0.0,0.0,-0.627,4.0,1.0,0.25,29.0,0.0,108.0,15.0,0.05,0.0,1,1,1,0,1,120.0,233.78,40.0,14.85,0.6422,0.5372,0.3143,0.0964,0.2932
C-10983,2024-01-10,39.0,249.0,2988.0,22.0,24.0,-0.0833,6.0,6.0,0.0,1.0,0.0,0.1922,10.0,8.0,0.9,29.0,0.0,54.0,37.0,0.5697,1.0,0,1,1,1,1,360.0,1398.02,65.0,37.35,0.1493,0.8169,0.6365,0.3603,0.3941
C-10984,2025-01-17,36.0,149.0,1788.0,2.0,2.0,0.0,0.0,2.0,-1.0,0.0,0.0,-0.0354,11.0,8.0,0.95,8.0,0.0,176.0,14.0,0.7644,1.0,0,0,1,1,0,120.0,928.86,40.0,22.35,0.0555,0.4781,0.7427,0.2237,0.2387
C-10985,2025-02-14,39.0,249.0,2988.0,14.0,16.0,-0.125,3.0,1.0,2.0,2.0,1.0,-0.5732,2.0,2.0,0.2,40.0,0.0,170.0,25.0,0.9594,0.0,0,1,0,0,0,360.0,899.53,90.0,37.35,0.4526,0.6778,0.2535,0.2165,0.7211
C-10986,2025-08-20,37.0,149.0,1788.0,7.0,8.0,-0.125,0.0,1.0,-1.0,0.0,0.0,0.1194,4.0,2.0,0.3,8.0,1.0,149.0,20.0,0.495,1.0,0,0,1,1,0,120.0,816.83,40.0,22.35,0.1694,0.5138,0.505,0.1971,0.2387
C-10987,2024-05-09,20.0,99.0,1188.0,9.0,6.0,0.5,8.0,8.0,0.0,0.0,0.0,-0.0264,3.0,2.0,0.25,43.0,0.0,57.0,39.0,0.1271,0.0,0,1,0,0,0,120.0,389.61,40.0,14.85,0.4037,0.6917,0.2573,0.1177,0.3752
C-10988,2025-04-25,16.0,799.0,9588.0,0.0,2.0,-1.0,11.0,5.0,1.2,2.0,0.0,0.7423,3.0,0.0,0.15,42.0,0.0,158.0,22.0,0.4869,1.0,0,1,0,0,1,360.0,950.26,90.0,80.0,0.8198,0.657,0.2891,0.229,0.5275
C-10989,2024-10-05,47.0,149.0,1788.0,15.0,25.0,-0.4,6.0,10.0,-0.4,1.0,1.0,-1.0723,7.0,4.0,0.55,25.0,0.0,49.0,20.0,0.7192,0.0,1,0,0,0,1,120.0,679.57,65.0,22.35,0.309,0.6605,0.4452,0.1679,0.4875
C-10990,2025-03-12,21.0,49.0,588.0,10.0,12.0,-0.1667,7.0,8.0,-0.125,0.0,0.0,-0.6443,4.0,1.0,0.25,39.0,1.0,46.0,19.0,0.3626,1.0,0,0,1,0,0,120.0,148.39,40.0,8.0,0.5412,0.5198,0.3363,0.0863,0.3589
C-10991,2024-01-21,33.0,149.0,1788.0,15.0,10.0,0.5,1.0,2.0,-0.5,0.0,0.0,0.5802,7.0,7.0,0.7,44.0,0.0,175.0,15.0,0.6086,0.0,1,1,1,0,0,120.0,708.15,40.0,22.35,0.2799,0.4626,0.411,0.1737,0.4675
C-10992,2025-04-11,13.0,249.0,2988.0,31.0,21.0,0.4762,0.0,2.0,-1.0,1.0,0.0,-0.5118,8.0,7.0,0.75,26.0,0.0,122.0,18.0,0.2321,0.0,0,0,1,1,0,360.0,1343.6,65.0,37.35,0.1824,0.4772,0.52,0.3425,0.4452
C-10993,2024-02-01,27.0,49.0,588.0,7.0,2.0,2.5,7.0,5.0,0.4,1.0,0.0,-0.7227,2.0,2.0,0.2,34.0,0.0,20.0,18.0,0.4745,1.0,0,0,0,1,0,120.0,186.17,65.0,8.0,0.4243,0.5567,0.3407,0.0907,0.4182
C-10994,2026-01-22,32.0,99.0,1188.0,7.0,16.0,-0.5625,12.0,11.0,0.0909,1.0,0.0,-0.4722,0.0,0.0,0.0,26.0,0.0,160.0,30.0,0.05,0.0,1,1,1,0,0,120.0,342.61,65.0,14.85,0.4756,0.7431,0.246,0.1109,0.3058
C-10995,2025-09-20,38.0,49.0,588.0,13.0,14.0,-0.0714,1.0,1.0,0.0,0.0,0.0,-0.0808,8.0,7.0,0.75,23.0,0.0,33.0,2.0,0.2099,1.0,0,0,1,0,0,120.0,280.64,40.0,8.0,0.1322,0.4095,0.6083,0.1024,0.3186
C-10996,2026-03-23,32.0,249.0,2988.0,17.0,15.0,0.1333,4.0,3.0,0.3333,0.0,0.0,-0.0777,2.0,0.0,0.1,15.0,1.0,124.0,20.0,0.3988,1.0,0,1,1,0,1,360.0,1275.99,40.0,37.35,0.2236,0.6566,0.3917,0.3211,0.2405
C-10997,2025-07-31,22.0,399.0,4788.0,5.0,4.0,0.25,1.0,1.0,0.0,1.0,0.0,-0.168,2.0,1.0,0.15,29.0,1.0,81.0,22.0,0.3273,1.0,0,1,0,0,1,360.0,1645.37,65.0,59.85,0.3752,0.548,0.3452,0.445,0.4551
C-10998,2026-05-13,57.0,799.0,9588.0,29.0,26.0,0.1154,12.0,5.0,1.4,0.0,0.0,-0.8229,7.0,4.0,0.55,12.0,0.0,8.0,30.0,0.1399,0.0,0,1,0,1,0,360.0,4677.26,40.0,80.0,0.113,0.8951,0.51,0.9839,0.1625
C-10999,2024-07-02,31.0,149.0,1788.0,1.0,7.0,-0.8571,11.0,11.0,0.0,2.0,1.0,0.6185,3.0,0.0,0.15,8.0,1.0,142.0,26.0,0.3001,0.0,1,0,1,0,1,120.0,417.81,90.0,22.35,0.5751,0.6884,0.3729,0.1219,0.3989
C-11000,2024-01-06,48.0,799.0,9588.0,19.0,19.0,0.0,8.0,8.0,0.0,0.0,0.0,1.061,2.0,0.0,0.1,12.0,0.0,125.0,17.0,0.4659,1.0,0,1,0,1,1,360.0,4682.53,40.0,80.0,0.112,0.778,0.4061,0.984,0.1915
C-11001,2026-03-05,44.0,99.0,1188.0,24.0,21.0,0.1429,1.0,6.0,-0.8333,0.0,0.0,-1.5,3.0,1.0,0.2,0.0,0.0,159.0,5.0,0.3828,0.0,0,0,0,0,1,120.0,609.88,40.0,14.85,0.0666,0.4692,0.4305,0.1544,0.19
C-11002,2025-08-04,34.0,399.0,4788.0,15.0,10.0,0.5,0.0,2.0,-1.0,0.0,0.0,-1.2428,6.0,6.0,0.6,42.0,0.0,112.0,15.0,0.4122,0.0,1,1,1,1,0,360.0,1904.27,40.0,59.85,0.2769,0.5477,0.3823,0.5372,0.4651
C-11003,2025-08-29,53.0,249.0,2988.0,0.0,4.0,-1.0,6.0,4.0,0.5,1.0,1.0,0.8023,10.0,7.0,0.85,11.0,0.0,137.0,10.0,0.5464,1.0,0,1,1,0,1,360.0,1103.55,65.0,37.35,0.3285,0.7059,0.6985,0.2699,0.3846
C-11004,2024-09-12,9.0,399.0,4788.0,7.0,9.0,-0.2222,2.0,6.0,-0.6667,2.0,0.0,1.2558,11.0,11.0,1.0,35.0,0.0,163.0,8.0,0.3314,1.0,0,1,1,0,1,360.0,1850.39,90.0,59.85,0.2973,0.4089,0.6457,0.518,0.5866
C-11005,2024-10-23,55.0,399.0,4788.0,6.0,22.0,-0.7273,0.0,4.0,-1.0,4.0,1.0,-1.5,8.0,7.0,0.75,19.0,0.0,175.0,29.0,0.6718,1.0,0,0,0,1,1,360.0,1809.02,140.0,59.85,0.313,0.7337,0.6271,0.5032,0.7807
C-11006,2025-08-21,51.0,249.0,2988.0,21.0,25.0,-0.16,8.0,8.0,0.0,0.0,0.0,0.6523,10.0,9.0,0.95,15.0,0.0,103.0,19.0,0.2021,1.0,0,1,1,0,0,360.0,1513.69,40.0,37.35,0.0789,0.8007,0.715,0.3991,0.2059
C-11007,2024-12-25,31.0,99.0,1188.0,23.0,26.0,-0.1154,14.0,11.0,0.2727,1.0,0.0,1.3103,6.0,5.0,0.55,10.0,1.0,7.0,31.0,0.7856,0.0,0,0,0,0,0,120.0,490.5,65.0,14.85,0.2493,0.7934,0.52,0.1335,0.1978
C-11008,2024-03-08,44.0,249.0,2988.0,1.0,7.0,-0.8571,3.0,3.0,0.0,1.0,0.0,-0.6899,4.0,1.0,0.25,36.0,0.0,65.0,6.0,0.6226,1.0,1,1,1,0,1,360.0,629.02,65.0,37.35,0.6172,0.5477,0.3498,0.158,0.4825
C-11009,2024-09-15,32.0,399.0,4788.0,18.0,17.0,0.0588,2.0,3.0,-0.3333,2.0,0.0,1.2637,9.0,9.0,0.9,23.0,1.0,113.0,39.0,0.3288,1.0,0,1,0,0,1,360.0,2192.87,90.0,59.85,0.1673,0.7477,0.6637,0.6367,0.4975
C-11010,2024-12-04,17.0,799.0,9588.0,5.0,5.0,0.0,0.0,2.0,-1.0,1.0,0.0,-0.1424,3.0,1.0,0.2,20.0,1.0,24.0,19.0,0.3421,0.0,0,0,0,1,0,360.0,3074.26,65.0,80.0,0.417,0.4754,0.3363,0.8606,0.4013
C-11011,2026-01-02,48.0,799.0,9588.0,6.0,20.0,-0.7,9.0,8.0,0.125,2.0,2.0,0.2517,9.0,9.0,0.9,29.0,1.0,25.0,10.0,0.4413,1.0,1,0,1,0,1,360.0,1486.63,90.0,80.0,0.7181,0.6944,0.6365,0.3899,0.6942
C-11012,2024-10-30,16.0,99.0,1188.0,13.0,12.0,0.0833,7.0,6.0,0.1667,1.0,0.0,-0.5754,11.0,8.0,0.95,36.0,0.0,74.0,15.0,0.5197,0.0,0,1,0,0,1,120.0,510.7,65.0,14.85,0.2184,0.5052,0.5498,0.1368,0.4329
C-11013,2025-03-11,20.0,249.0,2988.0,14.0,20.0,-0.3,0.0,4.0,-1.0,2.0,1.0,0.8008,4.0,2.0,0.3,29.0,0.0,164.0,33.0,0.6189,0.0,0,1,1,0,1,360.0,893.42,90.0,37.35,0.4564,0.5895,0.3318,0.215,0.6835
C-11014,2025-06-11,32.0,49.0,588.0,22.0,19.0,0.1579,5.0,3.0,0.6667,3.0,1.0,0.6676,7.0,6.0,0.65,21.0,0.0,61.0,28.0,0.1319,1.0,0,1,1,0,0,120.0,267.71,115.0,8.0,0.1722,0.6443,0.5793,0.1007,0.6637
C-11015,2024-04-29,50.0,399.0,4788.0,19.0,27.0,-0.2963,2.0,1.0,1.0,1.0,0.0,1.3798,9.0,9.0,0.9,40.0,1.0,168.0,7.0,0.4875,0.0,0,1,1,1,0,360.0,1686.17,65.0,59.85,0.3597,0.5963,0.51,0.4594,0.525
C-11016,2025-05-28,24.0,799.0,9588.0,14.0,14.0,0.0,8.0,6.0,0.3333,2.0,1.0,1.1525,9.0,9.0,0.9,40.0,0.0,145.0,39.0,0.05,1.0,1,1,1,1,1,360.0,3660.99,90.0,80.0,0.3058,0.792,0.5842,0.9345,0.6682
C-11017,2024-06-26,30.0,49.0,588.0,8.0,10.0,-0.2,9.0,8.0,0.125,0.0,0.0,-0.0073,2.0,2.0,0.2,43.0,0.0,58.0,6.0,0.3645,0.0,0,0,0,0,0,120.0,172.6,40.0,8.0,0.4663,0.5167,0.2423,0.0891,0.3635
C-11018,2026-02-13,4.0,249.0,2988.0,17.0,15.0,0.1333,4.0,3.0,0.3333,0.0,0.0,2.4867,11.0,10.0,1.0,4.0,0.0,45.0,11.0,0.6908,0.0,0,0,0,1,1,360.0,1527.64,40.0,37.35,0.0704,0.4737,0.715,0.4039,0.1854
C-11019,2024-09-18,8.0,799.0,9588.0,6.0,5.0,0.2,2.0,1.0,1.0,0.0,0.0,1.0806,6.0,3.0,0.45,40.0,0.0,149.0,29.0,0.1165,0.0,1,1,1,1,1,360.0,3313.36,40.0,80.0,0.3717,0.5509,0.3363,0.8968,0.4256
C-11020,2024-09-25,5.0,799.0,9588.0,2.0,4.0,-0.5,8.0,6.0,0.3333,1.0,0.0,0.4324,0.0,0.0,0.0,8.0,1.0,137.0,21.0,0.0802,0.0,1,1,0,1,0,360.0,2853.74,65.0,80.0,0.4588,0.5843,0.3186,0.8184,0.2387
C-11021,2024-12-21,6.0,149.0,1788.0,6.0,15.0,-0.6,3.0,8.0,-0.625,1.0,0.0,-0.7977,1.0,0.0,0.05,27.0,0.0,115.0,18.0,0.4442,1.0,1,0,1,0,0,120.0,404.14,65.0,22.35,0.589,0.3556,0.3186,0.1198,0.4158
C-11022,2024-11-13,52.0,49.0,588.0,14.0,23.0,-0.3913,0.0,4.0,-1.0,0.0,0.0,-1.224,8.0,7.0,0.75,29.0,0.0,176.0,37.0,0.6775,0.0,0,1,0,0,0,120.0,251.14,40.0,8.0,0.2235,0.6981,0.505,0.0986,0.3705
C-11023,2025-06-06,50.0,799.0,9588.0,11.0,15.0,-0.2667,1.0,3.0,-0.6667,1.0,1.0,-1.156,5.0,5.0,0.5,9.0,0.0,22.0,31.0,0.4651,0.0,0,1,0,1,1,360.0,4066.75,65.0,80.0,0.2288,0.7494,0.505,0.9622,0.4305
C-11024,2025-09-29,49.0,799.0,9588.0,22.0,22.0,0.0,1.0,2.0,-0.5,3.0,2.0,-0.7469,1.0,0.0,0.05,0.0,0.0,72.0,38.0,0.05,1.0,0,1,1,1,1,360.0,4575.26,115.0,80.0,0.1324,0.7915,0.4452,0.9814,0.6792
C-11025,2026-04-30,5.0,249.0,2988.0,1.0,5.0,-0.8,9.0,9.0,0.0,0.0,0.0,1.1018,6.0,4.0,0.5,42.0,0.0,110.0,12.0,0.0634,0.0,1,0,0,0,0,360.0,440.36,40.0,37.35,0.732,0.5035,0.3452,0.1254,0.3566
C-11026,2026-02-22,6.0,799.0,9588.0,17.0,13.0,0.3077,10.0,10.0,0.0,0.0,0.0,0.3897,7.0,4.0,0.55,40.0,0.0,17.0,34.0,0.4195,1.0,0,0,1,1,0,360.0,2682.84,40.0,80.0,0.4913,0.7098,0.4452,0.7792,0.3318
C-11027,2024-08-19,18.0,49.0,588.0,15.0,17.0,-0.1176,11.0,9.0,0.2222,4.0,2.0,-0.4907,0.0,0.0,0.0,7.0,0.0,175.0,9.0,0.1642,0.0,0,1,0,0,0,120.0,226.1,140.0,8.0,0.3009,0.5398,0.323,0.0955,0.7027
C-11028,2025-06-16,34.0,249.0,2988.0,4.0,10.0,-0.6,8.0,6.0,0.3333,3.0,0.0,-0.1087,4.0,3.0,0.35,27.0,1.0,105.0,32.0,0.4273,0.0,0,1,0,0,1,360.0,772.46,115.0,37.35,0.53,0.7712,0.3589,0.1873,0.5523
C-11029,2024-10-16,21.0,49.0,588.0,0.0,1.0,-1.0,5.0,8.0,-0.375,1.0,0.0,-0.2062,5.0,2.0,0.35,6.0,0.0,58.0,22.0,0.4392,1.0,0,0,0,0,0,120.0,190.5,65.0,8.0,0.411,0.5186,0.5349,0.0912,0.2554
C-11030,2025-12-11,30.0,799.0,9588.0,3.0,2.0,0.5,5.0,5.0,0.0,1.0,0.0,0.64,9.0,9.0,0.9,25.0,2.0,46.0,24.0,0.302,1.0,0,1,1,1,0,360.0,3891.16,65.0,80.0,0.2621,0.6876,0.6548,0.952,0.3775
C-11031,2024-01-22,12.0,399.0,4788.0,28.0,26.0,0.0769,0.0,1.0,-1.0,1.0,1.0,-0.703,7.0,5.0,0.6,14.0,0.0,5.0,5.0,0.763,1.0,0,0,0,1,1,360.0,1919.98,65.0,59.85,0.2709,0.3669,0.5939,0.5427,0.48
C-11032,2026-05-27,44.0,799.0,9588.0,28.0,17.0,0.6471,4.0,5.0,-0.2,2.0,1.0,0.2797,1.0,0.0,0.05,33.0,0.0,108.0,35.0,0.5181,1.0,0,1,0,1,1,360.0,3488.37,90.0,80.0,0.3385,0.7826,0.2932,0.9177,0.666
C-11033,2024-11-24,20.0,249.0,2988.0,4.0,8.0,-0.5,8.0,8.0,0.0,3.0,1.0,0.2401,7.0,7.0,0.7,25.0,0.0,175.0,11.0,0.6423,0.0,1,1,1,0,0,360.0,966.04,115.0,37.35,0.4122,0.59,0.505,0.233,0.657
C-11034,2025-10-18,5.0,49.0,588.0,7.0,7.0,0.0,0.0,8.0,-1.0,2.0,2.0,-0.6791,10.0,7.0,0.85,22.0,0.0,11.0,24.0,0.5841,1.0,1,0,1,1,1,120.0,193.62,90.0,8.0,0.4013,0.3588,0.6502,0.0916,0.7427
C-11035,2025-08-18,45.0,49.0,588.0,5.0,2.0,1.5,14.0,11.0,0.2727,1.0,0.0,1.2704,0.0,0.0,0.0,30.0,0.0,77.0,7.0,0.37,0.0,0,1,0,0,0,120.0,244.14,65.0,8.0,0.2451,0.7125,0.2315,0.0977,0.31
C-11036,2024-11-19,54.0,149.0,1788.0,26.0,26.0,0.0,12.0,11.0,0.0909,0.0,0.0,-0.2365,11.0,10.0,1.0,21.0,0.0,120.0,37.0,0.3611,0.0,0,0,1,0,0,120.0,913.16,40.0,22.35,0.0714,0.8715,0.6411,0.2198,0.2026
C-11037,2026-04-29,2.0,399.0,4788.0,0.0,3.0,-1.0,1.0,3.0,-0.6667,1.0,0.0,-0.7942,1.0,0.0,0.05,0.0,0.0,80.0,13.0,0.3405,1.0,0,1,0,0,0,360.0,1366.05,65.0,59.85,0.4813,0.3704,0.4452,0.3498,0.2592
C-11038,2024-08-23,27.0,49.0,588.0,12.0,21.0,-0.4286,5.0,1.0,4.0,0.0,0.0,0.6823,7.0,7.0,0.7,26.0,1.0,118.0,30.0,0.5362,1.0,0,1,0,0,0,120.0,196.99,40.0,8.0,0.3909,0.6093,0.5744,0.092,0.2953
C-11039,2025-10-14,49.0,799.0,9588.0,4.0,7.0,-0.4286,3.0,4.0,-0.25,0.0,0.0,0.0436,4.0,2.0,0.3,35.0,1.0,129.0,30.0,0.2699,1.0,0,1,1,0,1,360.0,2648.0,40.0,80.0,0.4979,0.7448,0.3729,0.7706,0.3775
C-11040,2026-03-30,42.0,99.0,1188.0,4.0,10.0,-0.6,10.0,10.0,0.0,0.0,0.0,0.3267,8.0,7.0,0.75,22.0,0.0,173.0,22.0,0.745,0.0,1,0,1,0,0,120.0,482.13,40.0,14.85,0.2621,0.7249,0.5399,0.1321,0.2244
C-11041,2024-04-14,51.0,149.0,1788.0,0.0,8.0,-1.0,7.0,9.0,-0.2222,2.0,0.0,-0.9477,10.0,8.0,0.9,7.0,0.0,110.0,5.0,0.2508,1.0,0,1,1,1,1,120.0,766.09,90.0,22.35,0.221,0.6034,0.7311,0.1859,0.323
C-11042,2026-03-19,26.0,99.0,1188.0,18.0,23.0,-0.2174,6.0,2.0,2.0,6.0,1.0,0.6499,10.0,9.0,0.95,0.0,0.0,129.0,11.0,0.4429,0.0,0,0,1,0,1,120.0,594.06,190.0,14.85,0.0908,0.5211,0.715,0.1515,0.7685
C-11043,2026-02-24,23.0,149.0,1788.0,0.0,1.0,-1.0,1.0,2.0,-0.5,1.0,1.0,1.7379,10.0,8.0,0.9,13.0,0.0,57.0,24.0,0.3542,0.0,1,1,1,0,1,120.0,545.57,65.0,22.35,0.4452,0.4594,0.6411,0.1428,0.4601
C-11044,2024-11-30,43.0,149.0,1788.0,14.0,10.0,0.4,7.0,7.0,0.0,4.0,2.0,-1.0103,9.0,6.0,0.75,34.0,0.0,31.0,21.0,0.3098,1.0,0,0,1,0,0,120.0,697.12,140.0,22.35,0.2911,0.6692,0.5548,0.1714,0.8665
C-11045,2026-01-09,10.0,49.0,588.0,12.0,8.0,0.5,11.0,8.0,0.375,1.0,0.0,0.2834,3.0,1.0,0.2,14.0,1.0,22.0,23.0,0.8345,1.0,0,0,0,0,0,120.0,201.3,65.0,8.0,0.3775,0.5942,0.4354,0.0925,0.2442
C-11046,2024-01-06,15.0,249.0,2988.0,3.0,8.0,-0.625,12.0,11.0,0.0909,5.0,1.0,-0.6282,5.0,5.0,0.5,43.0,0.0,24.0,10.0,0.3122,1.0,1,1,0,0,1,360.0,303.49,165.0,37.35,0.8153,0.5872,0.411,0.1055,0.8569
C-11047,2024-06-15,36.0,399.0,4788.0,4.0,6.0,-0.3333,8.0,9.0,-0.1111,1.0,0.0,2.1517,8.0,7.0,0.75,14.0,0.0,149.0,21.0,0.3391,1.0,0,1,0,0,1,360.0,2255.02,65.0,59.85,0.1437,0.7536,0.6502,0.657,0.2729
C-11048,2025-10-25,40.0,799.0,9588.0,14.0,25.0,-0.44,5.0,3.0,0.6667,1.0,0.0,0.9917,2.0,1.0,0.15,19.0,0.0,12.0,4.0,0.2672,0.0,0,1,0,1,1,360.0,3078.11,65.0,80.0,0.4163,0.5773,0.323,0.8613,0.3363
C-11049,2026-04-04,8.0,99.0,1188.0,8.0,11.0,-0.2727,7.0,1.0,6.0,1.0,0.0,0.2257,6.0,6.0,0.6,34.0,0.0,89.0,19.0,0.4082,1.0,0,1,1,0,0,120.0,397.29,65.0,14.85,0.392,0.4735,0.495,0.1188,0.4182
C-11050,2024-04-21,31.0,799.0,9588.0,14.0,12.0,0.1667,7.0,7.0,0.0,0.0,0.0,-0.9823,6.0,6.0,0.6,27.0,0.0,112.0,4.0,0.3797,1.0,0,1,1,1,1,360.0,4380.17,40.0,80.0,0.1694,0.6024,0.53,0.9755,0.2809
C-11051,2025-09-21,23.0,799.0,9588.0,16.0,11.0,0.4545,7.0,7.0,0.0,2.0,1.0,-0.7888,11.0,11.0,1.0,1.0,1.0,122.0,26.0,0.1761,0.0,0,1,0,1,1,360.0,4747.38,90.0,80.0,0.0998,0.7211,0.7271,0.9854,0.3965
C-11052,2024-03-31,31.0,799.0,9588.0,23.0,27.0,-0.1481,11.0,11.0,0.0,1.0,0.0,0.597,0.0,0.0,0.0,3.0,0.0,16.0,23.0,0.3151,0.0,0,1,1,1,0,360.0,4155.81,65.0,80.0,0.2119,0.7831,0.3407,0.9666,0.1885
C-11053,2025-11-21,57.0,149.0,1788.0,16.0,10.0,0.6,10.0,7.0,0.4286,0.0,0.0,-1.09,1.0,0.0,0.05,8.0,1.0,155.0,34.0,0.5219,0.0,1,1,0,1,0,120.0,854.33,40.0,22.35,0.1312,0.8448,0.3363,0.2057,0.1598
C-11054,2026-03-01,6.0,799.0,9588.0,1.0,10.0,-0.9,4.0,6.0,-0.3333,0.0,0.0,-1.0649,0.0,0.0,0.0,39.0,1.0,81.0,19.0,0.6054,0.0,1,1,0,0,0,360.0,665.49,40.0,80.0,0.8738,0.4435,0.201,0.1651,0.3941
C-11055,2025-02-08,59.0,249.0,2988.0,2.0,9.0,-0.7778,3.0,4.0,-0.25,2.0,0.0,0.0071,6.0,4.0,0.5,1.0,0.0,8.0,7.0,0.4048,0.0,0,1,0,0,0,360.0,1245.17,90.0,37.35,0.2423,0.6701,0.5449,0.3116,0.3274
C-11056,2024-03-29,28.0,49.0,588.0,13.0,9.0,0.4444,0.0,1.0,-1.0,4.0,1.0,0.1067,6.0,4.0,0.5,3.0,0.0,28.0,10.0,0.4118,0.0,1,1,1,0,0,120.0,270.64,140.0,8.0,0.1631,0.3961,0.5349,0.1011,0.6878
C-11057,2024-06-26,46.0,99.0,1188.0,13.0,3.0,3.3333,7.0,10.0,-0.3,0.0,0.0,0.304,7.0,4.0,0.55,35.0,0.0,155.0,32.0,0.3278,1.0,0,1,0,0,1,120.0,525.18,40.0,14.85,0.1962,0.758,0.47,0.1393,0.3318
C-11058,2025-03-23,26.0,399.0,4788.0,20.0,17.0,0.1765,8.0,10.0,-0.2,0.0,0.0,-0.3516,2.0,0.0,0.1,28.0,0.0,170.0,38.0,0.2995,1.0,0,1,0,0,0,360.0,1935.48,40.0,59.85,0.265,0.797,0.3318,0.5482,0.2769
C-11059,2025-12-05,20.0,49.0,588.0,1.0,1.0,0.0,1.0,2.0,-0.5,2.0,2.0,0.7361,3.0,3.0,0.3,44.0,0.0,136.0,3.0,0.2161,0.0,1,0,0,0,1,120.0,136.84,90.0,8.0,0.5769,0.2853,0.2689,0.085,0.8416
C-11060,2025-04-03,46.0,149.0,1788.0,0.0,7.0,-1.0,12.0,8.0,0.5,2.0,0.0,-0.6895,5.0,4.0,0.45,9.0,0.0,63.0,27.0,0.0887,1.0,1,0,1,0,0,120.0,654.91,90.0,22.35,0.334,0.7897,0.5597,0.163,0.2829
C-11061,2025-02-25,41.0,399.0,4788.0,0.0,6.0,-1.0,6.0,5.0,0.2,0.0,0.0,0.5013,0.0,0.0,0.0,29.0,0.0,170.0,19.0,0.2595,1.0,1,0,0,0,0,360.0,879.64,40.0,59.85,0.666,0.6763,0.2932,0.2117,0.3036
C-11062,2025-06-13,10.0,49.0,588.0,9.0,8.0,0.125,2.0,5.0,-0.6,0.0,0.0,0.1713,9.0,9.0,0.9,6.0,2.0,53.0,11.0,0.5808,0.0,0,0,1,0,0,120.0,268.62,40.0,8.0,0.1694,0.3556,0.6726,0.1009,0.2108
C-11063,2026-05-03,42.0,149.0,1788.0,19.0,21.0,-0.0952,8.0,10.0,-0.2,2.0,1.0,0.4805,0.0,0.0,0.0,26.0,0.0,45.0,20.0,0.3151,0.0,1,1,1,0,0,120.0,665.45,90.0,22.35,0.3233,0.6722,0.246,0.1651,0.5695
C-11064,2025-11-27,45.0,99.0,1188.0,10.0,17.0,-0.4118,13.0,10.0,0.3,0.0,0.0,0.9456,8.0,8.0,0.8,4.0,0.0,138.0,37.0,0.3308,0.0,0,1,1,0,0,120.0,592.43,40.0,14.85,0.0933,0.8586,0.6457,0.1512,0.1268
C-11065,2024-05-15,24.0,249.0,2988.0,27.0,27.0,0.0,5.0,3.0,0.6667,1.0,0.0,-0.3643,5.0,3.0,0.4,40.0,0.0,61.0,8.0,0.3269,1.0,0,1,0,0,0,360.0,1105.36,65.0,37.35,0.3274,0.539,0.387,0.2705,0.4875
C-11066,2024-06-22,55.0,99.0,1188.0,11.0,10.0,0.1,4.0,4.0,0.0,1.0,1.0,-0.5289,11.0,10.0,1.0,18.0,0.0,95.0,33.0,0.6489,0.0,0,1,0,0,1,120.0,597.29,65.0,14.85,0.0859,0.7626,0.6548,0.1521,0.4601
C-11067,2024-11-09,39.0,799.0,9588.0,32.0,26.0,0.2308,8.0,10.0,-0.2,3.0,0.0,-1.3507,8.0,8.0,0.8,11.0,0.0,120.0,4.0,0.2143,1.0,0,0,0,1,0,360.0,4912.18,115.0,80.0,0.0685,0.6695,0.6814,0.9884,0.4329
C-11068,2024-08-27,21.0,49.0,588.0,3.0,2.0,0.5,13.0,11.0,0.1818,1.0,0.0,-1.5,5.0,3.0,0.4,44.0,1.0,34.0,29.0,0.4554,0.0,0,1,0,0,0,120.0,165.34,65.0,8.0,0.4888,0.708,0.3015,0.0882,0.4182
C-11069,2025-10-10,2.0,799.0,9588.0,21.0,14.0,0.5,0.0,1.0,-1.0,1.0,1.0,-0.1408,8.0,6.0,0.7,2.0,0.0,167.0,3.0,0.3863,0.0,0,1,0,1,1,360.0,4655.78,65.0,80.0,0.1171,0.3255,0.6177,0.9834,0.3917
C-11070,2026-05-25,41.0,399.0,4788.0,22.0,22.0,0.0,10.0,10.0,0.0,1.0,1.0,-0.086,1.0,0.0,0.05,35.0,0.0,34.0,3.0,0.4136,0.0,0,1,0,0,0,360.0,1660.75,65.0,59.85,0.3694,0.6738,0.2279,0.4504,0.5125
C-11071,2025-05-19,14.0,799.0,9588.0,14.0,15.0,-0.0667,11.0,6.0,0.8333,3.0,0.0,-0.8689,2.0,2.0,0.2,22.0,0.0,178.0,2.0,0.4489,0.0,1,0,0,1,1,360.0,3936.56,115.0,80.0,0.2535,0.5728,0.3274,0.9549,0.4775
C-11072,2026-02-24,45.0,799.0,9588.0,32.0,26.0,0.2308,7.0,7.0,0.0,0.0,0.0,-0.6969,5.0,2.0,0.35,30.0,0.0,53.0,32.0,0.4114,1.0,0,0,0,1,0,360.0,4263.3,40.0,80.0,0.1915,0.8212,0.4158,0.9712,0.2994
C-11073,2025-01-17,32.0,99.0,1188.0,3.0,9.0,-0.6667,0.0,1.0,-1.0,1.0,0.0,1.2188,10.0,10.0,1.0,11.0,1.0,77.0,23.0,0.5586,0.0,1,0,1,0,0,120.0,482.13,65.0,14.85,0.2621,0.4997,0.6857,0.1321,0.3385
C-11074,2025-08-29,29.0,799.0,9588.0,18.0,1.0,17.0,9.0,8.0,0.125,0.0,0.0,0.7007,9.0,7.0,0.8,39.0,0.0,49.0,27.0,0.3941,1.0,0,1,1,0,0,360.0,4052.74,40.0,80.0,0.2315,0.7675,0.5498,0.9615,0.3363
C-11075,2025-09-10,11.0,249.0,2988.0,23.0,21.0,0.0952,6.0,8.0,-0.25,2.0,2.0,-1.0093,4.0,2.0,0.3,20.0,0.0,99.0,7.0,0.7489,1.0,0,0,0,0,1,360.0,1074.16,90.0,37.35,0.3464,0.4842,0.4452,0.2617,0.6682
C-11076,2024-09-16,43.0,799.0,9588.0,4.0,2.0,1.0,4.0,8.0,-0.5,3.0,0.0,-0.3539,3.0,3.0,0.3,18.0,0.0,5.0,36.0,0.4089,1.0,0,0,1,1,1,360.0,4192.07,115.0,80.0,0.2051,0.7953,0.4551,0.9682,0.5349
C-11077,2025-10-08,11.0,799.0,9588.0,24.0,21.0,0.1429,10.0,9.0,0.1111,1.0,0.0,0.3248,11.0,10.0,1.0,20.0,0.0,34.0,32.0,0.0593,0.0,0,1,1,1,0,360.0,4625.16,65.0,80.0,0.1229,0.7537,0.6457,0.9826,0.2891
C-11078,2025-04-17,26.0,249.0,2988.0,31.0,20.0,0.55,13.0,11.0,0.1818,0.0,0.0,-0.5012,6.0,6.0,0.6,13.0,0.0,95.0,20.0,0.5277,1.0,0,1,1,0,0,360.0,1471.17,40.0,37.35,0.1048,0.7871,0.5987,0.3847,0.1598
C-11079,2025-05-24,50.0,149.0,1788.0,28.0,23.0,0.2174,9.0,10.0,-0.1,1.0,0.0,-0.647,1.0,0.0,0.05,14.0,0.0,126.0,36.0,0.4784,0.0,0,1,0,0,1,120.0,862.51,65.0,22.35,0.1229,0.8233,0.31,0.2076,0.2631
C-11080,2024-08-10,55.0,49.0,588.0,3.0,13.0,-0.7692,8.0,9.0,-0.1111,0.0,0.0,-0.2706,2.0,0.0,0.1,6.0,1.0,173.0,6.0,0.4065,0.0,1,1,1,0,0,120.0,209.57,40.0,8.0,0.352,0.6327,0.3635,0.0935,0.1652
C-11081,2024-10-08,59.0,49.0,588.0,33.0,25.0,0.32,8.0,11.0,-0.2727,0.0,0.0,0.8725,10.0,9.0,0.95,21.0,0.0,151.0,12.0,0.3481,0.0,0,1,0,0,0,120.0,300.94,40.0,8.0,0.0695,0.7202,0.6225,0.1051,0.2369
C-11082,2026-01-26,57.0,149.0,1788.0,3.0,5.0,-0.4,7.0,8.0,-0.125,2.0,0.0,0.9451,10.0,8.0,0.9,21.0,0.0,166.0,2.0,0.05,1.0,0,1,1,0,0,120.0,843.9,90.0,22.35,0.1419,0.6199,0.6726,0.2033,0.4207
C-11083,2025-06-29,34.0,399.0,4788.0,13.0,12.0,0.0833,6.0,8.0,-0.25,1.0,0.0,-0.5884,10.0,7.0,0.85,17.0,0.0,144.0,7.0,0.05,0.0,0,0,1,1,0,360.0,2395.61,65.0,59.85,0.0903,0.6283,0.6035,0.7007,0.3122
C-11084,2024-04-24,13.0,249.0,2988.0,0.0,4.0,-1.0,3.0,6.0,-0.5,2.0,1.0,0.3684,0.0,0.0,0.0,44.0,0.0,140.0,33.0,0.7295,1.0,1,1,1,0,1,360.0,173.78,90.0,37.35,0.8943,0.5604,0.2351,0.0892,0.7446
C-11085,2025-04-25,50.0,149.0,1788.0,24.0,21.0,0.1429,13.0,9.0,0.4444,0.0,0.0,-0.0051,9.0,8.0,0.85,5.0,0.0,65.0,16.0,0.2829,1.0,0,0,1,0,0,120.0,940.6,40.0,22.35,0.0435,0.7855,0.7231,0.2266,0.1301
C-11086,2025-06-29,48.0,99.0,1188.0,16.0,20.0,-0.2,2.0,1.0,1.0,1.0,0.0,-0.8066,1.0,1.0,0.1,40.0,1.0,163.0,26.0,0.5931,0.0,1,1,0,0,0,120.0,326.7,65.0,14.85,0.5,0.6106,0.2244,0.1086,0.525
C-11087,2025-12-04,59.0,249.0,2988.0,23.0,22.0,0.0455,7.0,6.0,0.1667,1.0,0.0,-0.2377,9.0,7.0,0.8,39.0,1.0,173.0,35.0,0.0794,0.0,0,0,0,1,1,360.0,1262.99,65.0,37.35,0.2315,0.867,0.475,0.3171,0.4551
C-11088,2026-01-22,39.0,249.0,2988.0,19.0,21.0,-0.0952,7.0,5.0,0.4,1.0,0.0,-1.0114,10.0,10.0,1.0,1.0,1.0,94.0,30.0,0.1906,1.0,0,1,1,0,1,360.0,1531.73,65.0,37.35,0.068,0.8031,0.7824,0.4053,0.2108
C-11089,2025-07-30,10.0,799.0,9588.0,21.0,9.0,1.3333,12.0,11.0,0.0909,1.0,1.0,0.9304,4.0,1.0,0.25,31.0,0.0,26.0,16.0,0.5357,1.0,1,1,0,1,0,360.0,2478.69,65.0,80.0,0.53,0.6399,0.3729,0.725,0.4576
C-11090,2024-01-11,31.0,399.0,4788.0,14.0,2.0,6.0,0.0,1.0,-1.0,2.0,0.0,1.242,2.0,1.0,0.15,9.0,0.0,12.0,14.0,0.3795,1.0,0,0,1,1,1,360.0,2131.02,90.0,59.85,0.1908,0.5361,0.4403,0.6161,0.4182
C-11091,2025-03-14,27.0,249.0,2988.0,26.0,26.0,0.0,8.0,8.0,0.0,1.0,0.0,-0.3285,8.0,6.0,0.7,1.0,1.0,91.0,5.0,0.5075,0.0,0,0,0,1,0,360.0,1499.0,65.0,37.35,0.0879,0.6192,0.6225,0.3941,0.2026
C-11092,2024-07-01,50.0,799.0,9588.0,14.0,14.0,0.0,2.0,3.0,-0.3333,1.0,1.0,-0.5193,0.0,0.0,0.0,38.0,0.0,116.0,33.0,0.3973,1.0,0,1,0,1,1,360.0,3270.07,65.0,80.0,0.3799,0.7613,0.2573,0.8909,0.6318
C-11093,2024-01-17,24.0,149.0,1788.0,1.0,3.0,-0.6667,11.0,10.0,0.1,3.0,1.0,0.8437,6.0,5.0,0.55,5.0,0.0,102.0,39.0,0.3585,1.0,0,1,0,0,0,120.0,695.09,115.0,22.35,0.2932,0.7656,0.6177,0.171,0.475
C-11094,2026-03-25,21.0,799.0,9588.0,33.0,26.0,0.2692,10.0,10.0,0.0,1.0,0.0,0.9729,3.0,3.0,0.3,13.0,0.0,161.0,20.0,0.264,0.0,0,1,1,1,0,360.0,4525.36,65.0,80.0,0.1419,0.7209,0.4061,0.98,0.2479
C-11095,2024-05-27,6.0,149.0,1788.0,25.0,27.0,-0.0741,2.0,3.0,-0.3333,0.0,0.0,-0.8915,5.0,3.0,0.4,4.0,1.0,98.0,20.0,0.1612,1.0,0,0,0,0,0,120.0,802.04,40.0,22.35,0.1844,0.3984,0.5646,0.1938,0.201
C-11096,2024-08-04,50.0,49.0,588.0,10.0,13.0,-0.2308,6.0,10.0,-0.4,0.0,0.0,-0.1184,9.0,9.0,0.9,6.0,1.0,120.0,34.0,0.6805,0.0,1,1,1,0,1,120.0,291.85,40.0,8.0,0.0976,0.7775,0.6726,0.1039,0.1795
C-11097,2024-10-23,45.0,149.0,1788.0,27.0,21.0,0.2857,6.0,6.0,0.0,3.0,1.0,-0.0472,11.0,11.0,1.0,2.0,0.0,137.0,14.0,0.7135,0.0,0,0,1,0,0,120.0,933.79,115.0,22.35,0.0505,0.6399,0.7231,0.2249,0.515
C-11098,2025-02-14,4.0,49.0,588.0,0.0,1.0,-1.0,10.0,11.0,-0.0909,0.0,0.0,-0.6166,4.0,2.0,0.3,37.0,0.0,161.0,16.0,0.1923,1.0,0,1,1,0,1,120.0,67.38,40.0,8.0,0.7917,0.4413,0.3635,0.0776,0.3122
C-11099,2025-06-14,27.0,49.0,588.0,3.0,3.0,0.0,4.0,9.0,-0.5556,2.0,1.0,0.3088,3.0,1.0,0.2,2.0,0.0,111.0,35.0,0.1792,0.0,0,1,0,0,1,120.0,282.94,90.0,8.0,0.1251,0.6564,0.4207,0.1027,0.4403
C-11100,2024-09-30,29.0,799.0,9588.0,0.0,8.0,-1.0,2.0,1.0,1.0,0.0,0.0,-0.56,10.0,9.0,0.95,34.0,1.0,102.0,15.0,0.3304,0.0,1,1,1,0,0,360.0,1761.49,40.0,80.0,0.666,0.5143,0.5597,0.4862,0.3823
C-11101,2025-11-29,29.0,399.0,4788.0,22.0,18.0,0.2222,5.0,3.0,0.6667,0.0,0.0,-0.4322,4.0,3.0,0.35,7.0,0.0,18.0,37.0,0.4681,1.0,0,1,1,1,0,360.0,2221.45,40.0,59.85,0.1564,0.7706,0.53,0.6461,0.1915
C-11102,2024-05-19,55.0,99.0,1188.0,16.0,4.0,3.0,11.0,5.0,1.2,3.0,0.0,-0.0811,2.0,1.0,0.15,41.0,0.0,117.0,7.0,0.3636,0.0,0,1,0,0,1,120.0,466.54,115.0,14.85,0.286,0.6999,0.2351,0.1296,0.6177
C-11103,2026-04-26,10.0,799.0,9588.0,5.0,1.0,4.0,2.0,3.0,-0.3333,2.0,1.0,-1.1912,10.0,7.0,0.85,38.0,1.0,36.0,20.0,0.4999,1.0,0,0,1,1,0,360.0,2906.02,90.0,80.0,0.4489,0.4839,0.5744,0.8292,0.7191
C-11104,2026-01-24,19.0,49.0,588.0,28.0,19.0,0.4737,0.0,2.0,-1.0,0.0,0.0,-1.5,11.0,10.0,1.0,28.0,0.0,69.0,20.0,0.3902,0.0,0,0,1,0,0,120.0,274.49,40.0,8.0,0.1512,0.4266,0.6083,0.1016,0.3635
C-11105,2025-06-13,12.0,99.0,1188.0,16.0,21.0,-0.2381,8.0,11.0,-0.2727,1.0,1.0,0.7346,3.0,0.0,0.15,37.0,0.0,98.0,12.0,0.3771,1.0,1,0,1,0,1,120.0,273.51,65.0,14.85,0.5814,0.4376,0.31,0.1015,0.5523
C-11106,2024-02-12,16.0,399.0,4788.0,21.0,20.0,0.05,10.0,10.0,0.0,2.0,1.0,-0.5923,1.0,1.0,0.1,13.0,1.0,19.0,38.0,0.8826,0.0,1,1,0,0,0,360.0,1444.67,90.0,59.85,0.4514,0.7746,0.3318,0.3758,0.4477
C-11107,2025-10-04,54.0,99.0,1188.0,16.0,22.0,-0.2727,5.0,5.0,0.0,2.0,0.0,1.7079,1.0,1.0,0.1,35.0,0.0,126.0,19.0,0.295,1.0,0,1,1,0,0,120.0,426.94,90.0,14.85,0.3466,0.663,0.3015,0.1233,0.5498
C-11108,2025-09-13,56.0,399.0,4788.0,21.0,22.0,-0.0455,0.0,3.0,-1.0,1.0,1.0,1.5775,7.0,6.0,0.65,9.0,0.0,54.0,35.0,0.728,0.0,0,1,0,0,0,360.0,2411.99,65.0,59.85,0.0841,0.7905,0.5646,0.7056,0.4428
C-11109,2025-07-02,4.0,799.0,9588.0,22.0,17.0,0.2941,1.0,2.0,-0.5,1.0,0.0,-0.4052,3.0,3.0,0.3,27.0,0.0,94.0,9.0,0.6894,0.0,0,0,1,0,0,360.0,3765.32,65.0,80.0,0.286,0.3745,0.3407,0.9431,0.4403
C-11110,2024-09-04,38.0,49.0,588.0,16.0,15.0,0.0667,6.0,11.0,-0.4545,1.0,1.0,1.8712,7.0,5.0,0.6,41.0,0.0,66.0,14.0,0.5008,1.0,0,1,1,0,0,120.0,217.16,65.0,8.0,0.3285,0.5734,0.4601,0.0944,0.6059
C-11111,2025-01-14,15.0,49.0,588.0,16.0,24.0,-0.3333,6.0,4.0,0.5,0.0,0.0,0.7501,9.0,8.0,0.85,32.0,0.0,67.0,19.0,0.05,0.0,1,1,0,0,0,120.0,219.65,40.0,8.0,0.3208,0.4974,0.53,0.0947,0.323
C-11112,2025-01-01,13.0,799.0,9588.0,2.0,10.0,-0.8,0.0,1.0,-1.0,1.0,1.0,-0.5163,0.0,0.0,0.0,12.0,0.0,73.0,22.0,0.4062,1.0,0,0,0,1,1,360.0,2199.14,65.0,80.0,0.583,0.4572,0.3682,0.6388,0.4651
C-11113,2025-06-21,18.0,249.0,2988.0,0.0,3.0,-1.0,4.0,5.0,-0.2,3.0,0.0,-1.5,10.0,8.0,0.9,33.0,0.0,13.0,9.0,0.2971,1.0,1,1,1,1,1,360.0,456.67,115.0,37.35,0.7221,0.4474,0.6177,0.128,0.6434
C-11114,2024-10-19,13.0,249.0,2988.0,24.0,21.0,0.1429,1.0,5.0,-0.8,1.0,1.0,0.5505,0.0,0.0,0.0,39.0,0.0,39.0,13.0,0.404,1.0,1,0,1,0,1,360.0,776.55,65.0,37.35,0.5275,0.4173,0.2535,0.1882,0.6502
C-11115,2024-12-19,30.0,149.0,1788.0,20.0,8.0,1.5,5.0,7.0,-0.2857,0.0,0.0,0.025,1.0,0.0,0.05,40.0,0.0,142.0,25.0,0.1874,0.0,0,1,0,0,0,120.0,610.97,40.0,22.35,0.3787,0.5892,0.2108,0.1546,0.3894
C-11116,2026-03-11,59.0,149.0,1788.0,35.0,27.0,0.2963,3.0,4.0,-0.25,0.0,0.0,0.3451,8.0,5.0,0.65,33.0,0.0,26.0,11.0,0.5513,0.0,0,0,1,0,0,120.0,761.83,40.0,22.35,0.2253,0.6076,0.4452,0.185,0.3635
C-11117,2025-02-04,36.0,399.0,4788.0,1.0,12.0,-0.9167,10.0,11.0,-0.0909,0.0,0.0,-0.1831,7.0,5.0,0.6,32.0,0.0,92.0,30.0,0.597,1.0,1,1,1,0,0,360.0,1178.95,40.0,59.85,0.5523,0.7931,0.505,0.2917,0.2809
C-11118,2025-06-08,43.0,249.0,2988.0,32.0,23.0,0.3913,9.0,8.0,0.125,3.0,1.0,-0.9151,11.0,9.0,1.0,35.0,1.0,29.0,19.0,0.634,0.0,0,1,1,0,1,360.0,991.76,115.0,37.35,0.3965,0.7598,0.5744,0.2396,0.7109
C-11119,2026-03-14,30.0,49.0,588.0,8.0,2.0,3.0,14.0,11.0,0.2727,2.0,1.0,-0.3416,6.0,4.0,0.5,33.0,0.0,99.0,38.0,0.3236,0.0,0,1,1,0,1,120.0,227.58,90.0,8.0,0.2963,0.8193,0.387,0.0957,0.5474
C-11120,2026-04-13,2.0,249.0,2988.0,9.0,18.0,-0.5,6.0,5.0,0.2,2.0,0.0,0.5653,5.0,4.0,0.45,6.0,0.0,117.0,10.0,0.1881,0.0,1,0,1,0,0,360.0,1222.11,90.0,37.35,0.2564,0.473,0.5,0.3046,0.3274
C-11121,2025-05-12,6.0,399.0,4788.0,11.0,13.0,-0.1538,10.0,8.0,0.25,1.0,0.0,-0.2835,8.0,5.0,0.65,36.0,0.0,87.0,33.0,0.4703,1.0,0,1,1,0,1,360.0,1687.02,65.0,59.85,0.3594,0.7171,0.505,0.4597,0.3965
C-11122,2024-08-21,17.0,49.0,588.0,20.0,13.0,0.5385,8.0,5.0,0.6,2.0,1.0,-0.2883,9.0,6.0,0.75,8.0,0.0,140.0,20.0,0.7512,0.0,0,0,0,1,1,120.0,285.52,90.0,8.0,0.1171,0.5797,0.6083,0.1031,0.4354
C-11123,2024-03-29,16.0,149.0,1788.0,11.0,8.0,0.375,9.0,8.0,0.125,0.0,0.0,-1.2155,8.0,7.0,0.75,25.0,0.0,51.0,4.0,0.4139,1.0,0,1,1,1,1,120.0,816.83,40.0,22.35,0.1694,0.4689,0.5987,0.1971,0.2497
C-11124,2026-01-28,50.0,399.0,4788.0,19.0,27.0,-0.2963,8.0,9.0,-0.1111,1.0,1.0,0.073,4.0,1.0,0.25,15.0,0.0,102.0,28.0,0.4905,0.0,0,1,0,1,1,360.0,2031.61,65.0,59.85,0.2285,0.8272,0.3775,0.582,0.3894
C-11125,2025-04-06,50.0,249.0,2988.0,15.0,11.0,0.3636,6.0,4.0,0.5,4.0,1.0,-0.8895,11.0,11.0,1.0,9.0,0.0,53.0,9.0,0.353,1.0,0,1,1,0,1,360.0,1539.42,140.0,37.35,0.0633,0.7147,0.754,0.408,0.6615
C-11126,2025-05-14,51.0,49.0,588.0,10.0,23.0,-0.5652,13.0,11.0,0.1818,1.0,0.0,0.7348,3.0,2.0,0.25,12.0,1.0,94.0,6.0,0.2993,0.0,1,1,0,0,0,120.0,221.93,65.0,8.0,0.3138,0.7075,0.3917,0.095,0.2159
C-11127,2026-04-20,38.0,49.0,588.0,11.0,12.0,-0.0833,11.0,10.0,0.1,1.0,1.0,-0.5873,4.0,3.0,0.35,3.0,0.0,16.0,21.0,0.5317,0.0,0,0,0,0,0,120.0,264.4,65.0,8.0,0.1824,0.7269,0.475,0.1003,0.2769
C-11128,2024-11-23,34.0,249.0,2988.0,9.0,2.0,3.5,6.0,10.0,-0.4,0.0,0.0,-0.2366,3.0,1.0,0.2,19.0,0.0,52.0,31.0,0.3788,0.0,0,1,0,1,1,360.0,1375.28,40.0,37.35,0.1631,0.77,0.3407,0.3528,0.2442
C-11129,2024-03-29,39.0,149.0,1788.0,24.0,24.0,0.0,0.0,3.0,-1.0,1.0,1.0,1.7312,3.0,1.0,0.2,18.0,0.0,128.0,11.0,0.4807,1.0,0,1,0,0,1,120.0,789.65,65.0,22.35,0.197,0.453,0.4158,0.191,0.51
C-11130,2025-08-16,25.0,799.0,9588.0,2.0,5.0,-0.6,7.0,8.0,-0.125,2.0,1.0,-0.2453,2.0,1.0,0.15,18.0,0.0,141.0,25.0,0.5015,1.0,1,1,1,1,0,360.0,2728.95,90.0,80.0,0.4825,0.6832,0.3965,0.7904,0.5225
C-11131,2026-05-06,40.0,249.0,2988.0,13.0,8.0,0.625,3.0,2.0,0.5,2.0,0.0,-0.3525,6.0,5.0,0.55,4.0,0.0,52.0,1.0,0.4695,0.0,0,1,1,1,0,360.0,1541.35,90.0,37.35,0.0621,0.5595,0.5498,0.4087,0.3475
C-11132,2024-05-29,48.0,799.0,9588.0,30.0,24.0,0.25,1.0,2.0,-0.5,0.0,0.0,0.4685,8.0,6.0,0.7,27.0,0.0,50.0,8.0,0.5116,0.0,1,0,1,1,0,360.0,4607.91,40.0,80.0,0.1262,0.6027,0.495,0.9822,0.3452
C-11133,2026-05-21,46.0,99.0,1188.0,33.0,25.0,0.32,13.0,11.0,0.1818,3.0,2.0,-1.4282,5.0,4.0,0.45,7.0,0.0,57.0,30.0,0.2294,0.0,0,1,1,0,0,120.0,566.9,115.0,14.85,0.1324,0.8312,0.495,0.1466,0.589
C-11134,2025-04-22,37.0,149.0,1788.0,30.0,25.0,0.2,5.0,2.0,1.5,2.0,0.0,1.0006,11.0,10.0,1.0,38.0,1.0,53.0,1.0,0.2172,0.0,0,0,1,0,1,120.0,736.88,90.0,22.35,0.2507,0.4612,0.5597,0.1796,0.572
C-11135,2025-05-09,5.0,49.0,588.0,18.0,12.0,0.5,12.0,10.0,0.2,4.0,1.0,0.7952,5.0,4.0,0.45,1.0,0.0,178.0,14.0,0.3915,1.0,0,1,0,0,0,120.0,280.77,140.0,8.0,0.1318,0.5533,0.5987,0.1024,0.5325
C-11136,2026-04-26,44.0,249.0,2988.0,25.0,21.0,0.1905,8.0,5.0,0.6,2.0,1.0,0.4196,5.0,2.0,0.35,2.0,0.0,118.0,20.0,0.3963,0.0,0,1,0,0,0,360.0,1498.34,90.0,37.35,0.0883,0.7817,0.48,0.3939,0.3917
C-11137,2024-10-20,23.0,99.0,1188.0,11.0,9.0,0.2222,1.0,4.0,-0.75,0.0,0.0,-1.5,0.0,0.0,0.0,13.0,0.0,72.0,3.0,0.2955,0.0,0,1,0,0,0,120.0,539.94,40.0,14.85,0.1736,0.3415,0.2973,0.1418,0.2573
C-11138,2025-10-19,45.0,149.0,1788.0,21.0,20.0,0.05,2.0,1.0,1.0,2.0,0.0,-0.2075,10.0,10.0,1.0,18.0,0.0,85.0,39.0,0.4482,1.0,0,0,0,0,1,120.0,913.16,90.0,22.35,0.0714,0.7299,0.7191,0.2198,0.4601
C-11139,2024-01-08,33.0,149.0,1788.0,13.0,14.0,-0.0714,6.0,8.0,-0.25,2.0,0.0,-1.0183,1.0,0.0,0.05,43.0,0.0,94.0,20.0,0.5816,0.0,1,0,0,0,1,120.0,559.23,90.0,22.35,0.4313,0.5804,0.201,0.1452,0.5963
C-11140,2025-08-15,53.0,99.0,1188.0,0.0,2.0,-1.0,3.0,8.0,-0.625,2.0,0.0,0.8993,1.0,0.0,0.05,23.0,0.0,101.0,14.0,0.6375,1.0,1,1,0,0,1,120.0,294.95,90.0,14.85,0.5486,0.5611,0.3363,0.1043,0.485
C-11141,2024-01-14,21.0,49.0,588.0,6.0,12.0,-0.5,5.0,6.0,-0.1667,0.0,0.0,0.842,11.0,10.0,1.0,17.0,0.0,72.0,39.0,0.6825,1.0,0,0,0,0,0,120.0,256.82,40.0,8.0,0.2059,0.6653,0.7231,0.0993,0.2423
C-11142,2024-01-04,56.0,249.0,2988.0,11.0,13.0,-0.1538,12.0,9.0,0.3333,0.0,0.0,0.3104,6.0,4.0,0.5,37.0,0.0,175.0,22.0,0.137,1.0,0,1,1,0,0,360.0,1247.6,40.0,37.35,0.2408,0.8605,0.4403,0.3124,0.2911
C-11143,2024-12-08,50.0,799.0,9588.0,8.0,7.0,0.1429,5.0,4.0,0.25,0.0,0.0,-0.9625,0.0,0.0,0.0,10.0,0.0,55.0,27.0,0.1674,0.0,1,1,0,1,0,360.0,4698.09,40.0,80.0,0.1091,0.795,0.31,0.9843,0.2059
C-11144,2024-11-24,21.0,99.0,1188.0,20.0,11.0,0.8182,12.0,7.0,0.7143,1.0,1.0,1.1954,5.0,5.0,0.5,40.0,0.0,79.0,4.0,0.3421,0.0,0,1,1,0,0,120.0,393.53,65.0,14.85,0.3977,0.5253,0.3543,0.1182,0.525
C-11145,2025-11-21,29.0,149.0,1788.0,14.0,14.0,0.0,4.0,4.0,0.0,1.0,1.0,-0.2098,7.0,6.0,0.65,18.0,1.0,6.0,7.0,0.4161,1.0,0,1,1,0,1,120.0,648.32,65.0,22.35,0.3407,0.4353,0.5939,0.1618,0.4601
C-11146,2026-02-25,32.0,99.0,1188.0,8.0,2.0,3.0,13.0,7.0,0.8571,0.0,0.0,1.4443,0.0,0.0,0.0,14.0,0.0,91.0,2.0,0.3523,0.0,0,1,0,0,0,120.0,548.13,40.0,14.85,0.1611,0.6129,0.2932,0.1433,0.1638
C-11147,2026-04-11,46.0,399.0,4788.0,11.0,5.0,1.2,2.0,2.0,0.0,2.0,1.0,0.2123,9.0,8.0,0.85,13.0,0.0,154.0,21.0,0.2895,0.0,0,1,1,1,0,360.0,2397.76,90.0,59.85,0.0895,0.7038,0.6225,0.7014,0.5474
C-11148,2025-07-03,41.0,149.0,1788.0,20.0,21.0,-0.0476,6.0,6.0,0.0,0.0,0.0,0.4054,8.0,7.0,0.75,0.0,0.0,179.0,33.0,0.3391,0.0,0,0,1,0,1,120.0,936.95,40.0,22.35,0.0472,0.7439,0.6457,0.2257,0.1545
C-11149,2024-05-16,51.0,799.0,9588.0,14.0,10.0,0.4,3.0,7.0,-0.5714,5.0,1.0,-0.3682,0.0,0.0,0.0,30.0,0.0,87.0,36.0,0.4967,1.0,0,0,0,1,1,360.0,3710.91,165.0,80.0,0.2963,0.8009,0.2891,0.9388,0.8641
C-11150,2025-08-14,23.0,99.0,1188.0,16.0,17.0,-0.0588,9.0,7.0,0.2857,1.0,1.0,1.1256,7.0,4.0,0.55,25.0,1.0,29.0,23.0,0.1341,1.0,1,0,1,0,1,120.0,336.35,65.0,14.85,0.4852,0.6052,0.52,0.11,0.4502
C-11151,2025-03-06,31.0,49.0,588.0,24.0,16.0,0.5,3.0,5.0,-0.4,4.0,1.0,0.4867,2.0,1.0,0.15,28.0,1.0,130.0,3.0,0.8687,1.0,0,0,0,0,1,120.0,188.93,140.0,8.0,0.4158,0.3875,0.3498,0.091,0.8006
C-11152,2025-04-11,26.0,249.0,2988.0,19.0,15.0,0.2667,6.0,8.0,-0.25,0.0,0.0,1.1543,8.0,8.0,0.8,29.0,0.0,117.0,25.0,0.4042,0.0,1,1,1,0,1,360.0,1368.49,40.0,37.35,0.1673,0.704,0.525,0.3506,0.3036
C-11153,2025-03-18,54.0,249.0,2988.0,5.0,12.0,-0.5833,9.0,6.0,0.5,1.0,1.0,0.142,4.0,2.0,0.3,1.0,0.0,172.0,25.0,0.6102,0.0,0,1,0,0,0,360.0,1327.34,65.0,37.35,0.1923,0.8394,0.4651,0.3373,0.285
C-11154,2026-02-17,19.0,799.0,9588.0,15.0,14.0,0.0714,6.0,4.0,0.5,2.0,1.0,-0.0376,2.0,0.0,0.1,39.0,1.0,93.0,24.0,0.284,1.0,1,1,0,0,0,360.0,2141.67,90.0,80.0,0.5939,0.6185,0.285,0.6197,0.6835
C-11155,2024-12-01,36.0,799.0,9588.0,33.0,23.0,0.4348,5.0,3.0,0.6667,0.0,0.0,0.4761,6.0,3.0,0.45,23.0,1.0,5.0,29.0,0.5149,0.0,0,1,0,1,0,360.0,3535.29,40.0,80.0,0.3296,0.736,0.4158,0.9227,0.2769
C-11156,2026-04-30,8.0,799.0,9588.0,26.0,27.0,-0.037,7.0,8.0,-0.125,1.0,0.0,1.154,5.0,2.0,0.35,31.0,0.0,162.0,22.0,0.42,1.0,0,1,0,1,0,360.0,3608.28,65.0,80.0,0.3158,0.604,0.411,0.9298,0.3965
C-11157,2025-04-21,51.0,249.0,2988.0,10.0,7.0,0.4286,10.0,11.0,-0.0909,2.0,1.0,0.8134,4.0,2.0,0.3,1.0,0.0,123.0,28.0,0.5714,1.0,0,0,1,0,1,360.0,1511.64,90.0,37.35,0.0802,0.8606,0.5399,0.3984,0.3612
C-11158,2025-08-29,24.0,149.0,1788.0,22.0,19.0,0.1579,8.0,9.0,-0.1111,2.0,0.0,0.1106,10.0,10.0,1.0,34.0,0.0,145.0,19.0,0.3603,1.0,0,0,1,0,0,120.0,808.36,90.0,22.35,0.178,0.5989,0.6502,0.1952,0.505
C-11159,2026-03-26,21.0,149.0,1788.0,21.0,27.0,-0.2222,9.0,8.0,0.125,1.0,1.0,-1.4858,7.0,7.0,0.7,30.0,1.0,25.0,6.0,0.7103,1.0,1,0,0,0,1,120.0,405.33,65.0,22.35,0.5878,0.4566,0.5548,0.12,0.4875
C-11160,2025-12-19,35.0,49.0,588.0,4.0,1.0,3.0,14.0,11.0,0.2727,1.0,0.0,0.6483,5.0,3.0,0.4,16.0,1.0,85.0,4.0,0.1016,1.0,0,1,1,0,0,120.0,265.12,65.0,8.0,0.1802,0.657,0.505,0.1004,0.2279
C-11161,2025-01-21,30.0,149.0,1788.0,14.0,22.0,-0.3636,10.0,10.0,0.0,0.0,0.0,-1.151,2.0,0.0,0.1,42.0,1.0,85.0,36.0,0.5899,1.0,1,1,0,0,1,120.0,336.29,40.0,22.35,0.658,0.7213,0.2729,0.11,0.3452
C-11162,2024-06-29,51.0,149.0,1788.0,10.0,14.0,-0.2857,10.0,6.0,0.6667,0.0,0.0,0.028,6.0,5.0,0.55,29.0,0.0,51.0,18.0,0.4237,1.0,0,1,1,1,0,120.0,762.81,40.0,22.35,0.2243,0.7404,0.5,0.1852,0.2631
C-11163,2024-05-01,32.0,49.0,588.0,33.0,27.0,0.2222,4.0,2.0,1.0,0.0,0.0,-0.0926,0.0,0.0,0.0,40.0,1.0,153.0,13.0,0.1963,1.0,1,1,0,0,0,120.0,164.13,40.0,8.0,0.4925,0.476,0.2497,0.0881,0.4013
C-11164,2024-11-16,31.0,99.0,1188.0,18.0,16.0,0.125,6.0,7.0,-0.1429,0.0,0.0,-1.1342,10.0,8.0,0.9,36.0,0.0,37.0,12.0,0.7904,0.0,0,0,1,1,0,120.0,529.75,40.0,14.85,0.1892,0.5413,0.53,0.1401,0.3498
C-11165,2025-08-09,8.0,249.0,2988.0,21.0,23.0,-0.087,9.0,7.0,0.2857,2.0,1.0,0.298,0.0,0.0,0.0,9.0,0.0,17.0,3.0,0.7697,1.0,1,1,0,0,0,360.0,1006.83,90.0,37.35,0.3873,0.4941,0.3823,0.2436,0.4305
C-11166,2025-12-05,3.0,149.0,1788.0,8.0,5.0,0.6,8.0,4.0,1.0,2.0,1.0,1.7235,8.0,8.0,0.8,44.0,0.0,46.0,37.0,0.05,1.0,0,1,1,0,0,120.0,549.21,90.0,22.35,0.4415,0.5961,0.525,0.1435,0.6942
C-11167,2024-01-28,25.0,799.0,9588.0,4.0,4.0,0.0,14.0,10.0,0.4,0.0,0.0,-0.2501,4.0,1.0,0.25,33.0,0.0,178.0,4.0,0.4354,1.0,0,1,0,1,0,360.0,3765.32,40.0,80.0,0.286,0.6893,0.3635,0.9431,0.2479
C-11168,2025-02-11,59.0,149.0,1788.0,26.0,26.0,0.0,12.0,10.0,0.2,0.0,0.0,0.6127,8.0,7.0,0.75,8.0,0.0,24.0,9.0,0.5411,0.0,0,1,0,1,0,120.0,905.28,40.0,22.35,0.0794,0.7632,0.6083,0.2179,0.1468
C-11169,2026-04-09,55.0,799.0,9588.0,19.0,15.0,0.2667,4.0,4.0,0.0,1.0,1.0,1.8846,4.0,3.0,0.35,35.0,0.0,106.0,18.0,0.4883,1.0,0,1,0,1,1,360.0,3870.66,65.0,80.0,0.266,0.7363,0.3917,0.9506,0.5866
C-11170,2025-12-26,38.0,249.0,2988.0,12.0,16.0,-0.25,5.0,6.0,-0.1667,1.0,1.0,0.6901,0.0,0.0,0.0,19.0,0.0,37.0,14.0,0.7031,0.0,1,1,0,1,1,360.0,1103.55,65.0,37.35,0.3285,0.6493,0.2729,0.2699,0.4551
C-11171,2026-04-08,38.0,49.0,588.0,5.0,5.0,0.0,4.0,3.0,0.3333,2.0,0.0,-0.5159,11.0,10.0,1.0,38.0,1.0,74.0,2.0,0.6615,1.0,0,0,0,0,1,120.0,243.24,90.0,8.0,0.2479,0.4541,0.6318,0.0976,0.5842
C-11172,2026-04-24,24.0,99.0,1188.0,5.0,7.0,-0.2857,6.0,2.0,2.0,2.0,1.0,0.1896,9.0,6.0,0.75,7.0,0.0,101.0,13.0,0.453,1.0,0,1,0,0,0,120.0,548.64,90.0,14.85,0.1603,0.5175,0.6814,0.1434,0.4526
C-11173,2024-03-22,12.0,399.0,4788.0,13.0,23.0,-0.4348,4.0,3.0,0.3333,1.0,1.0,0.3846,0.0,0.0,0.0,11.0,0.0,8.0,31.0,0.8554,1.0,1,0,0,1,1,360.0,1187.03,65.0,59.85,0.5492,0.6024,0.3729,0.2941,0.4085
C-11174,2025-08-23,2.0,249.0,2988.0,3.0,9.0,-0.6667,6.0,5.0,0.2,2.0,0.0,1.1471,0.0,0.0,0.0,15.0,0.0,47.0,10.0,0.5874,0.0,0,0,0,0,0,360.0,803.21,90.0,37.35,0.5112,0.4414,0.2891,0.194,0.3894
C-11175,2025-04-30,21.0,99.0,1188.0,25.0,16.0,0.5625,4.0,4.0,0.0,2.0,0.0,0.9712,6.0,6.0,0.6,20.0,0.0,107.0,34.0,0.3297,0.0,0,0,0,0,1,120.0,557.08,90.0,14.85,0.1474,0.6192,0.49,0.1448,0.4502
C-11176,2025-02-24,20.0,249.0,2988.0,11.0,9.0,0.2222,1.0,2.0,-0.5,1.0,0.0,-1.5,11.0,11.0,1.0,28.0,0.0,7.0,15.0,0.2895,0.0,0,0,0,0,0,360.0,1260.06,65.0,37.35,0.2333,0.5033,0.6083,0.3162,0.4477
C-11177,2025-12-04,13.0,799.0,9588.0,0.0,8.0,-1.0,4.0,5.0,-0.2,1.0,0.0,-0.685,6.0,4.0,0.5,9.0,0.0,91.0,1.0,0.6487,1.0,1,1,0,0,1,360.0,2951.59,65.0,80.0,0.4403,0.3989,0.5793,0.8382,0.2829
C-11178,2026-04-04,17.0,149.0,1788.0,0.0,5.0,-1.0,7.0,7.0,0.0,2.0,1.0,-0.056,0.0,0.0,0.0,31.0,0.0,110.0,5.0,0.2414,0.0,1,1,0,0,1,120.0,180.87,90.0,22.35,0.8161,0.364,0.2279,0.09,0.6177
C-11179,2025-02-13,3.0,49.0,588.0,25.0,26.0,-0.0385,8.0,4.0,1.0,3.0,1.0,-0.8122,8.0,5.0,0.65,1.0,0.0,42.0,32.0,0.3181,1.0,0,0,1,0,0,120.0,283.67,115.0,8.0,0.1228,0.5983,0.6726,0.1028,0.4825
C-11180,2025-07-26,37.0,99.0,1188.0,35.0,26.0,0.3462,5.0,6.0,-0.1667,2.0,1.0,-1.5,5.0,4.0,0.45,14.0,1.0,33.0,16.0,0.3521,0.0,0,0,0,1,1,120.0,516.74,90.0,14.85,0.2092,0.5782,0.4601,0.1379,0.5175
C-11181,2025-02-26,55.0,799.0,9588.0,3.0,4.0,-0.25,3.0,3.0,0.0,1.0,1.0,-0.5805,7.0,5.0,0.6,29.0,0.0,90.0,39.0,0.4711,0.0,0,1,1,1,0,360.0,3916.5,65.0,80.0,0.2573,0.8294,0.4452,0.9536,0.5548
C-11182,2025-07-14,42.0,399.0,4788.0,18.0,10.0,0.8,5.0,8.0,-0.375,1.0,0.0,-0.0029,4.0,4.0,0.4,11.0,0.0,130.0,31.0,0.3613,0.0,0,1,0,1,1,360.0,2392.34,65.0,59.85,0.0915,0.7899,0.4551,0.6998,0.285
C-11183,2026-05-05,27.0,799.0,9588.0,18.0,16.0,0.125,9.0,8.0,0.125,2.0,1.0,-0.4202,0.0,0.0,0.0,19.0,0.0,7.0,2.0,0.1366,0.0,0,0,0,1,1,360.0,3220.14,90.0,80.0,0.3894,0.5806,0.2729,0.8838,0.505
C-11184,2025-12-16,26.0,799.0,9588.0,14.0,11.0,0.2727,14.0,11.0,0.2727,0.0,0.0,-0.7976,0.0,0.0,0.0,27.0,1.0,64.0,13.0,0.6324,1.0,0,0,0,1,0,360.0,3313.36,40.0,80.0,0.3717,0.7397,0.3015,0.8968,0.2159
C-11185,2024-07-22,19.0,49.0,588.0,12.0,20.0,-0.4,5.0,1.0,4.0,2.0,0.0,0.0332,7.0,7.0,0.7,11.0,0.0,179.0,29.0,0.3191,1.0,0,0,0,0,0,120.0,264.4,90.0,8.0,0.1824,0.5887,0.6457,0.1003,0.3729
C-11186,2026-02-03,10.0,99.0,1188.0,14.0,8.0,0.75,10.0,10.0,0.0,1.0,0.0,0.2745,7.0,6.0,0.65,43.0,0.0,63.0,3.0,0.804,0.0,1,1,0,0,1,120.0,421.87,65.0,14.85,0.3543,0.4287,0.3965,0.1225,0.4477
C-11187,2025-04-09,36.0,49.0,588.0,0.0,2.0,-1.0,5.0,4.0,0.25,2.0,0.0,-0.3749,3.0,2.0,0.25,38.0,0.0,63.0,39.0,0.4608,1.0,0,0,1,0,0,120.0,90.52,90.0,8.0,0.7201,0.6748,0.3407,0.08,0.572
C-11188,2025-05-30,34.0,49.0,588.0,15.0,10.0,0.5,0.0,1.0,-1.0,1.0,0.0,1.0974,0.0,0.0,0.0,43.0,0.0,134.0,7.0,0.6534,1.0,0,1,0,0,1,120.0,191.67,65.0,8.0,0.4073,0.3743,0.2387,0.0913,0.572
C-11189,2024-04-11,2.0,799.0,9588.0,12.0,17.0,-0.2941,9.0,8.0,0.125,1.0,0.0,0.0462,9.0,7.0,0.8,22.0,1.0,89.0,32.0,0.5262,0.0,1,1,1,1,0,360.0,3381.32,65.0,80.0,0.3588,0.6771,0.5597,0.9054,0.3122
C-11190,2025-01-27,26.0,799.0,9588.0,6.0,5.0,0.2,2.0,2.0,0.0,1.0,0.0,-0.6972,1.0,0.0,0.05,15.0,0.0,73.0,33.0,0.663,1.0,0,1,0,1,1,360.0,4357.69,65.0,80.0,0.1736,0.6864,0.3729,0.9748,0.343
C-11191,2024-09-23,18.0,49.0,588.0,25.0,23.0,0.087,2.0,2.0,0.0,0.0,0.0,-0.8996,2.0,0.0,0.1,44.0,0.0,142.0,20.0,0.5141,1.0,1,0,0,1,1,120.0,176.21,40.0,8.0,0.4551,0.4237,0.265,0.0895,0.4551
C-11192,2024-03-18,11.0,399.0,4788.0,0.0,1.0,-1.0,11.0,11.0,0.0,1.0,0.0,-0.1704,5.0,5.0,0.5,32.0,1.0,10.0,32.0,0.447,1.0,1,1,0,0,1,360.0,365.61,65.0,59.85,0.8612,0.6962,0.4651,0.1141,0.3566
C-11193,2026-01-20,42.0,249.0,2988.0,4.0,2.0,1.0,4.0,3.0,0.3333,2.0,0.0,0.8907,8.0,6.0,0.7,35.0,1.0,129.0,35.0,0.6186,0.0,0,1,0,0,1,360.0,1212.64,90.0,37.35,0.2621,0.7823,0.4551,0.3017,0.5622
C-11194,2024-04-23,32.0,49.0,588.0,12.0,14.0,-0.1429,6.0,7.0,-0.1429,2.0,1.0,-0.659,11.0,8.0,0.95,8.0,0.0,71.0,29.0,0.8972,0.0,0,1,1,1,1,120.0,290.2,90.0,8.0,0.1027,0.6767,0.6814,0.1037,0.4601
C-11195,2025-09-23,38.0,799.0,9588.0,10.0,14.0,-0.2857,2.0,3.0,-0.3333,0.0,0.0,0.4767,7.0,4.0,0.55,39.0,0.0,160.0,28.0,0.346,0.0,1,1,0,1,0,360.0,3399.63,40.0,80.0,0.3553,0.6862,0.3775,0.9076,0.4182
C-11196,2025-10-19,43.0,799.0,9588.0,18.0,8.0,1.25,6.0,2.0,2.0,1.0,0.0,0.0756,11.0,10.0,1.0,23.0,0.0,131.0,16.0,0.559,1.0,0,0,0,1,1,360.0,4797.22,65.0,80.0,0.0903,0.7261,0.6985,0.9864,0.3521
C-11197,2025-06-23,58.0,249.0,2988.0,13.0,7.0,0.8571,7.0,1.0,6.0,3.0,2.0,1.5946,7.0,4.0,0.55,34.0,1.0,169.0,12.0,0.399,0.0,1,1,0,0,0,360.0,1017.15,115.0,37.35,0.3811,0.7483,0.4013,0.2463,0.8131
C-11198,2026-01-11,48.0,399.0,4788.0,0.0,2.0,-1.0,0.0,1.0,-1.0,1.0,1.0,0.3122,10.0,7.0,0.85,37.0,1.0,27.0,34.0,0.5012,1.0,0,1,0,0,0,360.0,468.73,65.0,59.85,0.822,0.6833,0.5793,0.1299,0.6479
C-11199,2024-04-10,37.0,149.0,1788.0,21.0,18.0,0.1667,2.0,6.0,-0.6667,0.0,0.0,-0.5586,2.0,1.0,0.15,4.0,1.0,38.0,9.0,0.4084,1.0,0,1,1,0,1,120.0,850.93,40.0,22.35,0.1347,0.4757,0.4651,0.2049,0.201
C-11200,2024-01-15,52.0,399.0,4788.0,7.0,11.0,-0.3636,2.0,5.0,-0.6,0.0,0.0,0.5891,0.0,0.0,0.0,4.0,0.0,163.0,17.0,0.05,0.0,0,0,1,0,1,360.0,2242.02,40.0,59.85,0.1486,0.6976,0.3363,0.6528,0.201
C-11201,2026-01-20,29.0,149.0,1788.0,0.0,4.0,-1.0,0.0,1.0,-1.0,1.0,1.0,0.616,8.0,6.0,0.7,2.0,0.0,73.0,20.0,0.36,0.0,1,0,1,0,0,120.0,640.54,65.0,22.35,0.3486,0.4516,0.6177,0.1603,0.3917
C-11202,2024-06-10,59.0,799.0,9588.0,17.0,11.0,0.5455,6.0,4.0,0.5,1.0,0.0,-0.3176,11.0,8.0,0.95,28.0,0.0,147.0,16.0,0.5999,1.0,0,1,1,1,1,360.0,4784.07,65.0,80.0,0.0928,0.7848,0.6593,0.9861,0.387
C-11203,2024-09-19,46.0,49.0,588.0,16.0,26.0,-0.3846,5.0,4.0,0.25,0.0,0.0,-0.9312,8.0,6.0,0.7,41.0,0.0,125.0,15.0,0.247,1.0,0,0,1,0,0,120.0,207.52,40.0,8.0,0.3583,0.5965,0.5,0.0932,0.3965
C-11204,2025-08-31,39.0,99.0,1188.0,14.0,8.0,0.75,7.0,7.0,0.0,3.0,1.0,0.4288,4.0,1.0,0.25,1.0,1.0,92.0,24.0,0.5842,0.0,0,1,0,0,0,120.0,557.9,115.0,14.85,0.1462,0.6872,0.4452,0.145,0.495
C-11205,2025-04-16,54.0,799.0,9588.0,23.0,25.0,-0.08,12.0,11.0,0.0909,1.0,1.0,0.0508,5.0,2.0,0.35,6.0,0.0,12.0,13.0,0.4367,1.0,0,1,1,1,0,360.0,4395.64,65.0,80.0,0.1664,0.8244,0.5349,0.9761,0.285
C-11206,2024-06-26,31.0,99.0,1188.0,6.0,7.0,-0.1429,6.0,8.0,-0.25,1.0,1.0,-1.2132,1.0,0.0,0.05,21.0,0.0,17.0,39.0,0.3617,1.0,0,0,0,1,0,120.0,360.53,65.0,14.85,0.4482,0.6997,0.3452,0.1134,0.4576
C-11207,2024-07-24,43.0,99.0,1188.0,8.0,6.0,0.3333,10.0,11.0,-0.0909,2.0,2.0,0.2036,4.0,3.0,0.35,17.0,0.0,130.0,7.0,0.5812,0.0,1,0,0,0,1,120.0,512.91,90.0,14.85,0.215,0.637,0.4061,0.1372,0.6011
C-11208,2026-01-07,18.0,399.0,4788.0,11.0,8.0,0.375,2.0,3.0,-0.3333,4.0,1.0,-0.5096,8.0,6.0,0.7,4.0,0.0,22.0,16.0,0.5362,0.0,0,1,1,1,1,360.0,2198.35,140.0,59.85,0.1652,0.5293,0.6083,0.6385,0.6726
C-11209,2025-04-04,57.0,99.0,1188.0,4.0,9.0,-0.5556,0.0,3.0,-1.0,1.0,0.0,-1.2125,1.0,0.0,0.05,27.0,0.0,5.0,33.0,0.4841,0.0,1,0,0,0,0,120.0,316.09,65.0,14.85,0.5162,0.6619,0.2573,0.1072,0.4526
C-11210,2026-03-24,38.0,249.0,2988.0,8.0,4.0,1.0,6.0,9.0,-0.3333,1.0,1.0,-0.2817,5.0,2.0,0.35,40.0,0.0,43.0,19.0,0.6032,0.0,1,1,0,0,1,360.0,1036.41,65.0,37.35,0.3694,0.6954,0.3015,0.2515,0.5987
C-11211,2025-05-10,47.0,99.0,1188.0,17.0,16.0,0.0625,1.0,4.0,-0.75,1.0,0.0,1.0263,3.0,2.0,0.25,9.0,0.0,164.0,28.0,0.4406,0.0,0,1,0,0,0,120.0,595.2,65.0,14.85,0.0891,0.6492,0.4061,0.1517,0.3143
C-11212,2025-08-08,28.0,99.0,1188.0,2.0,10.0,-0.8,11.0,10.0,0.1,1.0,0.0,0.9664,5.0,4.0,0.45,0.0,0.0,114.0,26.0,0.0711,1.0,0,1,1,0,0,120.0,500.4,65.0,14.85,0.2342,0.7115,0.6035,0.1351,0.1751
C-11213,2024-10-27,52.0,799.0,9588.0,19.0,20.0,-0.05,6.0,6.0,0.0,0.0,0.0,0.7574,9.0,7.0,0.8,10.0,0.0,130.0,13.0,0.3244,0.0,0,1,0,1,0,360.0,4959.5,40.0,80.0,0.0595,0.7465,0.6177,0.9892,0.1978
C-11214,2024-01-27,6.0,99.0,1188.0,22.0,14.0,0.5714,4.0,3.0,0.3333,1.0,1.0,0.2154,10.0,7.0,0.85,8.0,0.0,119.0,30.0,0.05,1.0,0,1,1,0,1,120.0,571.66,65.0,14.85,0.1251,0.5194,0.7109,0.1474,0.387
C-11215,2025-03-22,8.0,49.0,588.0,22.0,12.0,0.8333,5.0,10.0,-0.5,2.0,1.0,0.4766,4.0,1.0,0.25,20.0,0.0,103.0,10.0,0.5315,0.0,0,1,0,0,0,120.0,229.59,90.0,8.0,0.2901,0.3811,0.3543,0.0959,0.5622
C-11216,2025-10-06,31.0,399.0,4788.0,17.0,13.0,0.3077,3.0,7.0,-0.5714,0.0,0.0,0.0789,9.0,9.0,0.9,4.0,1.0,49.0,30.0,0.5792,0.0,0,1,1,1,0,360.0,2423.24,40.0,59.85,0.0798,0.7151,0.6814,0.709,0.1931
C-11217,2024-12-24,44.0,799.0,9588.0,0.0,5.0,-1.0,10.0,9.0,0.1111,2.0,0.0,-0.884,8.0,5.0,0.65,16.0,0.0,80.0,5.0,0.5883,1.0,1,0,1,0,0,360.0,3313.36,90.0,80.0,0.3717,0.6993,0.6035,0.8968,0.3498
C-11218,2026-01-28,48.0,49.0,588.0,23.0,20.0,0.15,0.0,5.0,-1.0,0.0,0.0,-0.7244,11.0,8.0,0.95,5.0,1.0,100.0,28.0,0.4978,0.0,0,1,1,0,0,120.0,303.03,40.0,8.0,0.063,0.6384,0.6942,0.1054,0.2227
C-11219,2025-09-07,27.0,399.0,4788.0,8.0,3.0,1.6667,5.0,2.0,1.5,2.0,0.0,-0.4857,8.0,8.0,0.8,30.0,0.0,177.0,5.0,0.5936,0.0,0,0,1,1,1,360.0,2181.76,90.0,59.85,0.1715,0.5509,0.52,0.6331,0.5125
C-11220,2025-03-22,39.0,249.0,2988.0,24.0,20.0,0.2,3.0,8.0,-0.625,0.0,0.0,1.1211,6.0,6.0,0.6,21.0,0.0,162.0,34.0,0.0847,0.0,0,1,1,1,0,360.0,1444.02,40.0,37.35,0.1213,0.7648,0.485,0.3755,0.285
C-11221,2025-04-24,34.0,399.0,4788.0,32.0,27.0,0.1852,4.0,2.0,1.0,0.0,0.0,0.8614,8.0,8.0,0.8,3.0,0.0,133.0,25.0,0.3785,1.0,0,1,0,1,1,360.0,2495.41,40.0,59.85,0.0524,0.7158,0.715,0.7298,0.1809
C-11222,2024-07-19,57.0,49.0,588.0,23.0,21.0,0.0952,5.0,8.0,-0.375,0.0,0.0,-0.8639,3.0,0.0,0.15,1.0,0.0,147.0,2.0,0.117,1.0,0,1,0,1,0,120.0,303.88,40.0,8.0,0.0604,0.5914,0.48,0.1055,0.1652
C-11223,2026-02-13,39.0,799.0,9588.0,13.0,13.0,0.0,7.0,5.0,0.4,4.0,1.0,0.0427,8.0,5.0,0.65,21.0,1.0,146.0,5.0,0.3283,0.0,0,0,0,1,0,360.0,4076.03,140.0,80.0,0.2271,0.6403,0.505,0.9627,0.7271
C-11224,2024-02-22,26.0,249.0,2988.0,5.0,9.0,-0.4444,14.0,9.0,0.5556,2.0,1.0,-0.3221,8.0,6.0,0.7,26.0,0.0,121.0,8.0,0.7233,0.0,0,0,1,1,0,360.0,1022.95,90.0,37.35,0.3775,0.7091,0.5,0.2479,0.495
C-11225,2024-02-13,58.0,799.0,9588.0,13.0,24.0,-0.4583,4.0,10.0,-0.6,1.0,1.0,-0.1241,7.0,5.0,0.6,7.0,0.0,149.0,38.0,0.6186,1.0,0,1,0,1,1,360.0,4472.52,65.0,80.0,0.1519,0.8512,0.6271,0.9785,0.3799
C-11226,2025-11-22,8.0,149.0,1788.0,9.0,7.0,0.2857,6.0,5.0,0.2,4.0,3.0,-0.4288,1.0,0.0,0.05,14.0,0.0,17.0,23.0,0.5325,1.0,0,1,0,0,1,120.0,426.93,140.0,22.35,0.5659,0.4618,0.3775,0.1233,0.8606
C-11227,2024-01-24,59.0,799.0,9588.0,15.0,14.0,0.0714,5.0,10.0,-0.5,0.0,0.0,1.1246,6.0,3.0,0.45,27.0,0.0,8.0,11.0,0.3637,0.0,0,1,1,1,1,360.0,4166.05,40.0,80.0,0.21,0.732,0.3965,0.9671,0.3015
C-11228,2025-03-25,10.0,249.0,2988.0,24.0,21.0,0.1429,3.0,2.0,0.5,3.0,1.0,-0.0151,8.0,8.0,0.8,21.0,0.0,82.0,11.0,0.2013,1.0,0,1,1,1,0,360.0,1311.74,115.0,37.35,0.2018,0.4673,0.6365,0.3324,0.6857
C-11229,2024-06-15,18.0,49.0,588.0,17.0,25.0,-0.32,1.0,2.0,-0.5,1.0,0.0,0.1729,2.0,1.0,0.15,5.0,1.0,14.0,2.0,0.4374,1.0,0,1,0,0,0,120.0,193.93,65.0,8.0,0.4004,0.289,0.4601,0.0916,0.2891
C-11230,2025-08-23,49.0,799.0,9588.0,29.0,25.0,0.16,11.0,11.0,0.0,3.0,2.0,0.1794,9.0,9.0,0.9,17.0,0.0,64.0,8.0,0.6221,0.0,0,1,0,1,1,360.0,4575.26,115.0,80.0,0.1324,0.7745,0.6225,0.9814,0.6814
C-11231,2024-04-14,44.0,399.0,4788.0,15.0,3.0,4.0,4.0,7.0,-0.4286,1.0,1.0,-0.8222,10.0,7.0,0.85,8.0,0.0,39.0,34.0,0.482,0.0,0,0,1,1,0,360.0,2436.39,65.0,59.85,0.0748,0.7994,0.6457,0.7128,0.387
C-11232,2024-08-21,58.0,99.0,1188.0,25.0,25.0,0.0,6.0,5.0,0.2,0.0,0.0,0.0868,6.0,4.0,0.5,41.0,1.0,172.0,24.0,0.0829,0.0,1,0,0,0,0,120.0,454.31,40.0,14.85,0.3047,0.7326,0.3498,0.1276,0.3846
C-11233,2025-04-08,45.0,249.0,2988.0,4.0,4.0,0.0,0.0,2.0,-1.0,1.0,0.0,0.8499,11.0,9.0,1.0,36.0,0.0,119.0,15.0,0.4209,0.0,0,1,1,0,1,360.0,1401.13,65.0,37.35,0.1474,0.6169,0.5695,0.3613,0.52
C-11234,2024-11-29,38.0,149.0,1788.0,18.0,16.0,0.125,7.0,4.0,0.75,1.0,0.0,1.1782,10.0,7.0,0.85,14.0,0.0,12.0,1.0,0.05,1.0,0,0,0,0,1,120.0,861.45,65.0,22.35,0.124,0.522,0.6857,0.2074,0.2829
C-11235,2024-06-25,22.0,249.0,2988.0,38.0,26.0,0.4615,6.0,8.0,-0.25,2.0,0.0,-0.9183,5.0,5.0,0.5,10.0,1.0,114.0,14.0,0.5608,0.0,0,0,0,1,0,360.0,1385.23,90.0,37.35,0.1571,0.6134,0.5,0.3561,0.3543
C-11236,2024-02-24,2.0,799.0,9588.0,12.0,18.0,-0.3333,6.0,10.0,-0.4,1.0,1.0,-1.2149,10.0,7.0,0.85,6.0,0.0,133.0,15.0,0.2614,1.0,0,1,1,1,0,360.0,4209.16,65.0,80.0,0.2018,0.5173,0.7191,0.969,0.3498
C-11237,2024-01-15,9.0,799.0,9588.0,27.0,26.0,0.0385,14.0,11.0,0.2727,2.0,1.0,0.0497,11.0,11.0,1.0,33.0,0.0,61.0,5.0,0.1554,0.0,0,0,0,1,1,360.0,3855.16,90.0,80.0,0.2689,0.6261,0.5842,0.9496,0.5474
C-11238,2024-06-18,19.0,99.0,1188.0,5.0,10.0,-0.5,4.0,5.0,-0.2,2.0,0.0,0.8874,1.0,0.0,0.05,41.0,1.0,159.0,24.0,0.5636,1.0,1,1,0,0,1,120.0,167.5,90.0,14.85,0.7436,0.4621,0.2611,0.0885,0.6059
C-11239,2024-09-06,4.0,799.0,9588.0,6.0,9.0,-0.3333,10.0,6.0,0.6667,2.0,2.0,0.2877,11.0,9.0,1.0,12.0,0.0,175.0,26.0,0.5119,0.0,0,0,1,0,0,360.0,3770.7,90.0,80.0,0.285,0.6721,0.6814,0.9435,0.5646
C-11240,2024-04-15,31.0,149.0,1788.0,9.0,9.0,0.0,5.0,2.0,1.5,2.0,1.0,0.5442,0.0,0.0,0.0,28.0,1.0,176.0,39.0,0.4465,0.0,0,0,0,0,1,120.0,541.92,90.0,22.35,0.4489,0.6826,0.2387,0.1422,0.6201
C-11241,2025-03-25,47.0,399.0,4788.0,18.0,10.0,0.8,0.0,1.0,-1.0,2.0,2.0,-1.0882,5.0,5.0,0.5,10.0,0.0,21.0,14.0,0.8383,0.0,0,0,1,0,1,360.0,2049.22,90.0,59.85,0.2218,0.6104,0.5,0.5881,0.6682
C-11242,2026-02-20,57.0,399.0,4788.0,30.0,19.0,0.5789,4.0,5.0,-0.2,2.0,1.0,-0.4576,11.0,8.0,0.95,41.0,0.0,83.0,11.0,0.527,1.0,0,0,0,0,1,360.0,2076.04,90.0,59.85,0.2117,0.7077,0.5987,0.5973,0.7171
C-11243,2025-09-21,30.0,149.0,1788.0,16.0,13.0,0.2308,7.0,7.0,0.0,3.0,1.0,-1.5,8.0,5.0,0.65,13.0,0.0,140.0,33.0,0.271,0.0,0,0,1,0,0,120.0,855.45,115.0,22.35,0.1301,0.7078,0.5449,0.206,0.5842
C-11244,2024-09-27,52.0,149.0,1788.0,18.0,20.0,-0.1,5.0,2.0,1.5,0.0,0.0,-0.114,3.0,3.0,0.3,4.0,0.0,82.0,14.0,0.5038,0.0,0,1,0,0,0,120.0,908.11,40.0,22.35,0.0766,0.6506,0.4502,0.2186,0.178
C-11245,2025-01-21,59.0,149.0,1788.0,27.0,12.0,1.25,6.0,5.0,0.2,1.0,1.0,-1.5,7.0,5.0,0.6,39.0,0.0,89.0,25.0,0.3428,1.0,1,0,1,1,0,120.0,741.47,65.0,22.35,0.246,0.7478,0.47,0.1806,0.5915
C-11246,2025-11-09,51.0,799.0,9588.0,6.0,9.0,-0.3333,8.0,8.0,0.0,1.0,1.0,1.0661,2.0,0.0,0.1,42.0,0.0,62.0,29.0,0.6534,1.0,0,1,0,0,1,360.0,2393.5,65.0,80.0,0.5461,0.8111,0.2729,0.7001,0.589
C-11247,2026-04-29,28.0,149.0,1788.0,3.0,6.0,-0.5,8.0,9.0,-0.1111,3.0,3.0,1.2439,2.0,1.0,0.15,17.0,0.0,78.0,35.0,0.4562,0.0,1,0,1,0,0,120.0,404.14,115.0,22.35,0.589,0.6804,0.3318,0.1198,0.8038
C-11248,2025-05-01,20.0,99.0,1188.0,4.0,15.0,-0.7333,10.0,11.0,-0.0909,1.0,1.0,0.1125,10.0,9.0,0.95,40.0,0.0,126.0,13.0,0.476,0.0,1,0,1,0,1,120.0,244.39,65.0,14.85,0.626,0.5192,0.53,0.0978,0.5498
C-11249,2024-06-24,58.0,149.0,1788.0,33.0,25.0,0.32,7.0,4.0,0.75,2.0,1.0,-1.2101,0.0,0.0,0.0,10.0,0.0,9.0,25.0,0.1115,0.0,1,1,1,0,1,120.0,776.08,90.0,22.35,0.2108,0.7622,0.31,0.188,0.4626
C-11250,2026-02-04,16.0,99.0,1188.0,30.0,24.0,0.25,5.0,5.0,0.0,0.0,0.0,0.3006,11.0,9.0,1.0,12.0,0.0,144.0,6.0,0.4123,0.0,0,0,1,0,1,120.0,599.05,40.0,14.85,0.0832,0.4154,0.6814,0.1524,0.2159
C-11251,2025-03-29,25.0,149.0,1788.0,22.0,7.0,2.1429,9.0,10.0,-0.1,2.0,0.0,1.4873,5.0,2.0,0.35,24.0,0.0,132.0,31.0,0.3887,0.0,0,0,1,0,0,120.0,790.42,90.0,22.35,0.1962,0.701,0.3729,0.1912,0.4182
C-11252,2024-01-27,6.0,49.0,588.0,5.0,13.0,-0.6154,6.0,8.0,-0.25,0.0,0.0,0.3806,0.0,0.0,0.0,27.0,0.0,29.0,2.0,0.1952,1.0,0,1,0,0,0,120.0,88.08,40.0,8.0,0.7276,0.2883,0.3015,0.0798,0.2911
C-11253,2024-08-11,48.0,49.0,588.0,29.0,20.0,0.45,2.0,4.0,-0.5,0.0,0.0,0.948,9.0,7.0,0.8,17.0,0.0,140.0,28.0,0.3557,0.0,0,0,0,0,1,120.0,298.29,40.0,8.0,0.0776,0.6729,0.5842,0.1048,0.2709
C-11254,2025-04-14,39.0,399.0,4788.0,17.0,17.0,0.0,4.0,8.0,-0.5,1.0,0.0,-0.3881,0.0,0.0,0.0,35.0,0.0,96.0,9.0,0.4872,0.0,0,1,0,1,0,360.0,1822.6,65.0,59.85,0.3079,0.6025,0.2142,0.5081,0.4626
C-11255,2025-12-12,6.0,49.0,588.0,7.0,2.0,2.5,0.0,2.0,-1.0,2.0,2.0,-0.697,3.0,0.0,0.15,35.0,0.0,60.0,19.0,0.3991,0.0,1,0,0,1,0,120.0,141.59,90.0,8.0,0.5622,0.3119,0.2573,0.0856,0.81
C-11256,2026-01-21,14.0,249.0,2988.0,6.0,16.0,-0.625,8.0,5.0,0.6,1.0,0.0,-0.0567,2.0,1.0,0.15,5.0,0.0,84.0,3.0,0.1176,0.0,1,0,0,0,1,360.0,1132.14,65.0,37.35,0.3111,0.5136,0.387,0.2781,0.2227
C-11257,2024-06-14,34.0,399.0,4788.0,11.0,2.0,4.5,3.0,4.0,-0.25,0.0,0.0,-1.5,9.0,6.0,0.75,44.0,0.0,95.0,27.0,0.3454,0.0,0,1,0,0,0,360.0,1927.76,40.0,59.85,0.268,0.6891,0.4305,0.5455,0.4428
C-11258,2025-09-29,33.0,399.0,4788.0,9.0,4.0,1.25,12.0,11.0,0.0909,1.0,1.0,1.8113,4.0,3.0,0.35,7.0,0.0,41.0,19.0,0.3064,1.0,0,0,1,1,0,360.0,2303.96,65.0,59.85,0.1251,0.7904,0.53,0.6726,0.2911
C-11259,2026-04-28,48.0,149.0,1788.0,18.0,18.0,0.0,0.0,1.0,-1.0,3.0,2.0,0.1117,7.0,5.0,0.6,23.0,0.0,111.0,26.0,0.4387,0.0,0,1,0,1,1,120.0,776.9,115.0,22.35,0.21,0.6071,0.475,0.1882,0.8161
C-11260,2025-12-05,17.0,99.0,1188.0,7.0,3.0,1.3333,11.0,10.0,0.1,1.0,1.0,0.6934,0.0,0.0,0.0,19.0,1.0,115.0,14.0,0.4171,1.0,1,1,1,0,0,120.0,391.18,65.0,14.85,0.4013,0.5596,0.3363,0.1179,0.3823
C-11261,2025-09-24,55.0,799.0,9588.0,5.0,10.0,-0.5,3.0,4.0,-0.25,1.0,1.0,-0.3692,8.0,5.0,0.65,20.0,0.0,69.0,1.0,0.3177,0.0,0,1,0,1,0,360.0,3916.5,65.0,80.0,0.2573,0.6086,0.51,0.9536,0.4875
C-11262,2025-12-03,27.0,799.0,9588.0,13.0,16.0,-0.1875,0.0,1.0,-1.0,1.0,0.0,-1.2345,8.0,6.0,0.7,5.0,0.0,85.0,23.0,0.3099,0.0,0,0,0,1,1,360.0,4780.73,65.0,80.0,0.0934,0.5947,0.6035,0.986,0.2994
C-11263,2025-05-06,49.0,249.0,2988.0,15.0,18.0,-0.1667,8.0,8.0,0.0,2.0,1.0,1.1407,3.0,1.0,0.2,15.0,0.0,112.0,28.0,0.4134,0.0,0,1,0,1,1,360.0,1315.69,90.0,37.35,0.1994,0.8264,0.3589,0.3336,0.4875
C-11264,2025-06-18,15.0,49.0,588.0,2.0,13.0,-0.8462,6.0,8.0,-0.25,1.0,1.0,-0.8993,10.0,9.0,0.95,1.0,0.0,93.0,26.0,0.5926,0.0,0,1,1,0,1,120.0,233.98,65.0,8.0,0.2765,0.5552,0.7109,0.0965,0.3165
C-11265,2025-04-14,4.0,49.0,588.0,8.0,3.0,1.6667,0.0,2.0,-1.0,1.0,0.0,0.2791,5.0,3.0,0.4,43.0,0.0,80.0,11.0,0.4557,0.0,0,0,0,0,1,120.0,184.59,65.0,8.0,0.4292,0.268,0.3058,0.0905,0.572
C-11266,2026-04-22,5.0,99.0,1188.0,29.0,22.0,0.3182,3.0,1.0,2.0,0.0,0.0,0.3545,8.0,5.0,0.65,6.0,0.0,172.0,28.0,0.6846,0.0,0,0,1,0,0,120.0,587.63,40.0,14.85,0.1007,0.4824,0.5793,0.1503,0.2026
C-11267,2024-11-15,23.0,49.0,588.0,22.0,26.0,-0.1538,2.0,2.0,0.0,2.0,0.0,0.0592,2.0,1.0,0.15,21.0,0.0,158.0,22.0,0.6266,0.0,0,0,0,1,0,120.0,240.07,90.0,8.0,0.2577,0.4878,0.3143,0.0972,0.4825
C-11268,2025-11-16,57.0,799.0,9588.0,26.0,24.0,0.0833,4.0,5.0,-0.2,1.0,1.0,-0.6277,11.0,8.0,0.95,9.0,0.0,71.0,9.0,0.6993,1.0,0,1,0,1,0,360.0,4958.02,65.0,80.0,0.0598,0.711,0.7389,0.9891,0.3941
C-11269,2024-01-19,4.0,99.0,1188.0,19.0,21.0,-0.0952,0.0,2.0,-1.0,0.0,0.0,-0.1197,2.0,1.0,0.15,8.0,0.0,130.0,5.0,0.6737,0.0,0,0,0,0,0,120.0,530.61,40.0,14.85,0.1879,0.2566,0.3729,0.1402,0.2387
C-11270,2025-01-04,23.0,99.0,1188.0,13.0,11.0,0.1818,4.0,8.0,-0.5,2.0,1.0,-0.76,7.0,7.0,0.7,17.0,0.0,146.0,13.0,0.7126,1.0,0,1,1,0,0,120.0,549.01,90.0,14.85,0.1598,0.4726,0.6177,0.1434,0.5523
C-11271,2026-03-18,8.0,799.0,9588.0,20.0,24.0,-0.1667,1.0,1.0,0.0,1.0,0.0,0.6473,1.0,0.0,0.05,43.0,0.0,24.0,1.0,0.1694,0.0,1,0,0,0,1,360.0,1612.41,65.0,80.0,0.6942,0.2938,0.201,0.4334,0.5597
C-11272,2024-08-02,56.0,399.0,4788.0,9.0,14.0,-0.3571,13.0,9.0,0.4444,2.0,0.0,0.4572,0.0,0.0,0.0,21.0,0.0,108.0,28.0,0.5295,0.0,0,1,0,0,0,360.0,1951.84,90.0,59.85,0.2588,0.888,0.265,0.554,0.3498
C-11273,2025-12-02,41.0,99.0,1188.0,10.0,4.0,1.5,10.0,10.0,0.0,2.0,1.0,-0.0171,1.0,0.0,0.05,43.0,0.0,144.0,1.0,0.6437,0.0,1,0,0,0,0,120.0,355.21,90.0,14.85,0.4564,0.5552,0.201,0.1126,0.666
C-11274,2025-03-19,46.0,149.0,1788.0,23.0,23.0,0.0,4.0,8.0,-0.5,0.0,0.0,-0.4547,11.0,9.0,1.0,37.0,0.0,15.0,2.0,0.6798,0.0,0,1,1,0,1,120.0,751.36,40.0,22.35,0.236,0.4955,0.5646,0.1827,0.3799
C-11275,2024-04-28,43.0,249.0,2988.0,21.0,9.0,1.3333,11.0,11.0,0.0,0.0,0.0,1.6859,2.0,0.0,0.1,19.0,0.0,64.0,7.0,0.2459,0.0,0,1,0,0,0,360.0,1385.23,40.0,37.35,0.1571,0.7449,0.3058,0.3561,0.201
C-11276,2024-04-03,40.0,249.0,2988.0,26.0,26.0,0.0,10.0,11.0,-0.0909,1.0,1.0,-1.0417,10.0,7.0,0.85,40.0,0.0,144.0,13.0,0.5315,0.0,0,1,0,0,1,360.0,1206.25,65.0,37.35,0.266,0.7421,0.49,0.2998,0.5498
C-11277,2024-04-17,46.0,799.0,9588.0,4.0,10.0,-0.6,3.0,1.0,2.0,2.0,1.0,-1.2357,6.0,3.0,0.45,15.0,1.0,168.0,1.0,0.415,1.0,0,0,0,1,1,360.0,3080.67,90.0,80.0,0.4158,0.5454,0.53,0.8617,0.5498
C-11278,2025-02-14,2.0,799.0,9588.0,31.0,24.0,0.2917,5.0,4.0,0.25,2.0,0.0,-0.0656,1.0,0.0,0.05,22.0,1.0,178.0,25.0,0.7694,1.0,1,0,1,0,0,360.0,3201.31,90.0,80.0,0.3929,0.5482,0.3407,0.881,0.4526
C-11279,2024-09-28,52.0,799.0,9588.0,19.0,15.0,0.2667,1.0,9.0,-0.8889,2.0,1.0,-0.2064,5.0,4.0,0.45,30.0,0.0,110.0,6.0,0.1225,1.0,0,1,0,1,1,360.0,4130.65,90.0,80.0,0.2167,0.5967,0.4551,0.9654,0.6792
C-11280,2026-02-28,44.0,49.0,588.0,17.0,13.0,0.3077,5.0,4.0,0.25,2.0,2.0,0.8781,5.0,5.0,0.5,26.0,0.0,12.0,32.0,0.2461,0.0,1,1,0,0,1,120.0,200.54,90.0,8.0,0.3799,0.7006,0.4207,0.0924,0.7171
C-11281,2025-11-04,44.0,99.0,1188.0,16.0,9.0,0.7778,6.0,9.0,-0.3333,3.0,2.0,0.5169,3.0,3.0,0.3,37.0,0.0,9.0,22.0,0.05,0.0,0,0,0,0,1,120.0,296.57,115.0,14.85,0.5461,0.6334,0.2973,0.1045,0.8334
C-11282,2024-05-06,24.0,249.0,2988.0,19.0,23.0,-0.1739,5.0,9.0,-0.4444,0.0,0.0,0.0236,7.0,5.0,0.6,7.0,1.0,146.0,4.0,0.4289,0.0,1,1,0,0,1,360.0,1372.35,40.0,37.35,0.1649,0.5293,0.5548,0.3518,0.1915
C-11283,2025-03-19,48.0,49.0,588.0,1.0,2.0,-0.5,10.0,11.0,-0.0909,1.0,0.0,0.4003,10.0,8.0,0.9,22.0,0.0,133.0,16.0,0.8528,1.0,0,0,1,0,0,120.0,261.45,65.0,8.0,0.1915,0.72,0.6682,0.0999,0.3015
C-11284,2025-11-06,24.0,149.0,1788.0,12.0,13.0,-0.0769,5.0,4.0,0.25,2.0,1.0,0.3857,10.0,8.0,0.9,29.0,0.0,38.0,6.0,0.3911,1.0,0,1,1,0,1,120.0,751.64,90.0,22.35,0.2357,0.4359,0.6365,0.1828,0.6271
C-11285,2025-07-31,4.0,49.0,588.0,2.0,10.0,-0.8,0.0,4.0,-1.0,4.0,1.0,1.6828,6.0,6.0,0.6,14.0,0.0,27.0,39.0,0.4202,0.0,0,0,0,0,0,120.0,116.82,140.0,8.0,0.6388,0.4331,0.52,0.0828,0.754
C-11286,2024-01-09,54.0,799.0,9588.0,13.0,15.0,-0.1333,2.0,1.0,1.0,0.0,0.0,0.2027,10.0,8.0,0.9,39.0,0.0,30.0,24.0,0.51,0.0,0,1,0,1,0,360.0,4251.0,40.0,80.0,0.1939,0.7433,0.515,0.9707,0.4182
C-11287,2024-01-06,15.0,49.0,588.0,15.0,7.0,1.1429,5.0,4.0,0.25,3.0,1.0,-0.5449,11.0,8.0,0.95,13.0,0.0,158.0,32.0,0.3767,1.0,0,0,1,0,0,120.0,282.94,115.0,8.0,0.1251,0.5981,0.7231,0.1027,0.6083
C-11288,2025-05-29,7.0,49.0,588.0,19.0,18.0,0.0556,4.0,4.0,0.0,1.0,0.0,0.1588,1.0,0.0,0.05,13.0,0.0,138.0,15.0,0.4732,1.0,0,0,0,0,1,120.0,257.61,65.0,8.0,0.2034,0.4033,0.3823,0.0994,0.3079
C-11289,2026-03-25,38.0,99.0,1188.0,3.0,11.0,-0.7273,2.0,5.0,-0.6,1.0,0.0,-1.5,7.0,5.0,0.6,14.0,0.0,170.0,6.0,0.4784,1.0,0,1,1,0,1,120.0,473.91,65.0,14.85,0.2747,0.4409,0.5939,0.1307,0.3363
C-11290,2024-02-14,15.0,49.0,588.0,0.0,6.0,-1.0,2.0,5.0,-0.6,1.0,0.0,-0.0261,9.0,9.0,0.9,30.0,1.0,24.0,10.0,0.2309,0.0,1,0,1,0,1,120.0,68.45,65.0,8.0,0.7883,0.3028,0.5597,0.0777,0.4502
C-11291,2024-05-26,51.0,249.0,2988.0,16.0,6.0,1.6667,12.0,10.0,0.2,2.0,0.0,0.8744,0.0,0.0,0.0,5.0,0.0,126.0,17.0,0.3812,0.0,0,1,0,1,0,360.0,1499.0,90.0,37.35,0.0879,0.8384,0.3318,0.3941,0.2592
C-11292,2024-06-15,27.0,149.0,1788.0,18.0,19.0,-0.0526,5.0,9.0,-0.4444,3.0,0.0,0.4817,7.0,5.0,0.6,6.0,0.0,166.0,31.0,0.5484,0.0,0,0,0,1,1,120.0,900.12,115.0,22.35,0.0847,0.652,0.5597,0.2166,0.4329
C-11293,2024-10-08,2.0,799.0,9588.0,4.0,8.0,-0.5,11.0,9.0,0.2222,0.0,0.0,0.2388,10.0,8.0,0.9,35.0,1.0,98.0,17.0,0.5857,0.0,1,0,0,0,0,360.0,2263.49,40.0,80.0,0.5708,0.5853,0.5349,0.6597,0.2891
C-11294,2026-02-24,57.0,99.0,1188.0,7.0,9.0,-0.2222,0.0,1.0,-1.0,2.0,0.0,0.5194,3.0,1.0,0.2,9.0,1.0,140.0,37.0,0.6597,0.0,0,1,1,0,0,120.0,541.8,90.0,14.85,0.1708,0.724,0.387,0.1422,0.4182
C-11295,2026-04-15,31.0,249.0,2988.0,8.0,17.0,-0.5294,5.0,6.0,-0.1667,0.0,0.0,0.8826,10.0,8.0,0.9,4.0,0.0,110.0,15.0,0.4671,1.0,0,1,0,0,0,360.0,1437.28,40.0,37.35,0.1254,0.6473,0.7427,0.3733,0.178
C-11296,2024-09-27,17.0,249.0,2988.0,18.0,9.0,1.0,4.0,9.0,-0.5556,2.0,0.0,1.1402,11.0,9.0,1.0,11.0,2.0,6.0,10.0,0.4712,1.0,0,0,1,0,0,360.0,1204.65,90.0,37.35,0.267,0.5066,0.7465,0.2993,0.3846
C-11297,2025-10-08,41.0,249.0,2988.0,9.0,11.0,-0.1818,2.0,3.0,-0.3333,3.0,1.0,0.358,7.0,6.0,0.65,17.0,0.0,80.0,20.0,0.55,0.0,0,1,0,0,1,360.0,1357.49,115.0,37.35,0.174,0.6666,0.525,0.347,0.6704
C-11298,2024-01-09,32.0,399.0,4788.0,15.0,7.0,1.1429,6.0,5.0,0.2,2.0,0.0,-0.2529,7.0,5.0,0.6,1.0,0.0,50.0,5.0,0.281,0.0,0,0,0,1,0,360.0,2478.85,90.0,59.85,0.0587,0.6084,0.5842,0.7251,0.2953
C-11299,2025-03-26,3.0,99.0,1188.0,10.0,10.0,0.0,4.0,8.0,-0.5,2.0,0.0,-1.5,6.0,5.0,0.55,37.0,1.0,19.0,27.0,0.2728,1.0,0,1,0,0,0,120.0,274.07,90.0,14.85,0.5805,0.4255,0.4601,0.1016,0.5769
C-11300,2025-07-07,46.0,249.0,2988.0,28.0,19.0,0.4737,10.0,9.0,0.1111,0.0,0.0,0.7825,4.0,3.0,0.35,5.0,0.0,109.0,4.0,0.375,0.0,0,1,1,0,0,360.0,1527.64,40.0,37.35,0.0704,0.732,0.4651,0.4039,0.148
C-11301,2026-01-31,25.0,399.0,4788.0,17.0,15.0,0.1333,10.0,10.0,0.0,2.0,2.0,0.4122,5.0,4.0,0.45,18.0,1.0,167.0,25.0,0.145,0.0,0,0,1,0,1,360.0,1712.29,90.0,59.85,0.3498,0.7456,0.4403,0.4687,0.6083
C-11302,2025-12-25,42.0,799.0,9588.0,32.0,27.0,0.1852,3.0,5.0,-0.4,1.0,0.0,0.1221,6.0,4.0,0.5,9.0,0.0,14.0,15.0,0.4814,1.0,0,1,0,1,0,360.0,4602.07,65.0,80.0,0.1273,0.6607,0.5793,0.9821,0.2932
C-11303,2024-02-24,53.0,249.0,2988.0,25.0,21.0,0.1905,7.0,5.0,0.4,3.0,2.0,-0.5504,5.0,2.0,0.35,13.0,0.0,62.0,14.0,0.6098,1.0,0,1,1,0,1,360.0,1373.03,115.0,37.35,0.1645,0.7609,0.5,0.3521,0.6985
C-11304,2024-12-30,37.0,249.0,2988.0,5.0,1.0,4.0,0.0,5.0,-1.0,3.0,1.0,0.7721,9.0,7.0,0.8,2.0,0.0,122.0,24.0,0.258,0.0,0,1,1,1,1,360.0,1533.42,115.0,37.35,0.0669,0.6517,0.6548,0.4059,0.589
C-11305,2024-03-08,40.0,799.0,9588.0,13.0,11.0,0.1818,8.0,8.0,0.0,0.0,0.0,-0.2058,9.0,9.0,0.9,42.0,0.0,59.0,28.0,0.487,0.0,0,1,1,1,0,360.0,4161.67,40.0,80.0,0.2108,0.7981,0.5,0.9669,0.3682
C-11306,2024-01-09,16.0,249.0,2988.0,7.0,8.0,-0.125,9.0,5.0,0.8,1.0,1.0,-0.0275,4.0,2.0,0.3,42.0,1.0,25.0,37.0,0.2742,1.0,1,1,0,0,1,360.0,393.72,65.0,37.35,0.7604,0.7251,0.3407,0.1183,0.5769
C-11307,2024-05-16,15.0,799.0,9588.0,27.0,16.0,0.6875,8.0,5.0,0.6,2.0,1.0,-0.0448,6.0,5.0,0.55,5.0,0.0,38.0,12.0,0.1967,0.0,0,1,0,1,1,360.0,4613.7,90.0,80.0,0.1251,0.6077,0.5449,0.9824,0.4134
C-11308,2026-04-02,26.0,49.0,588.0,3.0,8.0,-0.625,2.0,2.0,0.0,2.0,0.0,0.3599,2.0,2.0,0.2,8.0,0.0,9.0,32.0,0.8111,0.0,0,0,1,0,0,120.0,188.53,90.0,8.0,0.417,0.5576,0.3917,0.0909,0.387
C-11309,2024-08-21,51.0,149.0,1788.0,27.0,27.0,0.0,5.0,6.0,-0.1667,1.0,1.0,-0.9189,2.0,2.0,0.2,39.0,0.0,178.0,33.0,0.1996,0.0,1,1,0,0,1,120.0,643.88,65.0,22.35,0.3452,0.7383,0.2573,0.1609,0.6035
C-11310,2025-10-14,32.0,49.0,588.0,9.0,9.0,0.0,1.0,3.0,-0.6667,1.0,1.0,0.45,4.0,1.0,0.25,18.0,0.0,91.0,39.0,0.1441,0.0,0,1,0,0,1,120.0,256.56,65.0,8.0,0.2067,0.6426,0.3635,0.0993,0.4975
C-11311,2025-09-17,22.0,49.0,588.0,17.0,15.0,0.1333,5.0,6.0,-0.1667,2.0,0.0,-0.5767,0.0,0.0,0.0,2.0,0.0,169.0,38.0,0.4429,1.0,0,1,1,0,1,120.0,286.19,90.0,8.0,0.1151,0.6731,0.4158,0.1032,0.3122
C-11312,2026-02-04,47.0,149.0,1788.0,1.0,4.0,-0.75,11.0,10.0,0.1,2.0,1.0,-0.5486,10.0,10.0,1.0,6.0,0.0,124.0,31.0,0.4537,1.0,0,1,1,0,0,120.0,794.27,90.0,22.35,0.1923,0.8106,0.7649,0.192,0.3846
C-11313,2025-04-14,51.0,99.0,1188.0,27.0,25.0,0.08,6.0,9.0,-0.3333,3.0,1.0,0.7082,1.0,1.0,0.1,18.0,0.0,66.0,12.0,0.5334,1.0,0,1,0,0,1,120.0,533.72,115.0,14.85,0.1832,0.6384,0.3775,0.1408,0.6318
C-11314,2026-05-10,54.0,149.0,1788.0,24.0,25.0,-0.04,7.0,6.0,0.1667,1.0,1.0,-0.796,3.0,1.0,0.2,25.0,0.0,169.0,28.0,0.8002,1.0,0,0,0,0,1,120.0,763.2,65.0,22.35,0.2239,0.7628,0.3823,0.1853,0.475
C-11315,2025-01-10,19.0,149.0,1788.0,13.0,22.0,-0.4091,14.0,11.0,0.2727,1.0,1.0,0.7068,3.0,0.0,0.15,28.0,0.0,50.0,31.0,0.2446,0.0,1,1,0,0,0,120.0,460.67,65.0,22.35,0.5315,0.724,0.285,0.1286,0.411
C-11316,2025-11-25,43.0,249.0,2988.0,10.0,10.0,0.0,10.0,11.0,-0.0909,0.0,0.0,0.0811,2.0,1.0,0.15,6.0,0.0,36.0,12.0,0.2843,0.0,0,1,0,0,0,360.0,1495.0,40.0,37.35,0.0903,0.764,0.3823,0.3928,0.1519
C-11317,2025-11-21,36.0,799.0,9588.0,0.0,2.0,-1.0,1.0,5.0,-0.8,2.0,0.0,-1.3186,4.0,4.0,0.4,16.0,0.0,145.0,32.0,0.7218,0.0,0,1,0,1,0,360.0,2873.36,90.0,80.0,0.4551,0.6753,0.4305,0.8225,0.4576
C-11318,2025-04-24,28.0,799.0,9588.0,10.0,20.0,-0.5,5.0,9.0,-0.4444,2.0,2.0,1.0916,8.0,7.0,0.75,11.0,0.0,101.0,28.0,0.5878,1.0,0,1,0,1,1,360.0,3638.51,90.0,80.0,0.31,0.6995,0.6637,0.9325,0.6177
C-11319,2024-10-06,25.0,149.0,1788.0,13.0,12.0,0.0833,5.0,4.0,0.25,0.0,0.0,0.2482,10.0,8.0,0.9,24.0,0.0,78.0,20.0,0.56,1.0,0,1,1,1,0,120.0,856.01,40.0,22.35,0.1295,0.5585,0.6593,0.2061,0.2829
C-11320,2024-05-20,8.0,99.0,1188.0,30.0,27.0,0.1111,9.0,10.0,-0.1,0.0,0.0,0.3153,2.0,2.0,0.2,14.0,0.0,107.0,34.0,0.282,0.0,0,1,1,0,1,120.0,531.25,40.0,14.85,0.1869,0.6471,0.3635,0.1403,0.1931
C-11321,2024-03-16,17.0,399.0,4788.0,22.0,19.0,0.1579,7.0,5.0,0.4,0.0,0.0,0.8058,2.0,1.0,0.15,9.0,0.0,174.0,4.0,0.6252,1.0,0,1,0,1,1,360.0,2255.02,40.0,59.85,0.1437,0.537,0.4403,0.657,0.1854
C-11322,2025-03-16,33.0,49.0,588.0,18.0,15.0,0.2,1.0,3.0,-0.6667,3.0,3.0,1.1994,5.0,5.0,0.5,36.0,1.0,54.0,27.0,0.5606,1.0,0,0,0,0,1,120.0,131.73,115.0,8.0,0.5927,0.5134,0.4452,0.0845,0.9113
C-11323,2024-12-15,53.0,249.0,2988.0,15.0,27.0,-0.4444,4.0,2.0,1.0,0.0,0.0,0.1608,3.0,2.0,0.25,25.0,0.0,162.0,31.0,0.4379,1.0,0,1,1,0,1,360.0,1166.68,40.0,37.35,0.2901,0.7966,0.4013,0.2881,0.2994
C-11324,2024-07-03,52.0,149.0,1788.0,14.0,22.0,-0.3636,9.0,10.0,-0.1,0.0,0.0,0.4938,9.0,9.0,0.9,21.0,1.0,164.0,2.0,0.283,1.0,0,0,1,1,1,120.0,779.41,40.0,22.35,0.2074,0.6263,0.6726,0.1888,0.2279
C-11325,2025-11-06,12.0,99.0,1188.0,25.0,13.0,0.9231,2.0,4.0,-0.5,1.0,1.0,0.2969,2.0,2.0,0.2,6.0,0.0,137.0,16.0,0.4213,1.0,0,1,1,0,1,120.0,538.05,65.0,14.85,0.1765,0.3993,0.475,0.1415,0.3965
C-11326,2024-05-23,41.0,249.0,2988.0,0.0,1.0,-1.0,7.0,9.0,-0.2222,0.0,0.0,-0.2743,4.0,4.0,0.4,3.0,0.0,32.0,21.0,0.7297,1.0,1,1,1,0,1,360.0,1147.86,40.0,37.35,0.3015,0.7425,0.5695,0.2826,0.1598
C-11327,2025-02-22,6.0,99.0,1188.0,7.0,3.0,1.3333,0.0,1.0,-1.0,2.0,0.0,-1.2667,6.0,4.0,0.5,35.0,0.0,20.0,9.0,0.1812,0.0,0,0,1,0,0,120.0,361.69,90.0,14.85,0.4465,0.2625,0.3775,0.1136,0.6106
C-11328,2025-01-13,41.0,99.0,1188.0,8.0,12.0,-0.3333,10.0,6.0,0.6667,1.0,1.0,0.1719,4.0,3.0,0.35,43.0,0.0,26.0,35.0,0.24,1.0,0,1,0,0,1,120.0,216.08,65.0,14.85,0.6693,0.7568,0.3543,0.0943,0.572
C-11329,2026-05-11,21.0,249.0,2988.0,16.0,16.0,0.0,4.0,5.0,-0.2,0.0,0.0,1.1032,7.0,4.0,0.55,26.0,0.0,127.0,25.0,0.2744,0.0,1,1,1,0,0,360.0,1328.61,40.0,37.35,0.1915,0.6443,0.4403,0.3377,0.3058
C-11330,2024-04-02,28.0,99.0,1188.0,0.0,1.0,-1.0,6.0,5.0,0.2,0.0,0.0,0.4667,9.0,8.0,0.85,1.0,0.0,74.0,11.0,0.3178,0.0,0,1,1,0,0,120.0,495.07,40.0,14.85,0.2423,0.5122,0.677,0.1342,0.1584
C-11331,2026-01-25,43.0,399.0,4788.0,7.0,4.0,0.75,0.0,2.0,-1.0,2.0,1.0,-0.8539,6.0,6.0,0.6,21.0,0.0,177.0,18.0,0.3969,0.0,0,1,1,1,0,360.0,2223.18,90.0,59.85,0.1558,0.6276,0.485,0.6467,0.6295
C-11332,2025-08-26,26.0,49.0,588.0,21.0,20.0,0.05,0.0,1.0,-1.0,1.0,0.0,0.878,5.0,5.0,0.5,12.0,0.0,6.0,5.0,0.5917,0.0,0,0,0,0,1,120.0,266.78,65.0,8.0,0.1751,0.3503,0.49,0.1006,0.3452
C-11333,2025-11-28,48.0,149.0,1788.0,18.0,21.0,-0.1429,3.0,4.0,-0.25,2.0,2.0,-0.2476,11.0,8.0,0.95,2.0,1.0,70.0,4.0,0.4923,1.0,0,1,0,0,0,120.0,852.97,90.0,22.35,0.1326,0.5134,0.7649,0.2054,0.5769
C-11334,2025-11-17,32.0,399.0,4788.0,0.0,1.0,-1.0,8.0,6.0,0.3333,3.0,1.0,-1.5,11.0,9.0,1.0,6.0,0.0,51.0,30.0,0.4122,1.0,1,1,1,1,0,360.0,1794.28,115.0,59.85,0.3186,0.7722,0.7649,0.498,0.52
C-11335,2025-11-12,59.0,99.0,1188.0,16.0,14.0,0.1429,7.0,9.0,-0.2222,3.0,2.0,0.8143,11.0,10.0,1.0,22.0,0.0,159.0,39.0,0.4554,0.0,0,1,1,0,0,120.0,568.02,115.0,14.85,0.1307,0.8382,0.6365,0.1468,0.7521
C-11336,2025-01-18,39.0,399.0,4788.0,0.0,3.0,-1.0,3.0,6.0,-0.5,3.0,1.0,-0.7563,0.0,0.0,0.0,19.0,0.0,26.0,11.0,0.5248,0.0,1,1,0,0,1,360.0,623.73,115.0,59.85,0.7631,0.542,0.2729,0.157,0.6726
C-11337,2025-05-27,19.0,399.0,4788.0,23.0,20.0,0.15,3.0,3.0,0.0,0.0,0.0,1.4246,10.0,8.0,0.9,25.0,0.0,76.0,10.0,0.0637,1.0,0,1,1,0,0,360.0,2250.13,40.0,59.85,0.1455,0.5118,0.6548,0.6554,0.31
C-11338,2024-11-17,46.0,799.0,9588.0,39.0,23.0,0.6957,4.0,3.0,0.3333,0.0,0.0,0.9182,10.0,10.0,1.0,31.0,1.0,156.0,27.0,0.6143,0.0,1,1,0,1,0,360.0,4346.29,40.0,80.0,0.1758,0.7617,0.5939,0.9744,0.3385
C-11339,2026-03-05,25.0,99.0,1188.0,32.0,24.0,0.3333,11.0,7.0,0.5714,0.0,0.0,-0.1822,9.0,7.0,0.8,11.0,0.0,174.0,20.0,0.2347,0.0,0,1,0,0,0,120.0,599.05,40.0,14.85,0.0832,0.6766,0.613,0.1524,0.1652
C-11340,2024-07-18,32.0,399.0,4788.0,21.0,17.0,0.2353,5.0,5.0,0.0,0.0,0.0,0.3675,8.0,8.0,0.8,12.0,1.0,165.0,6.0,0.3113,0.0,0,0,1,1,1,360.0,2322.25,40.0,59.85,0.1182,0.5893,0.6083,0.6783,0.2159
C-11341,2025-06-04,9.0,799.0,9588.0,16.0,17.0,-0.0588,11.0,10.0,0.1,1.0,0.0,1.9391,4.0,4.0,0.4,30.0,0.0,119.0,27.0,0.4681,0.0,1,1,1,1,1,360.0,3682.31,65.0,80.0,0.3017,0.7149,0.3635,0.9364,0.343
C-11342,2024-07-05,8.0,399.0,4788.0,14.0,26.0,-0.4615,6.0,5.0,0.2,2.0,2.0,0.8,8.0,6.0,0.7,8.0,0.0,33.0,9.0,0.3849,0.0,1,0,1,0,1,360.0,1735.64,90.0,59.85,0.3409,0.4849,0.589,0.477,0.5842
C-11343,2024-11-24,35.0,99.0,1188.0,9.0,17.0,-0.4706,4.0,7.0,-0.4286,0.0,0.0,0.1906,6.0,5.0,0.55,3.0,0.0,21.0,5.0,0.4974,0.0,0,1,0,0,0,120.0,512.13,40.0,14.85,0.2162,0.4655,0.5548,0.1371,0.1809
C-11344,2026-04-29,12.0,399.0,4788.0,21.0,13.0,0.6154,0.0,1.0,-1.0,2.0,1.0,2.3113,9.0,9.0,0.9,38.0,1.0,76.0,19.0,0.4284,0.0,0,0,1,0,1,360.0,1499.84,90.0,59.85,0.4305,0.4489,0.52,0.3944,0.7389
C-11345,2024-06-21,59.0,49.0,588.0,16.0,21.0,-0.2381,0.0,3.0,-1.0,0.0,0.0,0.0941,4.0,4.0,0.4,9.0,0.0,88.0,29.0,0.3421,0.0,0,1,0,0,1,120.0,291.47,40.0,8.0,0.0987,0.6901,0.4651,0.1039,0.2442
C-11346,2026-02-20,51.0,249.0,2988.0,12.0,16.0,-0.25,6.0,10.0,-0.4,1.0,0.0,0.4655,8.0,6.0,0.7,5.0,0.0,94.0,21.0,0.7058,0.0,0,1,0,0,1,360.0,1521.02,65.0,37.35,0.0745,0.7846,0.6035,0.4017,0.2405
C-11347,2025-12-18,42.0,149.0,1788.0,22.0,23.0,-0.0435,5.0,4.0,0.25,1.0,0.0,-0.749,9.0,7.0,0.8,33.0,1.0,13.0,26.0,0.5416,1.0,0,1,0,0,0,120.0,631.95,65.0,22.35,0.3574,0.655,0.5793,0.1586,0.4354
C-11348,2024-11-19,44.0,249.0,2988.0,9.0,15.0,-0.4,5.0,5.0,0.0,0.0,0.0,-1.3398,10.0,10.0,1.0,23.0,0.0,123.0,10.0,0.4604,0.0,0,1,0,0,1,360.0,1368.49,40.0,37.35,0.1673,0.6674,0.6318,0.3506,0.2769
C-11349,2024-11-23,36.0,249.0,2988.0,17.0,24.0,-0.2917,7.0,7.0,0.0,1.0,0.0,-0.2302,2.0,1.0,0.15,6.0,0.0,74.0,20.0,0.5385,0.0,0,1,1,0,0,360.0,1385.23,65.0,37.35,0.1571,0.7313,0.3823,0.3561,0.2369
C-11350,2024-01-05,5.0,49.0,588.0,2.0,2.0,0.0,0.0,1.0,-1.0,2.0,1.0,0.0307,10.0,9.0,0.95,38.0,1.0,24.0,28.0,0.2589,0.0,1,0,1,1,1,120.0,135.26,90.0,8.0,0.5818,0.3657,0.5399,0.0849,0.7389
C-11351,2025-11-28,24.0,249.0,2988.0,0.0,1.0,-1.0,11.0,6.0,0.8333,1.0,0.0,0.2634,2.0,0.0,0.1,11.0,0.0,165.0,21.0,0.835,1.0,1,1,0,1,0,360.0,803.21,65.0,37.35,0.5112,0.718,0.411,0.194,0.2279
C-11352,2025-08-10,30.0,799.0,9588.0,0.0,3.0,-1.0,1.0,4.0,-0.75,2.0,2.0,-1.1358,11.0,8.0,0.95,30.0,0.0,67.0,10.0,0.1825,0.0,1,1,1,1,0,360.0,1697.57,90.0,80.0,0.6781,0.4603,0.5793,0.4635,0.7773
C-11353,2026-05-17,55.0,149.0,1788.0,11.0,16.0,-0.3125,7.0,2.0,2.5,1.0,1.0,0.5285,0.0,0.0,0.0,29.0,0.0,45.0,38.0,0.4226,1.0,0,1,0,1,0,120.0,590.52,65.0,22.35,0.3995,0.8022,0.2932,0.1509,0.505
C-11354,2024-09-14,14.0,99.0,1188.0,23.0,20.0,0.15,1.0,5.0,-0.8,1.0,1.0,-0.6643,2.0,0.0,0.1,37.0,1.0,91.0,3.0,0.3427,0.0,1,0,0,0,1,120.0,267.73,65.0,14.85,0.5903,0.2602,0.2351,0.1007,0.6365
C-11355,2024-12-17,30.0,799.0,9588.0,5.0,6.0,-0.1667,2.0,5.0,-0.6,0.0,0.0,0.487,7.0,4.0,0.55,32.0,0.0,171.0,36.0,0.3351,1.0,0,1,1,1,1,360.0,3860.34,40.0,80.0,0.268,0.7122,0.485,0.9499,0.3682
C-11356,2025-08-28,21.0,49.0,588.0,4.0,5.0,-0.2,0.0,3.0,-1.0,1.0,0.0,0.7479,6.0,5.0,0.55,31.0,0.0,149.0,29.0,0.3091,0.0,1,0,0,0,1,120.0,226.9,65.0,8.0,0.2984,0.4852,0.4158,0.0956,0.4825
C-11357,2024-10-27,9.0,149.0,1788.0,28.0,24.0,0.1667,6.0,6.0,0.0,3.0,1.0,-0.3164,8.0,8.0,0.8,2.0,0.0,22.0,5.0,0.2457,0.0,0,0,1,0,0,120.0,826.95,115.0,22.35,0.1591,0.3847,0.6548,0.1994,0.515
C-11358,2024-10-08,7.0,249.0,2988.0,20.0,21.0,-0.0476,6.0,9.0,-0.3333,2.0,0.0,-0.7711,4.0,3.0,0.35,42.0,0.0,125.0,10.0,0.6377,1.0,0,1,1,1,1,360.0,921.57,90.0,37.35,0.4392,0.4751,0.3589,0.2219,0.589
C-11359,2024-05-30,23.0,149.0,1788.0,16.0,18.0,-0.1111,0.0,3.0,-1.0,0.0,0.0,1.2349,0.0,0.0,0.0,5.0,0.0,121.0,15.0,0.1591,0.0,1,1,0,1,0,120.0,834.05,40.0,22.35,0.1519,0.4095,0.3318,0.201,0.2227
C-11360,2026-05-21,6.0,799.0,9588.0,17.0,14.0,0.2143,7.0,11.0,-0.3636,1.0,1.0,0.6983,7.0,4.0,0.55,11.0,0.0,160.0,38.0,0.5967,0.0,0,0,1,1,0,360.0,4342.46,65.0,80.0,0.1765,0.7174,0.515,0.9742,0.3729
C-11361,2025-02-23,5.0,149.0,1788.0,16.0,12.0,0.3333,8.0,7.0,0.1429,3.0,1.0,0.1216,6.0,5.0,0.55,20.0,0.0,173.0,21.0,0.5297,1.0,0,1,0,1,0,120.0,741.47,115.0,22.35,0.246,0.5117,0.5449,0.1806,0.6225
C-11362,2025-11-09,22.0,799.0,9588.0,0.0,1.0,-1.0,10.0,9.0,0.1111,1.0,1.0,1.1747,6.0,6.0,0.6,12.0,0.0,135.0,11.0,0.3238,1.0,0,0,0,1,0,360.0,2610.33,65.0,80.0,0.505,0.6266,0.6035,0.7609,0.3452
C-11363,2025-07-30,13.0,49.0,588.0,6.0,6.0,0.0,5.0,1.0,4.0,2.0,0.0,0.0666,4.0,4.0,0.4,26.0,0.0,119.0,36.0,0.5065,1.0,0,1,0,0,0,120.0,247.67,90.0,8.0,0.2342,0.6042,0.4551,0.0982,0.4825
C-11364,2025-06-12,34.0,399.0,4788.0,20.0,25.0,-0.2,7.0,9.0,-0.2222,0.0,0.0,-0.4964,10.0,9.0,0.95,2.0,1.0,66.0,5.0,0.3684,0.0,0,1,1,1,1,360.0,2385.69,40.0,59.85,0.0941,0.6325,0.7068,0.6978,0.1558
C-11365,2024-10-02,3.0,249.0,2988.0,5.0,10.0,-0.5,4.0,4.0,0.0,1.0,0.0,-0.8014,9.0,9.0,0.9,20.0,0.0,162.0,32.0,0.1798,0.0,1,1,1,1,0,360.0,1153.03,65.0,37.35,0.2984,0.5965,0.6083,0.2841,0.3543
C-11366,2024-10-05,19.0,99.0,1188.0,25.0,20.0,0.25,4.0,8.0,-0.5,1.0,1.0,-0.0862,2.0,2.0,0.2,15.0,0.0,170.0,33.0,0.1819,1.0,0,1,0,0,1,120.0,506.75,65.0,14.85,0.2244,0.5933,0.4305,0.1362,0.4378
C-11367,2025-03-04,28.0,99.0,1188.0,23.0,20.0,0.15,8.0,9.0,-0.1111,0.0,0.0,0.6174,0.0,0.0,0.0,29.0,0.0,178.0,16.0,0.5311,1.0,0,0,0,0,1,120.0,466.54,40.0,14.85,0.286,0.5835,0.2932,0.1296,0.2829
C-11368,2024-04-29,57.0,399.0,4788.0,12.0,9.0,0.3333,1.0,3.0,-0.6667,0.0,0.0,1.1118,2.0,0.0,0.1,23.0,0.0,172.0,2.0,0.5207,0.0,0,1,0,1,0,360.0,2230.06,40.0,59.85,0.1532,0.5995,0.2891,0.6489,0.3186
C-11369,2025-04-18,38.0,249.0,2988.0,8.0,6.0,0.3333,4.0,3.0,0.3333,1.0,0.0,0.0188,0.0,0.0,0.0,34.0,1.0,117.0,35.0,0.4484,1.0,0,1,0,1,0,360.0,979.93,65.0,37.35,0.4037,0.7555,0.2729,0.2366,0.4551
C-11370,2024-03-21,53.0,249.0,2988.0,19.0,19.0,0.0,3.0,1.0,2.0,2.0,1.0,0.9705,8.0,6.0,0.7,7.0,0.0,172.0,38.0,0.3217,0.0,0,0,0,1,0,360.0,1525.47,90.0,37.35,0.0718,0.8326,0.5939,0.4032,0.49
C-11371,2024-08-30,21.0,49.0,588.0,7.0,3.0,1.3333,9.0,7.0,0.2857,0.0,0.0,-0.1714,7.0,5.0,0.6,42.0,0.0,141.0,15.0,0.3619,1.0,0,1,1,0,0,120.0,220.7,40.0,8.0,0.3176,0.5575,0.4551,0.0948,0.3566
C-11372,2025-07-12,28.0,249.0,2988.0,20.0,14.0,0.4286,6.0,9.0,-0.3333,0.0,0.0,-0.6253,5.0,3.0,0.4,17.0,0.0,47.0,8.0,0.3349,0.0,0,0,1,1,0,360.0,1413.27,40.0,37.35,0.14,0.6011,0.4256,0.3653,0.2333
C-11373,2024-01-21,26.0,799.0,9588.0,29.0,24.0,0.2083,7.0,5.0,0.4,2.0,2.0,-1.0451,7.0,4.0,0.55,15.0,0.0,10.0,11.0,0.0506,0.0,1,1,0,1,1,360.0,3593.05,90.0,80.0,0.3186,0.6108,0.495,0.9283,0.6225
C-11374,2024-02-09,53.0,49.0,588.0,19.0,20.0,-0.05,1.0,2.0,-0.5,0.0,0.0,-0.405,9.0,6.0,0.75,24.0,1.0,176.0,6.0,0.4123,0.0,1,0,1,1,0,120.0,271.3,40.0,8.0,0.1611,0.5099,0.53,0.1012,0.3252
C-11375,2024-07-09,57.0,149.0,1788.0,29.0,21.0,0.381,3.0,4.0,-0.25,1.0,0.0,-1.0149,9.0,8.0,0.85,7.0,1.0,79.0,24.0,0.5045,1.0,0,1,1,0,0,120.0,918.81,65.0,22.35,0.0657,0.7042,0.715,0.2212,0.2809
C-11376,2025-10-28,57.0,149.0,1788.0,4.0,3.0,0.3333,3.0,5.0,-0.4,1.0,0.0,1.6076,5.0,2.0,0.35,36.0,0.0,157.0,21.0,0.4135,0.0,0,0,0,0,1,120.0,780.95,65.0,22.35,0.2059,0.6698,0.3186,0.1891,0.4825
C-11377,2025-12-09,45.0,799.0,9588.0,10.0,6.0,0.6667,9.0,11.0,-0.1818,1.0,0.0,0.3514,7.0,7.0,0.7,11.0,0.0,55.0,14.0,0.7538,0.0,0,1,1,1,0,360.0,4912.18,65.0,80.0,0.0685,0.7695,0.5744,0.9884,0.246
C-11378,2024-01-01,31.0,99.0,1188.0,10.0,8.0,0.25,6.0,2.0,2.0,1.0,1.0,-0.0765,6.0,3.0,0.45,41.0,0.0,68.0,26.0,0.1991,0.0,0,0,0,0,0,120.0,402.86,65.0,14.85,0.3834,0.6197,0.3318,0.1196,0.6059
C-11379,2024-09-02,33.0,149.0,1788.0,9.0,8.0,0.125,4.0,4.0,0.0,1.0,1.0,1.3776,11.0,11.0,1.0,6.0,1.0,149.0,25.0,0.2678,1.0,0,0,1,0,1,120.0,878.48,65.0,22.35,0.1067,0.617,0.7649,0.2114,0.3729
C-11380,2024-02-20,58.0,399.0,4788.0,2.0,6.0,-0.6667,8.0,8.0,0.0,1.0,0.0,-1.0418,9.0,9.0,0.9,38.0,0.0,96.0,1.0,0.4266,1.0,1,0,1,1,1,360.0,1682.12,65.0,59.85,0.3612,0.7004,0.5939,0.458,0.4354
C-11381,2024-01-13,18.0,49.0,588.0,31.0,27.0,0.1481,2.0,3.0,-0.3333,0.0,0.0,-0.1097,3.0,3.0,0.3,17.0,0.0,123.0,16.0,0.4488,0.0,0,0,0,0,0,120.0,267.94,40.0,8.0,0.1715,0.429,0.387,0.1008,0.2709
C-11382,2026-04-10,22.0,399.0,4788.0,22.0,5.0,3.4,14.0,10.0,0.4,1.0,1.0,1.5997,10.0,10.0,1.0,27.0,0.0,61.0,34.0,0.05,0.0,1,1,1,1,0,360.0,2139.1,65.0,59.85,0.1877,0.8437,0.613,0.6188,0.4037
C-11383,2025-01-09,54.0,399.0,4788.0,18.0,20.0,-0.1,14.0,11.0,0.2727,0.0,0.0,-0.1152,4.0,3.0,0.35,39.0,0.0,112.0,32.0,0.5205,0.0,0,1,1,0,0,360.0,1919.98,40.0,59.85,0.2709,0.9024,0.3058,0.5427,0.2829
C-11384,2025-12-02,24.0,399.0,4788.0,16.0,16.0,0.0,3.0,5.0,-0.4,3.0,1.0,1.9575,9.0,7.0,0.8,5.0,1.0,90.0,34.0,0.4497,0.0,0,1,1,1,1,360.0,2277.14,115.0,59.85,0.1353,0.7052,0.6411,0.6641,0.5744
C-11385,2025-08-24,15.0,249.0,2988.0,14.0,17.0,-0.1765,8.0,9.0,-0.1111,2.0,1.0,0.6285,11.0,9.0,1.0,15.0,0.0,168.0,38.0,0.05,0.0,0,0,0,0,0,360.0,1363.26,90.0,37.35,0.1705,0.7676,0.6682,0.3489,0.4875
C-11386,2025-01-31,34.0,399.0,4788.0,3.0,6.0,-0.5,8.0,9.0,-0.1111,1.0,1.0,1.0447,9.0,9.0,0.9,42.0,0.0,91.0,3.0,0.3767,0.0,1,0,0,0,0,360.0,1303.53,65.0,59.85,0.505,0.5884,0.5,0.3298,0.589
C-11387,2025-10-25,20.0,399.0,4788.0,18.0,9.0,1.0,8.0,8.0,0.0,2.0,2.0,1.0679,1.0,0.0,0.05,6.0,0.0,20.0,11.0,0.2383,0.0,0,1,1,0,1,360.0,1715.28,90.0,59.85,0.3486,0.5976,0.3452,0.4698,0.5449
C-11388,2024-08-07,53.0,799.0,9588.0,13.0,17.0,-0.2353,1.0,3.0,-0.6667,1.0,0.0,0.0013,2.0,2.0,0.2,4.0,1.0,133.0,18.0,0.3093,1.0,0,1,1,1,0,360.0,4473.52,65.0,80.0,0.1517,0.6909,0.485,0.9785,0.2829
C-11389,2024-12-31,54.0,149.0,1788.0,6.0,9.0,-0.3333,2.0,1.0,1.0,1.0,0.0,-0.3906,9.0,9.0,0.9,23.0,0.0,171.0,20.0,0.1324,1.0,0,1,1,0,1,120.0,842.1,65.0,22.35,0.1437,0.6383,0.6637,0.2029,0.3989
C-11390,2024-11-29,19.0,149.0,1788.0,9.0,19.0,-0.5263,7.0,4.0,0.75,1.0,0.0,-0.0924,1.0,0.0,0.05,1.0,1.0,159.0,31.0,0.4832,0.0,0,0,1,0,1,120.0,654.39,65.0,22.35,0.3346,0.6231,0.3682,0.1629,0.2108
C-11391,2025-05-19,32.0,249.0,2988.0,0.0,2.0,-1.0,0.0,2.0,-1.0,0.0,0.0,-0.7895,0.0,0.0,0.0,44.0,1.0,22.0,29.0,0.7524,1.0,0,1,0,0,1,360.0,124.67,40.0,37.35,0.9241,0.5617,0.2351,0.0837,0.48
C-11392,2024-07-04,59.0,99.0,1188.0,0.0,2.0,-1.0,1.0,4.0,-0.75,1.0,0.0,-0.0528,3.0,3.0,0.3,40.0,1.0,179.0,28.0,0.453,0.0,0,1,0,0,1,120.0,163.79,65.0,14.85,0.7493,0.6284,0.285,0.0881,0.5374
C-11393,2025-10-19,45.0,799.0,9588.0,24.0,20.0,0.2,6.0,8.0,-0.25,0.0,0.0,-0.0035,5.0,4.0,0.45,8.0,0.0,65.0,7.0,0.05,1.0,0,0,1,1,0,360.0,4880.7,40.0,80.0,0.0745,0.6798,0.5646,0.9879,0.1885
C-11394,2026-01-12,14.0,399.0,4788.0,34.0,17.0,1.0,5.0,7.0,-0.2857,2.0,0.0,1.3514,1.0,0.0,0.05,7.0,0.0,150.0,27.0,0.4571,1.0,0,1,1,1,0,360.0,2240.2,90.0,59.85,0.1493,0.6492,0.411,0.6522,0.3452
C-11395,2026-02-23,36.0,249.0,2988.0,0.0,2.0,-1.0,7.0,3.0,1.3333,3.0,2.0,0.4746,1.0,0.0,0.05,35.0,1.0,115.0,32.0,0.3611,0.0,1,1,1,0,1,360.0,173.0,115.0,37.35,0.8947,0.7296,0.2279,0.0891,0.8176
C-11396,2026-02-27,37.0,99.0,1188.0,15.0,25.0,-0.4,3.0,1.0,2.0,1.0,0.0,1.8901,4.0,4.0,0.4,23.0,1.0,175.0,30.0,0.1798,0.0,0,1,0,1,1,120.0,408.25,65.0,14.85,0.3752,0.6207,0.3965,0.1204,0.387
C-11397,2025-07-18,39.0,149.0,1788.0,6.0,1.0,5.0,5.0,3.0,0.6667,0.0,0.0,-1.5,7.0,4.0,0.55,37.0,0.0,64.0,23.0,0.4707,0.0,0,1,1,1,1,120.0,758.38,40.0,22.35,0.2288,0.6354,0.387,0.1842,0.3682
C-11398,2025-12-04,3.0,149.0,1788.0,22.0,26.0,-0.1538,5.0,6.0,-0.1667,1.0,0.0,-0.9736,6.0,6.0,0.6,43.0,0.0,111.0,4.0,0.576,1.0,0,0,0,0,1,120.0,534.15,65.0,22.35,0.4568,0.2998,0.4502,0.1408,0.51
C-11399,2025-09-01,19.0,249.0,2988.0,28.0,20.0,0.4,8.0,9.0,-0.1111,0.0,0.0,-0.2843,9.0,8.0,0.85,18.0,0.0,124.0,6.0,0.2663,1.0,0,0,1,0,1,360.0,1454.3,40.0,37.35,0.1151,0.5848,0.6682,0.379,0.221
C-11400,2026-04-20,51.0,399.0,4788.0,25.0,27.0,-0.0741,1.0,5.0,-0.8,2.0,1.0,1.194,11.0,9.0,1.0,11.0,0.0,32.0,29.0,0.0713,0.0,1,0,1,1,1,360.0,2431.16,90.0,59.85,0.0768,0.7561,0.6857,0.7113,0.5449
C-11401,2024-03-28,15.0,399.0,4788.0,22.0,26.0,-0.1538,5.0,4.0,0.25,4.0,1.0,-0.0877,0.0,0.0,0.0,27.0,1.0,140.0,34.0,0.05,0.0,1,0,0,0,1,360.0,1142.01,140.0,59.85,0.5663,0.654,0.2423,0.2809,0.779
C-11402,2024-06-24,19.0,799.0,9588.0,8.0,9.0,-0.1111,8.0,7.0,0.1429,0.0,0.0,-1.1743,8.0,8.0,0.8,28.0,0.0,30.0,33.0,0.2669,1.0,0,0,0,1,1,360.0,4183.45,40.0,80.0,0.2067,0.7515,0.6035,0.9679,0.2769
C-11403,2025-01-05,20.0,799.0,9588.0,26.0,21.0,0.2381,4.0,1.0,3.0,2.0,0.0,-0.1961,1.0,0.0,0.05,19.0,0.0,149.0,17.0,0.3689,0.0,0,1,1,1,0,360.0,4135.12,90.0,80.0,0.2159,0.5798,0.2891,0.9656,0.4428
C-11404,2025-07-01,12.0,399.0,4788.0,5.0,6.0,-0.1667,2.0,3.0,-0.3333,2.0,2.0,-0.9581,4.0,4.0,0.4,13.0,0.0,27.0,23.0,0.2968,1.0,1,1,0,1,1,360.0,1451.19,90.0,59.85,0.4489,0.5164,0.52,0.3779,0.666
C-11405,2026-02-23,11.0,149.0,1788.0,10.0,13.0,-0.2308,0.0,1.0,-1.0,1.0,0.0,-1.1149,4.0,2.0,0.3,11.0,1.0,36.0,7.0,0.2633,0.0,1,0,1,0,0,120.0,693.99,65.0,22.35,0.2943,0.2855,0.4158,0.1708,0.3385
C-11406,2024-03-24,22.0,249.0,2988.0,6.0,7.0,-0.1429,6.0,6.0,0.0,0.0,0.0,1.5991,8.0,7.0,0.75,23.0,0.0,91.0,24.0,0.5136,1.0,0,0,1,1,0,360.0,1346.74,40.0,37.35,0.1805,0.6791,0.6083,0.3436,0.267
C-11407,2024-05-21,52.0,149.0,1788.0,6.0,14.0,-0.5714,7.0,5.0,0.4,2.0,0.0,-0.2813,3.0,0.0,0.15,19.0,0.0,36.0,8.0,0.4926,0.0,0,1,1,0,0,120.0,685.09,90.0,22.35,0.3033,0.6197,0.323,0.169,0.4061
C-11408,2026-01-29,2.0,249.0,2988.0,26.0,24.0,0.0833,3.0,7.0,-0.5714,0.0,0.0,0.1385,10.0,7.0,0.85,20.0,0.0,18.0,32.0,0.4399,1.0,0,0,1,0,1,360.0,1246.68,40.0,37.35,0.2414,0.5792,0.6593,0.3121,0.2789
C-11409,2024-09-30,18.0,399.0,4788.0,1.0,12.0,-0.9167,8.0,7.0,0.1429,1.0,0.0,-0.0744,4.0,1.0,0.25,4.0,1.0,14.0,31.0,0.5633,0.0,1,1,1,1,0,360.0,972.65,65.0,59.85,0.6306,0.6931,0.4305,0.2347,0.2176
C-11410,2024-01-15,5.0,149.0,1788.0,0.0,3.0,-1.0,4.0,5.0,-0.2,1.0,0.0,-0.2012,9.0,6.0,0.75,39.0,0.0,55.0,2.0,0.2687,0.0,1,1,0,0,1,120.0,263.51,65.0,22.35,0.732,0.2524,0.4551,0.1002,0.4925
C-11411,2025-08-20,34.0,249.0,2988.0,14.0,9.0,0.5556,7.0,10.0,-0.3,2.0,0.0,-0.6725,11.0,9.0,1.0,31.0,0.0,90.0,37.0,0.1811,1.0,0,1,0,0,1,360.0,1413.27,90.0,37.35,0.14,0.8146,0.6637,0.3653,0.495
C-11412,2026-02-13,16.0,49.0,588.0,24.0,22.0,0.0909,5.0,11.0,-0.5455,1.0,0.0,-0.2485,6.0,6.0,0.6,41.0,0.0,12.0,32.0,0.2955,1.0,0,0,1,0,1,120.0,176.61,65.0,8.0,0.4539,0.5629,0.4601,0.0896,0.495
C-11413,2026-03-06,47.0,399.0,4788.0,19.0,15.0,0.2667,1.0,2.0,-0.5,3.0,1.0,0.2698,1.0,0.0,0.05,37.0,1.0,29.0,15.0,0.2817,0.0,1,1,0,0,0,360.0,1015.97,115.0,59.85,0.6142,0.5897,0.221,0.246,0.7958
C-11414,2026-01-23,35.0,149.0,1788.0,16.0,16.0,0.0,14.0,11.0,0.2727,3.0,2.0,1.1349,8.0,7.0,0.75,27.0,0.0,112.0,18.0,0.05,0.0,0,1,1,0,0,120.0,735.03,115.0,22.35,0.2526,0.7376,0.515,0.1793,0.713
C-11415,2024-02-22,47.0,149.0,1788.0,19.0,12.0,0.5833,7.0,3.0,1.3333,0.0,0.0,0.7579,5.0,3.0,0.4,13.0,0.0,60.0,4.0,0.2909,0.0,1,0,0,0,0,120.0,892.15,40.0,22.35,0.0928,0.5923,0.4452,0.2147,0.2042
C-11416,2024-04-28,38.0,249.0,2988.0,14.0,8.0,0.75,3.0,3.0,0.0,2.0,1.0,-0.9753,4.0,4.0,0.4,29.0,0.0,137.0,37.0,0.621,0.0,0,1,0,0,0,360.0,1225.23,90.0,37.35,0.2545,0.7654,0.3682,0.3055,0.6502
C-11417,2026-02-06,27.0,99.0,1188.0,20.0,17.0,0.1765,10.0,6.0,0.6667,1.0,0.0,0.7908,5.0,3.0,0.4,25.0,0.0,152.0,4.0,0.5602,1.0,0,0,1,0,0,120.0,528.24,65.0,14.85,0.1915,0.541,0.4601,0.1398,0.3208
C-11418,2025-09-03,51.0,249.0,2988.0,24.0,18.0,0.3333,0.0,1.0,-1.0,1.0,0.0,0.3804,3.0,2.0,0.25,41.0,1.0,10.0,36.0,0.505,0.0,1,1,0,0,1,360.0,799.11,65.0,37.35,0.5137,0.7395,0.265,0.1931,0.5572
C-11419,2024-07-13,29.0,399.0,4788.0,30.0,25.0,0.2,7.0,5.0,0.4,5.0,4.0,-0.4998,3.0,1.0,0.2,10.0,1.0,171.0,26.0,0.4263,1.0,1,1,0,0,1,360.0,1392.33,165.0,59.85,0.4713,0.7077,0.4551,0.3584,0.9276
C-11420,2024-12-07,57.0,149.0,1788.0,14.0,17.0,-0.1765,1.0,3.0,-0.6667,3.0,0.0,0.1457,11.0,10.0,1.0,1.0,0.0,124.0,36.0,0.6898,0.0,0,1,1,0,0,120.0,944.6,115.0,22.35,0.0395,0.7465,0.7271,0.2276,0.4452
C-11421,2026-01-29,59.0,49.0,588.0,19.0,27.0,-0.2963,4.0,6.0,-0.3333,0.0,0.0,0.4578,3.0,2.0,0.25,5.0,1.0,148.0,15.0,0.188,0.0,0,1,0,0,0,120.0,273.52,40.0,8.0,0.1542,0.6621,0.4256,0.1015,0.19
C-11422,2026-03-30,36.0,149.0,1788.0,26.0,23.0,0.1304,7.0,9.0,-0.2222,2.0,1.0,0.0376,5.0,5.0,0.5,7.0,0.0,88.0,35.0,0.207,0.0,0,1,1,0,1,120.0,878.48,90.0,22.35,0.1067,0.7459,0.515,0.2114,0.4403
C-11423,2026-02-23,41.0,99.0,1188.0,6.0,3.0,1.0,5.0,11.0,-0.5455,1.0,0.0,0.3842,8.0,5.0,0.65,29.0,1.0,5.0,17.0,0.6249,1.0,0,0,0,0,1,120.0,435.87,65.0,14.85,0.3329,0.5899,0.5399,0.1247,0.4061
C-11424,2025-02-10,16.0,149.0,1788.0,18.0,11.0,0.6364,6.0,3.0,1.0,0.0,0.0,-0.6904,2.0,2.0,0.2,6.0,0.0,159.0,14.0,0.4055,1.0,0,1,1,0,0,120.0,860.91,40.0,22.35,0.1246,0.4894,0.475,0.2073,0.1795
C-11425,2025-11-14,49.0,249.0,2988.0,5.0,11.0,-0.5455,4.0,6.0,-0.3333,1.0,1.0,1.5943,7.0,7.0,0.7,6.0,0.0,104.0,14.0,0.2658,0.0,1,0,0,0,0,360.0,1358.78,65.0,37.35,0.1732,0.6971,0.5987,0.3474,0.3729
C-11426,2024-02-09,40.0,49.0,588.0,0.0,1.0,-1.0,3.0,6.0,-0.5,0.0,0.0,-1.5,10.0,9.0,0.95,17.0,1.0,11.0,38.0,0.5104,1.0,0,0,1,0,0,120.0,136.84,40.0,8.0,0.5769,0.6663,0.7068,0.085,0.2611
C-11427,2026-03-25,54.0,399.0,4788.0,8.0,5.0,0.6,2.0,5.0,-0.6,0.0,0.0,0.4623,9.0,9.0,0.9,35.0,1.0,34.0,19.0,0.3123,0.0,0,1,1,1,0,360.0,2110.38,40.0,59.85,0.1986,0.7131,0.5349,0.6091,0.3894
C-11428,2024-07-14,17.0,99.0,1188.0,21.0,21.0,0.0,6.0,7.0,-0.1429,2.0,0.0,0.2934,0.0,0.0,0.0,19.0,0.0,41.0,19.0,0.2325,0.0,0,0,0,0,0,120.0,502.15,90.0,14.85,0.2315,0.5186,0.2729,0.1354,0.4182
C-11429,2026-04-27,47.0,799.0,9588.0,0.0,10.0,-1.0,14.0,11.0,0.2727,0.0,0.0,0.5144,4.0,3.0,0.35,12.0,0.0,70.0,26.0,0.2269,1.0,0,1,1,1,0,360.0,3257.63,40.0,80.0,0.3823,0.864,0.505,0.8892,0.1493
C-11430,2024-01-15,29.0,399.0,4788.0,6.0,4.0,0.5,10.0,5.0,1.0,1.0,0.0,-0.5667,0.0,0.0,0.0,12.0,1.0,82.0,22.0,0.4643,1.0,0,1,0,1,0,360.0,2044.66,65.0,59.85,0.2236,0.7555,0.3682,0.5865,0.2423
C-11431,2026-03-27,12.0,99.0,1188.0,0.0,8.0,-1.0,0.0,1.0,-1.0,1.0,0.0,0.9354,7.0,6.0,0.65,36.0,0.0,79.0,22.0,0.4412,0.0,0,0,0,0,0,120.0,194.96,65.0,14.85,0.7016,0.3428,0.4305,0.0917,0.52
C-11432,2025-04-09,11.0,249.0,2988.0,2.0,8.0,-0.75,10.0,11.0,-0.0909,1.0,0.0,-0.0864,3.0,3.0,0.3,19.0,0.0,156.0,15.0,0.7033,0.0,1,0,0,1,0,360.0,834.02,65.0,37.35,0.4925,0.6044,0.3775,0.201,0.2829
C-11433,2025-03-28,34.0,49.0,588.0,13.0,5.0,1.6,8.0,11.0,-0.2727,1.0,1.0,-0.949,10.0,8.0,0.9,16.0,0.0,170.0,7.0,0.342,1.0,0,0,1,0,0,120.0,286.52,65.0,8.0,0.1141,0.5678,0.6942,0.1032,0.3965
C-11434,2025-08-19,20.0,49.0,588.0,14.0,3.0,3.6667,6.0,4.0,0.5,0.0,0.0,-0.8758,2.0,1.0,0.15,34.0,0.0,123.0,39.0,0.3386,1.0,0,1,0,0,0,120.0,216.45,40.0,8.0,0.3307,0.6648,0.323,0.0943,0.3363
C-11435,2025-02-12,7.0,799.0,9588.0,14.0,21.0,-0.3333,6.0,6.0,0.0,0.0,0.0,0.0998,10.0,10.0,1.0,16.0,0.0,115.0,20.0,0.6879,1.0,0,1,1,1,0,360.0,4299.54,40.0,80.0,0.1847,0.5812,0.7271,0.9726,0.2279
C-11436,2026-04-18,26.0,399.0,4788.0,21.0,23.0,-0.087,8.0,10.0,-0.2,0.0,0.0,-1.2772,4.0,1.0,0.25,16.0,1.0,156.0,38.0,0.5971,0.0,0,1,1,1,0,360.0,1970.03,40.0,59.85,0.2519,0.798,0.3729,0.5604,0.2108
C-11437,2024-04-02,39.0,49.0,588.0,14.0,14.0,0.0,6.0,6.0,0.0,0.0,0.0,1.4404,11.0,9.0,1.0,33.0,0.0,51.0,18.0,0.429,0.0,0,1,1,0,0,120.0,277.53,40.0,8.0,0.1419,0.6293,0.5842,0.102,0.3296
C-11438,2025-08-01,20.0,99.0,1188.0,28.0,17.0,0.6471,4.0,6.0,-0.3333,1.0,1.0,0.8391,2.0,1.0,0.15,14.0,0.0,102.0,24.0,0.0878,0.0,0,1,1,0,0,120.0,508.45,65.0,14.85,0.2218,0.5322,0.3452,0.1365,0.4305
C-11439,2024-07-09,57.0,99.0,1188.0,22.0,25.0,-0.12,14.0,11.0,0.2727,1.0,1.0,1.4615,3.0,1.0,0.2,22.0,0.0,117.0,22.0,0.2376,0.0,0,1,0,0,0,120.0,511.14,65.0,14.85,0.2177,0.8336,0.3274,0.1369,0.3682
C-11440,2024-02-02,47.0,149.0,1788.0,20.0,23.0,-0.1304,11.0,10.0,0.1,4.0,1.0,1.3771,4.0,2.0,0.3,29.0,1.0,54.0,38.0,0.1892,0.0,0,0,0,0,1,120.0,597.04,140.0,22.35,0.3929,0.8269,0.3318,0.1521,0.735
C-11441,2025-07-29,31.0,99.0,1188.0,10.0,1.0,9.0,7.0,6.0,0.1667,2.0,1.0,-0.2815,11.0,11.0,1.0,9.0,0.0,171.0,5.0,0.4073,0.0,0,1,1,0,0,120.0,599.55,90.0,14.85,0.0824,0.5222,0.6942,0.1525,0.4551
C-11442,2025-08-20,56.0,99.0,1188.0,24.0,26.0,-0.0769,0.0,2.0,-1.0,0.0,0.0,-0.6955,8.0,5.0,0.65,5.0,1.0,46.0,21.0,0.2983,1.0,0,0,1,0,0,120.0,599.63,40.0,14.85,0.0823,0.6245,0.6548,0.1525,0.2227
C-11443,2024-04-22,27.0,249.0,2988.0,6.0,2.0,2.0,4.0,5.0,-0.2,1.0,0.0,-1.5,9.0,8.0,0.85,38.0,0.0,15.0,6.0,0.7206,0.0,0,0,0,0,0,360.0,1101.74,65.0,37.35,0.3296,0.5188,0.5,0.2694,0.485
C-11444,2025-10-03,10.0,99.0,1188.0,0.0,1.0,-1.0,13.0,8.0,0.625,0.0,0.0,-0.325,6.0,6.0,0.6,13.0,0.0,61.0,34.0,0.0857,0.0,1,1,0,0,1,120.0,343.84,40.0,14.85,0.4738,0.6949,0.525,0.111,0.1598
C-11445,2026-04-11,4.0,799.0,9588.0,10.0,11.0,-0.0909,6.0,3.0,1.0,1.0,1.0,1.4125,9.0,7.0,0.8,15.0,1.0,147.0,21.0,0.1677,0.0,1,0,0,1,0,360.0,3793.55,65.0,80.0,0.2806,0.5621,0.5939,0.9452,0.4134
C-11446,2025-09-05,56.0,399.0,4788.0,11.0,21.0,-0.4762,1.0,6.0,-0.8333,3.0,2.0,-0.6623,7.0,4.0,0.55,26.0,0.0,70.0,36.0,0.4489,0.0,0,1,0,0,1,360.0,1581.55,115.0,59.85,0.3994,0.7825,0.4403,0.4226,0.822
C-11447,2024-07-19,57.0,399.0,4788.0,0.0,3.0,-1.0,7.0,8.0,-0.125,2.0,1.0,-0.1679,8.0,6.0,0.7,4.0,1.0,42.0,11.0,0.5043,1.0,0,1,1,1,0,360.0,1642.28,90.0,59.85,0.3764,0.7392,0.677,0.4439,0.4182
C-11448,2024-03-15,44.0,99.0,1188.0,13.0,8.0,0.625,0.0,1.0,-1.0,0.0,0.0,-0.4437,10.0,9.0,0.95,2.0,0.0,157.0,7.0,0.05,0.0,0,0,1,0,1,120.0,628.42,40.0,14.85,0.0382,0.4678,0.7068,0.1579,0.2075
C-11449,2024-03-18,7.0,399.0,4788.0,8.0,8.0,0.0,11.0,7.0,0.5714,2.0,1.0,0.3,11.0,10.0,1.0,18.0,0.0,31.0,25.0,0.0529,0.0,1,0,0,1,1,360.0,2207.35,90.0,59.85,0.1618,0.7087,0.6548,0.6415,0.4725
C-11450,2025-06-29,19.0,799.0,9588.0,9.0,11.0,-0.1818,9.0,9.0,0.0,2.0,1.0,1.0289,6.0,4.0,0.5,43.0,0.0,32.0,6.0,0.3473,0.0,1,1,0,0,0,360.0,2534.88,90.0,80.0,0.5193,0.5549,0.3407,0.7407,0.677
C-11451,2024-07-26,4.0,99.0,1188.0,23.0,27.0,-0.1481,1.0,3.0,-0.6667,0.0,0.0,-1.2314,5.0,5.0,0.5,25.0,1.0,162.0,15.0,0.6712,1.0,0,0,0,0,1,120.0,401.83,40.0,14.85,0.385,0.3138,0.5,0.1195,0.3318
C-11452,2024-11-23,4.0,399.0,4788.0,8.0,9.0,-0.1111,7.0,7.0,0.0,1.0,0.0,-1.0782,7.0,4.0,0.55,26.0,0.0,61.0,13.0,0.7776,0.0,0,1,0,0,0,360.0,1917.38,65.0,59.85,0.2719,0.5235,0.4403,0.5418,0.3612
C-11453,2024-02-13,16.0,149.0,1788.0,8.0,6.0,0.3333,1.0,8.0,-0.875,0.0,0.0,1.1893,8.0,7.0,0.75,27.0,0.0,5.0,9.0,0.3171,0.0,0,0,0,0,0,120.0,709.14,40.0,22.35,0.2789,0.3386,0.515,0.1739,0.3452
C-11454,2025-01-23,35.0,399.0,4788.0,10.0,4.0,1.5,0.0,1.0,-1.0,2.0,0.0,0.5865,11.0,11.0,1.0,38.0,0.0,80.0,6.0,0.3659,0.0,0,0,1,1,0,360.0,2158.86,90.0,59.85,0.1802,0.4975,0.5597,0.6254,0.6318
C-11455,2024-05-26,5.0,149.0,1788.0,0.0,6.0,-1.0,8.0,8.0,0.0,1.0,1.0,-0.2075,8.0,8.0,0.8,37.0,1.0,134.0,26.0,0.2326,1.0,1,1,1,0,0,120.0,155.79,65.0,22.35,0.8416,0.4748,0.5597,0.0872,0.5523
C-11456,2025-01-12,59.0,399.0,4788.0,0.0,4.0,-1.0,5.0,3.0,0.6667,3.0,1.0,1.3657,11.0,9.0,1.0,1.0,1.0,137.0,30.0,0.5266,0.0,0,0,1,1,1,360.0,1893.68,115.0,59.85,0.2809,0.8234,0.7271,0.5334,0.52
C-11457,2025-06-02,28.0,49.0,588.0,17.0,16.0,0.0625,0.0,5.0,-1.0,2.0,0.0,-1.092,8.0,8.0,0.8,24.0,1.0,20.0,16.0,0.7057,0.0,0,1,0,0,0,120.0,227.24,90.0,8.0,0.2973,0.4234,0.5498,0.0956,0.53
C-11458,2026-04-27,17.0,149.0,1788.0,11.0,12.0,-0.0833,7.0,8.0,-0.125,2.0,1.0,0.745,11.0,8.0,0.95,24.0,0.0,54.0,11.0,0.6512,0.0,0,0,1,0,0,120.0,777.71,90.0,22.35,0.2092,0.4814,0.6083,0.1884,0.5671
C-11459,2024-09-12,31.0,99.0,1188.0,16.0,14.0,0.1429,3.0,1.0,2.0,0.0,0.0,-0.0546,9.0,6.0,0.75,10.0,0.0,113.0,7.0,0.3942,0.0,0,1,0,0,1,120.0,603.37,40.0,14.85,0.0766,0.458,0.5987,0.1532,0.2227
C-11460,2024-10-10,47.0,99.0,1188.0,25.0,23.0,0.087,0.0,1.0,-1.0,1.0,0.0,0.4852,10.0,10.0,1.0,43.0,1.0,120.0,27.0,0.2323,1.0,0,0,0,0,1,120.0,480.23,65.0,14.85,0.265,0.6029,0.6083,0.1318,0.572
C-11461,2025-12-07,20.0,99.0,1188.0,14.0,16.0,-0.125,5.0,5.0,0.0,2.0,1.0,-1.5,2.0,2.0,0.2,11.0,1.0,113.0,32.0,0.4016,0.0,1,1,0,0,0,120.0,445.2,90.0,14.85,0.3186,0.5989,0.3775,0.1262,0.495
C-11462,2026-04-20,4.0,149.0,1788.0,2.0,5.0,-0.6,11.0,11.0,0.0,0.0,0.0,-0.2086,11.0,8.0,0.95,37.0,1.0,64.0,22.0,0.6762,1.0,1,1,0,0,0,120.0,375.91,40.0,22.35,0.6177,0.5278,0.6177,0.1156,0.3015
C-11463,2024-12-22,4.0,49.0,588.0,10.0,11.0,-0.0909,5.0,1.0,4.0,1.0,0.0,0.5894,4.0,4.0,0.4,4.0,1.0,155.0,17.0,0.3199,0.0,0,0,1,0,1,120.0,260.77,65.0,8.0,0.1937,0.4239,0.49,0.0998,0.2442
C-11464,2024-10-31,51.0,399.0,4788.0,16.0,9.0,0.7778,8.0,9.0,-0.1111,1.0,0.0,-0.0507,9.0,8.0,0.85,27.0,1.0,18.0,26.0,0.05,1.0,0,1,1,1,0,360.0,1983.11,65.0,59.85,0.2469,0.82,0.6271,0.565,0.3566
C-11465,2025-09-21,8.0,249.0,2988.0,19.0,23.0,-0.1739,0.0,1.0,-1.0,1.0,1.0,1.0042,4.0,1.0,0.25,33.0,0.0,148.0,36.0,0.328,1.0,1,0,1,0,0,360.0,820.45,65.0,37.35,0.5008,0.5473,0.3635,0.1979,0.6201
C-11466,2025-10-24,38.0,399.0,4788.0,9.0,9.0,0.0,8.0,6.0,0.3333,0.0,0.0,0.9774,5.0,5.0,0.5,22.0,0.0,169.0,39.0,0.3442,1.0,0,1,1,1,0,360.0,2269.36,40.0,59.85,0.1382,0.8456,0.515,0.6616,0.2423
C-11467,2025-09-16,24.0,399.0,4788.0,5.0,4.0,0.25,1.0,5.0,-0.8,2.0,0.0,-0.7669,8.0,6.0,0.7,4.0,1.0,124.0,8.0,0.05,1.0,0,1,1,1,0,360.0,2361.11,90.0,59.85,0.1034,0.4871,0.677,0.6903,0.3705
C-11468,2025-07-18,47.0,49.0,588.0,29.0,20.0,0.45,5.0,6.0,-0.1667,1.0,1.0,0.6592,6.0,5.0,0.55,5.0,0.0,80.0,19.0,0.4464,1.0,0,1,1,0,0,120.0,297.11,65.0,8.0,0.0813,0.6614,0.6177,0.1046,0.3543
C-11469,2024-04-29,5.0,49.0,588.0,10.0,12.0,-0.1667,0.0,1.0,-1.0,3.0,1.0,-0.7941,8.0,7.0,0.75,27.0,0.0,71.0,35.0,0.5012,0.0,1,0,0,0,0,120.0,215.01,115.0,8.0,0.3351,0.4458,0.515,0.0941,0.7521
C-11470,2024-08-19,54.0,149.0,1788.0,9.0,3.0,2.0,8.0,9.0,-0.1111,0.0,0.0,0.0432,0.0,0.0,0.0,38.0,0.0,81.0,25.0,0.772,1.0,0,1,1,0,0,120.0,699.15,40.0,22.35,0.2891,0.755,0.2573,0.1718,0.3407
C-11471,2024-02-19,42.0,149.0,1788.0,26.0,19.0,0.3684,6.0,4.0,0.5,3.0,2.0,0.5249,10.0,8.0,0.9,26.0,0.0,34.0,32.0,0.1335,1.0,0,0,1,0,0,120.0,784.14,115.0,22.35,0.2026,0.7268,0.6502,0.1898,0.7824
C-11472,2024-12-09,28.0,99.0,1188.0,6.0,6.0,0.0,10.0,9.0,0.1111,2.0,0.0,-0.6682,4.0,3.0,0.35,4.0,1.0,43.0,39.0,0.5461,1.0,0,1,0,0,1,120.0,568.76,90.0,14.85,0.1295,0.7799,0.5449,0.1469,0.2729
C-11473,2026-01-12,14.0,399.0,4788.0,23.0,24.0,-0.0417,6.0,8.0,-0.25,2.0,1.0,0.6295,9.0,6.0,0.75,35.0,1.0,116.0,5.0,0.5934,1.0,1,1,0,0,0,360.0,1470.7,90.0,59.85,0.4415,0.4723,0.5498,0.3845,0.657
C-11474,2024-07-16,58.0,249.0,2988.0,21.0,23.0,-0.087,7.0,7.0,0.0,1.0,0.0,-0.4043,3.0,1.0,0.2,20.0,0.0,101.0,24.0,0.5039,1.0,0,1,1,1,0,360.0,1408.97,65.0,37.35,0.1426,0.8276,0.4061,0.3639,0.3208
C-11475,2025-09-10,19.0,399.0,4788.0,8.0,10.0,-0.2,7.0,4.0,0.75,1.0,0.0,-0.4646,7.0,7.0,0.7,3.0,0.0,91.0,21.0,0.1986,0.0,0,1,1,0,0,360.0,2375.41,65.0,59.85,0.098,0.6728,0.613,0.6947,0.221
C-11476,2025-01-06,30.0,49.0,588.0,21.0,16.0,0.3125,5.0,8.0,-0.375,0.0,0.0,0.5653,7.0,6.0,0.65,16.0,0.0,88.0,12.0,0.187,0.0,0,0,1,0,0,120.0,288.59,40.0,8.0,0.1076,0.5265,0.53,0.1035,0.2369
C-11477,2024-06-03,24.0,399.0,4788.0,17.0,16.0,0.0625,11.0,11.0,0.0,0.0,0.0,-0.6688,1.0,1.0,0.1,9.0,1.0,18.0,26.0,0.4194,1.0,0,1,0,0,0,360.0,1842.11,40.0,59.85,0.3005,0.7667,0.4207,0.515,0.1571
C-11478,2024-07-15,15.0,99.0,1188.0,19.0,18.0,0.0556,10.0,11.0,-0.0909,0.0,0.0,-0.7095,5.0,3.0,0.4,44.0,0.0,156.0,5.0,0.418,0.0,0,0,0,0,0,120.0,391.97,40.0,14.85,0.4001,0.4626,0.3015,0.118,0.3589
C-11479,2025-08-22,26.0,149.0,1788.0,0.0,2.0,-1.0,10.0,11.0,-0.0909,0.0,0.0,0.8329,7.0,4.0,0.55,40.0,0.0,172.0,20.0,0.2881,1.0,1,1,0,0,1,120.0,281.23,40.0,22.35,0.714,0.5898,0.4452,0.1025,0.3318
C-11480,2025-11-28,10.0,149.0,1788.0,3.0,9.0,-0.6667,0.0,3.0,-1.0,1.0,0.0,0.0868,10.0,10.0,1.0,4.0,0.0,47.0,17.0,0.6583,0.0,1,0,1,0,0,120.0,799.56,65.0,22.35,0.1869,0.3581,0.715,0.1932,0.2932
C-11481,2024-10-17,2.0,399.0,4788.0,18.0,5.0,2.6,10.0,7.0,0.4286,0.0,0.0,-1.1633,10.0,7.0,0.85,25.0,0.0,60.0,16.0,0.3198,0.0,0,0,1,0,0,360.0,2141.11,40.0,59.85,0.1869,0.605,0.5646,0.6195,0.2405
C-11482,2026-03-20,18.0,99.0,1188.0,18.0,19.0,-0.0526,3.0,5.0,-0.4,0.0,0.0,0.6845,4.0,1.0,0.25,0.0,0.0,115.0,24.0,0.05,1.0,0,0,0,0,0,120.0,588.24,40.0,14.85,0.0997,0.5175,0.525,0.1504,0.1751
C-11483,2024-02-20,8.0,99.0,1188.0,0.0,2.0,-1.0,13.0,11.0,0.1818,1.0,0.0,-0.3253,7.0,4.0,0.55,20.0,0.0,5.0,37.0,0.3552,1.0,0,1,1,0,1,120.0,197.71,65.0,14.85,0.6974,0.6816,0.5449,0.092,0.2592
C-11484,2025-05-21,26.0,149.0,1788.0,23.0,14.0,0.6429,9.0,11.0,-0.1818,3.0,1.0,-1.1224,2.0,0.0,0.1,7.0,0.0,22.0,37.0,0.4961,0.0,1,1,0,0,1,120.0,731.3,115.0,22.35,0.2564,0.7353,0.3589,0.1785,0.515
C-11485,2024-07-20,52.0,149.0,1788.0,22.0,20.0,0.1,8.0,10.0,-0.2,2.0,0.0,-1.5,10.0,9.0,0.95,33.0,0.0,162.0,28.0,0.4684,1.0,0,0,0,0,1,120.0,860.91,90.0,22.35,0.1246,0.7786,0.6365,0.2073,0.4975
C-11486,2026-02-25,11.0,99.0,1188.0,29.0,26.0,0.1154,5.0,2.0,1.5,2.0,1.0,0.7227,10.0,10.0,1.0,3.0,0.0,35.0,13.0,0.4668,1.0,0,0,1,0,0,120.0,598.05,90.0,14.85,0.0847,0.4422,0.7756,0.1522,0.4354
C-11487,2025-10-28,2.0,99.0,1188.0,7.0,8.0,-0.125,6.0,4.0,0.5,1.0,1.0,-0.6879,11.0,8.0,0.95,40.0,0.0,105.0,38.0,0.6988,0.0,0,1,0,0,1,120.0,376.94,65.0,14.85,0.4231,0.5618,0.53,0.1158,0.5987
C-11488,2024-02-21,8.0,99.0,1188.0,0.0,1.0,-1.0,8.0,8.0,0.0,0.0,0.0,-0.9951,5.0,4.0,0.45,10.0,0.0,159.0,39.0,0.177,0.0,0,0,1,0,1,120.0,338.95,40.0,14.85,0.4813,0.6293,0.48,0.1103,0.1824
C-11489,2024-12-10,31.0,149.0,1788.0,19.0,20.0,-0.05,10.0,9.0,0.1111,1.0,0.0,0.5115,4.0,3.0,0.35,11.0,0.0,133.0,34.0,0.3153,1.0,0,1,1,0,0,120.0,865.66,65.0,22.35,0.1197,0.765,0.51,0.2084,0.2369
C-11490,2025-10-19,17.0,149.0,1788.0,0.0,1.0,-1.0,3.0,4.0,-0.25,0.0,0.0,0.6446,9.0,7.0,0.8,39.0,0.0,52.0,35.0,0.709,0.0,1,0,0,1,1,120.0,309.1,40.0,22.35,0.6857,0.5218,0.475,0.1062,0.4061
C-11491,2025-04-25,30.0,149.0,1788.0,1.0,2.0,-0.5,1.0,2.0,-0.5,0.0,0.0,-0.6297,8.0,6.0,0.7,40.0,1.0,31.0,32.0,0.05,1.0,0,1,1,0,1,120.0,425.72,40.0,22.35,0.5671,0.539,0.505,0.1231,0.4378
C-11492,2025-03-07,3.0,399.0,4788.0,29.0,27.0,0.0741,0.0,2.0,-1.0,2.0,0.0,0.7301,2.0,0.0,0.1,4.0,0.0,130.0,30.0,0.3893,1.0,0,0,0,1,0,360.0,2245.19,90.0,59.85,0.1474,0.5216,0.4452,0.6538,0.3823
C-11493,2024-04-30,21.0,99.0,1188.0,35.0,24.0,0.4583,10.0,8.0,0.25,2.0,0.0,1.6439,6.0,3.0,0.45,4.0,0.0,75.0,29.0,0.6458,0.0,0,1,0,0,0,120.0,595.99,90.0,14.85,0.0879,0.6997,0.51,0.1519,0.2729
C-11494,2025-05-18,25.0,799.0,9588.0,21.0,20.0,0.05,3.0,5.0,-0.4,1.0,0.0,1.0773,7.0,4.0,0.55,38.0,0.0,174.0,25.0,0.6428,0.0,0,1,0,1,1,360.0,3813.31,65.0,80.0,0.2769,0.6345,0.3823,0.9467,0.4975
C-11495,2024-03-22,27.0,399.0,4788.0,9.0,23.0,-0.6087,9.0,6.0,0.5,2.0,1.0,0.9528,5.0,5.0,0.5,43.0,0.0,117.0,26.0,0.532,0.0,1,1,0,0,1,360.0,858.88,90.0,59.85,0.6739,0.7116,0.3407,0.2068,0.677
C-11496,2024-10-08,33.0,99.0,1188.0,2.0,3.0,-0.3333,8.0,9.0,-0.1111,2.0,2.0,0.2513,4.0,4.0,0.4,21.0,0.0,6.0,16.0,0.5371,0.0,0,0,0,0,0,120.0,303.87,90.0,14.85,0.5349,0.5775,0.4061,0.1055,0.6525
C-11497,2024-07-30,47.0,99.0,1188.0,19.0,3.0,5.3333,1.0,1.0,0.0,3.0,1.0,-0.355,2.0,2.0,0.2,7.0,0.0,48.0,35.0,0.1918,0.0,0,1,0,0,0,120.0,576.87,115.0,14.85,0.1171,0.6924,0.3965,0.1484,0.613
C-11498,2025-08-02,29.0,99.0,1188.0,14.0,9.0,0.5556,10.0,9.0,0.1111,0.0,0.0,-0.0447,4.0,2.0,0.3,6.0,0.0,135.0,25.0,0.6746,0.0,0,1,0,0,0,120.0,590.25,40.0,14.85,0.0967,0.7072,0.4403,0.1508,0.1519
C-11499,2025-02-20,50.0,99.0,1188.0,0.0,1.0,-1.0,4.0,4.0,0.0,3.0,1.0,0.3526,2.0,0.0,0.1,11.0,1.0,127.0,24.0,0.16,1.0,0,0,0,0,1,120.0,253.63,115.0,14.85,0.6118,0.6304,0.411,0.0989,0.6059
C-11500,2025-01-10,32.0,149.0,1788.0,28.0,24.0,0.1667,10.0,11.0,-0.0909,0.0,0.0,-1.006,3.0,0.0,0.15,30.0,0.0,134.0,29.0,0.1719,1.0,0,1,0,0,0,120.0,731.3,40.0,22.35,0.2564,0.7275,0.3407,0.1785,0.2689
C-11501,2026-01-17,17.0,49.0,588.0,0.0,2.0,-1.0,10.0,11.0,-0.0909,0.0,0.0,-0.6155,2.0,0.0,0.1,4.0,1.0,45.0,3.0,0.4776,0.0,0,0,1,1,0,120.0,138.81,40.0,8.0,0.5708,0.4365,0.3729,0.0852,0.1443
C-11502,2024-12-09,15.0,49.0,588.0,7.0,15.0,-0.5333,8.0,6.0,0.3333,1.0,0.0,-1.1422,4.0,1.0,0.25,28.0,0.0,48.0,36.0,0.3014,1.0,0,1,1,0,0,120.0,164.13,65.0,8.0,0.4925,0.6396,0.387,0.0881,0.3635
C-11503,2025-11-04,20.0,149.0,1788.0,22.0,24.0,-0.0833,2.0,4.0,-0.5,2.0,2.0,0.1881,7.0,7.0,0.7,36.0,0.0,41.0,23.0,0.4413,0.0,1,1,1,0,0,120.0,555.26,90.0,22.35,0.4354,0.4582,0.4502,0.1445,0.799
C-11504,2026-02-22,36.0,399.0,4788.0,21.0,20.0,0.05,2.0,3.0,-0.3333,1.0,0.0,0.0664,4.0,2.0,0.3,6.0,1.0,126.0,37.0,0.4862,1.0,0,1,1,1,1,360.0,2287.78,65.0,59.85,0.1312,0.7548,0.515,0.6675,0.285
C-11505,2024-05-21,16.0,99.0,1188.0,0.0,7.0,-1.0,2.0,2.0,0.0,0.0,0.0,-0.5222,1.0,0.0,0.05,44.0,0.0,7.0,5.0,0.7556,1.0,1,0,0,0,1,120.0,62.58,40.0,14.85,0.9042,0.2646,0.2497,0.0771,0.4551
C-11506,2025-10-18,55.0,799.0,9588.0,6.0,13.0,-0.5385,13.0,11.0,0.1818,1.0,0.0,0.6564,9.0,6.0,0.75,44.0,0.0,147.0,10.0,0.4867,0.0,0,0,1,1,1,360.0,3094.45,65.0,80.0,0.4132,0.8074,0.4305,0.864,0.4182
C-11507,2024-03-04,29.0,149.0,1788.0,15.0,15.0,0.0,2.0,3.0,-0.3333,0.0,0.0,-0.8357,5.0,4.0,0.45,13.0,0.0,54.0,38.0,0.2763,0.0,1,1,1,0,0,120.0,871.74,40.0,22.35,0.1135,0.651,0.4651,0.2098,0.2479
C-11508,2025-07-19,52.0,799.0,9588.0,19.0,21.0,-0.0952,9.0,5.0,0.8,0.0,0.0,-0.5519,7.0,4.0,0.55,5.0,0.0,90.0,28.0,0.5353,1.0,0,1,0,1,0,360.0,4934.59,40.0,80.0,0.0642,0.8542,0.6177,0.9888,0.1545
C-11509,2024-07-17,41.0,99.0,1188.0,14.0,12.0,0.1667,5.0,6.0,-0.1667,0.0,0.0,0.6244,6.0,5.0,0.55,14.0,0.0,48.0,26.0,0.2336,0.0,0,1,0,0,0,120.0,592.77,40.0,14.85,0.0928,0.68,0.5,0.1513,0.2262
C-11510,2024-08-13,21.0,249.0,2988.0,1.0,8.0,-0.875,7.0,8.0,-0.125,2.0,0.0,0.7431,6.0,6.0,0.6,11.0,0.0,79.0,16.0,0.5826,0.0,0,1,1,0,0,360.0,1055.42,90.0,37.35,0.3578,0.618,0.5349,0.2566,0.3498
C-11511,2026-01-21,15.0,399.0,4788.0,26.0,22.0,0.1818,9.0,10.0,-0.1,1.0,0.0,-0.6366,5.0,4.0,0.45,12.0,0.0,138.0,22.0,0.4129,0.0,0,1,0,1,1,360.0,2287.78,65.0,59.85,0.1312,0.693,0.47,0.6675,0.2516
C-11512,2024-06-13,45.0,49.0,588.0,17.0,24.0,-0.2917,3.0,7.0,-0.5714,1.0,1.0,0.1856,9.0,8.0,0.85,41.0,0.0,39.0,22.0,0.4801,1.0,1,1,0,1,0,120.0,202.82,65.0,8.0,0.3729,0.6019,0.5597,0.0927,0.6411
C-11513,2025-03-30,21.0,799.0,9588.0,24.0,14.0,0.7143,6.0,9.0,-0.3333,1.0,0.0,-0.623,10.0,7.0,0.85,6.0,0.0,104.0,8.0,0.05,1.0,0,0,1,1,1,360.0,4912.18,65.0,80.0,0.0685,0.5758,0.7191,0.9884,0.246
C-11514,2025-11-19,16.0,149.0,1788.0,0.0,1.0,-1.0,5.0,7.0,-0.2857,1.0,0.0,-0.1579,10.0,10.0,1.0,14.0,0.0,15.0,23.0,0.05,1.0,0,0,0,1,0,120.0,481.87,65.0,22.35,0.51,0.4888,0.735,0.132,0.3036
C-11515,2025-12-12,55.0,149.0,1788.0,7.0,14.0,-0.5,7.0,5.0,0.4,1.0,0.0,0.1151,5.0,5.0,0.5,35.0,1.0,36.0,21.0,0.0997,1.0,0,1,1,0,0,120.0,528.51,65.0,22.35,0.4626,0.7024,0.4502,0.1399,0.4256
C-11516,2024-06-29,29.0,249.0,2988.0,28.0,25.0,0.12,1.0,2.0,-0.5,1.0,1.0,0.4483,4.0,2.0,0.3,2.0,0.0,124.0,13.0,0.7492,1.0,0,1,0,1,0,360.0,1458.44,65.0,37.35,0.1125,0.5483,0.5349,0.3804,0.3799
C-11517,2024-11-21,4.0,249.0,2988.0,37.0,27.0,0.3704,1.0,3.0,-0.6667,2.0,1.0,0.254,0.0,0.0,0.0,2.0,0.0,104.0,14.0,0.1704,0.0,0,0,0,1,1,360.0,1323.49,90.0,37.35,0.1947,0.4213,0.3452,0.3361,0.4775
C-11518,2025-05-10,30.0,49.0,588.0,13.0,11.0,0.1818,8.0,5.0,0.6,0.0,0.0,0.2185,5.0,3.0,0.4,13.0,2.0,112.0,30.0,0.5465,0.0,1,0,1,0,0,120.0,244.14,40.0,8.0,0.2451,0.6937,0.4452,0.0977,0.1962
C-11519,2025-06-04,28.0,799.0,9588.0,8.0,5.0,0.6,4.0,1.0,3.0,1.0,1.0,-0.8628,11.0,11.0,1.0,43.0,1.0,44.0,27.0,0.2716,1.0,0,0,0,1,0,360.0,3138.09,65.0,80.0,0.4049,0.6654,0.6083,0.8712,0.6434
C-11520,2024-05-24,52.0,249.0,2988.0,16.0,16.0,0.0,7.0,4.0,0.75,1.0,1.0,0.3106,3.0,2.0,0.25,37.0,0.0,41.0,19.0,0.352,1.0,0,1,1,1,1,360.0,1130.38,65.0,37.35,0.3122,0.771,0.3452,0.2776,0.5646
C-11521,2025-06-08,43.0,799.0,9588.0,17.0,23.0,-0.2609,3.0,6.0,-0.5,1.0,1.0,0.4409,10.0,7.0,0.85,41.0,0.0,79.0,24.0,0.3911,1.0,0,0,0,1,0,360.0,3338.46,65.0,80.0,0.3669,0.6977,0.5597,0.9001,0.6411
C-11522,2024-01-02,13.0,149.0,1788.0,23.0,26.0,-0.1154,4.0,6.0,-0.3333,0.0,0.0,0.5511,9.0,9.0,0.9,38.0,0.0,27.0,10.0,0.7288,0.0,0,1,0,1,1,120.0,573.85,40.0,22.35,0.4165,0.3709,0.52,0.1478,0.387
C-11523,2025-07-06,10.0,249.0,2988.0,0.0,2.0,-1.0,13.0,9.0,0.4444,1.0,0.0,-0.5756,7.0,4.0,0.55,5.0,1.0,160.0,20.0,0.5169,1.0,0,0,0,1,0,360.0,809.38,65.0,37.35,0.5075,0.687,0.6177,0.1954,0.1824
C-11524,2025-10-10,37.0,149.0,1788.0,0.0,8.0,-1.0,11.0,11.0,0.0,0.0,0.0,0.7325,6.0,6.0,0.6,18.0,0.0,51.0,22.0,0.477,1.0,0,1,1,0,0,120.0,561.3,40.0,22.35,0.4292,0.7038,0.5744,0.1456,0.1962
C-11525,2025-02-18,4.0,799.0,9588.0,15.0,13.0,0.1538,8.0,9.0,-0.1111,3.0,0.0,-1.0538,9.0,9.0,0.9,23.0,0.0,130.0,10.0,0.6593,0.0,0,1,0,1,0,360.0,4413.06,115.0,80.0,0.1631,0.5346,0.5939,0.9766,0.5225
C-11526,2024-08-04,20.0,399.0,4788.0,0.0,3.0,-1.0,2.0,1.0,1.0,2.0,0.0,-0.3447,1.0,0.0,0.05,7.0,0.0,32.0,7.0,0.2734,1.0,0,1,1,0,1,360.0,1336.45,90.0,59.85,0.4925,0.4314,0.411,0.3402,0.3799
C-11527,2024-07-30,10.0,799.0,9588.0,26.0,24.0,0.0833,7.0,5.0,0.4,0.0,0.0,-0.2204,1.0,0.0,0.05,44.0,0.0,118.0,21.0,0.6137,0.0,1,1,0,1,0,360.0,2656.47,40.0,80.0,0.4963,0.5846,0.1978,0.7727,0.3941
C-11528,2025-08-31,3.0,249.0,2988.0,0.0,4.0,-1.0,7.0,9.0,-0.2222,3.0,1.0,-1.0099,2.0,0.0,0.1,27.0,0.0,40.0,37.0,0.5803,0.0,1,1,0,0,0,360.0,317.34,115.0,37.35,0.8069,0.6287,0.2729,0.1074,0.6814
C-11529,2025-01-12,55.0,399.0,4788.0,20.0,18.0,0.1111,7.0,7.0,0.0,3.0,1.0,-0.2326,9.0,8.0,0.85,38.0,1.0,54.0,19.0,0.578,1.0,0,1,0,0,1,360.0,1861.35,115.0,59.85,0.2932,0.783,0.5744,0.5219,0.7484
C-11530,2026-03-30,7.0,149.0,1788.0,22.0,25.0,-0.12,8.0,6.0,0.3333,0.0,0.0,0.1772,5.0,3.0,0.4,11.0,0.0,77.0,36.0,0.369,1.0,0,1,0,1,0,120.0,811.79,40.0,22.35,0.1745,0.6394,0.53,0.196,0.1869
C-11531,2026-05-09,2.0,149.0,1788.0,27.0,19.0,0.4211,2.0,5.0,-0.6,2.0,0.0,-1.4606,2.0,1.0,0.15,32.0,0.0,26.0,34.0,0.3125,0.0,1,1,0,0,1,120.0,485.55,90.0,22.35,0.5062,0.442,0.2689,0.1326,0.5646
C-11532,2025-01-17,56.0,399.0,4788.0,23.0,21.0,0.0952,5.0,5.0,0.0,3.0,0.0,-0.3158,0.0,0.0,0.0,4.0,1.0,26.0,30.0,0.226,1.0,0,1,0,1,1,360.0,2137.09,115.0,59.85,0.1885,0.8214,0.4061,0.6181,0.4182
C-11533,2024-08-28,12.0,49.0,588.0,15.0,8.0,0.875,4.0,7.0,-0.4286,1.0,1.0,-1.3987,5.0,2.0,0.35,1.0,0.0,136.0,35.0,0.2386,0.0,0,1,1,1,0,120.0,281.32,65.0,8.0,0.1301,0.5854,0.485,0.1025,0.3385
C-11534,2025-12-17,49.0,399.0,4788.0,18.0,23.0,-0.2174,0.0,2.0,-1.0,2.0,0.0,1.6332,4.0,2.0,0.3,28.0,0.0,65.0,17.0,0.2166,0.0,0,0,1,0,0,360.0,2001.87,90.0,59.85,0.2398,0.6388,0.3363,0.5716,0.5597
C-11535,2025-10-01,3.0,49.0,588.0,12.0,12.0,0.0,4.0,6.0,-0.3333,1.0,0.0,0.17,2.0,0.0,0.1,3.0,0.0,104.0,30.0,0.4734,0.0,0,0,0,0,0,120.0,277.53,65.0,8.0,0.1419,0.5023,0.3775,0.102,0.2479
C-11536,2024-05-25,10.0,249.0,2988.0,0.0,2.0,-1.0,4.0,3.0,0.3333,1.0,0.0,0.1007,0.0,0.0,0.0,12.0,1.0,118.0,6.0,0.3543,0.0,0,0,0,0,0,360.0,495.54,65.0,37.35,0.6985,0.3895,0.3015,0.1343,0.3015
C-11537,2026-04-13,8.0,149.0,1788.0,8.0,10.0,-0.2,7.0,8.0,-0.125,0.0,0.0,0.1857,9.0,8.0,0.85,35.0,0.0,113.0,13.0,0.4863,1.0,1,0,0,0,1,120.0,667.9,40.0,22.35,0.3208,0.4377,0.589,0.1656,0.3318
C-11538,2024-06-25,42.0,149.0,1788.0,8.0,10.0,-0.2,8.0,10.0,-0.2,1.0,1.0,0.4836,9.0,6.0,0.75,22.0,1.0,114.0,23.0,0.4976,0.0,1,1,0,0,0,120.0,710.13,65.0,22.35,0.2779,0.6966,0.5399,0.1741,0.4403
C-11539,2025-05-14,37.0,149.0,1788.0,11.0,15.0,-0.2667,6.0,6.0,0.0,2.0,0.0,0.7825,2.0,0.0,0.1,16.0,0.0,175.0,2.0,0.188,1.0,0,0,0,0,0,120.0,763.54,90.0,22.35,0.2236,0.4921,0.387,0.1853,0.3965
C-11540,2024-06-13,29.0,149.0,1788.0,1.0,8.0,-0.875,2.0,5.0,-0.6,0.0,0.0,-1.2508,5.0,2.0,0.35,13.0,0.0,115.0,30.0,0.182,1.0,0,1,0,0,0,120.0,586.38,40.0,22.35,0.4037,0.5593,0.5,0.1501,0.2479
C-11541,2025-03-07,16.0,149.0,1788.0,5.0,13.0,-0.6154,12.0,11.0,0.0909,2.0,0.0,1.0481,3.0,2.0,0.25,30.0,0.0,65.0,37.0,0.3543,1.0,0,0,1,0,0,120.0,444.47,90.0,22.35,0.548,0.7142,0.3775,0.126,0.4256
C-11542,2025-07-04,7.0,149.0,1788.0,0.0,12.0,-1.0,10.0,8.0,0.25,2.0,0.0,0.9967,4.0,2.0,0.3,42.0,0.0,54.0,5.0,0.245,1.0,1,0,1,0,1,120.0,177.21,90.0,22.35,0.8198,0.3729,0.3407,0.0896,0.5399
C-11543,2024-04-16,35.0,249.0,2988.0,3.0,9.0,-0.6667,4.0,5.0,-0.2,2.0,1.0,-0.0531,1.0,1.0,0.1,33.0,0.0,145.0,39.0,0.2239,1.0,1,0,0,1,0,360.0,574.83,90.0,37.35,0.6502,0.7436,0.31,0.148,0.666
C-11544,2024-08-16,15.0,399.0,4788.0,23.0,19.0,0.2105,0.0,1.0,-1.0,1.0,0.0,-0.095,11.0,11.0,1.0,16.0,0.0,78.0,4.0,0.7391,1.0,0,0,0,0,1,360.0,2371.9,65.0,59.85,0.0993,0.3942,0.7271,0.6936,0.3729
C-11545,2025-10-26,36.0,249.0,2988.0,0.0,9.0,-1.0,1.0,1.0,0.0,0.0,0.0,-1.5,8.0,8.0,0.8,18.0,0.0,102.0,5.0,0.0933,1.0,0,1,1,0,0,360.0,1003.52,40.0,37.35,0.3894,0.4888,0.6502,0.2427,0.287
C-11546,2026-04-23,41.0,249.0,2988.0,13.0,21.0,-0.381,0.0,3.0,-1.0,0.0,0.0,-0.9952,10.0,8.0,0.9,4.0,0.0,147.0,30.0,0.8046,0.0,0,1,1,0,0,360.0,1501.52,40.0,37.35,0.0863,0.7062,0.6814,0.395,0.2176
C-11547,2026-03-14,51.0,799.0,9588.0,18.0,7.0,1.5714,4.0,3.0,0.3333,3.0,0.0,0.4151,3.0,2.0,0.25,6.0,1.0,46.0,27.0,0.4578,0.0,1,1,1,1,1,360.0,4682.53,115.0,80.0,0.112,0.7848,0.4207,0.984,0.4452
C-11548,2025-10-25,30.0,799.0,9588.0,20.0,24.0,-0.1667,14.0,8.0,0.75,2.0,2.0,0.9605,10.0,9.0,0.95,12.0,0.0,43.0,37.0,0.5972,1.0,0,0,1,1,1,360.0,4361.47,90.0,80.0,0.1729,0.8747,0.7271,0.9749,0.515
C-11549,2026-05-14,2.0,49.0,588.0,12.0,10.0,0.2,5.0,6.0,-0.1667,0.0,0.0,0.5831,6.0,4.0,0.5,17.0,0.0,14.0,17.0,0.5737,0.0,0,1,0,0,0,120.0,234.18,40.0,8.0,0.2759,0.4042,0.4651,0.0965,0.2423
C-11550,2024-05-25,18.0,399.0,4788.0,6.0,2.0,2.0,10.0,11.0,-0.0909,1.0,1.0,-0.0606,2.0,1.0,0.15,44.0,0.0,17.0,23.0,0.5234,1.0,0,1,1,0,1,360.0,888.45,65.0,59.85,0.6626,0.6723,0.2809,0.2138,0.5793
C-11551,2024-06-26,51.0,99.0,1188.0,9.0,5.0,0.8,7.0,6.0,0.1667,2.0,0.0,1.5407,3.0,3.0,0.3,39.0,0.0,112.0,6.0,0.7324,1.0,0,0,0,0,0,120.0,487.76,90.0,14.85,0.2535,0.6066,0.3543,0.133,0.5548
C-11552,2024-12-23,32.0,99.0,1188.0,13.0,22.0,-0.4091,14.0,10.0,0.4,3.0,0.0,0.8041,9.0,7.0,0.8,5.0,1.0,93.0,27.0,0.1835,0.0,0,1,1,0,1,120.0,542.6,115.0,14.85,0.1696,0.7833,0.6411,0.1423,0.3208
C-11553,2026-03-22,37.0,399.0,4788.0,23.0,24.0,-0.0417,9.0,7.0,0.2857,2.0,0.0,-0.3151,9.0,7.0,0.8,14.0,1.0,57.0,39.0,0.3687,0.0,0,0,1,1,0,360.0,2296.69,90.0,59.85,0.1279,0.854,0.5987,0.6703,0.3475
C-11554,2025-12-05,28.0,49.0,588.0,0.0,6.0,-1.0,0.0,4.0,-1.0,1.0,1.0,1.7457,8.0,8.0,0.8,2.0,0.0,42.0,24.0,0.2294,1.0,0,1,1,0,0,120.0,216.09,65.0,8.0,0.3318,0.4785,0.7191,0.0943,0.3917
C-11555,2024-11-22,11.0,799.0,9588.0,32.0,17.0,0.8824,9.0,8.0,0.125,1.0,0.0,-0.8769,2.0,1.0,0.15,2.0,1.0,126.0,37.0,0.0608,1.0,0,1,1,1,0,360.0,4357.69,65.0,80.0,0.1736,0.7619,0.475,0.9748,0.1994
C-11556,2024-01-15,54.0,399.0,4788.0,6.0,16.0,-0.625,11.0,5.0,1.2,0.0,0.0,-1.1775,7.0,7.0,0.7,16.0,0.0,19.0,16.0,0.2678,0.0,0,1,1,1,0,360.0,1842.11,40.0,59.85,0.3005,0.816,0.5498,0.515,0.1869
C-11557,2025-06-30,46.0,799.0,9588.0,0.0,4.0,-1.0,5.0,4.0,0.25,1.0,1.0,-0.3369,11.0,9.0,1.0,43.0,1.0,127.0,39.0,0.7745,1.0,0,1,1,0,1,360.0,1273.02,65.0,80.0,0.7586,0.7876,0.6083,0.3202,0.6318
C-11558,2024-09-29,59.0,399.0,4788.0,7.0,13.0,-0.4615,3.0,6.0,-0.5,0.0,0.0,-0.6069,0.0,0.0,0.0,8.0,1.0,163.0,21.0,0.3653,1.0,0,0,0,0,1,360.0,1947.84,40.0,59.85,0.2603,0.754,0.387,0.5526,0.2125
C-11559,2024-07-16,51.0,799.0,9588.0,10.0,19.0,-0.4737,8.0,8.0,0.0,1.0,1.0,-0.2919,3.0,3.0,0.3,30.0,0.0,84.0,6.0,0.7967,1.0,0,1,1,1,0,360.0,3006.51,65.0,80.0,0.4299,0.6953,0.3965,0.8486,0.5
C-11560,2024-07-07,18.0,49.0,588.0,35.0,27.0,0.2963,1.0,5.0,-0.8,0.0,0.0,0.6385,0.0,0.0,0.0,17.0,0.0,91.0,15.0,0.8172,1.0,0,0,1,0,0,120.0,254.41,40.0,8.0,0.2133,0.3973,0.3452,0.099,0.2809
C-11561,2024-08-07,16.0,799.0,9588.0,38.0,23.0,0.6522,11.0,8.0,0.375,2.0,1.0,-0.0272,1.0,0.0,0.05,24.0,1.0,98.0,20.0,0.999,0.0,1,0,0,1,0,360.0,2906.02,90.0,80.0,0.4489,0.6847,0.2689,0.8292,0.5175
C-11562,2024-10-08,16.0,49.0,588.0,0.0,3.0,-1.0,8.0,11.0,-0.2727,2.0,0.0,-0.0066,11.0,8.0,0.95,39.0,0.0,21.0,3.0,0.7811,1.0,1,0,0,1,0,120.0,74.29,90.0,8.0,0.7703,0.3693,0.6083,0.0783,0.5424
C-11563,2025-06-29,55.0,99.0,1188.0,0.0,7.0,-1.0,5.0,5.0,0.0,0.0,0.0,0.0471,2.0,2.0,0.2,37.0,0.0,114.0,35.0,0.8716,1.0,0,1,1,0,0,120.0,222.64,40.0,14.85,0.6593,0.735,0.3274,0.0951,0.3682
C-11564,2024-05-24,34.0,49.0,588.0,0.0,12.0,-1.0,1.0,4.0,-0.75,2.0,2.0,-1.5,2.0,0.0,0.1,37.0,0.0,68.0,10.0,0.465,1.0,1,1,0,0,1,120.0,47.27,90.0,8.0,0.8538,0.3619,0.2932,0.0756,0.8115
C-11565,2025-03-03,28.0,149.0,1788.0,4.0,5.0,-0.2,3.0,5.0,-0.4,0.0,0.0,-1.2122,0.0,0.0,0.0,18.0,0.0,87.0,27.0,0.4457,1.0,0,1,0,0,0,120.0,728.48,40.0,22.35,0.2592,0.5696,0.3407,0.1779,0.267
C-11566,2026-03-23,58.0,399.0,4788.0,14.0,16.0,-0.125,13.0,10.0,0.3,0.0,0.0,-0.3082,11.0,10.0,1.0,2.0,0.0,9.0,36.0,0.459,0.0,0,1,1,1,0,360.0,2468.34,40.0,59.85,0.0627,0.9205,0.7231,0.7221,0.1203
C-11567,2026-04-30,36.0,99.0,1188.0,0.0,1.0,-1.0,2.0,2.0,0.0,0.0,0.0,-0.6743,5.0,5.0,0.5,44.0,0.0,158.0,17.0,0.4,0.0,0,1,1,0,0,120.0,177.01,40.0,14.85,0.7291,0.4565,0.3363,0.0896,0.4551
C-11568,2026-01-01,54.0,399.0,4788.0,5.0,4.0,0.25,9.0,11.0,-0.1818,4.0,2.0,-0.1854,9.0,8.0,0.85,44.0,0.0,63.0,24.0,0.4299,0.0,0,1,0,1,1,360.0,1756.68,140.0,59.85,0.3329,0.8254,0.47,0.4845,0.888
C-11569,2024-08-21,59.0,249.0,2988.0,4.0,2.0,1.0,2.0,5.0,-0.6,1.0,1.0,1.1233,3.0,2.0,0.25,38.0,0.0,18.0,21.0,0.5504,0.0,1,1,0,0,1,360.0,944.04,65.0,37.35,0.4256,0.7226,0.2769,0.2274,0.6318
C-11570,2024-05-09,6.0,249.0,2988.0,10.0,8.0,0.25,5.0,10.0,-0.5,1.0,0.0,-0.0596,7.0,5.0,0.6,21.0,0.0,141.0,30.0,0.3068,1.0,0,1,0,1,0,360.0,1339.91,65.0,37.35,0.1847,0.6289,0.5597,0.3414,0.3498
C-11571,2026-02-13,22.0,799.0,9588.0,19.0,21.0,-0.0952,5.0,9.0,-0.4444,1.0,1.0,-1.0577,10.0,7.0,0.85,12.0,0.0,176.0,2.0,0.1245,0.0,0,0,0,1,0,360.0,4546.66,65.0,80.0,0.1378,0.5078,0.6271,0.9806,0.4037
C-11572,2024-12-22,44.0,149.0,1788.0,0.0,5.0,-1.0,9.0,9.0,0.0,0.0,0.0,-0.6345,8.0,6.0,0.7,7.0,0.0,95.0,15.0,0.4727,1.0,0,1,1,0,0,120.0,714.06,40.0,22.35,0.2739,0.6711,0.6637,0.1749,0.1625
C-11573,2025-02-10,49.0,149.0,1788.0,31.0,27.0,0.1481,12.0,10.0,0.2,1.0,1.0,1.3685,6.0,6.0,0.6,16.0,0.0,10.0,24.0,0.2614,1.0,0,1,1,0,0,120.0,797.31,65.0,22.35,0.1892,0.7966,0.5842,0.1927,0.3498
C-11574,2025-01-10,10.0,799.0,9588.0,8.0,8.0,0.0,1.0,3.0,-0.6667,1.0,1.0,1.226,2.0,1.0,0.15,15.0,0.0,178.0,4.0,0.2821,0.0,1,0,0,1,1,360.0,3916.5,65.0,80.0,0.2573,0.3708,0.3407,0.9536,0.475
C-11575,2024-04-28,20.0,249.0,2988.0,7.0,2.0,2.5,10.0,7.0,0.4286,1.0,0.0,0.4767,2.0,0.0,0.1,12.0,0.0,41.0,34.0,0.3714,0.0,0,1,1,1,0,360.0,1378.63,65.0,37.35,0.1611,0.7924,0.3363,0.3539,0.2423
C-11576,2025-09-28,33.0,249.0,2988.0,15.0,10.0,0.5,0.0,2.0,-1.0,2.0,1.0,-1.25,7.0,5.0,0.6,42.0,0.0,47.0,25.0,0.3256,1.0,1,1,1,0,1,360.0,1059.19,90.0,37.35,0.3555,0.6064,0.4551,0.2576,0.7613
C-11577,2024-07-29,48.0,99.0,1188.0,12.0,21.0,-0.4286,3.0,4.0,-0.25,0.0,0.0,0.2454,5.0,3.0,0.4,29.0,0.0,128.0,1.0,0.622,0.0,0,1,0,0,0,120.0,451.33,40.0,14.85,0.3093,0.4689,0.3682,0.1271,0.3363
C-11578,2024-07-24,8.0,99.0,1188.0,0.0,3.0,-1.0,0.0,1.0,-1.0,1.0,0.0,0.307,0.0,0.0,0.0,10.0,0.0,63.0,1.0,0.3667,0.0,0,0,1,1,1,120.0,273.28,65.0,14.85,0.5818,0.214,0.31,0.1015,0.3318
C-11579,2025-10-28,36.0,99.0,1188.0,0.0,2.0,-1.0,10.0,8.0,0.25,2.0,1.0,0.0204,2.0,0.0,0.1,28.0,1.0,19.0,7.0,0.6321,0.0,1,0,0,0,1,120.0,79.27,90.0,14.85,0.8787,0.5226,0.2689,0.0788,0.5597
C-11580,2025-09-20,19.0,99.0,1188.0,17.0,23.0,-0.2609,12.0,7.0,0.7143,1.0,1.0,-0.456,5.0,2.0,0.35,31.0,0.0,124.0,26.0,0.4412,1.0,1,1,1,0,1,120.0,356.9,65.0,14.85,0.4538,0.6667,0.411,0.1129,0.4576
C-11581,2025-12-30,14.0,99.0,1188.0,21.0,16.0,0.3125,4.0,9.0,-0.5556,1.0,0.0,-0.2901,2.0,0.0,0.1,23.0,1.0,50.0,21.0,0.3823,1.0,0,1,0,0,1,120.0,424.11,65.0,14.85,0.3509,0.4637,0.3543,0.1229,0.3752
C-11582,2025-09-14,31.0,399.0,4788.0,12.0,10.0,0.2,1.0,2.0,-0.5,0.0,0.0,-0.5118,6.0,4.0,0.5,42.0,0.0,155.0,19.0,0.4316,0.0,0,1,0,0,0,360.0,1830.99,40.0,59.85,0.3047,0.5788,0.3452,0.5111,0.4526
C-11583,2024-02-04,26.0,49.0,588.0,28.0,21.0,0.3333,7.0,4.0,0.75,1.0,0.0,-0.9161,3.0,2.0,0.25,43.0,0.0,31.0,22.0,0.1417,1.0,0,0,0,0,1,120.0,199.78,65.0,8.0,0.3823,0.5863,0.3186,0.0923,0.485
C-11584,2025-01-02,38.0,249.0,2988.0,25.0,23.0,0.087,4.0,8.0,-0.5,2.0,0.0,1.0928,3.0,2.0,0.25,19.0,0.0,163.0,20.0,0.4676,1.0,0,0,0,0,1,360.0,1398.02,90.0,37.35,0.1493,0.6911,0.4305,0.3603,0.4428
C-11585,2024-12-27,20.0,799.0,9588.0,11.0,10.0,0.1,11.0,10.0,0.1,1.0,0.0,0.7059,1.0,0.0,0.05,21.0,0.0,131.0,14.0,0.5698,1.0,0,1,1,1,1,360.0,4052.74,65.0,80.0,0.2315,0.6866,0.3452,0.9615,0.285
C-11586,2024-10-10,49.0,399.0,4788.0,23.0,16.0,0.4375,13.0,10.0,0.3,0.0,0.0,-0.2279,6.0,3.0,0.45,9.0,0.0,46.0,1.0,0.5982,0.0,0,1,1,1,0,360.0,2440.0,40.0,59.85,0.0734,0.7709,0.485,0.7139,0.1443
C-11587,2025-03-11,6.0,149.0,1788.0,4.0,1.0,3.0,1.0,1.0,0.0,2.0,1.0,0.2817,2.0,0.0,0.1,35.0,1.0,106.0,2.0,0.1296,0.0,0,0,0,0,1,120.0,395.83,90.0,22.35,0.5975,0.2247,0.2423,0.1186,0.7109
C-11588,2025-03-14,51.0,49.0,588.0,9.0,9.0,0.0,6.0,5.0,0.2,0.0,0.0,0.3118,7.0,5.0,0.6,41.0,1.0,169.0,27.0,0.0962,0.0,0,1,1,0,1,120.0,223.83,40.0,8.0,0.3079,0.7223,0.387,0.0952,0.3846
C-11589,2025-06-26,3.0,799.0,9588.0,26.0,17.0,0.5294,5.0,1.0,4.0,1.0,0.0,1.8743,11.0,8.0,0.95,29.0,0.0,16.0,30.0,0.2926,1.0,0,0,1,1,0,360.0,3688.83,65.0,80.0,0.3005,0.601,0.6548,0.9369,0.4061
C-11590,2026-04-26,44.0,49.0,588.0,7.0,6.0,0.1667,14.0,10.0,0.4,3.0,1.0,0.6981,10.0,10.0,1.0,9.0,1.0,148.0,10.0,0.6769,0.0,0,1,1,0,1,120.0,289.81,115.0,8.0,0.1039,0.7404,0.6942,0.1036,0.4675
C-11591,2025-07-27,22.0,399.0,4788.0,25.0,27.0,-0.0741,1.0,2.0,-0.5,1.0,1.0,0.6678,8.0,7.0,0.75,23.0,0.0,85.0,10.0,0.4442,0.0,0,1,1,1,1,360.0,2063.49,65.0,59.85,0.2164,0.478,0.5349,0.593,0.5349
C-11592,2026-04-02,24.0,399.0,4788.0,22.0,27.0,-0.1852,8.0,10.0,-0.2,4.0,1.0,0.0304,9.0,9.0,0.9,35.0,0.0,171.0,16.0,0.2451,0.0,0,0,0,0,1,360.0,1766.4,140.0,59.85,0.3292,0.6537,0.5349,0.488,0.7941
C-11593,2026-01-02,3.0,99.0,1188.0,11.0,7.0,0.5714,0.0,2.0,-1.0,1.0,0.0,-0.3475,11.0,9.0,1.0,1.0,1.0,41.0,26.0,0.1094,1.0,0,0,1,1,1,120.0,591.1,65.0,14.85,0.0953,0.3995,0.7824,0.151,0.2749
C-11594,2025-10-09,42.0,399.0,4788.0,18.0,11.0,0.6364,3.0,1.0,2.0,2.0,0.0,1.1062,8.0,5.0,0.65,26.0,0.0,130.0,24.0,0.2632,1.0,0,1,0,0,0,360.0,2274.04,90.0,59.85,0.1365,0.7174,0.5548,0.6631,0.5075
C-11595,2024-08-29,11.0,99.0,1188.0,6.0,6.0,0.0,6.0,10.0,-0.4,1.0,0.0,0.5218,3.0,3.0,0.3,29.0,0.0,174.0,22.0,0.2497,0.0,0,1,1,0,1,120.0,468.54,65.0,14.85,0.2829,0.5046,0.3318,0.1299,0.3941
C-11596,2025-05-24,40.0,99.0,1188.0,22.0,14.0,0.5714,4.0,5.0,-0.2,1.0,0.0,-0.6636,6.0,6.0,0.6,24.0,0.0,65.0,2.0,0.5871,0.0,0,0,0,1,1,120.0,565.39,65.0,14.85,0.1347,0.4782,0.47,0.1463,0.3823
C-11597,2024-04-08,44.0,399.0,4788.0,0.0,4.0,-1.0,5.0,5.0,0.0,2.0,1.0,0.3631,10.0,9.0,0.95,28.0,0.0,23.0,17.0,0.6025,1.0,1,1,1,0,0,360.0,906.2,90.0,59.85,0.6559,0.6597,0.6593,0.2181,0.6201
C-11598,2026-03-25,51.0,799.0,9588.0,11.0,11.0,0.0,6.0,8.0,-0.25,0.0,0.0,0.6699,8.0,5.0,0.65,40.0,0.0,73.0,30.0,0.19,0.0,1,1,1,0,1,360.0,4187.76,40.0,80.0,0.2059,0.8171,0.411,0.968,0.3775
C-11599,2024-06-13,43.0,99.0,1188.0,15.0,15.0,0.0,4.0,4.0,0.0,1.0,0.0,-1.5,4.0,4.0,0.4,5.0,0.0,109.0,24.0,0.5506,1.0,0,1,1,1,0,120.0,607.38,65.0,14.85,0.0704,0.6603,0.5597,0.154,0.2592
C-92831,2026-05-20,14.0,249.0,2988.0,3.0,11.0,-0.7273,2.0,7.0,-0.7143,4.0,2.0,1.4,1.0,0.0,0.05,18.0,1.0,23.0,6.0,0.85,0.0,1,0,0,0,1,360.0,377.98,140.0,37.35,0.77,0.22,0.18,0.28,0.64
C-UPSELL-71,2026-05-18,14.0,249.0,2988.0,18.0,16.0,0.125,9.0,7.0,0.2857,0.0,0.0,1.4,1.0,0.0,0.05,2.0,0.0,80.0,6.0,0.85,0.0,0,1,0,0,1,1200.0,377.98,140.0,37.35,0.11,0.71,0.18,0.28,0.64
C-CAMP-A,2026-05-19,14.0,249.0,2988.0,3.0,11.0,-0.7273,2.0,7.0,-0.7143,4.0,2.0,1.4,9.0,5.0,0.82,4.0,1.0,23.0,6.0,0.85,0.0,0,0,1,0,1,360.0,377.98,140.0,22.0,0.77,0.22,0.41,0.28,0.64
C-CAMP-B,2026-05-19,14.0,249.0,2988.0,3.0,11.0,-0.7273,2.0,7.0,-0.7143,4.0,2.0,1.4,1.0,0.0,0.12,20.0,1.0,23.0,2.0,0.85,0.0,0,0,1,0,1,360.0,377.98,140.0,18.0,0.77,0.22,0.29,0.28,0.64
C-CAMP-C,2026-05-19,14.0,249.0,2988.0,3.0,11.0,-0.7273,2.0,7.0,-0.7143,4.0,2.0,1.4,8.0,3.0,0.71,3.0,1.0,23.0,6.0,0.85,0.0,0,0,1,0,1,360.0,377.98,140.0,8.0,0.77,0.22,0.6,0.28,0.64
C-VALUE-A,2026-05-17,14.0,399.0,4788.0,20.0,11.0,-0.7273,10.0,7.0,-0.7143,4.0,2.0,1.4,1.0,0.0,0.05,18.0,1.0,23.0,6.0,0.85,0.0,0,0,0,1,1,360.0,1743.0,140.0,37.35,0.17,0.22,0.18,0.84,0.64
C-SUPPORT-30,2026-05-16,14.0,249.0,2988.0,3.0,11.0,-0.7273,2.0,7.0,-0.7143,5.0,3.0,1.4,1.0,0.0,0.05,18.0,1.0,23.0,6.0,0.85,0.0,1,0,0,0,1,360.0,377.98,165.0,37.35,0.77,0.22,0.18,0.28,0.72
