external_id,created_at,company_size,industry,country,job_title,lead_source,website_visits,pricing_page_visits,demo_request,email_opens,email_clicks,sales_calls,days_since_contact,number_of_employees,previous_interactions,campaign_engagement,deal_amount,historical_call,converted,true_p0_converted
L-20000,2025-08-16,200.0,3.0,1.0,3.0,0.0,6.0,1.0,0.0,2.0,1.0,1.0,26.0,200.0,11.0,0.4725,4000.0,0.0,1,0.2341
L-20001,2026-04-24,200.0,2.0,0.0,3.0,1.0,1.0,1.0,1.0,10.0,9.0,2.0,14.0,200.0,0.0,0.289,28000.0,1.0,1,0.772
L-20002,2026-05-17,80.0,4.0,3.0,0.0,3.0,19.0,1.0,0.0,13.0,11.0,0.0,6.0,80.0,7.0,0.0517,15000.0,1.0,0,0.7305
L-20003,2024-08-16,8.0,0.0,5.0,4.0,4.0,14.0,0.0,0.0,2.0,0.0,0.0,15.0,8.0,3.0,0.1223,8000.0,0.0,0,0.2059
L-20004,2025-01-02,200.0,2.0,6.0,0.0,2.0,21.0,2.0,1.0,11.0,8.0,5.0,8.0,200.0,1.0,0.5276,60000.0,1.0,1,0.9851
L-20005,2024-12-15,8.0,3.0,4.0,4.0,0.0,5.0,3.0,0.0,10.0,6.0,0.0,0.0,8.0,10.0,0.2103,8000.0,1.0,0,0.5572
L-20006,2025-11-04,25.0,0.0,7.0,1.0,3.0,22.0,4.0,0.0,12.0,12.0,2.0,20.0,25.0,7.0,0.5807,15000.0,1.0,1,0.9492
L-20007,2025-03-07,2000.0,0.0,2.0,4.0,3.0,25.0,2.0,0.0,1.0,0.0,3.0,24.0,2000.0,5.0,0.3492,28000.0,1.0,1,0.7479
L-20008,2025-10-16,80.0,3.0,2.0,1.0,4.0,2.0,0.0,0.0,11.0,11.0,2.0,9.0,80.0,1.0,0.5606,28000.0,0.0,0,0.5387
L-20009,2025-06-27,200.0,3.0,6.0,2.0,4.0,26.0,0.0,1.0,8.0,6.0,4.0,39.0,200.0,1.0,0.4817,28000.0,1.0,1,0.9193
L-20010,2025-01-08,2000.0,2.0,0.0,4.0,4.0,12.0,0.0,0.0,5.0,1.0,1.0,19.0,2000.0,1.0,0.3408,28000.0,0.0,0,0.2911
L-20011,2024-11-17,25.0,3.0,6.0,4.0,3.0,2.0,3.0,0.0,13.0,10.0,0.0,22.0,25.0,9.0,0.287,4000.0,1.0,0,0.4782
L-20012,2026-01-20,2000.0,1.0,3.0,0.0,3.0,15.0,7.0,0.0,9.0,9.0,4.0,9.0,2000.0,2.0,0.1509,8000.0,1.0,1,0.9744
L-20013,2025-05-27,600.0,2.0,7.0,3.0,0.0,14.0,7.0,0.0,11.0,9.0,1.0,28.0,600.0,7.0,0.3296,8000.0,1.0,1,0.9138
L-20014,2025-07-28,80.0,4.0,4.0,3.0,3.0,28.0,0.0,0.0,4.0,2.0,2.0,26.0,80.0,3.0,0.1906,8000.0,0.0,0,0.5774
L-20015,2025-07-07,25.0,4.0,1.0,3.0,3.0,17.0,3.0,0.0,3.0,0.0,3.0,15.0,25.0,11.0,0.0663,28000.0,1.0,1,0.6624
L-20016,2025-02-24,25.0,4.0,6.0,1.0,0.0,6.0,0.0,0.0,3.0,1.0,4.0,30.0,25.0,11.0,0.2422,15000.0,0.0,0,0.2355
L-20017,2025-05-18,80.0,5.0,7.0,1.0,4.0,4.0,2.0,0.0,1.0,0.0,3.0,24.0,80.0,0.0,0.3342,4000.0,0.0,0,0.3299
L-20018,2024-06-16,200.0,5.0,2.0,3.0,4.0,24.0,3.0,0.0,1.0,0.0,0.0,17.0,200.0,7.0,0.6451,28000.0,1.0,0,0.7331
L-20019,2025-08-27,80.0,4.0,3.0,0.0,1.0,1.0,6.0,0.0,13.0,13.0,4.0,15.0,80.0,2.0,0.5098,8000.0,1.0,1,0.9364
L-20020,2025-08-10,8.0,5.0,1.0,3.0,1.0,13.0,2.0,0.0,12.0,8.0,3.0,35.0,8.0,0.0,0.5792,8000.0,1.0,1,0.6882
L-20021,2026-01-01,2000.0,0.0,2.0,2.0,2.0,11.0,2.0,1.0,12.0,9.0,5.0,20.0,2000.0,9.0,0.4771,15000.0,1.0,1,0.9602
L-20022,2024-08-11,80.0,1.0,7.0,4.0,4.0,6.0,1.0,1.0,1.0,0.0,2.0,10.0,80.0,10.0,0.5423,28000.0,1.0,1,0.7024
L-20023,2026-02-07,2000.0,0.0,1.0,0.0,0.0,19.0,2.0,0.0,8.0,7.0,2.0,0.0,2000.0,1.0,0.3681,60000.0,1.0,1,0.8738
L-20024,2024-06-18,25.0,3.0,4.0,3.0,0.0,1.0,3.0,0.0,7.0,7.0,1.0,22.0,25.0,11.0,0.4693,28000.0,0.0,1,0.4717
L-20025,2026-03-18,25.0,1.0,0.0,3.0,1.0,2.0,3.0,0.0,0.0,0.0,3.0,13.0,25.0,1.0,0.2687,15000.0,0.0,0,0.4295
L-20026,2026-02-10,600.0,2.0,3.0,3.0,4.0,11.0,4.0,0.0,12.0,12.0,2.0,36.0,600.0,6.0,0.7162,4000.0,1.0,1,0.8568
L-20027,2024-11-19,25.0,2.0,6.0,0.0,1.0,12.0,7.0,1.0,7.0,5.0,2.0,8.0,25.0,10.0,0.6196,28000.0,1.0,1,0.9842
L-20028,2025-05-01,2000.0,1.0,0.0,2.0,3.0,14.0,7.0,0.0,0.0,0.0,5.0,30.0,2000.0,6.0,0.2497,4000.0,0.0,1,0.8992
L-20029,2025-07-23,80.0,4.0,7.0,1.0,4.0,0.0,1.0,1.0,10.0,10.0,1.0,33.0,80.0,8.0,0.5992,60000.0,1.0,1,0.6659
L-20030,2025-07-03,80.0,4.0,7.0,1.0,3.0,20.0,1.0,0.0,4.0,4.0,5.0,3.0,80.0,10.0,0.3022,8000.0,1.0,1,0.8585
L-20031,2025-02-12,8.0,5.0,3.0,1.0,1.0,17.0,1.0,0.0,8.0,8.0,2.0,12.0,8.0,9.0,0.4359,60000.0,1.0,1,0.7451
L-20032,2026-04-28,80.0,1.0,7.0,0.0,4.0,29.0,1.0,0.0,9.0,9.0,0.0,4.0,80.0,2.0,0.3419,4000.0,1.0,1,0.8674
L-20033,2025-02-25,25.0,3.0,7.0,3.0,0.0,2.0,7.0,0.0,9.0,9.0,5.0,0.0,25.0,3.0,0.2532,28000.0,1.0,1,0.9557
L-20034,2026-02-05,200.0,4.0,6.0,2.0,1.0,7.0,2.0,0.0,10.0,9.0,1.0,21.0,200.0,6.0,0.4822,60000.0,1.0,1,0.5899
L-20035,2026-05-22,2000.0,5.0,5.0,3.0,0.0,22.0,1.0,0.0,6.0,5.0,3.0,15.0,2000.0,10.0,0.485,15000.0,1.0,1,0.816
L-20036,2025-01-27,8.0,1.0,4.0,4.0,0.0,23.0,0.0,0.0,7.0,3.0,4.0,36.0,8.0,3.0,0.4758,60000.0,0.0,1,0.6031
L-20037,2025-05-26,2000.0,4.0,5.0,2.0,2.0,21.0,0.0,0.0,5.0,2.0,1.0,1.0,2000.0,2.0,0.8459,8000.0,0.0,1,0.72
L-20038,2026-03-09,80.0,4.0,1.0,4.0,2.0,23.0,2.0,0.0,12.0,12.0,3.0,1.0,80.0,8.0,0.3385,4000.0,1.0,1,0.95
L-20039,2026-01-05,200.0,2.0,3.0,1.0,1.0,11.0,4.0,0.0,10.0,7.0,4.0,23.0,200.0,1.0,0.742,60000.0,0.0,1,0.8877
L-20040,2024-12-03,80.0,4.0,0.0,2.0,3.0,28.0,3.0,0.0,5.0,3.0,3.0,32.0,80.0,2.0,0.2025,8000.0,1.0,1,0.8268
L-20041,2024-06-02,80.0,0.0,6.0,1.0,2.0,14.0,2.0,0.0,7.0,3.0,5.0,25.0,80.0,1.0,0.1461,60000.0,1.0,1,0.6796
L-20042,2025-11-01,600.0,2.0,6.0,2.0,3.0,26.0,7.0,0.0,10.0,6.0,0.0,37.0,600.0,10.0,0.2117,4000.0,0.0,0,0.9118
L-20043,2025-03-02,2000.0,5.0,1.0,3.0,1.0,23.0,4.0,0.0,7.0,5.0,5.0,7.0,2000.0,2.0,0.0176,28000.0,1.0,1,0.9497
L-20044,2025-03-04,2000.0,5.0,0.0,0.0,4.0,15.0,6.0,0.0,8.0,7.0,0.0,13.0,2000.0,3.0,0.1339,28000.0,1.0,1,0.8714
L-20045,2025-06-05,200.0,4.0,5.0,2.0,4.0,13.0,7.0,0.0,3.0,0.0,4.0,23.0,200.0,5.0,0.5081,8000.0,1.0,1,0.9026
L-20046,2025-02-25,600.0,4.0,4.0,0.0,3.0,2.0,6.0,0.0,13.0,9.0,0.0,38.0,600.0,6.0,0.2983,15000.0,1.0,1,0.6162
L-20047,2024-11-11,2000.0,1.0,0.0,1.0,3.0,9.0,0.0,0.0,13.0,13.0,0.0,5.0,2000.0,4.0,0.2078,15000.0,1.0,0,0.5891
L-20048,2025-06-15,2000.0,2.0,6.0,3.0,3.0,6.0,3.0,0.0,10.0,9.0,5.0,14.0,2000.0,0.0,0.0698,4000.0,1.0,1,0.8244
L-20049,2025-11-16,2000.0,1.0,2.0,1.0,2.0,17.0,4.0,0.0,0.0,0.0,3.0,35.0,2000.0,4.0,0.2514,28000.0,1.0,1,0.6747
L-20050,2025-11-09,8.0,4.0,2.0,0.0,3.0,6.0,5.0,0.0,2.0,1.0,2.0,14.0,8.0,1.0,0.0698,15000.0,0.0,0,0.5898
L-20051,2025-12-29,8.0,2.0,1.0,0.0,3.0,5.0,4.0,0.0,13.0,10.0,0.0,35.0,8.0,2.0,0.5915,8000.0,1.0,0,0.5873
L-20052,2024-08-26,200.0,3.0,3.0,4.0,3.0,26.0,2.0,1.0,0.0,0.0,4.0,13.0,200.0,9.0,0.0956,28000.0,1.0,1,0.9451
L-20053,2026-03-26,8.0,1.0,7.0,1.0,1.0,3.0,2.0,0.0,2.0,0.0,3.0,25.0,8.0,6.0,0.4967,28000.0,1.0,1,0.3224
L-20054,2025-12-31,2000.0,1.0,1.0,3.0,4.0,0.0,4.0,0.0,5.0,5.0,3.0,20.0,2000.0,1.0,0.4244,4000.0,1.0,1,0.64
L-20055,2025-10-16,600.0,2.0,6.0,1.0,3.0,16.0,0.0,1.0,1.0,1.0,4.0,19.0,600.0,0.0,0.1691,15000.0,0.0,1,0.8001
L-20056,2024-07-22,8.0,4.0,7.0,3.0,4.0,3.0,3.0,0.0,9.0,6.0,1.0,20.0,8.0,6.0,0.1512,15000.0,0.0,0,0.4174
L-20057,2025-10-27,8.0,4.0,4.0,2.0,2.0,12.0,3.0,1.0,0.0,0.0,2.0,19.0,8.0,6.0,0.5629,4000.0,1.0,1,0.8477
L-20058,2025-07-23,8.0,0.0,4.0,0.0,1.0,29.0,7.0,0.0,3.0,0.0,2.0,10.0,8.0,7.0,0.3619,28000.0,1.0,1,0.9595
L-20059,2024-08-16,80.0,2.0,4.0,4.0,3.0,0.0,0.0,0.0,8.0,6.0,3.0,25.0,80.0,1.0,0.1838,28000.0,0.0,0,0.2361
L-20060,2026-03-23,2000.0,2.0,2.0,1.0,4.0,6.0,3.0,0.0,10.0,6.0,3.0,20.0,2000.0,2.0,0.8112,8000.0,1.0,1,0.7638
L-20061,2026-03-06,25.0,1.0,7.0,4.0,1.0,6.0,0.0,1.0,1.0,0.0,5.0,35.0,25.0,4.0,0.403,4000.0,1.0,0,0.5859
L-20062,2026-02-12,600.0,5.0,0.0,2.0,2.0,14.0,0.0,1.0,13.0,11.0,0.0,6.0,600.0,0.0,0.4809,8000.0,1.0,1,0.8907
L-20063,2025-10-28,200.0,0.0,0.0,3.0,1.0,15.0,2.0,0.0,8.0,5.0,2.0,13.0,200.0,4.0,0.5965,8000.0,1.0,0,0.7533
L-20064,2025-08-01,200.0,5.0,3.0,1.0,2.0,4.0,7.0,1.0,1.0,0.0,4.0,18.0,200.0,4.0,0.6276,28000.0,1.0,1,0.9595
L-20065,2025-11-28,8.0,3.0,3.0,2.0,0.0,26.0,6.0,0.0,3.0,1.0,4.0,28.0,8.0,8.0,0.7636,15000.0,1.0,1,0.9534
L-20066,2025-01-29,600.0,1.0,0.0,3.0,4.0,8.0,2.0,0.0,4.0,4.0,1.0,14.0,600.0,8.0,0.8054,15000.0,1.0,1,0.5938
L-20067,2024-09-27,80.0,1.0,7.0,0.0,2.0,25.0,6.0,0.0,3.0,1.0,0.0,25.0,80.0,0.0,0.4336,15000.0,1.0,1,0.8583
L-20068,2024-08-02,8.0,2.0,6.0,2.0,2.0,29.0,4.0,0.0,8.0,4.0,4.0,18.0,8.0,5.0,0.0569,60000.0,1.0,1,0.9297
L-20069,2024-06-10,200.0,0.0,7.0,3.0,1.0,9.0,2.0,0.0,11.0,10.0,4.0,17.0,200.0,8.0,0.3446,8000.0,0.0,1,0.8006
L-20070,2026-01-22,200.0,1.0,7.0,4.0,4.0,10.0,6.0,1.0,0.0,0.0,1.0,18.0,200.0,10.0,0.4402,28000.0,1.0,1,0.915
L-20071,2026-05-15,8.0,1.0,2.0,0.0,0.0,5.0,7.0,0.0,4.0,0.0,1.0,2.0,8.0,11.0,0.2394,28000.0,1.0,1,0.7551
L-20072,2025-08-29,200.0,5.0,7.0,0.0,4.0,16.0,3.0,1.0,10.0,7.0,3.0,27.0,200.0,5.0,0.4349,8000.0,1.0,1,0.9464
L-20073,2024-09-19,80.0,1.0,5.0,0.0,3.0,18.0,2.0,0.0,2.0,0.0,0.0,15.0,80.0,11.0,0.5952,28000.0,0.0,1,0.5415
L-20074,2026-04-04,600.0,1.0,4.0,2.0,3.0,16.0,3.0,1.0,1.0,0.0,3.0,32.0,600.0,4.0,0.7277,4000.0,1.0,1,0.8984
L-20075,2025-07-19,200.0,4.0,5.0,1.0,1.0,28.0,6.0,0.0,12.0,9.0,0.0,21.0,200.0,3.0,0.2591,15000.0,1.0,1,0.9523
L-20076,2024-10-18,8.0,0.0,4.0,4.0,3.0,22.0,2.0,1.0,4.0,0.0,3.0,18.0,8.0,3.0,0.6,28000.0,1.0,1,0.9228
L-20077,2025-08-18,25.0,2.0,4.0,3.0,2.0,1.0,5.0,0.0,6.0,3.0,0.0,38.0,25.0,10.0,0.2843,8000.0,0.0,0,0.3122
L-20078,2026-04-07,200.0,2.0,6.0,0.0,0.0,13.0,1.0,0.0,6.0,6.0,2.0,20.0,200.0,2.0,0.3012,4000.0,1.0,0,0.5624
L-20079,2025-04-08,80.0,1.0,3.0,3.0,1.0,6.0,5.0,1.0,7.0,7.0,3.0,17.0,80.0,10.0,0.283,15000.0,1.0,1,0.9481
L-20080,2025-09-04,25.0,5.0,7.0,1.0,0.0,22.0,5.0,0.0,0.0,0.0,2.0,2.0,25.0,4.0,0.6461,28000.0,1.0,1,0.9195
L-20081,2024-11-30,80.0,5.0,1.0,2.0,1.0,7.0,3.0,0.0,11.0,11.0,3.0,35.0,80.0,8.0,0.4528,60000.0,1.0,1,0.7267
L-20082,2025-09-29,25.0,2.0,0.0,3.0,3.0,2.0,0.0,0.0,7.0,5.0,5.0,34.0,25.0,6.0,0.515,8000.0,1.0,1,0.3447
L-20083,2025-08-07,8.0,4.0,5.0,1.0,4.0,28.0,4.0,1.0,2.0,2.0,0.0,36.0,8.0,0.0,0.2807,8000.0,1.0,1,0.9108
L-20084,2025-12-24,600.0,1.0,7.0,0.0,0.0,11.0,4.0,0.0,3.0,2.0,0.0,16.0,600.0,4.0,0.2609,28000.0,1.0,1,0.5694
L-20085,2025-04-01,200.0,3.0,4.0,3.0,4.0,23.0,1.0,0.0,8.0,6.0,5.0,16.0,200.0,3.0,0.8667,60000.0,1.0,1,0.9191
L-20086,2024-12-09,200.0,1.0,5.0,0.0,4.0,15.0,0.0,0.0,8.0,7.0,1.0,23.0,200.0,3.0,0.4583,60000.0,0.0,0,0.4955
L-20087,2025-10-22,8.0,4.0,0.0,1.0,1.0,23.0,0.0,0.0,4.0,1.0,1.0,5.0,8.0,0.0,0.5932,4000.0,1.0,1,0.614
L-20088,2026-03-22,600.0,0.0,5.0,2.0,3.0,15.0,7.0,0.0,13.0,9.0,5.0,3.0,600.0,9.0,0.6159,28000.0,1.0,1,0.9884
L-20089,2024-11-08,200.0,5.0,5.0,2.0,4.0,13.0,2.0,0.0,4.0,1.0,4.0,39.0,200.0,5.0,0.3307,60000.0,1.0,1,0.4893
L-20090,2025-10-05,600.0,1.0,4.0,3.0,4.0,28.0,1.0,0.0,12.0,12.0,5.0,14.0,600.0,9.0,0.3422,8000.0,1.0,1,0.9598
L-20091,2025-03-23,8.0,1.0,1.0,4.0,3.0,16.0,6.0,0.0,11.0,10.0,2.0,33.0,8.0,1.0,0.0805,28000.0,1.0,1,0.8842
L-20092,2025-07-16,25.0,4.0,6.0,1.0,3.0,24.0,4.0,0.0,2.0,2.0,5.0,36.0,25.0,0.0,0.2194,28000.0,1.0,1,0.862
L-20093,2025-02-26,200.0,4.0,3.0,1.0,0.0,0.0,7.0,0.0,5.0,5.0,1.0,15.0,200.0,5.0,0.3284,4000.0,1.0,0,0.7531
L-20094,2024-10-11,8.0,2.0,3.0,4.0,1.0,13.0,1.0,1.0,12.0,10.0,4.0,7.0,8.0,3.0,0.832,28000.0,1.0,1,0.9677
L-20095,2024-06-03,2000.0,3.0,1.0,2.0,1.0,14.0,2.0,0.0,8.0,5.0,4.0,5.0,2000.0,8.0,0.2732,28000.0,0.0,1,0.8262
L-20096,2024-06-24,25.0,3.0,2.0,0.0,4.0,10.0,2.0,0.0,7.0,4.0,2.0,33.0,25.0,10.0,0.2389,28000.0,1.0,1,0.4035
L-20097,2025-03-31,25.0,0.0,6.0,2.0,4.0,26.0,6.0,0.0,12.0,12.0,5.0,15.0,25.0,1.0,0.39,8000.0,1.0,1,0.9908
L-20098,2025-07-12,80.0,0.0,0.0,2.0,0.0,4.0,6.0,1.0,11.0,10.0,5.0,6.0,80.0,4.0,0.2695,8000.0,1.0,1,0.9863
L-20099,2024-09-22,8.0,0.0,2.0,4.0,1.0,0.0,4.0,0.0,0.0,0.0,2.0,18.0,8.0,3.0,0.1581,4000.0,0.0,1,0.3481
L-20100,2024-12-05,25.0,0.0,7.0,2.0,3.0,25.0,6.0,0.0,1.0,0.0,5.0,20.0,25.0,1.0,0.6037,28000.0,1.0,1,0.9607
L-20101,2025-09-18,25.0,4.0,2.0,0.0,1.0,0.0,1.0,1.0,7.0,6.0,2.0,28.0,25.0,1.0,0.3687,15000.0,0.0,1,0.5905
L-20102,2025-02-27,25.0,1.0,0.0,4.0,0.0,14.0,3.0,0.0,8.0,6.0,3.0,4.0,25.0,1.0,0.4199,60000.0,1.0,1,0.8584
L-20103,2025-08-25,80.0,1.0,1.0,0.0,4.0,9.0,2.0,0.0,2.0,0.0,2.0,36.0,80.0,5.0,0.2751,60000.0,0.0,0,0.2745
L-20104,2025-09-19,200.0,5.0,7.0,4.0,3.0,19.0,2.0,1.0,8.0,8.0,3.0,17.0,200.0,10.0,0.5407,4000.0,0.0,1,0.9636
L-20105,2025-05-01,200.0,5.0,3.0,1.0,2.0,21.0,3.0,0.0,8.0,8.0,3.0,12.0,200.0,6.0,0.512,15000.0,1.0,1,0.9249
L-20106,2025-10-16,2000.0,1.0,4.0,2.0,0.0,25.0,6.0,0.0,4.0,3.0,5.0,27.0,2000.0,9.0,0.825,15000.0,1.0,1,0.9755
L-20107,2025-07-29,8.0,4.0,1.0,3.0,4.0,28.0,1.0,0.0,0.0,0.0,1.0,1.0,8.0,0.0,0.2052,15000.0,1.0,1,0.7037
L-20108,2025-10-15,200.0,3.0,0.0,4.0,3.0,6.0,5.0,0.0,4.0,1.0,0.0,9.0,200.0,2.0,0.4133,60000.0,1.0,1,0.6039
L-20109,2025-10-28,8.0,5.0,5.0,4.0,4.0,14.0,5.0,0.0,8.0,7.0,0.0,30.0,8.0,4.0,0.8135,8000.0,1.0,1,0.8042
L-20110,2024-10-09,8.0,3.0,7.0,4.0,4.0,24.0,2.0,0.0,5.0,2.0,1.0,21.0,8.0,7.0,0.2414,15000.0,0.0,1,0.6382
L-20111,2025-08-12,2000.0,3.0,3.0,1.0,4.0,6.0,7.0,0.0,4.0,2.0,5.0,1.0,2000.0,11.0,0.3652,8000.0,1.0,0,0.9406
L-20112,2025-02-20,80.0,5.0,5.0,2.0,0.0,2.0,6.0,1.0,9.0,9.0,4.0,16.0,80.0,2.0,0.5989,8000.0,1.0,1,0.9768
L-20113,2025-11-27,80.0,5.0,4.0,2.0,2.0,22.0,4.0,1.0,7.0,6.0,5.0,2.0,80.0,8.0,0.5255,60000.0,1.0,1,0.9925
L-20114,2025-01-28,2000.0,0.0,0.0,4.0,0.0,9.0,0.0,0.0,9.0,9.0,3.0,33.0,2000.0,10.0,0.6709,8000.0,0.0,1,0.5516
L-20115,2026-02-07,200.0,0.0,7.0,2.0,2.0,9.0,4.0,0.0,7.0,6.0,2.0,13.0,200.0,10.0,0.3883,4000.0,0.0,1,0.7806
L-20116,2026-05-16,600.0,1.0,4.0,3.0,0.0,0.0,4.0,0.0,0.0,0.0,2.0,36.0,600.0,0.0,0.7207,15000.0,0.0,1,0.3713
L-20117,2025-07-29,600.0,4.0,5.0,2.0,1.0,5.0,1.0,0.0,4.0,1.0,4.0,13.0,600.0,10.0,0.374,4000.0,0.0,1,0.4555
L-20118,2025-08-17,200.0,3.0,4.0,1.0,1.0,10.0,5.0,0.0,12.0,11.0,3.0,17.0,200.0,0.0,0.3828,28000.0,1.0,1,0.9187
L-20119,2025-11-12,600.0,2.0,4.0,1.0,3.0,0.0,6.0,0.0,12.0,8.0,4.0,22.0,600.0,10.0,0.123,15000.0,1.0,1,0.8199
L-20120,2024-09-07,8.0,5.0,2.0,0.0,1.0,0.0,5.0,0.0,2.0,2.0,4.0,4.0,8.0,3.0,0.3749,8000.0,1.0,1,0.7461
L-20121,2024-08-20,2000.0,2.0,6.0,0.0,3.0,12.0,1.0,0.0,8.0,8.0,3.0,7.0,2000.0,2.0,0.6129,8000.0,1.0,1,0.803
L-20122,2025-07-24,80.0,4.0,5.0,0.0,3.0,18.0,0.0,0.0,0.0,0.0,1.0,2.0,80.0,7.0,0.1118,15000.0,0.0,0,0.4185
L-20123,2025-01-25,25.0,3.0,0.0,1.0,1.0,7.0,5.0,0.0,11.0,7.0,5.0,26.0,25.0,7.0,0.5044,60000.0,0.0,1,0.8785
L-20124,2026-03-04,8.0,4.0,3.0,2.0,4.0,14.0,4.0,0.0,8.0,5.0,5.0,23.0,8.0,11.0,0.3566,4000.0,1.0,1,0.8666
L-20125,2024-11-06,25.0,3.0,2.0,0.0,0.0,1.0,0.0,0.0,9.0,7.0,2.0,32.0,25.0,8.0,0.0965,15000.0,1.0,0,0.1752
L-20126,2026-05-30,8.0,1.0,3.0,3.0,4.0,6.0,6.0,0.0,3.0,0.0,4.0,6.0,8.0,5.0,0.3819,15000.0,1.0,1,0.834
L-20127,2024-12-02,8.0,0.0,7.0,1.0,3.0,28.0,7.0,0.0,3.0,3.0,4.0,32.0,8.0,0.0,0.3897,15000.0,1.0,1,0.9648
L-20128,2026-01-11,25.0,4.0,3.0,0.0,3.0,13.0,5.0,0.0,13.0,10.0,0.0,8.0,25.0,9.0,0.3461,8000.0,0.0,0,0.8772
L-20129,2026-04-24,80.0,2.0,2.0,2.0,1.0,9.0,3.0,0.0,0.0,0.0,0.0,34.0,80.0,5.0,0.2704,15000.0,0.0,1,0.2562
L-20130,2026-03-28,2000.0,1.0,3.0,4.0,3.0,2.0,6.0,0.0,2.0,0.0,5.0,11.0,2000.0,4.0,0.1799,28000.0,1.0,1,0.7998
L-20131,2026-01-10,200.0,4.0,2.0,1.0,2.0,28.0,0.0,0.0,11.0,11.0,4.0,19.0,200.0,0.0,0.6831,28000.0,1.0,1,0.9292
L-20132,2025-11-17,600.0,1.0,4.0,4.0,4.0,28.0,7.0,1.0,4.0,3.0,0.0,33.0,600.0,1.0,0.2025,60000.0,1.0,1,0.9746
L-20133,2024-12-07,200.0,1.0,1.0,0.0,1.0,2.0,2.0,0.0,0.0,0.0,5.0,21.0,200.0,0.0,0.1331,8000.0,0.0,0,0.394
L-20134,2025-02-22,600.0,1.0,2.0,0.0,0.0,22.0,6.0,0.0,0.0,0.0,5.0,34.0,600.0,2.0,0.4062,28000.0,1.0,1,0.9213
L-20135,2025-07-11,2000.0,0.0,1.0,0.0,2.0,13.0,7.0,1.0,6.0,4.0,3.0,7.0,2000.0,4.0,0.7085,4000.0,1.0,1,0.99
L-20136,2024-07-14,2000.0,5.0,2.0,3.0,4.0,28.0,6.0,0.0,12.0,8.0,0.0,13.0,2000.0,4.0,0.2276,4000.0,1.0,1,0.9592
L-20137,2025-02-06,600.0,4.0,0.0,1.0,2.0,2.0,6.0,1.0,10.0,8.0,2.0,12.0,600.0,9.0,0.8418,4000.0,1.0,1,0.9713
L-20138,2025-01-28,600.0,3.0,6.0,3.0,2.0,5.0,3.0,0.0,7.0,7.0,1.0,11.0,600.0,6.0,0.3105,60000.0,0.0,1,0.6211
L-20139,2025-09-24,80.0,1.0,6.0,0.0,2.0,15.0,6.0,0.0,9.0,5.0,3.0,13.0,80.0,3.0,0.2934,15000.0,1.0,1,0.9216
L-20140,2024-07-22,25.0,5.0,2.0,1.0,0.0,5.0,5.0,0.0,2.0,0.0,5.0,3.0,25.0,1.0,0.2881,15000.0,1.0,1,0.8136
L-20141,2025-03-24,8.0,1.0,4.0,1.0,2.0,13.0,5.0,0.0,13.0,11.0,2.0,36.0,8.0,4.0,0.7431,4000.0,1.0,1,0.8879
L-20142,2024-07-14,2000.0,5.0,0.0,1.0,4.0,11.0,3.0,0.0,4.0,1.0,1.0,35.0,2000.0,4.0,0.1691,60000.0,1.0,1,0.3648
L-20143,2025-08-01,200.0,1.0,7.0,0.0,1.0,12.0,2.0,0.0,6.0,3.0,5.0,15.0,200.0,2.0,0.633,15000.0,1.0,1,0.7957
L-20144,2025-11-29,600.0,0.0,0.0,1.0,0.0,10.0,4.0,0.0,2.0,1.0,3.0,14.0,600.0,4.0,0.1855,4000.0,1.0,1,0.6946
L-20145,2024-11-18,2000.0,5.0,3.0,2.0,0.0,5.0,2.0,0.0,10.0,9.0,0.0,24.0,2000.0,2.0,0.5627,60000.0,0.0,1,0.5024
L-20146,2024-10-10,8.0,1.0,4.0,0.0,2.0,19.0,4.0,0.0,1.0,0.0,0.0,25.0,8.0,6.0,0.2737,60000.0,0.0,0,0.5712
L-20147,2024-08-29,2000.0,3.0,7.0,3.0,4.0,22.0,7.0,0.0,7.0,6.0,2.0,19.0,2000.0,4.0,0.6497,8000.0,1.0,1,0.9703
L-20148,2024-07-18,25.0,3.0,3.0,2.0,2.0,26.0,6.0,1.0,6.0,4.0,2.0,2.0,25.0,9.0,0.4089,4000.0,1.0,1,0.9916
L-20149,2025-07-26,600.0,5.0,3.0,4.0,4.0,24.0,6.0,0.0,13.0,13.0,3.0,30.0,600.0,9.0,0.274,60000.0,1.0,1,0.9754
L-20150,2025-10-15,80.0,2.0,2.0,1.0,1.0,15.0,2.0,0.0,1.0,1.0,3.0,23.0,80.0,5.0,0.1526,28000.0,0.0,0,0.5394
L-20151,2025-07-05,200.0,4.0,1.0,2.0,4.0,27.0,3.0,0.0,4.0,0.0,5.0,1.0,200.0,2.0,0.6761,28000.0,1.0,1,0.9529
L-20152,2024-12-20,80.0,0.0,0.0,2.0,3.0,21.0,2.0,0.0,13.0,9.0,0.0,34.0,80.0,5.0,0.2413,8000.0,0.0,1,0.6452
L-20153,2024-09-21,600.0,5.0,6.0,3.0,0.0,0.0,5.0,0.0,11.0,7.0,2.0,0.0,600.0,5.0,0.4262,28000.0,1.0,1,0.8143
L-20154,2024-06-14,2000.0,2.0,0.0,2.0,2.0,23.0,6.0,1.0,5.0,1.0,2.0,0.0,2000.0,5.0,0.5976,8000.0,1.0,1,0.9895
L-20155,2025-12-23,600.0,0.0,4.0,0.0,4.0,9.0,2.0,1.0,4.0,2.0,4.0,26.0,600.0,6.0,0.2115,8000.0,1.0,1,0.8138
L-20156,2025-05-04,80.0,0.0,1.0,1.0,1.0,18.0,2.0,1.0,9.0,6.0,3.0,4.0,80.0,6.0,0.1512,60000.0,1.0,1,0.951
L-20157,2025-10-25,200.0,0.0,7.0,3.0,0.0,17.0,0.0,0.0,13.0,10.0,3.0,32.0,200.0,0.0,0.4349,15000.0,0.0,1,0.6707
L-20158,2026-03-30,8.0,2.0,7.0,4.0,2.0,1.0,5.0,0.0,4.0,4.0,5.0,21.0,8.0,9.0,0.2797,8000.0,1.0,0,0.7412
L-20159,2025-01-30,80.0,5.0,3.0,1.0,2.0,25.0,7.0,0.0,1.0,0.0,4.0,20.0,80.0,9.0,0.2883,15000.0,1.0,1,0.9548
L-20160,2025-06-01,600.0,2.0,0.0,0.0,4.0,6.0,2.0,1.0,5.0,4.0,3.0,5.0,600.0,5.0,0.1902,28000.0,1.0,0,0.8625
L-20161,2024-09-04,80.0,4.0,1.0,4.0,0.0,6.0,0.0,0.0,11.0,9.0,5.0,28.0,80.0,4.0,0.4346,4000.0,0.0,0,0.5749
L-20162,2026-05-24,2000.0,2.0,5.0,2.0,2.0,14.0,5.0,0.0,10.0,8.0,2.0,38.0,2000.0,11.0,0.449,4000.0,1.0,1,0.8372
L-20163,2026-03-14,80.0,4.0,0.0,0.0,0.0,13.0,4.0,0.0,5.0,3.0,2.0,4.0,80.0,11.0,0.5035,15000.0,1.0,0,0.8283
L-20164,2026-04-24,2000.0,0.0,4.0,2.0,4.0,9.0,6.0,0.0,4.0,2.0,4.0,37.0,2000.0,3.0,0.067,28000.0,1.0,1,0.7415
L-20165,2024-06-04,2000.0,3.0,0.0,0.0,1.0,11.0,4.0,0.0,8.0,4.0,0.0,24.0,2000.0,6.0,0.7328,28000.0,1.0,1,0.6776
L-20166,2025-12-29,25.0,2.0,2.0,4.0,1.0,14.0,4.0,0.0,4.0,4.0,3.0,9.0,25.0,4.0,0.028,28000.0,0.0,1,0.8037
L-20167,2025-04-27,200.0,1.0,5.0,2.0,0.0,21.0,0.0,0.0,1.0,0.0,3.0,4.0,200.0,4.0,0.3126,60000.0,0.0,0,0.6367
L-20168,2026-05-18,2000.0,3.0,3.0,3.0,2.0,27.0,3.0,0.0,7.0,6.0,3.0,12.0,2000.0,10.0,0.9129,8000.0,1.0,1,0.9603
L-20169,2024-11-04,600.0,2.0,5.0,0.0,3.0,19.0,0.0,0.0,0.0,0.0,3.0,36.0,600.0,9.0,0.1998,8000.0,1.0,1,0.3485
L-20170,2025-03-08,80.0,5.0,0.0,1.0,0.0,5.0,7.0,0.0,10.0,6.0,0.0,19.0,80.0,6.0,0.3918,8000.0,1.0,1,0.7847
L-20171,2025-12-13,200.0,5.0,7.0,4.0,1.0,20.0,0.0,0.0,10.0,10.0,2.0,0.0,200.0,0.0,0.7399,60000.0,1.0,1,0.8739
L-20172,2025-03-18,600.0,3.0,2.0,4.0,3.0,15.0,1.0,0.0,0.0,0.0,0.0,29.0,600.0,7.0,0.4495,8000.0,0.0,1,0.2869
L-20173,2024-12-02,200.0,5.0,5.0,3.0,0.0,17.0,3.0,0.0,2.0,2.0,0.0,20.0,200.0,3.0,0.4553,60000.0,1.0,1,0.6057
L-20174,2026-04-02,200.0,4.0,5.0,3.0,3.0,13.0,2.0,0.0,1.0,0.0,5.0,8.0,200.0,2.0,0.1798,15000.0,1.0,1,0.7071
L-20175,2025-03-01,600.0,2.0,4.0,0.0,0.0,7.0,3.0,0.0,9.0,7.0,5.0,15.0,600.0,6.0,0.2532,8000.0,1.0,1,0.815
L-20176,2025-03-08,2000.0,3.0,7.0,2.0,2.0,24.0,3.0,0.0,10.0,10.0,0.0,27.0,2000.0,2.0,0.621,28000.0,1.0,1,0.8768
L-20177,2026-04-02,600.0,3.0,6.0,2.0,3.0,2.0,4.0,0.0,7.0,6.0,3.0,24.0,600.0,5.0,0.2657,8000.0,1.0,0,0.635
L-20178,2025-07-21,200.0,0.0,5.0,1.0,0.0,26.0,1.0,0.0,13.0,13.0,2.0,25.0,200.0,7.0,0.0909,60000.0,1.0,1,0.8571
L-20179,2024-10-21,25.0,3.0,2.0,4.0,2.0,18.0,1.0,0.0,3.0,0.0,5.0,17.0,25.0,2.0,0.7738,15000.0,1.0,0,0.756
L-20180,2026-01-11,25.0,3.0,4.0,4.0,1.0,29.0,1.0,0.0,4.0,1.0,1.0,0.0,25.0,11.0,0.3147,8000.0,1.0,0,0.7734
L-20181,2026-01-25,2000.0,3.0,5.0,4.0,2.0,21.0,3.0,0.0,2.0,0.0,4.0,22.0,2000.0,9.0,0.1545,8000.0,0.0,0,0.7777
L-20182,2025-06-27,2000.0,0.0,2.0,3.0,0.0,22.0,4.0,1.0,10.0,10.0,2.0,17.0,2000.0,7.0,0.6799,60000.0,1.0,1,0.9879
L-20183,2026-05-23,25.0,2.0,0.0,4.0,1.0,4.0,5.0,0.0,8.0,5.0,5.0,27.0,25.0,6.0,0.126,8000.0,1.0,1,0.7554
L-20184,2026-01-05,80.0,1.0,4.0,2.0,2.0,2.0,1.0,0.0,13.0,13.0,5.0,4.0,80.0,5.0,0.3444,28000.0,1.0,1,0.8101
L-20185,2026-04-28,200.0,3.0,3.0,2.0,4.0,11.0,2.0,1.0,9.0,6.0,0.0,13.0,200.0,5.0,0.4591,8000.0,1.0,1,0.8446
L-20186,2025-08-19,200.0,4.0,0.0,2.0,3.0,8.0,4.0,0.0,1.0,0.0,1.0,2.0,200.0,11.0,0.4127,8000.0,1.0,1,0.639
L-20187,2024-10-28,80.0,3.0,6.0,0.0,0.0,14.0,2.0,0.0,6.0,5.0,3.0,6.0,80.0,1.0,0.5685,15000.0,0.0,1,0.8088
L-20188,2026-04-28,600.0,4.0,5.0,0.0,3.0,10.0,7.0,0.0,3.0,2.0,0.0,2.0,600.0,11.0,0.7931,8000.0,1.0,1,0.8955
L-20189,2025-01-02,25.0,2.0,0.0,2.0,3.0,22.0,6.0,0.0,10.0,10.0,0.0,18.0,25.0,8.0,0.4693,4000.0,1.0,1,0.9451
L-20190,2024-11-29,2000.0,0.0,7.0,3.0,2.0,16.0,7.0,0.0,12.0,9.0,1.0,10.0,2000.0,7.0,0.5792,4000.0,1.0,1,0.9653
L-20191,2025-10-12,2000.0,0.0,6.0,0.0,4.0,19.0,1.0,1.0,9.0,6.0,0.0,29.0,2000.0,2.0,0.168,4000.0,1.0,1,0.7883
L-20192,2024-06-24,25.0,3.0,5.0,2.0,3.0,2.0,6.0,0.0,8.0,4.0,1.0,15.0,25.0,1.0,0.4347,28000.0,0.0,0,0.6975
L-20193,2025-11-18,600.0,3.0,5.0,2.0,3.0,28.0,5.0,0.0,11.0,8.0,0.0,14.0,600.0,0.0,0.5503,28000.0,1.0,1,0.9539
L-20194,2024-12-17,200.0,2.0,2.0,3.0,4.0,22.0,6.0,0.0,1.0,0.0,5.0,16.0,200.0,6.0,0.5403,28000.0,1.0,1,0.9563
L-20195,2024-12-20,25.0,5.0,7.0,4.0,4.0,12.0,0.0,1.0,7.0,6.0,4.0,28.0,25.0,0.0,0.7467,15000.0,1.0,0,0.8601
L-20196,2025-01-03,200.0,1.0,4.0,4.0,0.0,9.0,1.0,0.0,3.0,3.0,2.0,13.0,200.0,7.0,0.7725,8000.0,1.0,1,0.5511
L-20197,2025-06-27,600.0,1.0,7.0,4.0,4.0,3.0,2.0,0.0,13.0,9.0,4.0,3.0,600.0,2.0,0.764,60000.0,1.0,0,0.8351
L-20198,2025-07-26,200.0,1.0,7.0,3.0,4.0,25.0,0.0,0.0,12.0,9.0,3.0,3.0,200.0,9.0,0.2478,8000.0,1.0,1,0.8736
L-20199,2024-12-03,600.0,3.0,0.0,0.0,1.0,15.0,6.0,0.0,0.0,0.0,4.0,23.0,600.0,8.0,0.0834,4000.0,1.0,1,0.8442
L-20200,2025-02-04,2000.0,4.0,1.0,4.0,2.0,21.0,0.0,0.0,11.0,8.0,1.0,16.0,2000.0,10.0,0.2096,60000.0,1.0,1,0.6552
L-20201,2025-08-28,80.0,2.0,4.0,3.0,0.0,28.0,5.0,0.0,13.0,9.0,3.0,22.0,80.0,9.0,0.4345,4000.0,1.0,1,0.9705
L-20202,2025-08-11,80.0,3.0,0.0,0.0,1.0,6.0,7.0,0.0,8.0,8.0,0.0,9.0,80.0,2.0,0.5147,60000.0,1.0,1,0.8833
L-20203,2025-11-25,2000.0,2.0,1.0,0.0,2.0,8.0,1.0,0.0,1.0,0.0,4.0,32.0,2000.0,10.0,0.3871,4000.0,1.0,1,0.3593
L-20204,2026-03-22,600.0,5.0,3.0,4.0,2.0,5.0,4.0,0.0,2.0,0.0,3.0,34.0,600.0,11.0,0.4259,15000.0,0.0,0,0.4795
L-20205,2025-03-14,2000.0,3.0,6.0,4.0,3.0,18.0,3.0,0.0,4.0,1.0,0.0,23.0,2000.0,4.0,0.5914,15000.0,1.0,1,0.6214
L-20206,2026-05-27,600.0,5.0,2.0,2.0,2.0,14.0,2.0,0.0,5.0,5.0,3.0,17.0,600.0,4.0,0.2225,60000.0,1.0,1,0.7037
L-20207,2026-04-20,25.0,1.0,7.0,4.0,0.0,29.0,7.0,0.0,8.0,7.0,2.0,1.0,25.0,8.0,0.375,60000.0,1.0,1,0.9869
L-20208,2024-10-19,200.0,4.0,0.0,0.0,0.0,20.0,5.0,0.0,3.0,2.0,2.0,32.0,200.0,8.0,0.2232,60000.0,0.0,1,0.7859
L-20209,2025-05-20,600.0,1.0,2.0,0.0,1.0,22.0,7.0,0.0,5.0,3.0,1.0,13.0,600.0,1.0,0.7424,15000.0,1.0,1,0.957
L-20210,2025-10-13,80.0,1.0,2.0,3.0,3.0,10.0,0.0,0.0,11.0,10.0,3.0,3.0,80.0,11.0,0.394,60000.0,1.0,1,0.7222
L-20211,2024-12-21,25.0,3.0,2.0,4.0,1.0,4.0,6.0,0.0,2.0,0.0,1.0,1.0,25.0,5.0,0.361,15000.0,1.0,1,0.7046
L-20212,2025-08-08,600.0,5.0,2.0,4.0,1.0,12.0,6.0,0.0,5.0,3.0,0.0,4.0,600.0,6.0,0.1583,8000.0,1.0,0,0.8096
L-20213,2025-08-31,25.0,4.0,5.0,3.0,0.0,14.0,6.0,0.0,7.0,4.0,2.0,0.0,25.0,2.0,0.4837,28000.0,1.0,1,0.9269
L-20214,2024-09-26,2000.0,4.0,3.0,4.0,1.0,27.0,1.0,0.0,1.0,0.0,2.0,25.0,2000.0,0.0,0.6242,15000.0,1.0,1,0.7037
L-20215,2025-11-10,600.0,1.0,2.0,0.0,0.0,26.0,0.0,1.0,7.0,7.0,1.0,38.0,600.0,4.0,0.5858,28000.0,1.0,1,0.8767
L-20216,2025-01-29,600.0,2.0,0.0,1.0,3.0,1.0,2.0,0.0,8.0,4.0,1.0,12.0,600.0,0.0,0.4621,28000.0,1.0,1,0.3943
L-20217,2024-07-14,2000.0,2.0,0.0,3.0,4.0,11.0,4.0,0.0,13.0,11.0,0.0,3.0,2000.0,1.0,0.5115,4000.0,0.0,1,0.8822
L-20218,2024-10-18,2000.0,4.0,7.0,1.0,3.0,19.0,7.0,1.0,9.0,5.0,2.0,38.0,2000.0,0.0,0.1882,15000.0,1.0,1,0.9719
L-20219,2025-12-29,80.0,1.0,1.0,0.0,4.0,29.0,0.0,0.0,3.0,0.0,4.0,37.0,80.0,5.0,0.4599,4000.0,1.0,0,0.6375
L-20220,2026-05-24,80.0,0.0,6.0,4.0,0.0,17.0,7.0,0.0,13.0,11.0,1.0,22.0,80.0,9.0,0.6959,15000.0,1.0,1,0.964
L-20221,2025-02-06,25.0,1.0,4.0,1.0,4.0,6.0,0.0,0.0,7.0,7.0,3.0,6.0,25.0,7.0,0.4036,8000.0,0.0,1,0.5393
L-20222,2024-09-04,600.0,4.0,1.0,1.0,3.0,27.0,0.0,0.0,2.0,0.0,1.0,27.0,600.0,5.0,0.7794,28000.0,0.0,1,0.576
L-20223,2026-05-15,25.0,2.0,2.0,4.0,4.0,0.0,3.0,0.0,10.0,7.0,3.0,31.0,25.0,11.0,0.2549,4000.0,1.0,1,0.461
L-20224,2025-06-13,600.0,5.0,6.0,1.0,1.0,12.0,2.0,0.0,4.0,2.0,3.0,26.0,600.0,6.0,0.5218,8000.0,1.0,1,0.5852
L-20225,2026-05-08,80.0,2.0,3.0,4.0,4.0,4.0,2.0,1.0,11.0,10.0,0.0,13.0,80.0,6.0,0.3114,8000.0,1.0,1,0.8101
L-20226,2024-09-30,25.0,2.0,5.0,4.0,4.0,22.0,1.0,1.0,11.0,7.0,2.0,10.0,25.0,1.0,0.4698,15000.0,0.0,0,0.9467
L-20227,2025-02-04,200.0,0.0,7.0,4.0,0.0,17.0,0.0,0.0,10.0,6.0,0.0,30.0,200.0,5.0,0.3233,28000.0,0.0,0,0.3637
L-20228,2025-11-13,8.0,4.0,6.0,3.0,3.0,4.0,6.0,0.0,9.0,5.0,5.0,23.0,8.0,4.0,0.4953,15000.0,1.0,1,0.8694
L-20229,2026-01-27,2000.0,2.0,0.0,4.0,1.0,11.0,0.0,0.0,6.0,3.0,4.0,39.0,2000.0,8.0,0.2006,60000.0,1.0,0,0.3304
L-20230,2026-03-27,25.0,4.0,4.0,4.0,2.0,22.0,4.0,0.0,8.0,6.0,5.0,3.0,25.0,1.0,0.1346,28000.0,1.0,1,0.9554
L-20231,2024-11-28,600.0,4.0,1.0,2.0,1.0,14.0,5.0,0.0,5.0,2.0,5.0,3.0,600.0,4.0,0.0887,28000.0,1.0,1,0.9133
L-20232,2025-04-11,200.0,5.0,4.0,1.0,0.0,20.0,3.0,0.0,13.0,10.0,5.0,22.0,200.0,10.0,0.2589,8000.0,1.0,1,0.9336
L-20233,2025-08-01,2000.0,1.0,5.0,4.0,4.0,13.0,7.0,0.0,5.0,3.0,5.0,18.0,2000.0,7.0,0.5173,60000.0,1.0,1,0.9556
L-20234,2024-10-05,600.0,4.0,0.0,0.0,2.0,14.0,0.0,0.0,1.0,0.0,5.0,24.0,600.0,6.0,0.0623,28000.0,1.0,1,0.4282
L-20235,2026-01-31,600.0,5.0,5.0,2.0,2.0,24.0,4.0,0.0,6.0,3.0,5.0,27.0,600.0,11.0,0.4042,4000.0,1.0,1,0.9233
L-20236,2025-10-07,200.0,2.0,3.0,3.0,0.0,11.0,0.0,0.0,7.0,5.0,1.0,10.0,200.0,1.0,0.102,60000.0,0.0,0,0.3756
L-20237,2026-05-18,80.0,1.0,5.0,3.0,3.0,14.0,1.0,0.0,13.0,11.0,1.0,32.0,80.0,4.0,0.3804,28000.0,0.0,1,0.5898
L-20238,2026-05-26,8.0,4.0,7.0,0.0,4.0,8.0,6.0,1.0,2.0,2.0,4.0,10.0,8.0,6.0,0.3634,28000.0,1.0,1,0.9636
L-20239,2026-04-26,2000.0,4.0,5.0,4.0,1.0,18.0,4.0,0.0,13.0,10.0,0.0,7.0,2000.0,7.0,0.187,8000.0,1.0,1,0.8851
L-20240,2025-03-26,200.0,1.0,5.0,4.0,1.0,24.0,7.0,0.0,12.0,8.0,2.0,24.0,200.0,5.0,0.074,4000.0,1.0,1,0.9588
L-20241,2025-03-06,200.0,4.0,1.0,2.0,4.0,12.0,6.0,0.0,6.0,3.0,5.0,30.0,200.0,10.0,0.6322,15000.0,1.0,1,0.9096
L-20242,2026-01-07,2000.0,5.0,0.0,1.0,2.0,5.0,4.0,0.0,0.0,0.0,3.0,22.0,2000.0,2.0,0.0734,15000.0,1.0,0,0.4998
L-20243,2024-08-04,80.0,4.0,7.0,3.0,4.0,4.0,7.0,0.0,8.0,5.0,4.0,2.0,80.0,0.0,0.301,15000.0,0.0,1,0.9256
L-20244,2024-12-28,8.0,5.0,1.0,4.0,0.0,14.0,4.0,0.0,4.0,0.0,0.0,31.0,8.0,4.0,0.1452,28000.0,1.0,1,0.3992
L-20245,2025-03-04,600.0,5.0,5.0,4.0,2.0,2.0,0.0,0.0,4.0,2.0,0.0,6.0,600.0,4.0,0.1782,8000.0,0.0,0,0.1659
L-20246,2025-12-30,25.0,5.0,3.0,3.0,3.0,19.0,4.0,0.0,8.0,4.0,2.0,2.0,25.0,7.0,0.2088,60000.0,1.0,1,0.8735
L-20247,2025-09-14,600.0,4.0,0.0,1.0,1.0,4.0,3.0,0.0,0.0,0.0,0.0,28.0,600.0,4.0,0.0807,60000.0,0.0,0,0.199
L-20248,2025-07-06,600.0,1.0,7.0,1.0,4.0,24.0,1.0,0.0,4.0,2.0,0.0,36.0,600.0,3.0,0.246,28000.0,0.0,1,0.4149
L-20249,2025-04-10,200.0,5.0,7.0,3.0,1.0,22.0,0.0,0.0,4.0,1.0,2.0,19.0,200.0,9.0,0.2305,60000.0,0.0,1,0.4968
L-20250,2026-04-02,80.0,4.0,1.0,0.0,1.0,10.0,7.0,0.0,7.0,5.0,5.0,24.0,80.0,9.0,0.3984,8000.0,1.0,1,0.9358
L-20251,2024-11-17,80.0,1.0,3.0,3.0,1.0,15.0,3.0,0.0,12.0,11.0,0.0,29.0,80.0,2.0,0.1681,4000.0,0.0,1,0.6882
L-20252,2025-09-09,25.0,5.0,6.0,4.0,2.0,9.0,1.0,0.0,2.0,0.0,2.0,35.0,25.0,2.0,0.1469,8000.0,0.0,0,0.191
L-20253,2026-04-24,2000.0,5.0,4.0,3.0,4.0,3.0,4.0,1.0,1.0,0.0,0.0,36.0,2000.0,2.0,0.3463,8000.0,0.0,1,0.5781
L-20254,2026-04-19,25.0,4.0,4.0,3.0,3.0,1.0,2.0,0.0,2.0,0.0,2.0,37.0,25.0,4.0,0.3128,60000.0,0.0,0,0.1619
L-20255,2024-07-31,200.0,5.0,2.0,1.0,1.0,24.0,6.0,0.0,8.0,6.0,1.0,36.0,200.0,10.0,0.2696,15000.0,1.0,1,0.8931
L-20256,2025-10-24,8.0,5.0,3.0,4.0,2.0,4.0,7.0,0.0,3.0,3.0,3.0,34.0,8.0,11.0,0.2222,60000.0,1.0,1,0.7171
L-20257,2024-09-06,200.0,0.0,0.0,1.0,4.0,24.0,1.0,0.0,1.0,1.0,3.0,7.0,200.0,1.0,0.3874,8000.0,1.0,0,0.777
L-20258,2025-08-17,2000.0,3.0,5.0,4.0,4.0,2.0,3.0,1.0,4.0,2.0,5.0,25.0,2000.0,11.0,0.8012,60000.0,1.0,1,0.8923
L-20259,2024-08-16,2000.0,2.0,1.0,3.0,0.0,11.0,4.0,0.0,7.0,3.0,2.0,28.0,2000.0,10.0,0.6323,8000.0,1.0,1,0.7135
L-20260,2024-06-23,200.0,0.0,1.0,0.0,1.0,6.0,4.0,0.0,13.0,13.0,0.0,37.0,200.0,11.0,0.8436,60000.0,0.0,1,0.7425
L-20261,2026-01-29,2000.0,3.0,4.0,3.0,2.0,25.0,3.0,0.0,7.0,5.0,3.0,18.0,2000.0,9.0,0.0537,28000.0,1.0,1,0.8756
L-20262,2025-02-15,8.0,5.0,5.0,0.0,2.0,19.0,7.0,0.0,1.0,0.0,5.0,31.0,8.0,5.0,0.1003,15000.0,1.0,1,0.9047
L-20263,2025-12-08,200.0,4.0,5.0,1.0,2.0,10.0,6.0,0.0,12.0,9.0,3.0,25.0,200.0,2.0,0.1178,60000.0,1.0,1,0.8865
L-20264,2025-01-08,600.0,5.0,1.0,3.0,0.0,18.0,6.0,0.0,5.0,4.0,5.0,11.0,600.0,7.0,0.4767,28000.0,1.0,1,0.9669
L-20265,2025-08-28,80.0,0.0,6.0,2.0,2.0,21.0,7.0,1.0,9.0,8.0,4.0,8.0,80.0,6.0,0.5839,60000.0,1.0,1,0.9967
L-20266,2024-11-27,200.0,1.0,1.0,0.0,4.0,1.0,1.0,0.0,4.0,2.0,1.0,20.0,200.0,11.0,0.1269,4000.0,1.0,0,0.1685
L-20267,2026-04-05,8.0,3.0,3.0,1.0,3.0,29.0,2.0,0.0,12.0,11.0,2.0,32.0,8.0,10.0,0.5201,15000.0,1.0,1,0.9019
L-20268,2025-09-30,80.0,2.0,0.0,3.0,0.0,25.0,7.0,0.0,8.0,7.0,0.0,35.0,80.0,8.0,0.3178,8000.0,1.0,1,0.9218
L-20269,2025-05-26,8.0,2.0,6.0,2.0,4.0,10.0,2.0,0.0,9.0,6.0,4.0,13.0,8.0,1.0,0.7961,60000.0,1.0,1,0.8048
L-20270,2024-07-15,2000.0,2.0,5.0,3.0,0.0,16.0,6.0,0.0,12.0,9.0,0.0,35.0,2000.0,2.0,0.2882,28000.0,1.0,1,0.8472
L-20271,2025-09-28,25.0,0.0,3.0,3.0,2.0,2.0,2.0,0.0,4.0,0.0,3.0,5.0,25.0,1.0,0.4969,28000.0,1.0,1,0.453
L-20272,2024-08-23,25.0,4.0,7.0,0.0,1.0,16.0,5.0,0.0,7.0,6.0,5.0,37.0,25.0,1.0,0.1359,28000.0,1.0,1,0.8718
L-20273,2025-10-19,8.0,2.0,1.0,2.0,3.0,11.0,2.0,0.0,7.0,7.0,2.0,28.0,8.0,9.0,0.3674,28000.0,1.0,1,0.5698
L-20274,2025-11-07,8.0,4.0,0.0,3.0,0.0,14.0,4.0,0.0,8.0,7.0,4.0,26.0,8.0,9.0,0.1634,4000.0,0.0,1,0.8316
L-20275,2025-07-22,2000.0,4.0,3.0,1.0,2.0,3.0,2.0,0.0,1.0,0.0,5.0,37.0,2000.0,0.0,0.6316,8000.0,1.0,0,0.4235
L-20276,2024-11-18,80.0,5.0,1.0,3.0,2.0,5.0,0.0,0.0,8.0,8.0,4.0,36.0,80.0,11.0,0.5789,60000.0,1.0,1,0.4358
L-20277,2026-03-26,25.0,5.0,6.0,1.0,4.0,13.0,2.0,0.0,8.0,5.0,3.0,30.0,25.0,0.0,0.8406,4000.0,1.0,1,0.7007
L-20278,2025-02-25,2000.0,2.0,2.0,1.0,1.0,20.0,5.0,0.0,13.0,13.0,0.0,23.0,2000.0,10.0,0.5117,60000.0,0.0,1,0.9384
L-20279,2025-04-15,8.0,5.0,2.0,1.0,2.0,29.0,2.0,1.0,12.0,11.0,0.0,18.0,8.0,3.0,0.2827,15000.0,1.0,1,0.9653
L-20280,2024-10-09,8.0,1.0,0.0,3.0,2.0,5.0,1.0,0.0,9.0,6.0,3.0,14.0,8.0,8.0,0.4519,15000.0,1.0,0,0.5193
L-20281,2025-08-28,80.0,1.0,0.0,1.0,4.0,14.0,6.0,0.0,12.0,8.0,5.0,32.0,80.0,11.0,0.0678,28000.0,1.0,1,0.9221
L-20282,2025-11-19,8.0,5.0,0.0,0.0,3.0,1.0,4.0,1.0,7.0,6.0,5.0,39.0,8.0,2.0,0.333,28000.0,1.0,1,0.8641
L-20283,2026-01-07,200.0,0.0,5.0,2.0,3.0,10.0,2.0,0.0,0.0,0.0,3.0,13.0,200.0,4.0,0.5786,4000.0,0.0,1,0.5867
L-20284,2025-02-01,8.0,5.0,4.0,1.0,0.0,27.0,5.0,0.0,9.0,9.0,4.0,25.0,8.0,3.0,0.1614,15000.0,1.0,1,0.9629
L-20285,2025-06-13,8.0,4.0,7.0,3.0,2.0,27.0,1.0,0.0,0.0,0.0,1.0,1.0,8.0,1.0,0.6677,60000.0,1.0,0,0.7688
L-20286,2024-06-15,2000.0,1.0,6.0,3.0,0.0,27.0,0.0,0.0,11.0,8.0,5.0,35.0,2000.0,7.0,0.6166,4000.0,0.0,1,0.8719
L-20287,2024-08-13,8.0,3.0,7.0,4.0,2.0,1.0,1.0,0.0,13.0,12.0,5.0,11.0,8.0,9.0,0.4317,8000.0,1.0,1,0.7406
L-20288,2026-03-24,80.0,4.0,4.0,3.0,4.0,7.0,7.0,0.0,5.0,5.0,3.0,26.0,80.0,5.0,0.334,15000.0,0.0,1,0.8607
L-20289,2025-11-02,2000.0,0.0,7.0,2.0,0.0,29.0,1.0,0.0,9.0,5.0,3.0,10.0,2000.0,10.0,0.6032,60000.0,1.0,1,0.9094
L-20290,2025-03-23,2000.0,0.0,3.0,3.0,2.0,0.0,1.0,0.0,8.0,8.0,0.0,4.0,2000.0,9.0,0.2186,4000.0,0.0,1,0.3612
L-20291,2026-01-22,200.0,3.0,0.0,0.0,1.0,15.0,6.0,0.0,0.0,0.0,3.0,16.0,200.0,3.0,0.3544,8000.0,0.0,1,0.8651
L-20292,2025-07-18,2000.0,0.0,3.0,0.0,0.0,28.0,3.0,1.0,6.0,2.0,2.0,18.0,2000.0,3.0,0.348,15000.0,1.0,1,0.9625
L-20293,2025-02-14,2000.0,3.0,0.0,4.0,2.0,10.0,1.0,1.0,0.0,0.0,4.0,8.0,2000.0,6.0,0.2167,28000.0,1.0,1,0.8247
L-20294,2024-06-09,600.0,4.0,6.0,4.0,0.0,5.0,1.0,0.0,1.0,0.0,1.0,35.0,600.0,2.0,0.5267,4000.0,0.0,0,0.172
L-20295,2026-04-01,25.0,2.0,5.0,1.0,2.0,25.0,5.0,0.0,8.0,5.0,3.0,7.0,25.0,3.0,0.063,15000.0,1.0,1,0.9454
L-20296,2024-09-10,25.0,2.0,5.0,4.0,0.0,23.0,6.0,0.0,0.0,0.0,3.0,37.0,25.0,3.0,0.4908,60000.0,0.0,0,0.8728
L-20297,2025-03-29,600.0,1.0,7.0,4.0,0.0,24.0,3.0,0.0,3.0,1.0,4.0,22.0,600.0,9.0,0.5712,4000.0,1.0,0,0.8753
L-20298,2024-07-20,2000.0,1.0,5.0,4.0,1.0,21.0,2.0,0.0,11.0,7.0,5.0,30.0,2000.0,9.0,0.4585,8000.0,1.0,1,0.8835
L-20299,2024-11-24,8.0,3.0,2.0,3.0,3.0,3.0,0.0,1.0,5.0,1.0,5.0,11.0,8.0,7.0,0.0565,15000.0,1.0,1,0.6459
L-20300,2025-10-13,2000.0,2.0,0.0,4.0,4.0,27.0,2.0,0.0,7.0,3.0,0.0,27.0,2000.0,11.0,0.6249,4000.0,0.0,1,0.7341
L-20301,2025-06-17,200.0,2.0,1.0,0.0,1.0,11.0,4.0,0.0,6.0,3.0,5.0,39.0,200.0,11.0,0.1519,60000.0,1.0,0,0.6956
L-20302,2025-12-16,25.0,5.0,4.0,1.0,2.0,6.0,0.0,0.0,2.0,2.0,2.0,26.0,25.0,10.0,0.3927,28000.0,0.0,0,0.2138
L-20303,2025-09-06,600.0,0.0,3.0,0.0,0.0,20.0,3.0,0.0,11.0,9.0,0.0,36.0,600.0,11.0,0.4712,60000.0,1.0,1,0.7463
L-20304,2026-02-19,8.0,4.0,1.0,0.0,1.0,22.0,3.0,0.0,11.0,7.0,4.0,26.0,8.0,3.0,0.6549,15000.0,1.0,1,0.9113
L-20305,2024-09-27,25.0,4.0,7.0,3.0,2.0,7.0,5.0,0.0,5.0,2.0,5.0,28.0,25.0,9.0,0.5474,28000.0,0.0,1,0.7953
L-20306,2026-03-22,600.0,2.0,4.0,1.0,0.0,17.0,7.0,0.0,3.0,0.0,2.0,29.0,600.0,4.0,0.2119,8000.0,1.0,1,0.8369
L-20307,2025-12-25,8.0,0.0,7.0,0.0,0.0,10.0,3.0,0.0,13.0,12.0,2.0,0.0,8.0,10.0,0.4354,4000.0,1.0,1,0.8862
L-20308,2025-12-26,600.0,5.0,5.0,2.0,1.0,22.0,5.0,1.0,9.0,6.0,4.0,31.0,600.0,2.0,0.2329,60000.0,1.0,1,0.9804
L-20309,2024-07-05,200.0,5.0,3.0,4.0,3.0,2.0,7.0,0.0,13.0,9.0,1.0,8.0,200.0,6.0,0.3104,60000.0,1.0,1,0.8753
L-20310,2025-12-15,200.0,3.0,7.0,3.0,0.0,16.0,6.0,1.0,1.0,1.0,3.0,39.0,200.0,7.0,0.356,60000.0,1.0,1,0.941
L-20311,2025-11-24,80.0,1.0,2.0,2.0,1.0,27.0,7.0,0.0,6.0,4.0,0.0,14.0,80.0,7.0,0.1316,28000.0,1.0,1,0.9387
L-20312,2024-06-10,80.0,1.0,5.0,1.0,0.0,7.0,4.0,1.0,13.0,13.0,2.0,9.0,80.0,6.0,0.4457,8000.0,1.0,1,0.9705
L-20313,2026-04-30,200.0,4.0,4.0,1.0,3.0,0.0,5.0,0.0,12.0,8.0,4.0,36.0,200.0,11.0,0.497,4000.0,1.0,1,0.7402
L-20314,2025-01-22,2000.0,3.0,1.0,0.0,1.0,24.0,6.0,0.0,7.0,7.0,3.0,11.0,2000.0,1.0,0.5243,4000.0,1.0,1,0.978
L-20315,2026-04-02,600.0,3.0,3.0,2.0,4.0,14.0,4.0,0.0,0.0,0.0,1.0,19.0,600.0,9.0,0.5094,8000.0,1.0,1,0.66
L-20316,2024-08-30,600.0,5.0,1.0,3.0,3.0,23.0,4.0,0.0,13.0,11.0,2.0,11.0,600.0,6.0,0.9089,28000.0,1.0,1,0.9722
L-20317,2024-12-31,2000.0,0.0,5.0,1.0,2.0,1.0,2.0,1.0,5.0,4.0,4.0,34.0,2000.0,5.0,0.2978,60000.0,1.0,1,0.7214
L-20318,2025-12-08,600.0,1.0,7.0,4.0,4.0,20.0,3.0,1.0,6.0,3.0,3.0,2.0,600.0,2.0,0.0232,15000.0,1.0,1,0.9579
L-20319,2025-03-24,200.0,2.0,3.0,1.0,0.0,9.0,6.0,0.0,13.0,10.0,3.0,3.0,200.0,6.0,0.6843,60000.0,1.0,1,0.9632
L-20320,2026-01-30,2000.0,5.0,6.0,4.0,4.0,14.0,6.0,0.0,3.0,2.0,0.0,25.0,2000.0,3.0,0.4072,28000.0,0.0,1,0.7539
L-20321,2025-09-12,600.0,3.0,5.0,4.0,0.0,6.0,1.0,0.0,9.0,6.0,1.0,4.0,600.0,3.0,0.62,4000.0,0.0,1,0.5604
L-20322,2025-10-04,80.0,4.0,5.0,3.0,4.0,1.0,5.0,0.0,4.0,4.0,0.0,7.0,80.0,10.0,0.167,28000.0,0.0,1,0.5476
L-20323,2024-09-18,2000.0,4.0,0.0,1.0,1.0,27.0,1.0,0.0,0.0,0.0,5.0,0.0,2000.0,5.0,0.1657,60000.0,0.0,1,0.8757
L-20324,2025-08-28,25.0,4.0,5.0,4.0,3.0,7.0,5.0,0.0,11.0,7.0,3.0,11.0,25.0,8.0,0.7038,8000.0,1.0,1,0.8916
L-20325,2025-02-04,2000.0,1.0,0.0,1.0,2.0,4.0,2.0,0.0,4.0,0.0,5.0,3.0,2000.0,6.0,0.1695,28000.0,1.0,1,0.5928
L-20326,2025-10-01,8.0,2.0,4.0,4.0,2.0,29.0,0.0,0.0,5.0,1.0,4.0,19.0,8.0,5.0,0.0901,4000.0,0.0,0,0.6945
L-20327,2025-07-26,80.0,5.0,5.0,0.0,3.0,16.0,1.0,0.0,5.0,3.0,1.0,7.0,80.0,8.0,0.0734,60000.0,0.0,1,0.5092
L-20328,2025-09-10,600.0,3.0,2.0,3.0,0.0,16.0,2.0,0.0,13.0,12.0,0.0,16.0,600.0,4.0,0.2445,28000.0,1.0,1,0.7622
L-20329,2024-12-17,25.0,2.0,0.0,4.0,2.0,25.0,3.0,0.0,4.0,0.0,0.0,35.0,25.0,9.0,0.7316,28000.0,1.0,1,0.6371
L-20330,2026-05-17,25.0,0.0,6.0,1.0,3.0,6.0,2.0,1.0,8.0,4.0,0.0,13.0,25.0,3.0,0.3006,15000.0,1.0,1,0.6995
L-20331,2025-11-30,2000.0,4.0,2.0,2.0,3.0,13.0,0.0,0.0,8.0,6.0,3.0,9.0,2000.0,0.0,0.1859,28000.0,1.0,0,0.6108
L-20332,2026-02-20,2000.0,1.0,7.0,3.0,2.0,9.0,5.0,0.0,1.0,0.0,5.0,31.0,2000.0,3.0,0.6275,15000.0,1.0,1,0.8019
L-20333,2025-09-04,25.0,0.0,7.0,2.0,0.0,3.0,4.0,0.0,10.0,7.0,2.0,30.0,25.0,6.0,0.5914,60000.0,0.0,0,0.6263
L-20334,2025-09-05,25.0,0.0,5.0,2.0,1.0,27.0,0.0,0.0,3.0,0.0,5.0,30.0,25.0,10.0,0.3225,60000.0,1.0,0,0.6692
L-20335,2025-04-28,600.0,2.0,5.0,3.0,1.0,16.0,6.0,0.0,1.0,0.0,2.0,0.0,600.0,8.0,0.3511,8000.0,0.0,1,0.9003
L-20336,2025-02-28,600.0,3.0,5.0,4.0,4.0,3.0,6.0,1.0,12.0,11.0,1.0,3.0,600.0,7.0,0.8519,28000.0,1.0,1,0.9819
L-20337,2024-07-12,25.0,5.0,6.0,4.0,1.0,13.0,1.0,1.0,10.0,9.0,5.0,16.0,25.0,1.0,0.6741,28000.0,1.0,1,0.9589
L-20338,2025-02-06,25.0,1.0,7.0,1.0,3.0,29.0,0.0,0.0,9.0,7.0,4.0,30.0,25.0,11.0,0.34,8000.0,1.0,1,0.8131
L-20339,2026-01-27,25.0,3.0,1.0,2.0,1.0,13.0,2.0,0.0,13.0,13.0,1.0,38.0,25.0,4.0,0.1514,8000.0,1.0,0,0.6108
L-20340,2026-05-04,8.0,1.0,1.0,1.0,1.0,7.0,2.0,0.0,5.0,1.0,0.0,14.0,8.0,2.0,0.432,15000.0,0.0,1,0.3141
L-20341,2024-06-19,80.0,4.0,5.0,3.0,2.0,3.0,7.0,0.0,11.0,11.0,2.0,33.0,80.0,4.0,0.3482,28000.0,1.0,0,0.855
L-20342,2026-01-19,2000.0,4.0,6.0,0.0,2.0,4.0,6.0,1.0,8.0,7.0,4.0,22.0,2000.0,0.0,0.6535,60000.0,1.0,1,0.9742
L-20343,2026-02-22,80.0,0.0,4.0,4.0,1.0,7.0,4.0,1.0,1.0,0.0,3.0,11.0,80.0,3.0,0.2133,8000.0,1.0,1,0.8713
L-20344,2025-03-20,25.0,0.0,0.0,1.0,2.0,20.0,5.0,0.0,6.0,3.0,3.0,13.0,25.0,9.0,0.5586,4000.0,1.0,1,0.9225
L-20345,2025-04-14,8.0,0.0,0.0,3.0,4.0,6.0,3.0,0.0,13.0,11.0,1.0,9.0,8.0,2.0,0.3364,8000.0,0.0,0,0.7317
L-20346,2025-05-18,600.0,0.0,5.0,0.0,3.0,20.0,2.0,1.0,3.0,0.0,1.0,37.0,600.0,10.0,0.5989,4000.0,1.0,1,0.7996
L-20347,2024-06-15,2000.0,0.0,5.0,4.0,0.0,16.0,3.0,1.0,12.0,12.0,3.0,0.0,2000.0,0.0,0.4646,15000.0,1.0,1,0.9876
L-20348,2024-09-29,8.0,3.0,2.0,3.0,0.0,10.0,6.0,0.0,9.0,8.0,4.0,33.0,8.0,10.0,0.7564,15000.0,1.0,1,0.9184
L-20349,2026-02-05,25.0,4.0,7.0,0.0,1.0,13.0,3.0,0.0,11.0,8.0,1.0,8.0,25.0,3.0,0.5484,15000.0,0.0,1,0.8112
L-20350,2024-10-13,25.0,5.0,4.0,4.0,2.0,29.0,6.0,1.0,2.0,0.0,0.0,22.0,25.0,1.0,0.541,28000.0,1.0,1,0.9721
L-20351,2026-02-15,8.0,5.0,1.0,2.0,3.0,8.0,7.0,0.0,6.0,3.0,3.0,19.0,8.0,2.0,0.1137,8000.0,1.0,1,0.8324
L-20352,2024-11-08,25.0,4.0,7.0,1.0,0.0,6.0,1.0,0.0,2.0,0.0,3.0,31.0,25.0,8.0,0.1842,4000.0,0.0,0,0.2176
L-20353,2024-07-24,25.0,3.0,4.0,0.0,0.0,13.0,1.0,0.0,5.0,5.0,5.0,34.0,25.0,4.0,0.5294,28000.0,1.0,1,0.6458
L-20354,2026-01-23,80.0,2.0,1.0,4.0,1.0,11.0,3.0,0.0,11.0,7.0,3.0,14.0,80.0,5.0,0.3422,8000.0,0.0,1,0.7939
L-20355,2026-03-26,8.0,1.0,7.0,3.0,2.0,0.0,4.0,0.0,13.0,10.0,5.0,19.0,8.0,10.0,0.1305,8000.0,1.0,1,0.7804
L-20356,2024-09-18,600.0,3.0,6.0,3.0,3.0,29.0,6.0,0.0,1.0,0.0,2.0,4.0,600.0,0.0,0.5572,60000.0,1.0,1,0.9646
L-20357,2025-12-16,200.0,2.0,1.0,2.0,4.0,18.0,5.0,1.0,7.0,6.0,1.0,6.0,200.0,8.0,0.3658,4000.0,1.0,1,0.9754
L-20358,2026-02-28,600.0,4.0,5.0,4.0,4.0,1.0,2.0,0.0,3.0,0.0,2.0,4.0,600.0,9.0,0.8995,28000.0,1.0,0,0.4936
L-20359,2026-04-04,600.0,1.0,5.0,0.0,2.0,13.0,5.0,0.0,3.0,0.0,1.0,28.0,600.0,0.0,0.4799,8000.0,1.0,1,0.654
L-20360,2024-09-07,8.0,1.0,3.0,3.0,0.0,24.0,6.0,0.0,7.0,7.0,0.0,34.0,8.0,11.0,0.2834,15000.0,1.0,1,0.8771
L-20361,2025-03-09,600.0,4.0,7.0,4.0,1.0,2.0,1.0,1.0,5.0,1.0,2.0,27.0,600.0,10.0,0.3301,60000.0,0.0,0,0.5055
L-20362,2024-11-21,25.0,2.0,6.0,3.0,4.0,7.0,5.0,1.0,2.0,0.0,0.0,10.0,25.0,0.0,0.195,60000.0,1.0,1,0.816
L-20363,2024-09-14,80.0,2.0,3.0,2.0,3.0,21.0,5.0,0.0,13.0,13.0,0.0,35.0,80.0,8.0,0.2731,15000.0,1.0,1,0.8934
L-20364,2025-07-04,2000.0,4.0,2.0,2.0,1.0,16.0,2.0,0.0,10.0,10.0,2.0,26.0,2000.0,10.0,0.9231,4000.0,1.0,0,0.855
L-20365,2024-09-04,600.0,5.0,7.0,3.0,4.0,5.0,7.0,0.0,10.0,7.0,3.0,25.0,600.0,4.0,0.5506,60000.0,1.0,1,0.8994
L-20366,2025-06-14,2000.0,5.0,5.0,4.0,0.0,28.0,6.0,0.0,4.0,1.0,0.0,37.0,2000.0,1.0,0.345,28000.0,1.0,1,0.846
L-20367,2025-10-28,80.0,2.0,7.0,4.0,0.0,28.0,3.0,0.0,1.0,0.0,2.0,35.0,80.0,10.0,0.325,15000.0,1.0,0,0.7257
L-20368,2025-11-28,200.0,4.0,2.0,3.0,1.0,20.0,2.0,0.0,2.0,2.0,5.0,24.0,200.0,2.0,0.4477,60000.0,1.0,1,0.8089
L-20369,2026-01-18,8.0,2.0,4.0,2.0,1.0,25.0,3.0,0.0,12.0,12.0,2.0,7.0,8.0,6.0,0.4293,28000.0,1.0,1,0.9542
L-20370,2025-01-09,80.0,4.0,7.0,4.0,0.0,18.0,5.0,0.0,6.0,2.0,4.0,7.0,80.0,0.0,0.4945,15000.0,1.0,1,0.9312
L-20371,2025-12-30,80.0,5.0,0.0,4.0,0.0,1.0,7.0,0.0,3.0,3.0,1.0,14.0,80.0,0.0,0.4503,60000.0,1.0,1,0.7438
L-20372,2025-12-26,2000.0,0.0,0.0,2.0,0.0,7.0,2.0,0.0,3.0,3.0,2.0,10.0,2000.0,3.0,0.1957,28000.0,1.0,1,0.5098
L-20373,2024-10-05,8.0,4.0,1.0,4.0,0.0,20.0,6.0,0.0,7.0,5.0,2.0,11.0,8.0,6.0,0.3649,8000.0,1.0,1,0.9352
L-20374,2025-08-26,25.0,3.0,6.0,4.0,4.0,19.0,2.0,0.0,2.0,2.0,2.0,34.0,25.0,0.0,0.3138,8000.0,0.0,1,0.5316
L-20375,2026-01-26,8.0,1.0,6.0,2.0,2.0,22.0,6.0,0.0,4.0,1.0,3.0,28.0,8.0,5.0,0.3031,4000.0,0.0,1,0.8842
L-20376,2024-12-23,80.0,2.0,3.0,3.0,4.0,16.0,3.0,0.0,9.0,8.0,4.0,28.0,80.0,6.0,0.3671,60000.0,1.0,1,0.8483
L-20377,2025-05-22,8.0,3.0,2.0,2.0,3.0,9.0,1.0,0.0,3.0,0.0,1.0,19.0,8.0,4.0,0.8021,28000.0,1.0,1,0.3412
L-20378,2025-04-05,200.0,2.0,0.0,3.0,0.0,27.0,1.0,0.0,7.0,6.0,1.0,14.0,200.0,6.0,0.2321,4000.0,1.0,1,0.7753
L-20379,2024-12-22,25.0,1.0,0.0,1.0,1.0,3.0,1.0,0.0,11.0,9.0,4.0,4.0,25.0,7.0,0.4387,28000.0,1.0,0,0.7004
L-20380,2025-01-27,200.0,5.0,0.0,0.0,3.0,11.0,6.0,0.0,13.0,11.0,5.0,14.0,200.0,10.0,0.1058,15000.0,1.0,1,0.9606
L-20381,2025-05-04,25.0,2.0,6.0,0.0,4.0,25.0,7.0,0.0,3.0,3.0,5.0,35.0,25.0,2.0,0.8128,60000.0,1.0,1,0.9746
L-20382,2024-11-03,2000.0,1.0,6.0,3.0,3.0,13.0,2.0,1.0,5.0,5.0,4.0,28.0,2000.0,3.0,0.3172,60000.0,1.0,1,0.9028
L-20383,2026-05-17,200.0,1.0,0.0,3.0,2.0,15.0,2.0,0.0,10.0,10.0,2.0,22.0,200.0,2.0,0.5797,60000.0,1.0,0,0.8071
L-20384,2025-10-18,80.0,5.0,5.0,3.0,1.0,5.0,5.0,0.0,6.0,6.0,3.0,33.0,80.0,11.0,0.445,15000.0,1.0,1,0.7253
L-20385,2025-02-21,2000.0,0.0,0.0,4.0,1.0,10.0,3.0,0.0,11.0,7.0,1.0,21.0,2000.0,5.0,0.3984,4000.0,1.0,0,0.6708
L-20386,2025-07-06,80.0,1.0,1.0,0.0,4.0,0.0,3.0,0.0,2.0,1.0,4.0,17.0,80.0,5.0,0.5155,28000.0,0.0,1,0.5161
L-20387,2026-03-11,200.0,1.0,4.0,4.0,4.0,5.0,1.0,0.0,4.0,0.0,4.0,36.0,200.0,8.0,0.428,28000.0,0.0,0,0.2739
L-20388,2025-06-24,600.0,4.0,3.0,0.0,4.0,11.0,6.0,0.0,3.0,1.0,3.0,14.0,600.0,9.0,0.5236,8000.0,0.0,1,0.8706
L-20389,2024-12-04,2000.0,3.0,4.0,4.0,2.0,4.0,3.0,0.0,3.0,3.0,0.0,33.0,2000.0,3.0,0.6045,4000.0,0.0,1,0.3379
L-20390,2025-12-25,2000.0,4.0,0.0,2.0,1.0,12.0,2.0,0.0,2.0,0.0,4.0,34.0,2000.0,2.0,0.2577,4000.0,1.0,0,0.4788
L-20391,2026-02-05,2000.0,3.0,5.0,3.0,2.0,23.0,3.0,0.0,13.0,9.0,1.0,3.0,2000.0,0.0,0.8958,60000.0,1.0,1,0.9516
L-20392,2026-03-18,8.0,0.0,5.0,4.0,1.0,17.0,3.0,0.0,6.0,3.0,1.0,33.0,8.0,3.0,0.541,8000.0,0.0,0,0.5956
L-20393,2024-11-19,200.0,3.0,5.0,3.0,0.0,22.0,0.0,1.0,7.0,7.0,1.0,18.0,200.0,11.0,0.2068,60000.0,1.0,1,0.866
L-20394,2026-01-20,600.0,4.0,5.0,0.0,3.0,23.0,4.0,0.0,8.0,6.0,0.0,25.0,600.0,6.0,0.613,28000.0,1.0,1,0.854
L-20395,2026-02-14,8.0,0.0,2.0,3.0,4.0,13.0,4.0,0.0,11.0,7.0,1.0,6.0,8.0,3.0,0.7049,15000.0,1.0,1,0.8647
L-20396,2024-10-05,600.0,1.0,3.0,0.0,0.0,8.0,6.0,0.0,7.0,7.0,4.0,30.0,600.0,6.0,0.0467,4000.0,1.0,0,0.849
L-20397,2024-06-12,8.0,4.0,1.0,2.0,4.0,1.0,7.0,1.0,12.0,8.0,3.0,0.0,8.0,3.0,0.6701,60000.0,1.0,1,0.9839
L-20398,2025-10-06,600.0,2.0,7.0,2.0,0.0,21.0,7.0,1.0,2.0,2.0,4.0,21.0,600.0,7.0,0.5575,28000.0,1.0,1,0.9905
L-20399,2025-08-09,2000.0,0.0,6.0,0.0,4.0,17.0,3.0,0.0,3.0,1.0,4.0,12.0,2000.0,1.0,0.5255,28000.0,1.0,1,0.8437
L-20400,2024-10-17,600.0,2.0,2.0,2.0,3.0,12.0,4.0,0.0,3.0,0.0,3.0,11.0,600.0,1.0,0.354,60000.0,0.0,1,0.7509
L-20401,2025-06-07,200.0,0.0,7.0,4.0,2.0,11.0,4.0,0.0,11.0,8.0,1.0,38.0,200.0,11.0,0.2961,60000.0,0.0,1,0.6425
L-20402,2025-03-31,80.0,5.0,1.0,3.0,1.0,1.0,4.0,0.0,12.0,8.0,1.0,25.0,80.0,0.0,0.1003,60000.0,1.0,1,0.4927
L-20403,2024-07-02,80.0,4.0,7.0,3.0,4.0,21.0,5.0,1.0,13.0,12.0,2.0,26.0,80.0,6.0,0.2595,60000.0,1.0,1,0.9847
L-20404,2025-08-07,600.0,2.0,3.0,1.0,4.0,20.0,4.0,0.0,13.0,13.0,0.0,16.0,600.0,8.0,0.0922,15000.0,1.0,1,0.8973
L-20405,2024-11-07,600.0,4.0,0.0,2.0,0.0,23.0,1.0,0.0,2.0,2.0,3.0,37.0,600.0,11.0,0.2362,28000.0,1.0,1,0.5713
L-20406,2025-07-16,8.0,4.0,1.0,0.0,2.0,19.0,2.0,0.0,11.0,8.0,1.0,38.0,8.0,1.0,0.164,15000.0,1.0,1,0.5764
L-20407,2026-02-27,8.0,1.0,5.0,3.0,0.0,5.0,0.0,1.0,6.0,4.0,5.0,5.0,8.0,4.0,0.2499,28000.0,1.0,1,0.8138
L-20408,2025-11-21,2000.0,3.0,4.0,2.0,2.0,27.0,3.0,0.0,11.0,11.0,1.0,3.0,2000.0,3.0,0.4171,4000.0,1.0,1,0.9572
L-20409,2025-08-14,2000.0,4.0,2.0,0.0,3.0,3.0,6.0,1.0,11.0,7.0,5.0,11.0,2000.0,1.0,0.7848,8000.0,1.0,1,0.9859
L-20410,2025-09-19,80.0,5.0,5.0,4.0,2.0,15.0,2.0,0.0,0.0,0.0,2.0,18.0,80.0,0.0,0.4546,28000.0,1.0,1,0.5522
L-20411,2025-02-27,600.0,1.0,5.0,1.0,3.0,29.0,5.0,1.0,2.0,1.0,4.0,25.0,600.0,9.0,0.0291,8000.0,1.0,1,0.9796
L-20412,2025-08-05,25.0,5.0,3.0,4.0,2.0,19.0,6.0,0.0,0.0,0.0,0.0,5.0,25.0,4.0,0.3331,4000.0,1.0,1,0.8421
L-20413,2025-10-24,200.0,2.0,7.0,0.0,4.0,21.0,5.0,0.0,8.0,5.0,2.0,18.0,200.0,2.0,0.2089,8000.0,1.0,1,0.8955
L-20414,2026-03-28,80.0,1.0,3.0,3.0,1.0,25.0,3.0,0.0,1.0,0.0,3.0,0.0,80.0,1.0,0.3767,15000.0,0.0,1,0.8889
L-20415,2025-03-24,600.0,0.0,4.0,2.0,2.0,0.0,7.0,1.0,9.0,5.0,3.0,20.0,600.0,3.0,0.3772,4000.0,1.0,1,0.95
L-20416,2024-09-28,200.0,0.0,7.0,0.0,2.0,26.0,7.0,0.0,7.0,3.0,0.0,28.0,200.0,8.0,0.1707,28000.0,1.0,1,0.8978
L-20417,2024-07-06,200.0,3.0,7.0,3.0,0.0,21.0,6.0,0.0,8.0,4.0,2.0,9.0,200.0,9.0,0.5114,4000.0,1.0,1,0.9488
L-20418,2026-04-11,600.0,0.0,6.0,4.0,0.0,6.0,4.0,0.0,1.0,0.0,4.0,20.0,600.0,7.0,0.8087,4000.0,1.0,1,0.7335
L-20419,2025-06-22,80.0,1.0,5.0,0.0,1.0,20.0,2.0,1.0,8.0,4.0,2.0,35.0,80.0,2.0,0.5059,4000.0,1.0,0,0.8835
L-20420,2026-04-20,8.0,5.0,7.0,4.0,1.0,27.0,3.0,1.0,10.0,8.0,1.0,16.0,8.0,1.0,0.3205,28000.0,1.0,1,0.9707
L-20421,2024-09-26,80.0,2.0,5.0,3.0,1.0,17.0,1.0,0.0,10.0,9.0,5.0,16.0,80.0,2.0,0.0399,15000.0,1.0,1,0.823
L-20422,2025-04-15,8.0,1.0,3.0,1.0,4.0,9.0,2.0,0.0,5.0,2.0,3.0,5.0,8.0,0.0,0.2072,28000.0,1.0,0,0.5785
L-20423,2025-12-05,8.0,5.0,5.0,0.0,3.0,15.0,4.0,0.0,13.0,12.0,4.0,30.0,8.0,3.0,0.4672,8000.0,1.0,1,0.9191
L-20424,2025-06-04,8.0,3.0,7.0,0.0,3.0,23.0,7.0,1.0,13.0,12.0,2.0,24.0,8.0,5.0,0.4367,4000.0,1.0,1,0.9944
L-20425,2025-03-01,200.0,2.0,7.0,4.0,3.0,26.0,0.0,0.0,4.0,3.0,1.0,2.0,200.0,9.0,0.4597,60000.0,1.0,1,0.7337
L-20426,2024-12-31,600.0,3.0,4.0,0.0,4.0,19.0,0.0,0.0,9.0,9.0,1.0,12.0,600.0,5.0,0.6275,8000.0,0.0,1,0.7426
L-20427,2025-10-13,2000.0,5.0,0.0,1.0,0.0,12.0,1.0,0.0,4.0,3.0,2.0,18.0,2000.0,5.0,0.5914,60000.0,0.0,0,0.5512
L-20428,2025-09-06,25.0,0.0,7.0,0.0,4.0,1.0,0.0,1.0,12.0,10.0,4.0,32.0,25.0,1.0,0.4481,15000.0,1.0,1,0.7364
L-20429,2024-10-17,80.0,5.0,3.0,2.0,3.0,22.0,0.0,0.0,8.0,6.0,5.0,32.0,80.0,1.0,0.1854,15000.0,1.0,1,0.7063
L-20430,2025-08-21,25.0,2.0,0.0,0.0,2.0,24.0,7.0,0.0,2.0,0.0,2.0,37.0,25.0,2.0,0.2953,28000.0,1.0,1,0.8733
L-20431,2026-01-09,8.0,2.0,5.0,0.0,3.0,1.0,5.0,0.0,3.0,0.0,0.0,35.0,8.0,7.0,0.2931,28000.0,0.0,0,0.2524
L-20432,2025-10-23,8.0,3.0,2.0,1.0,4.0,4.0,5.0,0.0,5.0,3.0,3.0,26.0,8.0,6.0,0.8574,60000.0,1.0,0,0.7392
L-20433,2025-01-13,200.0,5.0,1.0,1.0,3.0,25.0,7.0,0.0,0.0,0.0,0.0,2.0,200.0,2.0,0.1321,60000.0,1.0,1,0.9226
L-20434,2025-07-22,200.0,0.0,3.0,1.0,3.0,17.0,3.0,0.0,3.0,2.0,1.0,7.0,200.0,1.0,0.1278,60000.0,1.0,1,0.6846
L-20435,2024-11-11,80.0,3.0,0.0,2.0,4.0,25.0,1.0,0.0,11.0,7.0,4.0,30.0,80.0,5.0,0.4898,8000.0,1.0,1,0.8418
L-20436,2026-03-28,25.0,2.0,2.0,1.0,2.0,29.0,5.0,1.0,0.0,0.0,5.0,4.0,25.0,9.0,0.2845,15000.0,1.0,1,0.9915
L-20437,2025-02-11,8.0,4.0,6.0,3.0,2.0,27.0,5.0,0.0,0.0,0.0,2.0,23.0,8.0,0.0,0.4472,28000.0,0.0,1,0.88
L-20438,2025-11-03,2000.0,1.0,3.0,3.0,0.0,13.0,0.0,0.0,9.0,6.0,3.0,7.0,2000.0,1.0,0.9085,4000.0,0.0,1,0.7615
L-20439,2025-09-06,80.0,4.0,7.0,0.0,4.0,0.0,2.0,0.0,8.0,5.0,2.0,17.0,80.0,0.0,0.091,8000.0,0.0,1,0.3346
L-20440,2024-07-06,600.0,5.0,6.0,1.0,1.0,1.0,6.0,0.0,9.0,6.0,4.0,17.0,600.0,4.0,0.1468,28000.0,1.0,1,0.8215
L-20441,2025-07-13,8.0,0.0,1.0,3.0,1.0,16.0,1.0,1.0,12.0,12.0,4.0,2.0,8.0,1.0,0.8024,4000.0,1.0,1,0.9821
L-20442,2024-10-19,2000.0,2.0,4.0,2.0,3.0,3.0,5.0,0.0,5.0,1.0,5.0,3.0,2000.0,9.0,0.1929,4000.0,1.0,1,0.8156
L-20443,2025-09-20,600.0,4.0,6.0,0.0,3.0,5.0,2.0,0.0,5.0,2.0,1.0,31.0,600.0,1.0,0.2683,28000.0,0.0,0,0.2509
L-20444,2025-07-17,8.0,1.0,2.0,4.0,0.0,15.0,2.0,1.0,1.0,0.0,3.0,23.0,8.0,9.0,0.2485,8000.0,0.0,1,0.8106
L-20445,2025-09-25,80.0,1.0,6.0,4.0,3.0,20.0,0.0,1.0,10.0,6.0,1.0,22.0,80.0,9.0,0.4047,28000.0,0.0,0,0.8341
L-20446,2025-06-26,80.0,0.0,0.0,3.0,0.0,6.0,0.0,0.0,1.0,1.0,3.0,37.0,80.0,11.0,0.9134,8000.0,0.0,1,0.2695
L-20447,2026-02-28,600.0,0.0,3.0,2.0,3.0,5.0,6.0,0.0,10.0,10.0,2.0,32.0,600.0,5.0,0.3745,15000.0,1.0,1,0.8295
L-20448,2025-02-23,2000.0,0.0,1.0,3.0,1.0,28.0,7.0,0.0,9.0,8.0,2.0,5.0,2000.0,10.0,0.4384,60000.0,1.0,1,0.9883
L-20449,2025-07-31,8.0,2.0,4.0,0.0,1.0,25.0,4.0,1.0,13.0,10.0,3.0,0.0,8.0,4.0,0.2979,60000.0,1.0,1,0.9925
L-20450,2026-01-08,8.0,4.0,1.0,4.0,2.0,18.0,3.0,0.0,12.0,8.0,5.0,36.0,8.0,7.0,0.212,15000.0,1.0,1,0.8431
L-20451,2025-07-07,8.0,0.0,0.0,1.0,1.0,13.0,4.0,0.0,0.0,0.0,3.0,7.0,8.0,4.0,0.6781,4000.0,1.0,1,0.8116
L-20452,2024-06-16,25.0,5.0,4.0,3.0,4.0,7.0,6.0,0.0,9.0,8.0,2.0,16.0,25.0,6.0,0.4822,8000.0,1.0,0,0.8785
L-20453,2025-06-24,2000.0,2.0,2.0,4.0,1.0,9.0,6.0,0.0,7.0,3.0,4.0,1.0,2000.0,7.0,0.3169,8000.0,1.0,1,0.9226
L-20454,2025-09-27,80.0,4.0,6.0,4.0,2.0,13.0,7.0,0.0,13.0,9.0,3.0,36.0,80.0,0.0,0.7212,8000.0,1.0,1,0.9443
L-20455,2024-11-13,80.0,2.0,7.0,2.0,0.0,18.0,2.0,0.0,7.0,7.0,2.0,26.0,80.0,1.0,0.5288,15000.0,1.0,1,0.7534
L-20456,2024-12-01,25.0,1.0,6.0,0.0,2.0,13.0,4.0,1.0,6.0,5.0,4.0,30.0,25.0,6.0,0.4619,28000.0,1.0,1,0.9458
L-20457,2026-03-25,600.0,5.0,2.0,3.0,3.0,26.0,6.0,1.0,0.0,0.0,3.0,15.0,600.0,5.0,0.6341,4000.0,1.0,1,0.9885
L-20458,2026-03-11,2000.0,4.0,5.0,4.0,2.0,29.0,3.0,0.0,4.0,0.0,0.0,17.0,2000.0,0.0,0.2042,60000.0,1.0,1,0.7478
L-20459,2024-09-06,8.0,4.0,1.0,1.0,1.0,19.0,5.0,0.0,0.0,0.0,4.0,28.0,8.0,7.0,0.7309,4000.0,0.0,1,0.8763
L-20460,2025-07-06,25.0,4.0,4.0,3.0,0.0,7.0,1.0,1.0,3.0,0.0,5.0,20.0,25.0,0.0,0.3362,8000.0,1.0,0,0.7626
L-20461,2025-09-03,25.0,5.0,1.0,0.0,3.0,8.0,4.0,1.0,11.0,7.0,1.0,21.0,25.0,9.0,0.5638,4000.0,1.0,1,0.9098
L-20462,2025-08-25,25.0,0.0,4.0,4.0,2.0,6.0,3.0,1.0,5.0,5.0,2.0,16.0,25.0,10.0,0.4161,28000.0,1.0,1,0.8616
L-20463,2025-05-20,2000.0,5.0,0.0,1.0,3.0,15.0,3.0,0.0,13.0,13.0,4.0,36.0,2000.0,10.0,0.3738,60000.0,1.0,1,0.8918
L-20464,2024-12-29,80.0,4.0,0.0,2.0,0.0,20.0,7.0,1.0,1.0,0.0,1.0,11.0,80.0,6.0,0.3598,8000.0,1.0,1,0.9743
L-20465,2026-05-20,8.0,4.0,5.0,1.0,0.0,23.0,4.0,0.0,4.0,2.0,2.0,10.0,8.0,6.0,0.1417,60000.0,1.0,1,0.8426
L-20466,2025-09-29,80.0,3.0,4.0,2.0,1.0,20.0,7.0,0.0,8.0,6.0,3.0,19.0,80.0,9.0,0.3768,15000.0,1.0,1,0.9619
L-20467,2025-04-16,200.0,5.0,0.0,0.0,4.0,10.0,5.0,0.0,4.0,0.0,0.0,37.0,200.0,9.0,0.1931,28000.0,0.0,0,0.3973
L-20468,2026-04-07,25.0,5.0,6.0,3.0,3.0,28.0,0.0,0.0,9.0,8.0,1.0,36.0,25.0,3.0,0.5128,8000.0,1.0,1,0.6761
L-20469,2025-07-15,25.0,0.0,4.0,2.0,4.0,28.0,0.0,1.0,10.0,7.0,2.0,24.0,25.0,2.0,0.2251,28000.0,1.0,1,0.9143
L-20470,2025-09-16,80.0,0.0,0.0,1.0,3.0,0.0,2.0,0.0,3.0,1.0,1.0,12.0,80.0,6.0,0.1494,4000.0,1.0,0,0.2288
L-20471,2025-05-22,25.0,4.0,4.0,2.0,1.0,4.0,1.0,0.0,10.0,8.0,2.0,6.0,25.0,4.0,0.3537,60000.0,0.0,0,0.543
L-20472,2026-05-31,80.0,5.0,1.0,4.0,4.0,8.0,3.0,1.0,3.0,1.0,3.0,18.0,80.0,1.0,0.0178,8000.0,1.0,1,0.7985
L-20473,2025-01-09,8.0,1.0,5.0,2.0,4.0,6.0,6.0,0.0,2.0,0.0,0.0,31.0,8.0,5.0,0.2917,4000.0,0.0,1,0.4459
L-20474,2025-05-09,2000.0,1.0,7.0,1.0,2.0,7.0,5.0,0.0,8.0,5.0,2.0,2.0,2000.0,3.0,0.3966,4000.0,1.0,1,0.852
L-20475,2025-04-17,600.0,3.0,6.0,2.0,1.0,10.0,5.0,0.0,2.0,1.0,2.0,35.0,600.0,2.0,0.3271,4000.0,0.0,1,0.6033
L-20476,2025-08-24,2000.0,3.0,0.0,2.0,3.0,21.0,3.0,0.0,4.0,0.0,2.0,4.0,2000.0,10.0,0.0368,60000.0,0.0,0,0.7661
L-20477,2026-02-02,8.0,3.0,1.0,0.0,4.0,1.0,7.0,1.0,2.0,0.0,1.0,37.0,8.0,9.0,0.1782,60000.0,1.0,1,0.7504
L-20478,2025-11-01,8.0,3.0,2.0,1.0,3.0,7.0,4.0,1.0,12.0,9.0,1.0,13.0,8.0,2.0,0.3047,4000.0,1.0,1,0.9202
L-20479,2026-05-13,80.0,5.0,2.0,4.0,1.0,22.0,7.0,0.0,6.0,2.0,3.0,6.0,80.0,1.0,0.4534,28000.0,1.0,1,0.9667
L-20480,2026-05-20,80.0,5.0,0.0,4.0,1.0,5.0,2.0,0.0,0.0,0.0,1.0,12.0,80.0,10.0,0.2085,60000.0,0.0,0,0.2928
L-20481,2025-03-23,200.0,1.0,5.0,4.0,3.0,24.0,0.0,0.0,11.0,7.0,4.0,6.0,200.0,8.0,0.442,8000.0,1.0,1,0.8752
L-20482,2024-06-20,200.0,1.0,7.0,2.0,4.0,1.0,1.0,0.0,0.0,0.0,4.0,28.0,200.0,9.0,0.053,60000.0,1.0,0,0.199
L-20483,2024-10-07,2000.0,3.0,4.0,1.0,1.0,3.0,0.0,0.0,13.0,12.0,4.0,39.0,2000.0,9.0,0.5605,15000.0,0.0,0,0.5144
L-20484,2025-12-22,2000.0,2.0,2.0,3.0,3.0,0.0,0.0,0.0,6.0,4.0,1.0,32.0,2000.0,4.0,0.4361,60000.0,1.0,0,0.1426
L-20485,2025-06-03,2000.0,4.0,2.0,1.0,0.0,27.0,4.0,0.0,10.0,8.0,4.0,33.0,2000.0,5.0,0.1938,28000.0,1.0,1,0.9398
L-20486,2025-03-20,200.0,1.0,0.0,4.0,3.0,4.0,2.0,0.0,6.0,5.0,1.0,24.0,200.0,5.0,0.6364,28000.0,1.0,0,0.4237
L-20487,2025-12-28,80.0,4.0,0.0,2.0,2.0,11.0,4.0,0.0,7.0,5.0,5.0,11.0,80.0,6.0,0.0747,15000.0,1.0,1,0.8591
L-20488,2024-07-07,600.0,0.0,0.0,0.0,1.0,25.0,6.0,1.0,9.0,5.0,2.0,6.0,600.0,4.0,0.3143,8000.0,1.0,1,0.9911
L-20489,2025-11-13,600.0,2.0,7.0,3.0,4.0,28.0,2.0,0.0,13.0,9.0,1.0,2.0,600.0,11.0,0.1764,28000.0,1.0,1,0.9148
L-20490,2026-02-01,2000.0,5.0,4.0,2.0,3.0,4.0,7.0,0.0,8.0,4.0,3.0,14.0,2000.0,9.0,0.2417,8000.0,1.0,1,0.863
L-20491,2025-07-24,80.0,1.0,1.0,4.0,1.0,7.0,5.0,0.0,2.0,1.0,1.0,24.0,80.0,11.0,0.229,28000.0,1.0,0,0.5267
L-20492,2025-12-24,2000.0,2.0,4.0,3.0,2.0,20.0,7.0,0.0,1.0,0.0,3.0,17.0,2000.0,9.0,0.7335,15000.0,1.0,1,0.9523
L-20493,2026-05-16,8.0,2.0,1.0,2.0,4.0,5.0,4.0,0.0,1.0,0.0,3.0,39.0,8.0,3.0,0.2108,8000.0,0.0,0,0.3636
L-20494,2026-05-25,600.0,4.0,6.0,0.0,3.0,7.0,1.0,0.0,7.0,5.0,1.0,16.0,600.0,3.0,0.8983,15000.0,1.0,0,0.5233
L-20495,2025-09-14,25.0,3.0,4.0,2.0,0.0,21.0,1.0,1.0,11.0,7.0,5.0,28.0,25.0,3.0,0.1155,15000.0,1.0,1,0.9363
L-20496,2025-08-27,8.0,5.0,3.0,1.0,4.0,12.0,3.0,1.0,7.0,5.0,2.0,18.0,8.0,4.0,0.1665,28000.0,0.0,0,0.8798
L-20497,2026-01-05,8.0,1.0,3.0,3.0,4.0,1.0,1.0,0.0,3.0,0.0,3.0,17.0,8.0,11.0,0.2098,60000.0,0.0,0,0.2191
L-20498,2025-03-05,8.0,0.0,2.0,2.0,2.0,12.0,6.0,0.0,4.0,3.0,3.0,32.0,8.0,8.0,0.0547,28000.0,0.0,1,0.7558
L-20499,2025-08-23,25.0,2.0,5.0,1.0,0.0,10.0,6.0,1.0,8.0,4.0,1.0,0.0,25.0,1.0,0.2119,60000.0,1.0,0,0.9579
L-20500,2025-11-04,200.0,0.0,6.0,3.0,0.0,15.0,0.0,0.0,1.0,0.0,5.0,6.0,200.0,0.0,0.4135,60000.0,1.0,0,0.6484
L-20501,2026-02-23,200.0,2.0,7.0,0.0,0.0,4.0,7.0,1.0,10.0,10.0,1.0,23.0,200.0,9.0,0.7042,4000.0,1.0,1,0.9716
L-20502,2024-09-09,8.0,1.0,2.0,2.0,1.0,29.0,2.0,0.0,6.0,2.0,2.0,22.0,8.0,3.0,0.2439,8000.0,1.0,0,0.7667
L-20503,2025-05-25,80.0,2.0,0.0,4.0,0.0,27.0,5.0,0.0,9.0,7.0,5.0,17.0,80.0,6.0,0.6942,60000.0,1.0,1,0.983
L-20504,2024-09-23,25.0,3.0,5.0,1.0,3.0,1.0,7.0,1.0,8.0,8.0,0.0,12.0,25.0,4.0,0.5533,15000.0,1.0,1,0.9494
L-20505,2024-08-28,200.0,1.0,4.0,3.0,1.0,9.0,2.0,0.0,11.0,11.0,5.0,20.0,200.0,2.0,0.0249,28000.0,1.0,1,0.7993
L-20506,2026-04-27,80.0,3.0,4.0,3.0,0.0,16.0,3.0,0.0,0.0,0.0,2.0,35.0,80.0,2.0,0.487,28000.0,1.0,1,0.5396
L-20507,2024-11-24,200.0,5.0,5.0,1.0,2.0,19.0,0.0,0.0,0.0,0.0,5.0,6.0,200.0,6.0,0.3863,15000.0,1.0,1,0.7125
L-20508,2025-04-14,80.0,5.0,5.0,1.0,1.0,21.0,0.0,0.0,9.0,7.0,3.0,3.0,80.0,6.0,0.292,60000.0,1.0,0,0.7995
L-20509,2025-10-30,25.0,2.0,5.0,4.0,2.0,5.0,4.0,1.0,0.0,0.0,5.0,36.0,25.0,10.0,0.3998,15000.0,1.0,1,0.8367
L-20510,2025-09-30,25.0,3.0,1.0,3.0,0.0,23.0,1.0,0.0,0.0,0.0,0.0,27.0,25.0,4.0,0.2656,60000.0,0.0,0,0.383
L-20511,2025-07-08,2000.0,2.0,2.0,4.0,0.0,15.0,4.0,0.0,6.0,4.0,2.0,38.0,2000.0,7.0,0.1438,15000.0,1.0,1,0.6485
L-20512,2025-07-29,200.0,4.0,1.0,1.0,1.0,19.0,1.0,0.0,10.0,7.0,4.0,32.0,200.0,5.0,0.0807,8000.0,0.0,1,0.6883
L-20513,2026-01-10,80.0,1.0,0.0,4.0,4.0,3.0,5.0,0.0,10.0,7.0,2.0,35.0,80.0,11.0,0.1676,8000.0,1.0,1,0.5918
L-20514,2024-08-04,25.0,5.0,7.0,3.0,2.0,6.0,0.0,0.0,11.0,11.0,5.0,32.0,25.0,0.0,0.4004,4000.0,1.0,1,0.5877
L-20515,2025-06-12,25.0,5.0,1.0,4.0,2.0,5.0,4.0,0.0,2.0,0.0,1.0,36.0,25.0,4.0,0.2931,28000.0,1.0,0,0.2969
L-20516,2025-10-12,200.0,3.0,4.0,3.0,0.0,21.0,4.0,0.0,12.0,10.0,5.0,17.0,200.0,0.0,0.5847,15000.0,1.0,1,0.9711
L-20517,2025-09-14,200.0,5.0,5.0,3.0,4.0,1.0,7.0,0.0,13.0,11.0,5.0,9.0,200.0,9.0,0.5214,4000.0,1.0,1,0.9633
L-20518,2024-10-06,25.0,2.0,0.0,3.0,4.0,23.0,0.0,0.0,13.0,12.0,4.0,10.0,25.0,7.0,0.4885,28000.0,1.0,1,0.9108
L-20519,2025-12-06,200.0,0.0,5.0,2.0,4.0,14.0,1.0,0.0,8.0,5.0,3.0,30.0,200.0,7.0,0.6005,28000.0,0.0,1,0.6059
L-20520,2026-05-06,80.0,5.0,7.0,0.0,1.0,20.0,0.0,0.0,2.0,2.0,0.0,29.0,80.0,7.0,0.2243,28000.0,0.0,0,0.2916
L-20521,2025-08-08,200.0,5.0,6.0,2.0,4.0,19.0,5.0,1.0,4.0,4.0,0.0,25.0,200.0,5.0,0.1624,8000.0,1.0,1,0.9252
L-20522,2025-11-26,200.0,3.0,2.0,2.0,1.0,14.0,0.0,0.0,5.0,5.0,4.0,29.0,200.0,10.0,0.5128,8000.0,0.0,1,0.5699
L-20523,2024-07-10,600.0,2.0,1.0,4.0,1.0,27.0,1.0,0.0,12.0,9.0,4.0,32.0,600.0,6.0,0.4665,15000.0,1.0,1,0.8864
L-20524,2024-08-21,2000.0,2.0,4.0,3.0,1.0,29.0,2.0,0.0,12.0,10.0,3.0,34.0,2000.0,3.0,0.2477,15000.0,1.0,1,0.9017
L-20525,2024-09-16,80.0,0.0,4.0,2.0,0.0,29.0,0.0,0.0,10.0,10.0,1.0,2.0,80.0,4.0,0.8647,4000.0,1.0,1,0.919
L-20526,2024-10-09,2000.0,3.0,5.0,1.0,2.0,9.0,2.0,0.0,1.0,1.0,2.0,26.0,2000.0,1.0,0.4822,28000.0,1.0,1,0.4347
L-20527,2025-07-19,25.0,5.0,6.0,2.0,0.0,20.0,7.0,0.0,0.0,0.0,3.0,35.0,25.0,9.0,0.7195,15000.0,1.0,1,0.909
L-20528,2025-07-10,80.0,2.0,5.0,4.0,0.0,19.0,4.0,1.0,1.0,0.0,2.0,25.0,80.0,3.0,0.256,28000.0,1.0,1,0.9039
L-20529,2025-05-24,2000.0,4.0,4.0,1.0,3.0,19.0,1.0,1.0,7.0,5.0,5.0,29.0,2000.0,3.0,0.559,60000.0,1.0,1,0.9425
L-20530,2026-01-03,2000.0,0.0,3.0,3.0,4.0,3.0,6.0,0.0,7.0,7.0,4.0,1.0,2000.0,1.0,0.4423,15000.0,1.0,1,0.9303
L-20531,2025-03-23,200.0,3.0,5.0,0.0,3.0,2.0,0.0,0.0,1.0,0.0,0.0,30.0,200.0,2.0,0.159,28000.0,0.0,0,0.0674
L-20532,2024-09-22,600.0,2.0,6.0,1.0,1.0,12.0,4.0,0.0,12.0,11.0,2.0,28.0,600.0,7.0,0.366,28000.0,1.0,1,0.8421
L-20533,2025-02-21,8.0,3.0,0.0,4.0,4.0,29.0,6.0,0.0,5.0,2.0,2.0,17.0,8.0,4.0,0.0784,28000.0,1.0,1,0.9303
L-20534,2025-12-14,600.0,3.0,7.0,1.0,4.0,17.0,0.0,0.0,3.0,1.0,2.0,30.0,600.0,8.0,0.7963,28000.0,0.0,0,0.4505
L-20535,2026-01-08,25.0,0.0,1.0,2.0,1.0,7.0,1.0,0.0,6.0,5.0,4.0,22.0,25.0,0.0,0.4761,28000.0,0.0,0,0.5456
L-20536,2024-10-30,8.0,1.0,7.0,0.0,0.0,20.0,6.0,0.0,9.0,5.0,1.0,30.0,8.0,8.0,0.3916,4000.0,1.0,1,0.8668
L-20537,2025-12-23,80.0,0.0,6.0,3.0,2.0,10.0,5.0,0.0,4.0,0.0,1.0,20.0,80.0,6.0,0.1769,8000.0,1.0,1,0.5744
L-20538,2024-12-22,2000.0,5.0,3.0,3.0,1.0,11.0,7.0,0.0,1.0,0.0,4.0,13.0,2000.0,7.0,0.4431,8000.0,1.0,1,0.9154
L-20539,2026-03-06,200.0,2.0,6.0,0.0,0.0,18.0,4.0,0.0,12.0,10.0,1.0,22.0,200.0,6.0,0.384,8000.0,0.0,1,0.8749
L-20540,2025-03-14,25.0,1.0,0.0,0.0,2.0,21.0,6.0,1.0,7.0,3.0,4.0,38.0,25.0,4.0,0.0754,60000.0,1.0,1,0.9668
L-20541,2026-05-07,2000.0,4.0,4.0,3.0,4.0,15.0,2.0,0.0,8.0,6.0,0.0,39.0,2000.0,6.0,0.5888,4000.0,1.0,1,0.5058
L-20542,2025-08-19,2000.0,1.0,0.0,1.0,1.0,3.0,3.0,1.0,8.0,4.0,3.0,8.0,2000.0,4.0,0.0227,60000.0,1.0,1,0.8512
L-20543,2026-01-28,25.0,4.0,2.0,3.0,4.0,7.0,0.0,0.0,9.0,6.0,1.0,7.0,25.0,2.0,0.0538,28000.0,0.0,0,0.3258
L-20544,2024-11-25,600.0,1.0,5.0,1.0,3.0,14.0,5.0,0.0,9.0,8.0,1.0,26.0,600.0,10.0,0.4627,28000.0,1.0,0,0.8483
L-20545,2024-11-17,600.0,2.0,7.0,0.0,4.0,13.0,7.0,0.0,13.0,9.0,3.0,33.0,600.0,11.0,0.5911,8000.0,1.0,1,0.9462
L-20546,2024-08-22,600.0,4.0,5.0,0.0,0.0,0.0,0.0,0.0,9.0,5.0,3.0,34.0,600.0,11.0,0.403,8000.0,0.0,0,0.2137
L-20547,2025-12-10,2000.0,4.0,5.0,2.0,2.0,23.0,0.0,1.0,9.0,7.0,5.0,30.0,2000.0,9.0,0.7298,28000.0,1.0,1,0.9581
L-20548,2025-03-13,80.0,0.0,6.0,4.0,0.0,3.0,0.0,0.0,11.0,10.0,3.0,20.0,80.0,11.0,0.3058,8000.0,0.0,1,0.4516
L-20549,2025-07-21,80.0,3.0,2.0,2.0,0.0,14.0,5.0,1.0,10.0,10.0,4.0,1.0,80.0,5.0,0.3063,4000.0,1.0,1,0.9906
L-20550,2025-05-26,8.0,0.0,5.0,3.0,2.0,7.0,1.0,0.0,8.0,6.0,0.0,18.0,8.0,3.0,0.3132,4000.0,1.0,1,0.3191
L-20551,2025-02-08,600.0,0.0,6.0,0.0,0.0,13.0,3.0,0.0,10.0,9.0,0.0,23.0,600.0,6.0,0.6026,60000.0,1.0,1,0.7364
L-20552,2025-04-28,600.0,2.0,6.0,1.0,2.0,4.0,7.0,0.0,9.0,5.0,0.0,24.0,600.0,4.0,0.6836,15000.0,0.0,1,0.7807
L-20553,2025-08-28,8.0,4.0,2.0,3.0,0.0,28.0,5.0,0.0,7.0,7.0,1.0,7.0,8.0,5.0,0.5281,60000.0,1.0,1,0.9614
L-20554,2024-09-04,2000.0,4.0,5.0,0.0,2.0,5.0,4.0,1.0,6.0,3.0,0.0,39.0,2000.0,11.0,0.276,28000.0,1.0,1,0.6641
L-20555,2026-01-26,80.0,4.0,0.0,3.0,0.0,10.0,4.0,0.0,10.0,9.0,1.0,14.0,80.0,1.0,0.822,15000.0,1.0,0,0.857
L-20556,2024-08-27,8.0,2.0,5.0,1.0,0.0,10.0,3.0,1.0,4.0,0.0,4.0,16.0,8.0,11.0,0.5977,28000.0,1.0,1,0.8983
L-20557,2024-08-25,25.0,2.0,5.0,3.0,2.0,19.0,6.0,0.0,5.0,2.0,2.0,4.0,25.0,3.0,0.4141,8000.0,0.0,1,0.9253
L-20558,2024-11-27,25.0,5.0,3.0,4.0,2.0,18.0,1.0,1.0,2.0,1.0,4.0,16.0,25.0,9.0,0.2198,15000.0,0.0,1,0.8735
L-20559,2025-08-04,80.0,1.0,5.0,1.0,2.0,13.0,0.0,1.0,11.0,10.0,4.0,7.0,80.0,2.0,0.0749,60000.0,1.0,1,0.9197
L-20560,2026-02-08,80.0,2.0,6.0,1.0,2.0,29.0,3.0,0.0,1.0,0.0,1.0,1.0,80.0,11.0,0.3751,8000.0,1.0,0,0.8662
L-20561,2026-02-24,25.0,5.0,6.0,4.0,4.0,15.0,2.0,1.0,13.0,12.0,0.0,11.0,25.0,3.0,0.5387,4000.0,1.0,1,0.9426
L-20562,2026-03-30,600.0,2.0,3.0,2.0,4.0,1.0,7.0,0.0,12.0,8.0,2.0,3.0,600.0,7.0,0.7792,4000.0,1.0,1,0.9312
L-20563,2025-06-07,600.0,2.0,6.0,3.0,3.0,1.0,0.0,0.0,3.0,3.0,2.0,9.0,600.0,10.0,0.3989,60000.0,0.0,0,0.2756
L-20564,2024-11-02,200.0,5.0,5.0,0.0,0.0,0.0,2.0,0.0,9.0,8.0,4.0,2.0,200.0,6.0,0.1281,8000.0,0.0,1,0.6649
L-20565,2025-04-05,200.0,3.0,4.0,4.0,2.0,22.0,2.0,0.0,6.0,6.0,0.0,15.0,200.0,11.0,0.1511,28000.0,1.0,1,0.6976
L-20566,2025-02-09,200.0,1.0,3.0,4.0,0.0,27.0,2.0,0.0,8.0,7.0,2.0,15.0,200.0,10.0,0.3454,60000.0,1.0,1,0.884
L-20567,2024-12-23,600.0,1.0,0.0,0.0,0.0,0.0,7.0,0.0,1.0,0.0,5.0,27.0,600.0,11.0,0.1974,60000.0,1.0,1,0.7451
L-20568,2025-02-19,8.0,2.0,0.0,3.0,2.0,11.0,3.0,0.0,13.0,13.0,0.0,25.0,8.0,7.0,0.4023,15000.0,1.0,1,0.7256
L-20569,2024-11-20,80.0,3.0,7.0,0.0,0.0,1.0,7.0,0.0,11.0,9.0,1.0,7.0,80.0,8.0,0.3129,60000.0,1.0,0,0.8667
L-20570,2025-07-19,8.0,4.0,7.0,4.0,2.0,26.0,0.0,1.0,11.0,9.0,2.0,28.0,8.0,7.0,0.6422,15000.0,1.0,1,0.9351
L-20571,2026-03-09,25.0,0.0,3.0,2.0,4.0,9.0,3.0,0.0,1.0,1.0,5.0,17.0,25.0,10.0,0.5183,4000.0,1.0,1,0.7312
L-20572,2026-05-07,200.0,4.0,1.0,0.0,0.0,8.0,5.0,0.0,13.0,10.0,2.0,0.0,200.0,2.0,0.3293,28000.0,1.0,1,0.9134
L-20573,2024-08-16,25.0,0.0,7.0,0.0,2.0,24.0,3.0,0.0,12.0,12.0,5.0,13.0,25.0,2.0,0.1684,60000.0,1.0,1,0.9653
L-20574,2024-09-03,200.0,4.0,3.0,4.0,0.0,22.0,7.0,0.0,12.0,11.0,0.0,4.0,200.0,7.0,0.5103,28000.0,1.0,1,0.9789
L-20575,2024-12-29,25.0,4.0,3.0,3.0,2.0,21.0,7.0,0.0,8.0,5.0,5.0,33.0,25.0,7.0,0.7788,4000.0,1.0,1,0.9733
L-20576,2025-01-07,8.0,5.0,5.0,1.0,2.0,16.0,3.0,0.0,2.0,2.0,4.0,26.0,8.0,3.0,0.1477,28000.0,0.0,0,0.6885
L-20577,2025-03-28,600.0,5.0,1.0,1.0,4.0,2.0,2.0,0.0,9.0,9.0,0.0,26.0,600.0,9.0,0.7634,8000.0,0.0,0,0.463
L-20578,2025-10-26,2000.0,5.0,0.0,4.0,1.0,28.0,2.0,0.0,7.0,7.0,5.0,22.0,2000.0,6.0,0.6488,8000.0,1.0,1,0.9524
L-20579,2025-01-09,2000.0,3.0,0.0,4.0,4.0,4.0,2.0,0.0,5.0,1.0,4.0,15.0,2000.0,1.0,0.567,60000.0,0.0,1,0.5606
L-20580,2024-12-30,8.0,3.0,5.0,1.0,0.0,7.0,2.0,0.0,1.0,0.0,4.0,22.0,8.0,6.0,0.5817,28000.0,1.0,0,0.4985
L-20581,2024-12-19,25.0,1.0,7.0,1.0,4.0,1.0,6.0,0.0,1.0,0.0,0.0,21.0,25.0,9.0,0.2451,15000.0,0.0,1,0.4194
L-20582,2025-01-05,200.0,5.0,5.0,0.0,1.0,18.0,2.0,0.0,0.0,0.0,0.0,7.0,200.0,8.0,0.5896,4000.0,0.0,1,0.606
L-20583,2024-07-06,8.0,2.0,2.0,4.0,0.0,0.0,4.0,0.0,12.0,9.0,2.0,35.0,8.0,7.0,0.5068,60000.0,1.0,1,0.5638
L-20584,2026-03-09,200.0,2.0,5.0,1.0,0.0,3.0,2.0,0.0,9.0,9.0,3.0,31.0,200.0,3.0,0.2217,60000.0,0.0,0,0.5023
L-20585,2025-10-04,8.0,0.0,7.0,1.0,3.0,3.0,0.0,0.0,6.0,3.0,2.0,2.0,8.0,9.0,0.0907,4000.0,0.0,0,0.2674
L-20586,2025-09-08,2000.0,2.0,1.0,1.0,2.0,22.0,2.0,0.0,13.0,10.0,5.0,10.0,2000.0,8.0,0.1386,60000.0,1.0,1,0.9415
L-20587,2025-02-19,8.0,0.0,0.0,3.0,1.0,4.0,3.0,0.0,10.0,8.0,4.0,0.0,8.0,0.0,0.1526,28000.0,1.0,1,0.7921
L-20588,2025-07-05,600.0,0.0,2.0,3.0,4.0,5.0,7.0,0.0,9.0,6.0,5.0,37.0,600.0,4.0,0.6913,8000.0,1.0,0,0.9119
L-20589,2026-02-05,80.0,5.0,2.0,0.0,1.0,16.0,0.0,0.0,1.0,0.0,0.0,23.0,80.0,2.0,0.4106,28000.0,0.0,0,0.2498
L-20590,2025-10-28,200.0,4.0,0.0,2.0,3.0,28.0,5.0,0.0,11.0,10.0,3.0,34.0,200.0,9.0,0.1051,15000.0,1.0,1,0.9519
L-20591,2025-02-14,600.0,1.0,5.0,1.0,1.0,8.0,4.0,0.0,2.0,0.0,4.0,11.0,600.0,1.0,0.3468,15000.0,0.0,1,0.7363
L-20592,2025-09-21,80.0,4.0,7.0,1.0,3.0,17.0,6.0,0.0,6.0,3.0,0.0,19.0,80.0,10.0,0.1062,8000.0,1.0,1,0.7835
L-20593,2026-04-22,80.0,4.0,4.0,1.0,0.0,22.0,0.0,0.0,2.0,2.0,5.0,28.0,80.0,7.0,0.4663,4000.0,0.0,1,0.6836
L-20594,2024-10-29,80.0,2.0,3.0,3.0,3.0,2.0,1.0,0.0,9.0,5.0,5.0,16.0,80.0,5.0,0.3359,60000.0,0.0,1,0.5307
L-20595,2026-02-21,80.0,4.0,1.0,4.0,2.0,14.0,3.0,1.0,2.0,0.0,2.0,16.0,80.0,8.0,0.1379,28000.0,1.0,1,0.8395
L-20596,2024-09-15,25.0,0.0,6.0,0.0,4.0,5.0,7.0,0.0,0.0,0.0,2.0,16.0,25.0,10.0,0.3054,15000.0,1.0,1,0.7406
L-20597,2025-06-25,2000.0,3.0,3.0,3.0,3.0,7.0,0.0,0.0,10.0,8.0,2.0,22.0,2000.0,5.0,0.7807,4000.0,1.0,1,0.5264
L-20598,2026-04-24,600.0,4.0,1.0,4.0,2.0,26.0,6.0,0.0,7.0,3.0,2.0,0.0,600.0,6.0,0.7216,4000.0,1.0,1,0.9757
L-20599,2025-04-24,2000.0,1.0,3.0,0.0,2.0,21.0,0.0,0.0,0.0,0.0,4.0,20.0,2000.0,7.0,0.4126,60000.0,1.0,1,0.6212
L-20600,2024-08-26,25.0,1.0,4.0,1.0,4.0,25.0,6.0,0.0,12.0,10.0,4.0,19.0,25.0,6.0,0.2866,15000.0,1.0,1,0.98
L-20601,2025-10-15,8.0,1.0,0.0,2.0,2.0,4.0,5.0,0.0,3.0,3.0,2.0,17.0,8.0,11.0,0.1089,4000.0,1.0,1,0.5959
L-20602,2025-03-12,2000.0,2.0,5.0,2.0,2.0,5.0,1.0,0.0,13.0,13.0,3.0,20.0,2000.0,10.0,0.4525,15000.0,0.0,0,0.7131
L-20603,2024-09-02,25.0,0.0,4.0,2.0,4.0,23.0,1.0,0.0,2.0,0.0,4.0,2.0,25.0,3.0,0.76,4000.0,0.0,1,0.8479
L-20604,2025-03-18,80.0,2.0,1.0,0.0,1.0,21.0,4.0,0.0,1.0,1.0,5.0,27.0,80.0,9.0,0.3594,28000.0,1.0,1,0.8704
L-20605,2025-02-12,2000.0,4.0,0.0,0.0,1.0,2.0,1.0,0.0,8.0,4.0,2.0,35.0,2000.0,4.0,0.8055,8000.0,0.0,0,0.3118
L-20606,2026-01-21,600.0,1.0,6.0,3.0,2.0,24.0,5.0,0.0,11.0,9.0,4.0,21.0,600.0,4.0,0.3132,60000.0,1.0,1,0.9679
L-20607,2025-11-06,600.0,5.0,0.0,1.0,3.0,18.0,0.0,0.0,0.0,0.0,3.0,38.0,600.0,10.0,0.2828,4000.0,0.0,0,0.3339
L-20608,2025-07-28,200.0,5.0,2.0,2.0,0.0,10.0,3.0,0.0,2.0,0.0,3.0,5.0,200.0,2.0,0.6927,15000.0,1.0,1,0.7395
L-20609,2025-08-04,2000.0,5.0,3.0,1.0,1.0,12.0,6.0,0.0,10.0,7.0,3.0,27.0,2000.0,1.0,0.4977,8000.0,1.0,1,0.9114
L-20610,2025-12-22,25.0,0.0,3.0,2.0,2.0,6.0,5.0,1.0,7.0,5.0,5.0,11.0,25.0,0.0,0.8347,28000.0,1.0,1,0.9782
L-20611,2025-08-31,600.0,2.0,1.0,1.0,1.0,2.0,4.0,0.0,11.0,8.0,3.0,38.0,600.0,3.0,0.541,4000.0,1.0,1,0.6506
L-20612,2025-07-24,200.0,0.0,5.0,0.0,3.0,9.0,6.0,0.0,13.0,10.0,2.0,0.0,200.0,0.0,0.315,15000.0,1.0,1,0.9412
L-20613,2025-01-09,80.0,5.0,6.0,1.0,2.0,6.0,6.0,0.0,8.0,4.0,1.0,31.0,80.0,7.0,0.2537,15000.0,0.0,1,0.6339
L-20614,2025-10-02,25.0,0.0,7.0,2.0,3.0,21.0,5.0,1.0,9.0,7.0,4.0,14.0,25.0,0.0,0.1752,28000.0,1.0,1,0.9868
L-20615,2024-09-23,200.0,5.0,2.0,3.0,4.0,25.0,1.0,0.0,2.0,0.0,0.0,17.0,200.0,1.0,0.1725,4000.0,1.0,1,0.4912
L-20616,2024-07-21,8.0,3.0,1.0,4.0,4.0,19.0,3.0,0.0,6.0,2.0,5.0,32.0,8.0,9.0,0.277,28000.0,1.0,1,0.772
L-20617,2025-02-02,600.0,5.0,7.0,0.0,2.0,18.0,0.0,0.0,2.0,2.0,5.0,18.0,600.0,7.0,0.7347,15000.0,1.0,0,0.7419
L-20618,2025-06-12,600.0,2.0,3.0,4.0,4.0,26.0,5.0,0.0,8.0,5.0,4.0,28.0,600.0,3.0,0.2559,4000.0,1.0,0,0.944
L-20619,2025-04-10,600.0,5.0,6.0,0.0,4.0,0.0,5.0,0.0,2.0,0.0,4.0,28.0,600.0,0.0,0.7791,15000.0,0.0,0,0.6493
L-20620,2025-07-09,8.0,4.0,6.0,4.0,4.0,28.0,5.0,0.0,2.0,2.0,2.0,6.0,8.0,5.0,0.1942,60000.0,1.0,1,0.9305
L-20621,2026-04-25,200.0,3.0,2.0,4.0,2.0,0.0,5.0,0.0,1.0,0.0,0.0,19.0,200.0,11.0,0.3315,8000.0,0.0,1,0.3654
L-20622,2025-02-03,2000.0,3.0,7.0,2.0,0.0,7.0,4.0,0.0,5.0,2.0,4.0,34.0,2000.0,5.0,0.7307,15000.0,0.0,1,0.707
L-20623,2025-04-09,8.0,3.0,7.0,1.0,1.0,25.0,3.0,0.0,10.0,6.0,5.0,2.0,8.0,4.0,0.6703,15000.0,1.0,1,0.9687
L-20624,2025-07-20,2000.0,3.0,4.0,3.0,3.0,14.0,6.0,1.0,5.0,2.0,0.0,4.0,2000.0,11.0,0.4745,60000.0,1.0,1,0.9612
L-20625,2026-04-08,2000.0,3.0,5.0,3.0,2.0,0.0,0.0,0.0,11.0,9.0,0.0,15.0,2000.0,3.0,0.3957,60000.0,0.0,0,0.2748
L-20626,2026-01-15,80.0,3.0,0.0,4.0,4.0,20.0,7.0,1.0,8.0,6.0,2.0,9.0,80.0,0.0,0.3642,8000.0,1.0,1,0.9907
L-20627,2025-08-01,80.0,2.0,0.0,4.0,3.0,19.0,6.0,0.0,6.0,5.0,3.0,20.0,80.0,7.0,0.2321,15000.0,1.0,1,0.9255
L-20628,2025-11-22,2000.0,1.0,1.0,0.0,0.0,23.0,5.0,0.0,8.0,4.0,1.0,12.0,2000.0,7.0,0.2639,28000.0,1.0,0,0.9039
L-20629,2024-09-16,8.0,5.0,6.0,3.0,0.0,8.0,5.0,0.0,0.0,0.0,4.0,25.0,8.0,1.0,0.8434,60000.0,1.0,1,0.7806
L-20630,2025-11-15,600.0,2.0,6.0,3.0,1.0,17.0,0.0,0.0,10.0,9.0,3.0,10.0,600.0,5.0,0.2577,60000.0,1.0,1,0.7552
L-20631,2024-10-21,200.0,0.0,6.0,1.0,0.0,16.0,4.0,0.0,3.0,2.0,4.0,36.0,200.0,1.0,0.5307,28000.0,1.0,1,0.7837
L-20632,2024-06-16,600.0,4.0,2.0,4.0,3.0,12.0,1.0,0.0,9.0,6.0,4.0,7.0,600.0,4.0,0.3311,28000.0,1.0,1,0.7545
L-20633,2025-04-27,200.0,1.0,6.0,3.0,0.0,7.0,2.0,0.0,13.0,11.0,5.0,25.0,200.0,4.0,0.408,4000.0,1.0,0,0.8049
L-20634,2025-06-28,25.0,4.0,2.0,1.0,1.0,17.0,4.0,0.0,10.0,9.0,3.0,7.0,25.0,5.0,0.6447,60000.0,1.0,1,0.9461
L-20635,2026-03-09,200.0,5.0,7.0,2.0,4.0,5.0,4.0,1.0,2.0,0.0,4.0,36.0,200.0,0.0,0.2507,28000.0,1.0,1,0.7884
L-20636,2025-08-08,200.0,4.0,6.0,4.0,3.0,26.0,1.0,1.0,2.0,0.0,2.0,26.0,200.0,9.0,0.1099,28000.0,0.0,1,0.8346
L-20637,2024-06-25,600.0,0.0,2.0,4.0,4.0,5.0,4.0,0.0,7.0,6.0,3.0,37.0,600.0,9.0,0.7058,15000.0,1.0,1,0.69
L-20638,2025-06-02,8.0,2.0,0.0,1.0,3.0,8.0,6.0,0.0,3.0,0.0,1.0,38.0,8.0,1.0,0.704,8000.0,0.0,1,0.5876
L-20639,2026-05-18,8.0,1.0,1.0,0.0,2.0,5.0,6.0,0.0,7.0,3.0,4.0,22.0,8.0,8.0,0.6287,28000.0,0.0,1,0.837
L-20640,2024-07-22,8.0,3.0,7.0,4.0,4.0,1.0,0.0,0.0,4.0,2.0,1.0,8.0,8.0,10.0,0.478,28000.0,0.0,0,0.2027
L-20641,2025-06-07,2000.0,4.0,2.0,2.0,2.0,25.0,3.0,1.0,12.0,11.0,3.0,15.0,2000.0,6.0,0.2763,8000.0,1.0,1,0.9874
L-20642,2026-04-09,2000.0,2.0,2.0,2.0,3.0,12.0,4.0,0.0,1.0,0.0,1.0,4.0,2000.0,6.0,0.3259,60000.0,1.0,1,0.6956
L-20643,2025-06-20,600.0,1.0,4.0,4.0,3.0,6.0,5.0,0.0,3.0,3.0,2.0,36.0,600.0,2.0,0.3119,60000.0,0.0,1,0.5733
L-20644,2026-02-02,8.0,1.0,6.0,1.0,1.0,6.0,1.0,0.0,1.0,0.0,0.0,33.0,8.0,3.0,0.4108,8000.0,0.0,0,0.1279
L-20645,2024-08-26,25.0,1.0,6.0,2.0,2.0,10.0,0.0,0.0,13.0,10.0,0.0,1.0,25.0,10.0,0.8501,28000.0,1.0,0,0.6546
L-20646,2024-07-11,8.0,5.0,4.0,0.0,1.0,13.0,6.0,0.0,5.0,2.0,5.0,14.0,8.0,4.0,0.5798,4000.0,1.0,1,0.931
L-20647,2024-11-29,200.0,3.0,0.0,4.0,1.0,26.0,6.0,0.0,9.0,5.0,4.0,7.0,200.0,7.0,0.1835,60000.0,1.0,1,0.976
L-20648,2025-08-05,8.0,3.0,2.0,1.0,0.0,24.0,4.0,1.0,10.0,9.0,0.0,33.0,8.0,11.0,0.873,28000.0,1.0,1,0.9697
L-20649,2025-08-11,2000.0,1.0,7.0,3.0,3.0,27.0,1.0,0.0,10.0,7.0,4.0,9.0,2000.0,2.0,0.042,28000.0,1.0,1,0.8967
L-20650,2025-04-30,80.0,0.0,6.0,3.0,4.0,13.0,5.0,0.0,8.0,4.0,4.0,23.0,80.0,6.0,0.3744,8000.0,0.0,1,0.865
L-20651,2026-02-07,80.0,0.0,1.0,1.0,4.0,8.0,6.0,0.0,1.0,0.0,0.0,26.0,80.0,9.0,0.5502,15000.0,1.0,0,0.5977
L-20652,2026-04-15,80.0,2.0,7.0,4.0,4.0,3.0,7.0,1.0,8.0,8.0,4.0,21.0,80.0,1.0,0.261,8000.0,1.0,1,0.9733
L-20653,2024-06-18,600.0,3.0,5.0,4.0,4.0,3.0,4.0,1.0,11.0,10.0,1.0,39.0,600.0,1.0,0.6252,28000.0,1.0,1,0.8685
L-20654,2025-02-28,2000.0,2.0,5.0,0.0,0.0,17.0,0.0,0.0,3.0,0.0,1.0,10.0,2000.0,0.0,0.4057,28000.0,1.0,0,0.4301
L-20655,2025-03-14,600.0,5.0,7.0,2.0,0.0,26.0,7.0,0.0,0.0,0.0,3.0,5.0,600.0,8.0,0.7764,4000.0,1.0,1,0.9788
L-20656,2024-10-06,8.0,5.0,1.0,2.0,1.0,18.0,0.0,1.0,4.0,3.0,1.0,34.0,8.0,0.0,0.2761,60000.0,0.0,1,0.6338
L-20657,2026-01-16,600.0,5.0,7.0,0.0,4.0,9.0,6.0,1.0,10.0,7.0,1.0,15.0,600.0,6.0,0.2415,8000.0,1.0,1,0.9561
L-20658,2024-10-29,8.0,5.0,4.0,0.0,1.0,7.0,3.0,0.0,5.0,1.0,0.0,34.0,8.0,7.0,0.3302,8000.0,0.0,0,0.2455
L-20659,2025-05-16,80.0,4.0,7.0,4.0,0.0,21.0,7.0,0.0,6.0,5.0,0.0,33.0,80.0,5.0,0.1803,28000.0,1.0,1,0.8633
L-20660,2025-01-13,8.0,4.0,3.0,4.0,3.0,17.0,0.0,0.0,6.0,3.0,3.0,26.0,8.0,11.0,0.5297,4000.0,1.0,0,0.5093
L-20661,2026-03-14,200.0,1.0,4.0,1.0,3.0,22.0,4.0,0.0,6.0,6.0,5.0,8.0,200.0,7.0,0.1863,8000.0,1.0,1,0.9538
L-20662,2024-09-16,200.0,1.0,0.0,4.0,4.0,18.0,2.0,0.0,11.0,9.0,5.0,22.0,200.0,2.0,0.0732,28000.0,1.0,1,0.8636
L-20663,2025-10-14,200.0,3.0,3.0,3.0,4.0,1.0,5.0,0.0,8.0,5.0,4.0,27.0,200.0,7.0,0.7058,15000.0,1.0,1,0.7729
L-20664,2026-05-06,25.0,5.0,7.0,3.0,2.0,28.0,1.0,0.0,12.0,10.0,3.0,13.0,25.0,7.0,0.632,4000.0,1.0,1,0.9323
L-20665,2025-01-25,80.0,2.0,7.0,2.0,4.0,2.0,2.0,0.0,0.0,0.0,0.0,12.0,80.0,11.0,0.1299,15000.0,0.0,0,0.1912
L-20666,2024-11-22,8.0,0.0,3.0,4.0,2.0,10.0,1.0,0.0,6.0,5.0,2.0,6.0,8.0,6.0,0.3015,8000.0,0.0,0,0.5527
L-20667,2024-10-24,25.0,1.0,6.0,3.0,2.0,29.0,4.0,0.0,4.0,2.0,4.0,10.0,25.0,10.0,0.5845,4000.0,1.0,1,0.9565
L-20668,2024-07-07,25.0,1.0,1.0,1.0,3.0,24.0,3.0,1.0,1.0,0.0,4.0,10.0,25.0,7.0,0.6248,28000.0,1.0,1,0.9717
L-20669,2025-08-16,80.0,0.0,2.0,3.0,0.0,27.0,2.0,0.0,4.0,2.0,4.0,25.0,80.0,9.0,0.3997,28000.0,1.0,1,0.8389
L-20670,2024-08-06,25.0,0.0,3.0,1.0,3.0,0.0,7.0,0.0,0.0,0.0,1.0,35.0,25.0,2.0,0.5519,8000.0,1.0,0,0.5127
L-20671,2026-05-25,80.0,2.0,2.0,4.0,2.0,28.0,6.0,0.0,0.0,0.0,1.0,22.0,80.0,2.0,0.4484,15000.0,1.0,1,0.9067
L-20672,2025-01-20,25.0,5.0,2.0,1.0,4.0,4.0,6.0,0.0,0.0,0.0,4.0,16.0,25.0,2.0,0.4791,4000.0,1.0,1,0.7817
L-20673,2024-07-19,25.0,0.0,6.0,3.0,1.0,16.0,6.0,0.0,7.0,3.0,5.0,30.0,25.0,5.0,0.2608,4000.0,1.0,1,0.9028
L-20674,2026-01-25,8.0,0.0,6.0,2.0,0.0,1.0,7.0,1.0,1.0,0.0,2.0,29.0,8.0,7.0,0.4439,15000.0,0.0,1,0.8617
L-20675,2025-10-16,8.0,0.0,5.0,4.0,0.0,14.0,3.0,0.0,2.0,1.0,1.0,7.0,8.0,6.0,0.2249,15000.0,0.0,0,0.5993
L-20676,2025-06-03,80.0,2.0,3.0,0.0,3.0,29.0,2.0,0.0,6.0,6.0,4.0,33.0,80.0,0.0,0.5763,60000.0,1.0,1,0.9011
L-20677,2025-11-17,200.0,5.0,0.0,0.0,1.0,1.0,0.0,0.0,0.0,0.0,2.0,12.0,200.0,0.0,0.4369,15000.0,1.0,0,0.1951
L-20678,2024-08-11,2000.0,0.0,4.0,0.0,3.0,4.0,7.0,0.0,4.0,1.0,0.0,21.0,2000.0,0.0,0.2583,28000.0,1.0,1,0.6308
L-20679,2024-09-24,200.0,5.0,6.0,4.0,0.0,2.0,1.0,0.0,4.0,4.0,3.0,8.0,200.0,4.0,0.3198,15000.0,1.0,1,0.4397
L-20680,2024-12-10,200.0,4.0,3.0,1.0,0.0,5.0,3.0,1.0,1.0,0.0,3.0,20.0,200.0,1.0,0.2793,4000.0,1.0,1,0.7722
L-20681,2025-08-13,2000.0,0.0,4.0,4.0,0.0,1.0,7.0,0.0,6.0,3.0,2.0,20.0,2000.0,4.0,0.1371,60000.0,0.0,1,0.7224
L-20682,2025-01-25,25.0,1.0,4.0,1.0,0.0,1.0,3.0,1.0,0.0,0.0,1.0,14.0,25.0,0.0,0.1715,60000.0,0.0,0,0.6032
L-20683,2025-07-22,200.0,2.0,0.0,1.0,2.0,1.0,7.0,1.0,2.0,0.0,4.0,26.0,200.0,6.0,0.376,4000.0,0.0,1,0.9212
L-20684,2026-01-08,2000.0,4.0,4.0,3.0,2.0,9.0,0.0,0.0,13.0,9.0,5.0,28.0,2000.0,1.0,0.1274,28000.0,0.0,1,0.5909
L-20685,2025-08-29,80.0,4.0,1.0,2.0,4.0,3.0,6.0,0.0,11.0,8.0,5.0,13.0,80.0,2.0,0.6371,60000.0,1.0,0,0.9355
L-20686,2025-07-12,25.0,2.0,0.0,0.0,0.0,16.0,0.0,0.0,7.0,6.0,5.0,27.0,25.0,8.0,0.2458,8000.0,1.0,1,0.6377
L-20687,2025-01-12,8.0,1.0,2.0,0.0,0.0,5.0,6.0,0.0,9.0,5.0,4.0,6.0,8.0,4.0,0.3433,15000.0,1.0,1,0.8908
L-20688,2024-11-18,200.0,5.0,7.0,1.0,0.0,16.0,7.0,0.0,6.0,2.0,0.0,12.0,200.0,7.0,0.3942,8000.0,1.0,1,0.8737
L-20689,2026-01-09,8.0,2.0,5.0,1.0,1.0,23.0,7.0,0.0,2.0,1.0,1.0,23.0,8.0,7.0,0.324,15000.0,1.0,1,0.894
L-20690,2025-04-28,600.0,2.0,0.0,4.0,1.0,10.0,4.0,0.0,1.0,0.0,3.0,17.0,600.0,4.0,0.3046,15000.0,0.0,0,0.6724
L-20691,2026-02-22,25.0,4.0,7.0,1.0,4.0,12.0,4.0,0.0,2.0,1.0,4.0,29.0,25.0,7.0,0.5212,28000.0,0.0,0,0.7278
L-20692,2024-12-11,600.0,0.0,7.0,1.0,4.0,18.0,3.0,0.0,8.0,4.0,3.0,39.0,600.0,0.0,0.242,60000.0,1.0,0,0.6841
L-20693,2025-02-07,80.0,5.0,3.0,3.0,1.0,19.0,6.0,1.0,8.0,4.0,0.0,39.0,80.0,10.0,0.2088,8000.0,1.0,1,0.9212
L-20694,2025-07-31,200.0,4.0,2.0,1.0,4.0,7.0,0.0,0.0,9.0,7.0,0.0,27.0,200.0,2.0,0.3939,28000.0,0.0,0,0.2524
L-20695,2025-05-03,25.0,3.0,2.0,3.0,3.0,23.0,1.0,0.0,3.0,3.0,4.0,35.0,25.0,6.0,0.4549,15000.0,1.0,0,0.6929
L-20696,2026-01-28,600.0,0.0,7.0,3.0,4.0,19.0,2.0,0.0,1.0,0.0,0.0,6.0,600.0,4.0,0.5822,60000.0,1.0,1,0.6385
L-20697,2025-08-24,2000.0,4.0,0.0,0.0,4.0,15.0,4.0,0.0,10.0,9.0,1.0,32.0,2000.0,10.0,0.6669,15000.0,1.0,1,0.8339
L-20698,2024-12-17,2000.0,2.0,4.0,1.0,0.0,5.0,2.0,1.0,7.0,5.0,0.0,19.0,2000.0,1.0,0.2746,28000.0,1.0,0,0.6943
L-20699,2025-06-07,8.0,0.0,5.0,4.0,0.0,9.0,0.0,0.0,10.0,9.0,1.0,7.0,8.0,1.0,0.187,8000.0,1.0,0,0.4697
L-20700,2025-02-06,200.0,1.0,4.0,2.0,2.0,15.0,7.0,0.0,1.0,1.0,1.0,0.0,200.0,11.0,0.124,28000.0,1.0,1,0.891
L-20701,2026-05-01,200.0,3.0,4.0,4.0,1.0,1.0,1.0,0.0,1.0,0.0,3.0,8.0,200.0,9.0,0.7044,60000.0,1.0,1,0.3879
L-20702,2025-09-04,80.0,0.0,0.0,0.0,0.0,22.0,5.0,1.0,1.0,0.0,5.0,12.0,80.0,6.0,0.2553,4000.0,1.0,1,0.9815
L-20703,2026-05-19,600.0,2.0,1.0,4.0,3.0,20.0,1.0,0.0,7.0,5.0,0.0,22.0,600.0,4.0,0.2188,4000.0,1.0,1,0.5229
L-20704,2025-07-12,80.0,1.0,7.0,0.0,2.0,4.0,1.0,1.0,0.0,0.0,2.0,20.0,80.0,3.0,0.6378,28000.0,1.0,1,0.6188
L-20705,2026-05-16,25.0,2.0,0.0,3.0,0.0,24.0,1.0,1.0,12.0,12.0,5.0,29.0,25.0,9.0,0.1696,28000.0,1.0,1,0.972
L-20706,2025-02-13,25.0,1.0,5.0,2.0,4.0,24.0,6.0,0.0,0.0,0.0,5.0,4.0,25.0,4.0,0.5713,8000.0,1.0,1,0.9726
L-20707,2025-03-19,200.0,1.0,1.0,4.0,1.0,2.0,7.0,0.0,11.0,8.0,2.0,15.0,200.0,1.0,0.4631,15000.0,1.0,1,0.8815
L-20708,2026-04-19,600.0,2.0,2.0,2.0,3.0,29.0,7.0,0.0,13.0,13.0,5.0,14.0,600.0,5.0,0.2968,8000.0,1.0,1,0.9956
L-20709,2025-04-21,600.0,2.0,6.0,2.0,4.0,17.0,0.0,0.0,1.0,1.0,2.0,12.0,600.0,7.0,0.5272,15000.0,1.0,1,0.5248
L-20710,2025-08-03,600.0,0.0,1.0,2.0,0.0,0.0,7.0,0.0,5.0,2.0,2.0,38.0,600.0,7.0,0.635,60000.0,0.0,0,0.6516
L-20711,2025-07-23,600.0,1.0,5.0,3.0,0.0,10.0,5.0,0.0,9.0,9.0,2.0,36.0,600.0,11.0,0.4471,15000.0,1.0,1,0.8111
L-20712,2026-01-08,25.0,0.0,4.0,3.0,2.0,22.0,4.0,0.0,5.0,5.0,4.0,10.0,25.0,2.0,0.2179,28000.0,1.0,1,0.9283
L-20713,2026-01-25,25.0,1.0,5.0,0.0,4.0,28.0,3.0,0.0,3.0,2.0,0.0,37.0,25.0,9.0,0.2982,28000.0,1.0,1,0.644
L-20714,2026-05-29,80.0,5.0,5.0,0.0,1.0,19.0,4.0,0.0,11.0,7.0,3.0,39.0,80.0,11.0,0.5675,60000.0,0.0,1,0.8571
L-20715,2025-08-28,600.0,4.0,2.0,4.0,1.0,15.0,6.0,0.0,0.0,0.0,4.0,0.0,600.0,10.0,0.2605,8000.0,1.0,1,0.9268
L-20716,2025-01-06,80.0,4.0,0.0,3.0,3.0,13.0,1.0,0.0,0.0,0.0,1.0,19.0,80.0,0.0,0.6568,60000.0,1.0,1,0.4017
L-20717,2024-06-23,2000.0,0.0,4.0,1.0,0.0,25.0,4.0,0.0,4.0,0.0,3.0,18.0,2000.0,3.0,0.5532,8000.0,0.0,1,0.8958
L-20718,2024-07-31,25.0,3.0,2.0,3.0,2.0,23.0,2.0,0.0,9.0,8.0,3.0,24.0,25.0,7.0,0.4065,4000.0,1.0,1,0.8582
L-20719,2025-06-25,8.0,1.0,4.0,4.0,4.0,9.0,4.0,0.0,3.0,0.0,3.0,3.0,8.0,7.0,0.2206,28000.0,1.0,1,0.7003
L-20720,2025-05-02,600.0,4.0,2.0,4.0,2.0,11.0,7.0,0.0,1.0,0.0,2.0,3.0,600.0,9.0,0.4316,15000.0,1.0,1,0.8941
L-20721,2024-10-23,80.0,2.0,4.0,0.0,2.0,27.0,6.0,0.0,2.0,0.0,5.0,3.0,80.0,2.0,0.8325,28000.0,1.0,1,0.9839
L-20722,2024-10-15,600.0,2.0,7.0,1.0,2.0,16.0,2.0,0.0,8.0,7.0,3.0,20.0,600.0,4.0,0.1117,28000.0,0.0,1,0.7456
L-20723,2024-06-03,2000.0,0.0,3.0,3.0,2.0,26.0,4.0,0.0,9.0,9.0,5.0,21.0,2000.0,3.0,0.3499,4000.0,1.0,1,0.9718
L-20724,2024-08-27,8.0,3.0,3.0,2.0,1.0,3.0,7.0,0.0,11.0,9.0,0.0,17.0,8.0,10.0,0.1234,60000.0,1.0,1,0.7758
L-20725,2026-01-17,25.0,1.0,0.0,0.0,0.0,28.0,6.0,0.0,8.0,4.0,1.0,39.0,25.0,7.0,0.0832,28000.0,1.0,1,0.8675
L-20726,2025-07-18,600.0,1.0,3.0,1.0,0.0,18.0,7.0,0.0,8.0,6.0,0.0,18.0,600.0,11.0,0.2042,8000.0,1.0,1,0.9054
L-20727,2024-10-31,25.0,2.0,4.0,2.0,1.0,9.0,7.0,0.0,0.0,0.0,2.0,3.0,25.0,11.0,0.4633,8000.0,1.0,1,0.87
L-20728,2024-12-09,2000.0,2.0,0.0,4.0,2.0,19.0,6.0,1.0,6.0,4.0,5.0,17.0,2000.0,9.0,0.5738,15000.0,1.0,1,0.9918
L-20729,2025-03-12,2000.0,2.0,2.0,0.0,2.0,9.0,5.0,0.0,11.0,10.0,5.0,15.0,2000.0,5.0,0.2814,15000.0,1.0,1,0.9408
L-20730,2026-02-09,2000.0,5.0,7.0,4.0,0.0,16.0,4.0,0.0,0.0,0.0,4.0,3.0,2000.0,0.0,0.4481,15000.0,1.0,1,0.8846
L-20731,2025-09-26,600.0,0.0,7.0,2.0,4.0,12.0,7.0,1.0,9.0,5.0,5.0,23.0,600.0,2.0,0.4376,15000.0,1.0,1,0.9875
L-20732,2025-06-15,80.0,1.0,7.0,2.0,3.0,7.0,4.0,1.0,6.0,5.0,0.0,7.0,80.0,11.0,0.5864,8000.0,1.0,1,0.9019
L-20733,2025-10-14,80.0,1.0,6.0,0.0,0.0,18.0,2.0,0.0,6.0,3.0,5.0,29.0,80.0,4.0,0.0775,4000.0,1.0,1,0.709
L-20734,2024-11-19,8.0,1.0,4.0,2.0,2.0,11.0,0.0,0.0,8.0,6.0,3.0,19.0,8.0,6.0,0.8242,60000.0,1.0,1,0.5968
L-20735,2025-12-08,2000.0,3.0,0.0,0.0,1.0,21.0,5.0,0.0,2.0,0.0,4.0,31.0,2000.0,8.0,0.497,28000.0,1.0,1,0.8798
L-20736,2025-05-21,8.0,5.0,0.0,0.0,2.0,6.0,7.0,0.0,13.0,12.0,3.0,14.0,8.0,11.0,0.5786,60000.0,1.0,1,0.9565
L-20737,2026-02-01,2000.0,5.0,7.0,1.0,4.0,27.0,5.0,0.0,4.0,0.0,5.0,26.0,2000.0,8.0,0.305,15000.0,1.0,1,0.9369
L-20738,2025-06-22,200.0,4.0,5.0,2.0,3.0,14.0,7.0,0.0,13.0,12.0,5.0,23.0,200.0,2.0,0.0803,8000.0,1.0,1,0.9737
L-20739,2024-09-22,200.0,3.0,1.0,4.0,4.0,19.0,0.0,0.0,9.0,8.0,5.0,8.0,200.0,11.0,0.5916,8000.0,1.0,1,0.88
L-20740,2024-07-31,600.0,4.0,6.0,3.0,1.0,6.0,2.0,1.0,5.0,3.0,0.0,2.0,600.0,11.0,0.3453,8000.0,1.0,0,0.7677
L-20741,2025-02-28,600.0,5.0,4.0,3.0,4.0,15.0,6.0,0.0,11.0,11.0,1.0,3.0,600.0,4.0,0.3721,60000.0,1.0,1,0.9577
L-20742,2024-12-05,600.0,0.0,4.0,1.0,1.0,3.0,4.0,0.0,2.0,2.0,1.0,38.0,600.0,10.0,0.1701,4000.0,1.0,0,0.299
L-20743,2025-11-06,200.0,0.0,5.0,4.0,2.0,19.0,1.0,0.0,8.0,4.0,0.0,9.0,200.0,5.0,0.2937,15000.0,0.0,0,0.5779
L-20744,2025-09-11,25.0,1.0,6.0,2.0,1.0,29.0,7.0,0.0,4.0,1.0,2.0,39.0,25.0,2.0,0.7312,15000.0,1.0,1,0.9417
L-20745,2025-01-10,200.0,2.0,2.0,3.0,2.0,8.0,5.0,1.0,9.0,9.0,5.0,20.0,200.0,0.0,0.3225,8000.0,1.0,1,0.9777
L-20746,2025-04-13,8.0,2.0,0.0,3.0,4.0,23.0,7.0,0.0,6.0,5.0,0.0,0.0,8.0,11.0,0.2943,15000.0,1.0,1,0.9537
L-20747,2025-01-31,25.0,2.0,0.0,0.0,1.0,26.0,6.0,0.0,2.0,0.0,0.0,14.0,25.0,6.0,0.0575,15000.0,1.0,0,0.8476
L-20748,2025-01-11,600.0,5.0,0.0,0.0,0.0,5.0,2.0,0.0,1.0,0.0,2.0,36.0,600.0,7.0,0.1778,60000.0,1.0,1,0.2116
L-20749,2026-03-19,200.0,5.0,3.0,4.0,4.0,23.0,6.0,0.0,3.0,3.0,2.0,21.0,200.0,6.0,0.657,4000.0,1.0,1,0.9388
L-20750,2025-06-16,25.0,1.0,2.0,3.0,1.0,7.0,3.0,0.0,10.0,7.0,3.0,38.0,25.0,10.0,0.1654,28000.0,1.0,0,0.5283
L-20751,2025-02-11,8.0,5.0,1.0,3.0,2.0,26.0,5.0,0.0,3.0,1.0,3.0,29.0,8.0,6.0,0.2431,8000.0,1.0,1,0.872
L-20752,2024-12-15,25.0,5.0,0.0,0.0,1.0,16.0,2.0,0.0,4.0,3.0,0.0,11.0,25.0,7.0,0.4834,8000.0,1.0,1,0.5865
L-20753,2026-04-11,600.0,2.0,0.0,4.0,1.0,22.0,2.0,0.0,1.0,0.0,2.0,1.0,600.0,6.0,0.1426,60000.0,0.0,0,0.7433
L-20754,2026-04-26,8.0,1.0,1.0,0.0,0.0,15.0,1.0,0.0,6.0,3.0,2.0,21.0,8.0,10.0,0.4998,8000.0,0.0,0,0.525
L-20755,2025-09-28,600.0,2.0,1.0,2.0,3.0,20.0,6.0,0.0,6.0,5.0,5.0,8.0,600.0,4.0,0.3469,8000.0,1.0,1,0.9741
L-20756,2025-09-21,600.0,5.0,3.0,4.0,1.0,3.0,2.0,1.0,4.0,0.0,3.0,2.0,600.0,4.0,0.4775,28000.0,0.0,1,0.8122
L-20757,2024-12-19,25.0,3.0,1.0,0.0,0.0,17.0,2.0,0.0,13.0,12.0,4.0,14.0,25.0,9.0,0.3004,60000.0,1.0,1,0.905
L-20758,2024-11-08,200.0,1.0,7.0,1.0,0.0,3.0,7.0,1.0,5.0,2.0,0.0,32.0,200.0,10.0,0.5403,28000.0,1.0,0,0.8613
L-20759,2025-06-06,25.0,0.0,1.0,4.0,4.0,20.0,0.0,0.0,0.0,0.0,1.0,22.0,25.0,3.0,0.2218,8000.0,0.0,0,0.3305
L-20760,2025-05-09,8.0,3.0,4.0,3.0,3.0,10.0,6.0,0.0,9.0,9.0,4.0,23.0,8.0,11.0,0.3527,28000.0,0.0,1,0.9226
L-20761,2026-01-10,25.0,0.0,6.0,1.0,1.0,26.0,7.0,0.0,3.0,2.0,1.0,15.0,25.0,8.0,0.6774,8000.0,1.0,1,0.9562
L-20762,2025-11-02,600.0,3.0,1.0,4.0,2.0,26.0,7.0,0.0,8.0,7.0,5.0,16.0,600.0,2.0,0.3069,15000.0,1.0,1,0.9881
L-20763,2026-04-18,8.0,5.0,1.0,3.0,3.0,13.0,3.0,1.0,3.0,1.0,0.0,11.0,8.0,10.0,0.4799,8000.0,0.0,1,0.8295
L-20764,2024-09-21,8.0,5.0,0.0,0.0,3.0,27.0,5.0,0.0,11.0,11.0,1.0,29.0,8.0,8.0,0.3284,28000.0,1.0,1,0.9414
L-20765,2026-01-05,80.0,4.0,1.0,2.0,2.0,15.0,2.0,0.0,9.0,9.0,1.0,29.0,80.0,6.0,0.3208,15000.0,0.0,1,0.6432
L-20766,2024-11-14,600.0,0.0,6.0,1.0,0.0,12.0,1.0,1.0,8.0,4.0,4.0,22.0,600.0,3.0,0.9101,8000.0,1.0,0,0.9132
L-20767,2026-05-21,80.0,1.0,7.0,2.0,2.0,7.0,0.0,0.0,11.0,8.0,3.0,2.0,80.0,7.0,0.3087,28000.0,0.0,1,0.6055
L-20768,2024-12-17,2000.0,4.0,1.0,1.0,4.0,26.0,5.0,0.0,12.0,8.0,3.0,27.0,2000.0,8.0,0.3774,28000.0,1.0,1,0.9574
L-20769,2025-01-03,600.0,3.0,6.0,2.0,4.0,25.0,0.0,0.0,3.0,0.0,1.0,5.0,600.0,7.0,0.1413,28000.0,0.0,1,0.5577
L-20770,2025-05-22,600.0,4.0,6.0,4.0,2.0,19.0,2.0,0.0,11.0,10.0,5.0,23.0,600.0,2.0,0.4392,28000.0,1.0,0,0.9153
L-20771,2025-03-12,600.0,0.0,1.0,0.0,2.0,9.0,2.0,1.0,10.0,8.0,2.0,1.0,600.0,8.0,0.1576,8000.0,1.0,1,0.9166
L-20772,2026-01-25,2000.0,5.0,2.0,1.0,4.0,18.0,3.0,0.0,12.0,9.0,0.0,15.0,2000.0,7.0,0.573,60000.0,0.0,1,0.8428
L-20773,2025-07-29,200.0,2.0,2.0,4.0,2.0,28.0,1.0,0.0,1.0,0.0,0.0,12.0,200.0,5.0,0.3293,4000.0,0.0,1,0.6215
L-20774,2025-11-22,200.0,4.0,5.0,3.0,4.0,11.0,4.0,0.0,9.0,5.0,5.0,3.0,200.0,3.0,0.8479,8000.0,1.0,1,0.9412
L-20775,2025-03-18,25.0,3.0,3.0,0.0,1.0,1.0,6.0,0.0,5.0,3.0,4.0,7.0,25.0,10.0,0.368,8000.0,0.0,1,0.8271
L-20776,2025-11-02,2000.0,4.0,5.0,3.0,0.0,15.0,0.0,0.0,10.0,8.0,2.0,10.0,2000.0,11.0,0.5637,60000.0,0.0,1,0.7131
L-20777,2025-12-14,600.0,4.0,4.0,3.0,1.0,12.0,4.0,1.0,11.0,7.0,4.0,26.0,600.0,0.0,0.8016,8000.0,1.0,1,0.972
L-20778,2024-12-01,8.0,5.0,1.0,2.0,1.0,17.0,6.0,0.0,1.0,0.0,2.0,10.0,8.0,5.0,0.6726,15000.0,1.0,1,0.8943
L-20779,2025-03-27,8.0,3.0,6.0,4.0,1.0,3.0,0.0,0.0,4.0,0.0,4.0,37.0,8.0,4.0,0.3072,15000.0,0.0,1,0.1515
L-20780,2024-08-23,200.0,0.0,6.0,3.0,0.0,25.0,2.0,0.0,5.0,4.0,5.0,15.0,200.0,11.0,0.3577,8000.0,1.0,1,0.9065
L-20781,2024-07-09,600.0,0.0,2.0,3.0,3.0,24.0,4.0,0.0,11.0,8.0,0.0,18.0,600.0,3.0,0.4262,28000.0,1.0,1,0.8936
L-20782,2024-10-19,2000.0,5.0,6.0,2.0,2.0,8.0,6.0,0.0,13.0,13.0,4.0,22.0,2000.0,8.0,0.1773,60000.0,1.0,1,0.9449
L-20783,2024-06-05,25.0,5.0,4.0,3.0,3.0,4.0,2.0,0.0,12.0,12.0,3.0,37.0,25.0,6.0,0.1702,4000.0,0.0,1,0.5393
L-20784,2024-07-06,25.0,2.0,4.0,3.0,2.0,17.0,2.0,0.0,13.0,13.0,2.0,29.0,25.0,2.0,0.3258,4000.0,1.0,1,0.8096
L-20785,2025-02-27,2000.0,4.0,6.0,4.0,0.0,8.0,2.0,0.0,5.0,5.0,1.0,0.0,2000.0,11.0,0.6197,60000.0,1.0,1,0.688
L-20786,2024-09-22,2000.0,0.0,4.0,0.0,3.0,2.0,5.0,0.0,7.0,3.0,4.0,35.0,2000.0,0.0,0.4679,8000.0,1.0,1,0.6647
L-20787,2026-05-25,25.0,1.0,2.0,4.0,4.0,20.0,5.0,0.0,12.0,10.0,2.0,38.0,25.0,8.0,0.3949,8000.0,1.0,1,0.8975
L-20788,2024-09-14,2000.0,0.0,2.0,3.0,0.0,29.0,6.0,0.0,1.0,0.0,4.0,13.0,2000.0,5.0,0.7235,15000.0,1.0,1,0.9764
L-20789,2024-06-30,25.0,1.0,3.0,1.0,0.0,6.0,1.0,0.0,3.0,2.0,1.0,30.0,25.0,11.0,0.7134,4000.0,0.0,0,0.2624
L-20790,2025-12-29,2000.0,5.0,1.0,2.0,4.0,20.0,0.0,0.0,10.0,6.0,1.0,22.0,2000.0,1.0,0.2034,28000.0,0.0,1,0.534
L-20791,2024-12-26,2000.0,5.0,1.0,2.0,1.0,17.0,1.0,0.0,2.0,2.0,5.0,22.0,2000.0,10.0,0.5993,60000.0,1.0,0,0.7545
L-20792,2025-01-28,200.0,1.0,5.0,2.0,2.0,0.0,3.0,0.0,10.0,8.0,1.0,7.0,200.0,3.0,0.1091,4000.0,1.0,1,0.5294
L-20793,2025-04-21,25.0,0.0,1.0,0.0,3.0,23.0,3.0,0.0,1.0,0.0,5.0,0.0,25.0,0.0,0.6846,15000.0,1.0,1,0.9346
L-20794,2025-01-06,200.0,5.0,3.0,0.0,1.0,8.0,3.0,0.0,4.0,4.0,1.0,39.0,200.0,1.0,0.4409,15000.0,1.0,0,0.4053
L-20795,2026-04-17,2000.0,4.0,1.0,0.0,1.0,4.0,3.0,0.0,0.0,0.0,3.0,30.0,2000.0,2.0,0.8085,60000.0,1.0,0,0.4977
L-20796,2024-10-31,2000.0,5.0,6.0,2.0,4.0,6.0,6.0,1.0,10.0,7.0,3.0,6.0,2000.0,2.0,0.2916,28000.0,1.0,1,0.9758
L-20797,2025-11-28,8.0,5.0,5.0,2.0,0.0,28.0,7.0,0.0,10.0,9.0,2.0,14.0,8.0,7.0,0.3965,15000.0,1.0,1,0.9833
L-20798,2025-08-24,2000.0,1.0,1.0,3.0,0.0,23.0,7.0,0.0,3.0,0.0,4.0,26.0,2000.0,6.0,0.0788,28000.0,1.0,1,0.9324
L-20799,2026-04-12,2000.0,3.0,2.0,3.0,2.0,26.0,1.0,0.0,3.0,2.0,5.0,10.0,2000.0,2.0,0.1767,60000.0,1.0,1,0.8608
L-20800,2026-04-03,80.0,1.0,2.0,3.0,2.0,19.0,0.0,0.0,3.0,2.0,0.0,23.0,80.0,9.0,0.4506,8000.0,0.0,1,0.358
L-20801,2024-10-15,2000.0,5.0,5.0,3.0,1.0,29.0,1.0,0.0,10.0,9.0,1.0,31.0,2000.0,9.0,0.4577,15000.0,1.0,1,0.8213
L-20802,2025-04-25,600.0,5.0,0.0,3.0,4.0,0.0,3.0,0.0,9.0,6.0,5.0,18.0,600.0,7.0,0.1726,60000.0,1.0,1,0.6548
L-20803,2025-12-19,80.0,0.0,1.0,2.0,4.0,6.0,3.0,0.0,6.0,5.0,2.0,3.0,80.0,2.0,0.3615,60000.0,0.0,1,0.6913
L-20804,2025-04-18,2000.0,1.0,6.0,1.0,1.0,9.0,2.0,1.0,1.0,0.0,3.0,35.0,2000.0,4.0,0.6475,60000.0,0.0,1,0.7588
L-20805,2025-01-02,600.0,3.0,6.0,4.0,4.0,17.0,1.0,0.0,5.0,1.0,4.0,31.0,600.0,5.0,0.4027,8000.0,1.0,1,0.5664
L-20806,2025-01-16,25.0,4.0,7.0,4.0,3.0,23.0,3.0,0.0,7.0,5.0,0.0,2.0,25.0,9.0,0.3803,4000.0,1.0,1,0.8424
L-20807,2024-09-25,2000.0,1.0,5.0,1.0,0.0,6.0,6.0,0.0,12.0,12.0,0.0,0.0,2000.0,7.0,0.4044,15000.0,1.0,1,0.9189
L-20808,2024-08-13,200.0,3.0,3.0,2.0,2.0,13.0,2.0,0.0,10.0,10.0,2.0,5.0,200.0,1.0,0.2707,8000.0,1.0,1,0.8181
L-20809,2025-12-01,2000.0,3.0,6.0,1.0,0.0,4.0,2.0,0.0,11.0,9.0,1.0,36.0,2000.0,7.0,0.3296,8000.0,0.0,0,0.4037
L-20810,2024-09-10,2000.0,5.0,5.0,4.0,2.0,7.0,4.0,0.0,7.0,5.0,4.0,37.0,2000.0,10.0,0.0478,15000.0,1.0,1,0.6309
L-20811,2025-10-07,25.0,5.0,5.0,0.0,0.0,12.0,6.0,1.0,11.0,11.0,2.0,38.0,25.0,6.0,0.6778,8000.0,1.0,1,0.9748
L-20812,2024-10-22,2000.0,5.0,5.0,4.0,1.0,20.0,5.0,1.0,4.0,4.0,4.0,38.0,2000.0,11.0,0.3702,60000.0,1.0,1,0.9697
L-20813,2025-03-10,8.0,0.0,7.0,3.0,4.0,28.0,0.0,1.0,3.0,2.0,1.0,33.0,8.0,3.0,0.3502,4000.0,1.0,0,0.7901
L-20814,2026-05-25,25.0,5.0,1.0,4.0,3.0,11.0,5.0,0.0,9.0,8.0,1.0,18.0,25.0,0.0,0.2683,4000.0,1.0,1,0.8093
L-20815,2025-08-20,80.0,4.0,6.0,4.0,4.0,19.0,2.0,0.0,1.0,0.0,4.0,30.0,80.0,0.0,0.3135,28000.0,1.0,1,0.6325
L-20816,2025-12-19,200.0,4.0,0.0,1.0,1.0,3.0,0.0,0.0,13.0,10.0,0.0,23.0,200.0,4.0,0.4673,8000.0,0.0,1,0.2974
L-20817,2025-03-30,2000.0,3.0,2.0,0.0,3.0,9.0,4.0,0.0,7.0,7.0,5.0,20.0,2000.0,5.0,0.494,15000.0,1.0,1,0.8907
L-20818,2025-01-27,2000.0,0.0,5.0,4.0,2.0,11.0,7.0,0.0,8.0,5.0,2.0,27.0,2000.0,5.0,0.3645,4000.0,1.0,1,0.8799
L-20819,2024-07-23,80.0,2.0,3.0,3.0,4.0,4.0,7.0,0.0,1.0,0.0,0.0,4.0,80.0,0.0,0.4248,4000.0,0.0,1,0.7257
L-20820,2025-08-20,200.0,4.0,2.0,1.0,2.0,9.0,3.0,0.0,1.0,0.0,3.0,8.0,200.0,0.0,0.6753,60000.0,1.0,1,0.7021
L-20821,2025-02-11,80.0,0.0,6.0,1.0,1.0,25.0,7.0,0.0,0.0,0.0,4.0,18.0,80.0,2.0,0.5004,60000.0,0.0,1,0.9645
L-20822,2025-12-12,8.0,3.0,2.0,2.0,3.0,16.0,2.0,0.0,7.0,3.0,1.0,14.0,8.0,6.0,0.4735,4000.0,1.0,1,0.6145
L-20823,2025-02-15,80.0,1.0,4.0,1.0,3.0,21.0,6.0,0.0,12.0,8.0,4.0,26.0,80.0,6.0,0.4352,8000.0,0.0,1,0.9642
L-20824,2025-09-20,8.0,3.0,5.0,0.0,1.0,22.0,4.0,1.0,0.0,0.0,4.0,20.0,8.0,0.0,0.2618,28000.0,1.0,1,0.9555
L-20825,2025-11-01,200.0,4.0,7.0,1.0,2.0,25.0,5.0,0.0,13.0,12.0,2.0,16.0,200.0,6.0,0.1181,60000.0,1.0,1,0.9639
L-20826,2025-04-22,2000.0,0.0,4.0,3.0,0.0,26.0,3.0,0.0,9.0,7.0,4.0,34.0,2000.0,3.0,0.6036,28000.0,1.0,1,0.9267
L-20827,2024-11-27,2000.0,0.0,3.0,2.0,2.0,18.0,7.0,0.0,0.0,0.0,5.0,23.0,2000.0,11.0,0.5617,15000.0,0.0,1,0.9525
L-20828,2025-02-05,25.0,0.0,3.0,2.0,2.0,0.0,4.0,0.0,13.0,11.0,2.0,6.0,25.0,2.0,0.2798,60000.0,1.0,1,0.7678
L-20829,2025-12-15,2000.0,0.0,2.0,0.0,2.0,10.0,4.0,0.0,0.0,0.0,1.0,31.0,2000.0,7.0,0.3794,4000.0,1.0,0,0.4762
L-20830,2024-10-14,8.0,3.0,3.0,1.0,3.0,1.0,3.0,0.0,10.0,7.0,0.0,2.0,8.0,5.0,0.1723,60000.0,0.0,1,0.4839
L-20831,2024-12-07,8.0,0.0,5.0,4.0,2.0,4.0,0.0,0.0,8.0,7.0,3.0,25.0,8.0,9.0,0.0899,4000.0,1.0,0,0.2914
L-20832,2025-09-30,600.0,1.0,6.0,4.0,4.0,18.0,2.0,0.0,12.0,12.0,3.0,14.0,600.0,6.0,0.4022,15000.0,1.0,1,0.9069
L-20833,2025-07-28,80.0,2.0,6.0,1.0,0.0,7.0,5.0,0.0,2.0,0.0,5.0,37.0,80.0,3.0,0.4353,4000.0,1.0,0,0.6862
L-20834,2025-10-16,25.0,3.0,1.0,3.0,1.0,1.0,5.0,1.0,8.0,7.0,0.0,4.0,25.0,0.0,0.4091,60000.0,0.0,0,0.9022
L-20835,2026-04-04,8.0,3.0,0.0,4.0,0.0,2.0,4.0,0.0,12.0,12.0,0.0,17.0,8.0,9.0,0.3233,15000.0,1.0,1,0.6573
L-20836,2025-11-25,8.0,5.0,6.0,1.0,2.0,11.0,5.0,0.0,6.0,6.0,0.0,25.0,8.0,1.0,0.7951,15000.0,1.0,1,0.766
L-20837,2024-08-27,80.0,0.0,1.0,4.0,1.0,9.0,2.0,0.0,7.0,6.0,1.0,14.0,80.0,10.0,0.6386,8000.0,1.0,0,0.619
L-20838,2025-04-24,600.0,3.0,1.0,0.0,1.0,17.0,6.0,1.0,13.0,9.0,2.0,19.0,600.0,0.0,0.3378,15000.0,1.0,1,0.9849
L-20839,2025-04-13,8.0,4.0,1.0,2.0,4.0,5.0,4.0,0.0,3.0,3.0,2.0,36.0,8.0,11.0,0.316,8000.0,1.0,1,0.4341
L-20840,2026-04-24,2000.0,0.0,4.0,2.0,2.0,0.0,0.0,1.0,6.0,2.0,0.0,22.0,2000.0,10.0,0.2472,4000.0,0.0,0,0.3199
L-20841,2026-04-18,8.0,4.0,2.0,3.0,3.0,2.0,0.0,0.0,6.0,5.0,1.0,20.0,8.0,5.0,0.6501,8000.0,0.0,1,0.2433
L-20842,2026-05-29,2000.0,3.0,2.0,4.0,3.0,15.0,5.0,1.0,13.0,12.0,3.0,5.0,2000.0,5.0,0.2482,15000.0,1.0,1,0.9906
L-20843,2025-04-01,600.0,0.0,5.0,0.0,2.0,26.0,2.0,0.0,11.0,11.0,2.0,26.0,600.0,1.0,0.7615,4000.0,0.0,1,0.9248
L-20844,2025-03-26,200.0,0.0,7.0,2.0,0.0,18.0,4.0,1.0,10.0,10.0,4.0,34.0,200.0,4.0,0.0428,28000.0,1.0,1,0.9686
L-20845,2025-05-23,25.0,5.0,5.0,2.0,2.0,28.0,1.0,0.0,11.0,8.0,4.0,24.0,25.0,6.0,0.5399,8000.0,1.0,0,0.902
L-20846,2025-11-26,2000.0,4.0,6.0,2.0,3.0,1.0,7.0,0.0,3.0,0.0,2.0,39.0,2000.0,5.0,0.3362,28000.0,0.0,0,0.5513
L-20847,2024-10-22,25.0,3.0,1.0,0.0,2.0,9.0,6.0,0.0,6.0,4.0,3.0,34.0,25.0,1.0,0.2567,15000.0,0.0,1,0.7623
L-20848,2025-01-15,8.0,2.0,6.0,4.0,2.0,18.0,7.0,1.0,0.0,0.0,2.0,31.0,8.0,5.0,0.3113,8000.0,1.0,1,0.953
L-20849,2025-12-18,200.0,0.0,5.0,1.0,0.0,24.0,0.0,0.0,12.0,12.0,1.0,24.0,200.0,11.0,0.4396,8000.0,1.0,1,0.7782
L-20850,2025-04-17,2000.0,2.0,1.0,1.0,3.0,19.0,7.0,0.0,0.0,0.0,2.0,39.0,2000.0,2.0,0.1993,15000.0,0.0,1,0.8209
L-20851,2024-09-24,80.0,2.0,7.0,3.0,0.0,15.0,3.0,0.0,9.0,6.0,4.0,21.0,80.0,8.0,0.8269,4000.0,1.0,1,0.8834
L-20852,2026-02-07,200.0,2.0,0.0,4.0,0.0,12.0,0.0,1.0,0.0,0.0,3.0,14.0,200.0,4.0,0.7402,4000.0,1.0,1,0.7902
L-20853,2024-10-09,25.0,3.0,1.0,1.0,3.0,24.0,3.0,1.0,0.0,0.0,0.0,1.0,25.0,8.0,0.2009,60000.0,0.0,1,0.9187
L-20854,2026-01-26,600.0,1.0,5.0,1.0,0.0,21.0,1.0,0.0,9.0,6.0,3.0,36.0,600.0,9.0,0.1519,4000.0,1.0,0,0.6368
L-20855,2026-02-18,8.0,3.0,7.0,2.0,1.0,22.0,1.0,1.0,12.0,8.0,1.0,25.0,8.0,0.0,0.029,15000.0,0.0,1,0.866
L-20856,2026-03-13,600.0,1.0,7.0,0.0,1.0,12.0,3.0,0.0,8.0,8.0,5.0,5.0,600.0,0.0,0.2401,28000.0,1.0,0,0.9081
L-20857,2026-05-31,8.0,3.0,1.0,4.0,4.0,8.0,6.0,0.0,11.0,11.0,1.0,11.0,8.0,3.0,0.4949,28000.0,1.0,1,0.9085
L-20858,2025-10-15,25.0,3.0,0.0,3.0,1.0,17.0,5.0,0.0,7.0,7.0,0.0,12.0,25.0,4.0,0.3981,8000.0,0.0,0,0.8644
L-20859,2025-11-27,2000.0,0.0,6.0,4.0,3.0,15.0,0.0,0.0,8.0,7.0,2.0,5.0,2000.0,8.0,0.423,28000.0,1.0,1,0.6929
L-20860,2025-05-15,600.0,0.0,5.0,3.0,2.0,8.0,7.0,0.0,8.0,8.0,2.0,30.0,600.0,4.0,0.7516,28000.0,1.0,1,0.9114
L-20861,2025-12-07,80.0,5.0,6.0,1.0,3.0,2.0,3.0,0.0,9.0,5.0,2.0,5.0,80.0,1.0,0.3547,28000.0,0.0,1,0.6034
L-20862,2025-06-10,80.0,0.0,1.0,2.0,3.0,26.0,2.0,1.0,5.0,2.0,5.0,28.0,80.0,1.0,0.5133,4000.0,1.0,1,0.962
L-20863,2026-02-22,200.0,4.0,7.0,4.0,4.0,11.0,4.0,0.0,9.0,7.0,5.0,30.0,200.0,7.0,0.1676,8000.0,1.0,1,0.8307
L-20864,2024-09-06,80.0,1.0,5.0,0.0,2.0,0.0,3.0,0.0,8.0,8.0,1.0,11.0,80.0,4.0,0.0932,8000.0,0.0,1,0.4886
L-20865,2024-11-02,200.0,4.0,3.0,3.0,0.0,18.0,0.0,0.0,4.0,4.0,3.0,3.0,200.0,9.0,0.2408,4000.0,1.0,0,0.6827
L-20866,2025-08-24,200.0,3.0,5.0,4.0,1.0,22.0,7.0,0.0,12.0,12.0,3.0,31.0,200.0,11.0,0.5511,60000.0,1.0,1,0.9808
L-20867,2025-09-10,600.0,5.0,0.0,1.0,0.0,9.0,2.0,0.0,0.0,0.0,2.0,29.0,600.0,10.0,0.3404,28000.0,1.0,0,0.3455
L-20868,2024-07-16,80.0,3.0,2.0,1.0,1.0,4.0,4.0,0.0,3.0,0.0,1.0,26.0,80.0,9.0,0.2604,15000.0,0.0,0,0.3464
L-20869,2025-10-10,2000.0,2.0,4.0,4.0,3.0,15.0,5.0,0.0,11.0,7.0,1.0,31.0,2000.0,2.0,0.4129,4000.0,1.0,1,0.8213
L-20870,2026-05-09,600.0,3.0,5.0,0.0,2.0,12.0,4.0,0.0,13.0,10.0,5.0,1.0,600.0,3.0,0.5218,8000.0,1.0,1,0.9628
L-20871,2025-11-18,25.0,2.0,7.0,1.0,4.0,7.0,4.0,0.0,3.0,1.0,4.0,38.0,25.0,8.0,0.4269,8000.0,0.0,1,0.5569
L-20872,2025-10-18,2000.0,2.0,5.0,4.0,0.0,3.0,3.0,0.0,3.0,3.0,1.0,10.0,2000.0,6.0,0.5089,4000.0,0.0,1,0.5253
L-20873,2026-02-14,8.0,0.0,2.0,3.0,4.0,26.0,3.0,1.0,11.0,9.0,0.0,20.0,8.0,5.0,0.5081,15000.0,1.0,1,0.9657
L-20874,2025-11-03,2000.0,1.0,3.0,3.0,3.0,21.0,6.0,0.0,11.0,9.0,4.0,17.0,2000.0,8.0,0.3916,15000.0,1.0,1,0.9769
L-20875,2025-10-20,200.0,1.0,0.0,0.0,3.0,10.0,7.0,0.0,5.0,2.0,2.0,18.0,200.0,7.0,0.1902,8000.0,1.0,1,0.8307
L-20876,2026-01-14,25.0,5.0,5.0,0.0,4.0,19.0,1.0,0.0,1.0,0.0,0.0,24.0,25.0,9.0,0.5555,28000.0,0.0,1,0.3904
L-20877,2025-01-05,600.0,3.0,1.0,3.0,1.0,22.0,0.0,0.0,13.0,12.0,4.0,5.0,600.0,7.0,0.6944,15000.0,1.0,1,0.9358
L-20878,2026-03-21,80.0,2.0,7.0,2.0,0.0,3.0,0.0,0.0,8.0,8.0,5.0,18.0,80.0,9.0,0.1116,60000.0,0.0,0,0.4878
L-20879,2026-05-19,80.0,3.0,6.0,0.0,2.0,0.0,2.0,0.0,1.0,1.0,4.0,18.0,80.0,2.0,0.1337,15000.0,1.0,0,0.341
L-20880,2025-10-17,200.0,3.0,5.0,2.0,2.0,19.0,3.0,0.0,0.0,0.0,5.0,36.0,200.0,0.0,0.3604,28000.0,1.0,1,0.7377
L-20881,2025-07-09,25.0,2.0,5.0,2.0,3.0,17.0,6.0,0.0,9.0,7.0,4.0,37.0,25.0,2.0,0.2045,15000.0,1.0,1,0.9071
L-20882,2025-06-07,8.0,0.0,6.0,2.0,1.0,10.0,7.0,0.0,3.0,0.0,0.0,25.0,8.0,0.0,0.2519,8000.0,1.0,1,0.645
L-20883,2026-03-04,200.0,2.0,2.0,4.0,0.0,11.0,2.0,0.0,0.0,0.0,2.0,38.0,200.0,11.0,0.7226,28000.0,0.0,0,0.3917
L-20884,2025-12-26,600.0,4.0,2.0,1.0,1.0,19.0,5.0,0.0,1.0,0.0,5.0,23.0,600.0,4.0,0.0066,4000.0,1.0,1,0.863
L-20885,2026-03-20,600.0,4.0,2.0,0.0,3.0,16.0,6.0,0.0,0.0,0.0,4.0,16.0,600.0,11.0,0.5627,60000.0,1.0,1,0.9177
L-20886,2025-11-12,25.0,4.0,5.0,2.0,1.0,0.0,4.0,0.0,0.0,0.0,2.0,7.0,25.0,0.0,0.7636,4000.0,0.0,1,0.5699
L-20887,2025-09-23,80.0,4.0,0.0,3.0,1.0,0.0,7.0,0.0,1.0,1.0,3.0,17.0,80.0,11.0,0.173,15000.0,1.0,1,0.7122
L-20888,2025-05-10,2000.0,2.0,7.0,1.0,2.0,9.0,1.0,0.0,8.0,7.0,1.0,38.0,2000.0,0.0,0.3523,8000.0,1.0,1,0.3499
L-20889,2024-12-17,2000.0,3.0,2.0,2.0,1.0,18.0,5.0,0.0,0.0,0.0,2.0,13.0,2000.0,4.0,0.4527,15000.0,1.0,1,0.852
L-20890,2025-03-01,600.0,2.0,0.0,1.0,3.0,9.0,7.0,0.0,8.0,6.0,4.0,37.0,600.0,7.0,0.038,8000.0,1.0,1,0.8604
L-20891,2025-08-18,200.0,3.0,2.0,2.0,4.0,29.0,7.0,0.0,5.0,4.0,1.0,9.0,200.0,1.0,0.2962,28000.0,1.0,1,0.9697
L-20892,2024-09-30,25.0,5.0,6.0,1.0,1.0,9.0,7.0,0.0,2.0,0.0,0.0,21.0,25.0,11.0,0.1472,15000.0,0.0,1,0.6403
L-20893,2026-02-20,200.0,5.0,4.0,3.0,1.0,18.0,4.0,0.0,1.0,1.0,1.0,34.0,200.0,3.0,0.5914,60000.0,1.0,1,0.6664
L-20894,2025-07-19,600.0,4.0,0.0,4.0,4.0,1.0,1.0,0.0,6.0,3.0,0.0,11.0,600.0,3.0,0.7185,15000.0,0.0,1,0.2914
L-20895,2024-11-03,8.0,0.0,0.0,4.0,0.0,13.0,3.0,0.0,1.0,0.0,3.0,19.0,8.0,1.0,0.4878,60000.0,1.0,1,0.6409
L-20896,2024-06-11,8.0,1.0,1.0,0.0,2.0,25.0,1.0,0.0,10.0,7.0,5.0,13.0,8.0,3.0,0.8219,4000.0,1.0,1,0.9346
L-20897,2026-01-19,200.0,4.0,3.0,3.0,1.0,5.0,3.0,0.0,12.0,12.0,1.0,31.0,200.0,8.0,0.105,8000.0,0.0,1,0.5681
L-20898,2025-09-08,2000.0,0.0,5.0,2.0,2.0,28.0,5.0,0.0,7.0,5.0,5.0,10.0,2000.0,5.0,0.5011,28000.0,1.0,1,0.9826
L-20899,2025-05-03,8.0,4.0,3.0,2.0,1.0,24.0,6.0,0.0,9.0,9.0,1.0,15.0,8.0,5.0,0.0965,60000.0,1.0,1,0.9457
L-20900,2024-06-07,8.0,4.0,3.0,0.0,0.0,0.0,4.0,0.0,3.0,0.0,5.0,37.0,8.0,7.0,0.6168,28000.0,0.0,1,0.4914
L-20901,2026-04-27,8.0,5.0,4.0,1.0,2.0,25.0,5.0,1.0,3.0,3.0,1.0,15.0,8.0,5.0,0.364,8000.0,1.0,1,0.9709
L-20902,2025-06-24,25.0,4.0,4.0,2.0,4.0,13.0,7.0,0.0,10.0,7.0,3.0,33.0,25.0,9.0,0.0503,8000.0,1.0,1,0.8849
L-20903,2024-09-24,600.0,2.0,0.0,2.0,1.0,16.0,4.0,0.0,9.0,9.0,2.0,1.0,600.0,8.0,0.2569,4000.0,1.0,1,0.9217
L-20904,2024-09-01,80.0,2.0,7.0,3.0,4.0,6.0,4.0,0.0,11.0,7.0,2.0,39.0,80.0,2.0,0.383,15000.0,1.0,0,0.583
L-20905,2026-03-14,2000.0,2.0,5.0,1.0,2.0,5.0,6.0,0.0,13.0,12.0,3.0,18.0,2000.0,11.0,0.5856,28000.0,1.0,1,0.9382
L-20906,2026-01-23,8.0,4.0,2.0,2.0,3.0,18.0,1.0,0.0,12.0,9.0,1.0,35.0,8.0,11.0,0.5847,28000.0,1.0,1,0.6146
L-20907,2025-11-22,80.0,3.0,5.0,1.0,2.0,26.0,1.0,1.0,0.0,0.0,5.0,18.0,80.0,5.0,0.3485,60000.0,1.0,1,0.9424
L-20908,2024-12-22,25.0,4.0,3.0,2.0,4.0,17.0,6.0,1.0,9.0,6.0,1.0,24.0,25.0,10.0,0.2477,8000.0,1.0,1,0.9622
L-20909,2025-08-18,25.0,2.0,1.0,0.0,0.0,16.0,6.0,0.0,10.0,7.0,1.0,37.0,25.0,9.0,0.2981,60000.0,0.0,1,0.8224
L-20910,2026-02-27,25.0,0.0,7.0,4.0,1.0,17.0,2.0,0.0,9.0,5.0,2.0,2.0,25.0,8.0,0.4239,8000.0,0.0,1,0.7999
L-20911,2025-08-10,25.0,5.0,2.0,4.0,3.0,14.0,1.0,0.0,12.0,9.0,1.0,26.0,25.0,7.0,0.7688,4000.0,1.0,0,0.6494
L-20912,2024-09-10,2000.0,5.0,0.0,1.0,3.0,0.0,7.0,0.0,12.0,8.0,2.0,14.0,2000.0,6.0,0.5746,4000.0,1.0,1,0.886
L-20913,2024-11-30,600.0,1.0,6.0,2.0,2.0,29.0,4.0,0.0,10.0,8.0,4.0,13.0,600.0,4.0,0.6653,28000.0,1.0,1,0.98
L-20914,2025-07-30,80.0,3.0,3.0,1.0,3.0,28.0,0.0,0.0,8.0,5.0,1.0,24.0,80.0,8.0,0.069,15000.0,0.0,1,0.5921
L-20915,2026-05-14,8.0,0.0,4.0,1.0,3.0,22.0,1.0,1.0,5.0,3.0,1.0,34.0,8.0,11.0,0.2,60000.0,1.0,1,0.7596
L-20916,2025-01-06,200.0,4.0,6.0,1.0,0.0,19.0,0.0,0.0,6.0,2.0,5.0,39.0,200.0,6.0,0.6596,8000.0,1.0,0,0.5995
L-20917,2024-07-08,200.0,3.0,7.0,1.0,3.0,18.0,6.0,0.0,2.0,2.0,3.0,10.0,200.0,11.0,0.766,8000.0,1.0,1,0.9473
L-20918,2025-10-24,25.0,0.0,6.0,0.0,1.0,24.0,7.0,0.0,0.0,0.0,0.0,15.0,25.0,9.0,0.2653,28000.0,1.0,1,0.8873
L-20919,2024-06-24,80.0,5.0,2.0,2.0,4.0,1.0,0.0,0.0,0.0,0.0,1.0,7.0,80.0,9.0,0.5592,4000.0,1.0,0,0.1922
L-20920,2025-02-01,25.0,3.0,4.0,2.0,2.0,10.0,4.0,1.0,4.0,2.0,1.0,38.0,25.0,11.0,0.2554,28000.0,1.0,1,0.7473
L-20921,2026-04-13,2000.0,5.0,2.0,1.0,4.0,19.0,4.0,0.0,12.0,12.0,1.0,36.0,2000.0,8.0,0.2357,28000.0,1.0,1,0.8564
L-20922,2025-02-04,2000.0,0.0,0.0,3.0,0.0,9.0,4.0,0.0,10.0,6.0,5.0,22.0,2000.0,2.0,0.5232,28000.0,1.0,1,0.8748
L-20923,2026-04-09,600.0,0.0,5.0,3.0,4.0,0.0,7.0,0.0,0.0,0.0,0.0,29.0,600.0,7.0,0.438,4000.0,0.0,1,0.4947
L-20924,2026-03-11,25.0,2.0,2.0,4.0,2.0,26.0,2.0,0.0,3.0,2.0,3.0,38.0,25.0,1.0,0.0976,15000.0,0.0,1,0.6507
L-20925,2024-10-12,80.0,0.0,6.0,3.0,2.0,3.0,7.0,0.0,3.0,0.0,3.0,5.0,80.0,3.0,0.0646,28000.0,1.0,1,0.7839
L-20926,2024-07-18,80.0,3.0,7.0,3.0,2.0,2.0,2.0,0.0,7.0,7.0,1.0,2.0,80.0,10.0,0.4942,15000.0,1.0,0,0.5684
L-20927,2024-07-02,200.0,2.0,3.0,1.0,3.0,0.0,1.0,0.0,7.0,5.0,1.0,21.0,200.0,9.0,0.2927,15000.0,0.0,0,0.232
L-20928,2024-08-28,25.0,0.0,5.0,2.0,1.0,1.0,0.0,0.0,8.0,4.0,5.0,36.0,25.0,8.0,0.6127,8000.0,0.0,0,0.307
L-20929,2026-04-18,8.0,3.0,3.0,1.0,2.0,7.0,2.0,0.0,11.0,11.0,1.0,26.0,8.0,9.0,0.4046,28000.0,1.0,1,0.5706
L-20930,2024-12-25,8.0,5.0,1.0,1.0,3.0,4.0,2.0,0.0,10.0,7.0,1.0,29.0,8.0,0.0,0.3549,15000.0,0.0,0,0.3612
L-20931,2024-06-19,8.0,2.0,4.0,4.0,0.0,13.0,3.0,1.0,6.0,3.0,5.0,2.0,8.0,5.0,0.5054,8000.0,1.0,1,0.9666
L-20932,2025-11-11,2000.0,2.0,2.0,1.0,4.0,25.0,4.0,1.0,5.0,4.0,2.0,4.0,2000.0,10.0,0.7552,15000.0,1.0,1,0.9877
L-20933,2025-09-11,600.0,0.0,7.0,3.0,1.0,24.0,0.0,1.0,0.0,0.0,3.0,8.0,600.0,6.0,0.12,15000.0,1.0,1,0.8747
L-20934,2026-05-01,25.0,3.0,1.0,2.0,3.0,24.0,7.0,0.0,2.0,0.0,0.0,10.0,25.0,10.0,0.2437,28000.0,1.0,1,0.8997
L-20935,2024-09-15,200.0,4.0,0.0,3.0,3.0,6.0,5.0,0.0,9.0,8.0,0.0,32.0,200.0,2.0,0.1862,8000.0,0.0,1,0.5908
L-20936,2024-11-03,2000.0,1.0,4.0,1.0,0.0,5.0,1.0,0.0,8.0,7.0,3.0,26.0,2000.0,2.0,0.3443,15000.0,0.0,0,0.4783
L-20937,2026-02-02,80.0,2.0,6.0,0.0,2.0,29.0,3.0,0.0,12.0,10.0,3.0,10.0,80.0,1.0,0.5991,60000.0,1.0,1,0.9707
L-20938,2026-05-27,80.0,1.0,5.0,2.0,4.0,12.0,0.0,0.0,7.0,6.0,2.0,3.0,80.0,9.0,0.4377,60000.0,1.0,0,0.6046
L-20939,2025-07-15,600.0,4.0,2.0,0.0,1.0,10.0,5.0,0.0,0.0,0.0,1.0,13.0,600.0,8.0,0.5137,4000.0,1.0,0,0.7062
L-20940,2024-08-21,25.0,0.0,0.0,0.0,4.0,26.0,2.0,0.0,13.0,12.0,0.0,22.0,25.0,3.0,0.8493,4000.0,1.0,1,0.9028
L-20941,2024-11-03,2000.0,0.0,0.0,3.0,4.0,5.0,7.0,0.0,5.0,1.0,3.0,38.0,2000.0,2.0,0.3036,4000.0,1.0,1,0.7102
L-20942,2025-01-09,80.0,4.0,3.0,1.0,4.0,9.0,1.0,0.0,9.0,8.0,0.0,26.0,80.0,11.0,0.6436,15000.0,0.0,1,0.4427
L-20943,2025-09-28,25.0,3.0,0.0,4.0,0.0,29.0,4.0,1.0,8.0,8.0,2.0,29.0,25.0,8.0,0.2777,15000.0,1.0,1,0.9795
L-20944,2024-07-10,8.0,3.0,4.0,3.0,0.0,17.0,1.0,0.0,12.0,12.0,4.0,16.0,8.0,4.0,0.5444,15000.0,1.0,0,0.8839
L-20945,2026-03-16,80.0,4.0,2.0,3.0,4.0,14.0,2.0,0.0,5.0,4.0,3.0,1.0,80.0,1.0,0.5724,8000.0,0.0,1,0.8139
L-20946,2025-01-15,80.0,0.0,7.0,3.0,4.0,7.0,3.0,1.0,8.0,6.0,5.0,24.0,80.0,11.0,0.3417,15000.0,1.0,1,0.9247
L-20947,2026-05-09,8.0,5.0,7.0,1.0,1.0,8.0,4.0,0.0,10.0,9.0,0.0,3.0,8.0,6.0,0.1447,4000.0,1.0,1,0.737
L-20948,2024-11-23,200.0,0.0,1.0,2.0,2.0,26.0,3.0,0.0,9.0,8.0,4.0,32.0,200.0,10.0,0.297,4000.0,1.0,1,0.9143
L-20949,2025-06-15,25.0,5.0,7.0,1.0,1.0,19.0,6.0,0.0,3.0,2.0,5.0,39.0,25.0,8.0,0.279,15000.0,1.0,1,0.8905
L-20950,2024-12-10,2000.0,5.0,7.0,1.0,0.0,26.0,1.0,0.0,10.0,9.0,2.0,19.0,2000.0,5.0,0.2425,4000.0,1.0,1,0.8457
L-20951,2025-06-22,25.0,1.0,3.0,1.0,0.0,18.0,7.0,0.0,5.0,2.0,5.0,21.0,25.0,10.0,0.1495,60000.0,1.0,1,0.9421
L-20952,2025-01-24,8.0,5.0,3.0,1.0,0.0,25.0,7.0,0.0,2.0,0.0,4.0,22.0,8.0,4.0,0.0822,15000.0,1.0,1,0.939
L-20953,2025-12-10,200.0,1.0,0.0,0.0,0.0,16.0,4.0,0.0,12.0,8.0,2.0,24.0,200.0,10.0,0.2132,60000.0,1.0,1,0.8294
L-20954,2025-03-27,25.0,3.0,1.0,3.0,3.0,14.0,2.0,0.0,0.0,0.0,2.0,16.0,25.0,11.0,0.2036,28000.0,0.0,0,0.4819
L-20955,2025-02-25,600.0,5.0,5.0,3.0,4.0,15.0,7.0,0.0,6.0,2.0,1.0,0.0,600.0,7.0,0.2254,8000.0,0.0,1,0.9127
L-20956,2026-04-15,8.0,5.0,1.0,0.0,4.0,14.0,6.0,1.0,3.0,2.0,2.0,13.0,8.0,3.0,0.3306,60000.0,1.0,1,0.9584
L-20957,2025-04-27,8.0,3.0,3.0,1.0,0.0,20.0,7.0,0.0,5.0,5.0,4.0,32.0,8.0,8.0,0.4144,4000.0,1.0,1,0.9495
L-20958,2025-06-18,80.0,5.0,6.0,4.0,4.0,18.0,7.0,0.0,2.0,1.0,3.0,3.0,80.0,11.0,0.3745,28000.0,1.0,1,0.9502
L-20959,2026-03-09,25.0,0.0,4.0,3.0,1.0,14.0,0.0,1.0,13.0,12.0,4.0,35.0,25.0,4.0,0.5349,28000.0,1.0,1,0.9085
L-20960,2025-05-23,2000.0,4.0,2.0,2.0,3.0,11.0,5.0,0.0,11.0,9.0,5.0,13.0,2000.0,5.0,0.4485,28000.0,1.0,1,0.9533
L-20961,2025-07-07,8.0,2.0,6.0,4.0,3.0,26.0,0.0,0.0,5.0,1.0,1.0,37.0,8.0,6.0,0.2016,15000.0,1.0,0,0.3525
L-20962,2025-02-10,600.0,3.0,2.0,0.0,2.0,3.0,0.0,0.0,8.0,4.0,3.0,28.0,600.0,6.0,0.4687,60000.0,1.0,1,0.2802
L-20963,2025-03-29,8.0,4.0,0.0,0.0,1.0,17.0,4.0,0.0,5.0,4.0,0.0,29.0,8.0,10.0,0.3314,4000.0,1.0,0,0.6315
L-20964,2024-08-30,80.0,2.0,4.0,0.0,1.0,16.0,1.0,0.0,4.0,4.0,0.0,0.0,80.0,4.0,0.5869,15000.0,1.0,0,0.6408
L-20965,2025-08-21,80.0,2.0,0.0,2.0,1.0,11.0,0.0,0.0,1.0,0.0,4.0,24.0,80.0,8.0,0.5161,15000.0,0.0,0,0.393
L-20966,2025-03-23,2000.0,1.0,0.0,3.0,1.0,6.0,3.0,0.0,4.0,2.0,2.0,37.0,2000.0,9.0,0.5128,28000.0,1.0,0,0.417
L-20967,2026-01-17,25.0,4.0,2.0,4.0,1.0,6.0,5.0,0.0,8.0,7.0,1.0,16.0,25.0,10.0,0.055,8000.0,0.0,0,0.6886
L-20968,2026-01-10,200.0,4.0,3.0,2.0,3.0,12.0,6.0,0.0,12.0,8.0,3.0,19.0,200.0,2.0,0.4826,28000.0,1.0,1,0.9311
L-20969,2025-10-31,2000.0,2.0,6.0,2.0,3.0,10.0,2.0,0.0,8.0,8.0,3.0,24.0,2000.0,9.0,0.0308,4000.0,1.0,0,0.6367
L-20970,2025-10-03,200.0,1.0,6.0,2.0,2.0,13.0,5.0,0.0,5.0,5.0,3.0,11.0,200.0,8.0,0.5735,15000.0,1.0,1,0.9085
L-20971,2024-12-28,80.0,4.0,6.0,1.0,2.0,6.0,6.0,0.0,9.0,9.0,5.0,5.0,80.0,4.0,0.5527,8000.0,1.0,1,0.9608
L-20972,2025-12-19,25.0,3.0,0.0,2.0,3.0,18.0,1.0,0.0,13.0,12.0,5.0,14.0,25.0,9.0,0.4083,28000.0,1.0,0,0.9115
L-20973,2025-07-19,25.0,4.0,7.0,0.0,3.0,8.0,7.0,0.0,13.0,13.0,5.0,38.0,25.0,4.0,0.4233,4000.0,1.0,1,0.9546
L-20974,2024-11-16,200.0,3.0,4.0,3.0,4.0,17.0,2.0,0.0,9.0,8.0,4.0,38.0,200.0,9.0,0.4666,15000.0,1.0,1,0.7807
L-20975,2025-05-03,200.0,2.0,1.0,4.0,4.0,13.0,2.0,0.0,12.0,11.0,1.0,34.0,200.0,7.0,0.6504,8000.0,1.0,1,0.6995
L-20976,2026-05-28,25.0,1.0,0.0,0.0,0.0,15.0,6.0,0.0,9.0,7.0,4.0,20.0,25.0,5.0,0.4492,28000.0,1.0,1,0.9452
L-20977,2026-05-19,25.0,1.0,7.0,3.0,3.0,12.0,2.0,0.0,3.0,3.0,5.0,5.0,25.0,1.0,0.4123,28000.0,1.0,1,0.8014
L-20978,2025-10-05,25.0,4.0,0.0,1.0,4.0,16.0,3.0,0.0,12.0,8.0,1.0,9.0,25.0,6.0,0.5664,15000.0,0.0,1,0.8434
L-20979,2025-02-15,600.0,2.0,5.0,4.0,1.0,4.0,0.0,1.0,13.0,12.0,0.0,14.0,600.0,11.0,0.232,4000.0,1.0,1,0.7218
L-20980,2025-02-20,8.0,1.0,0.0,2.0,2.0,18.0,2.0,0.0,7.0,5.0,3.0,15.0,8.0,10.0,0.3941,28000.0,1.0,1,0.7799
L-20981,2025-11-30,8.0,2.0,4.0,4.0,2.0,11.0,6.0,0.0,6.0,4.0,5.0,19.0,8.0,11.0,0.6656,28000.0,1.0,1,0.9315
L-20982,2025-07-20,200.0,0.0,7.0,0.0,1.0,17.0,2.0,0.0,7.0,3.0,3.0,26.0,200.0,11.0,0.1712,28000.0,1.0,0,0.6257
L-20983,2026-04-06,200.0,5.0,7.0,2.0,2.0,9.0,1.0,0.0,10.0,8.0,0.0,16.0,200.0,3.0,0.5924,28000.0,1.0,1,0.5132
L-20984,2024-10-19,600.0,3.0,6.0,3.0,4.0,23.0,1.0,1.0,5.0,4.0,4.0,36.0,600.0,4.0,0.3288,15000.0,1.0,1,0.9081
L-20985,2025-01-29,8.0,4.0,5.0,4.0,4.0,11.0,1.0,0.0,4.0,0.0,0.0,4.0,8.0,4.0,0.2088,60000.0,1.0,0,0.3033
L-20986,2025-09-07,80.0,5.0,0.0,3.0,0.0,17.0,0.0,0.0,10.0,8.0,1.0,35.0,80.0,7.0,0.3812,60000.0,0.0,1,0.4511
L-20987,2024-10-19,80.0,5.0,4.0,3.0,2.0,24.0,6.0,0.0,6.0,6.0,0.0,3.0,80.0,2.0,0.2021,28000.0,1.0,1,0.9412
L-20988,2026-03-02,200.0,1.0,0.0,3.0,4.0,25.0,5.0,0.0,12.0,10.0,4.0,33.0,200.0,0.0,0.076,60000.0,1.0,1,0.9525
L-20989,2025-06-07,200.0,0.0,6.0,3.0,0.0,13.0,0.0,0.0,13.0,10.0,5.0,29.0,200.0,10.0,0.5588,28000.0,1.0,0,0.7489
L-20990,2025-04-05,2000.0,0.0,4.0,2.0,4.0,23.0,4.0,0.0,11.0,10.0,2.0,18.0,2000.0,2.0,0.8365,8000.0,1.0,1,0.9607
L-20991,2025-09-03,8.0,5.0,2.0,4.0,2.0,26.0,7.0,1.0,11.0,10.0,3.0,1.0,8.0,6.0,0.0719,8000.0,1.0,1,0.9969
L-20992,2024-12-26,200.0,0.0,0.0,4.0,0.0,11.0,7.0,0.0,12.0,10.0,1.0,13.0,200.0,11.0,0.4564,15000.0,0.0,1,0.9411
L-20993,2024-09-06,600.0,0.0,5.0,4.0,0.0,14.0,3.0,0.0,9.0,9.0,2.0,8.0,600.0,1.0,0.4476,4000.0,1.0,1,0.8719
L-20994,2025-08-05,25.0,2.0,7.0,3.0,3.0,22.0,4.0,0.0,7.0,3.0,1.0,17.0,25.0,11.0,0.2135,60000.0,1.0,1,0.7952
L-20995,2024-10-16,80.0,0.0,7.0,1.0,3.0,26.0,0.0,0.0,12.0,12.0,3.0,22.0,80.0,10.0,0.3942,60000.0,1.0,1,0.8705
L-20996,2024-06-16,200.0,2.0,3.0,0.0,2.0,3.0,7.0,0.0,8.0,7.0,3.0,15.0,200.0,10.0,0.6363,60000.0,1.0,1,0.9147
L-20997,2024-06-19,600.0,3.0,4.0,1.0,0.0,26.0,0.0,0.0,3.0,1.0,4.0,16.0,600.0,5.0,0.3171,28000.0,1.0,1,0.733
L-20998,2026-01-03,80.0,1.0,2.0,0.0,2.0,17.0,1.0,0.0,0.0,0.0,2.0,30.0,80.0,4.0,0.3159,8000.0,1.0,0,0.3858
L-20999,2026-01-31,25.0,3.0,2.0,0.0,3.0,1.0,4.0,0.0,1.0,0.0,1.0,32.0,25.0,8.0,0.4115,60000.0,0.0,0,0.2778
L-A,2026-05-21,600.0,1.0,0.0,4.0,0.0,18.0,5.0,1.0,10.0,6.0,3.0,2.0,600.0,9.0,0.88,15000.0,1.0,1,0.91
L-B,2026-05-21,80.0,2.0,1.0,2.0,1.0,9.0,2.0,0.0,6.0,3.0,1.0,6.0,80.0,4.0,0.55,8000.0,0.0,1,0.73
L-C,2026-05-21,8.0,4.0,5.0,0.0,3.0,1.0,0.0,0.0,1.0,0.0,0.0,28.0,8.0,1.0,0.12,4000.0,0.0,0,0.22
L-D,2026-05-21,200.0,1.0,0.0,3.0,2.0,7.0,2.0,1.0,4.0,2.0,1.0,9.0,200.0,5.0,0.48,15000.0,0.0,1,0.67
