external_id,created_at,orders_30d,orders_90d,average_order_value,days_since_last_purchase,product_views_7d,cart_additions,cart_abandonments,email_clicks,discount_usage,website_sessions,mobile_sessions,category_preferences,price_sensitivity,campaign_exposure,historical_discount,expected_margin,purchased_7d,true_p0_purchase
S-30000,2026-05-21,4.0,10.0,83.95,6.0,12.0,0.0,1.0,7.0,1.0,14.0,1.0,5.0,0.9568,4.0,0.0,35.26,1,0.8569
S-30001,2026-02-08,0.0,0.0,89.84,5.0,23.0,7.0,4.0,7.0,2.0,14.0,4.0,4.0,0.9498,1.0,0.0,37.73,1,0.8961
S-30002,2026-05-01,4.0,10.0,79.01,43.0,18.0,5.0,3.0,5.0,2.0,2.0,6.0,2.0,0.878,7.0,1.0,33.18,1,0.7512
S-30003,2025-07-18,1.0,7.0,85.17,35.0,0.0,0.0,2.0,0.0,2.0,19.0,13.0,3.0,0.4805,7.0,0.0,35.77,0,0.2271
S-30004,2025-06-21,3.0,10.0,67.91,26.0,27.0,7.0,4.0,3.0,2.0,15.0,11.0,3.0,0.4767,7.0,0.0,28.52,1,0.9183
S-30005,2025-06-21,2.0,5.0,44.52,6.0,30.0,6.0,2.0,2.0,2.0,8.0,4.0,0.0,0.6918,5.0,1.0,18.7,1,0.9097
S-30006,2026-02-14,0.0,0.0,109.17,49.0,38.0,6.0,1.0,5.0,2.0,15.0,4.0,4.0,0.7848,6.0,1.0,45.85,1,0.8647
S-30007,2026-01-01,5.0,6.0,80.9,14.0,32.0,4.0,3.0,3.0,0.0,5.0,7.0,4.0,0.7627,5.0,0.0,33.98,1,0.9168
S-30008,2026-02-13,3.0,4.0,139.16,26.0,10.0,7.0,3.0,3.0,2.0,2.0,8.0,4.0,0.6068,3.0,1.0,58.45,1,0.7649
S-30009,2025-07-11,0.0,1.0,79.25,39.0,8.0,3.0,4.0,4.0,1.0,15.0,5.0,4.0,0.7615,4.0,1.0,33.28,0,0.3285
S-30010,2025-12-25,5.0,5.0,27.36,57.0,5.0,1.0,2.0,9.0,1.0,10.0,7.0,4.0,0.8554,3.0,1.0,11.49,0,0.6559
S-30011,2026-01-08,5.0,12.0,79.15,3.0,30.0,1.0,1.0,6.0,2.0,16.0,14.0,4.0,0.1751,1.0,1.0,33.24,1,0.9614
S-30012,2025-03-31,0.0,3.0,120.04,9.0,29.0,7.0,3.0,5.0,1.0,17.0,11.0,3.0,0.749,3.0,1.0,50.42,1,0.9209
S-30013,2025-10-13,0.0,2.0,136.21,54.0,21.0,5.0,1.0,7.0,3.0,10.0,6.0,1.0,0.8305,1.0,1.0,57.21,1,0.6704
S-30014,2025-05-04,0.0,0.0,66.71,31.0,37.0,4.0,3.0,8.0,1.0,17.0,3.0,4.0,0.2703,3.0,1.0,28.02,1,0.8513
S-30015,2026-05-24,2.0,8.0,110.89,59.0,18.0,3.0,2.0,3.0,1.0,5.0,0.0,2.0,0.1302,2.0,1.0,46.57,0,0.4025
S-30016,2026-04-27,2.0,6.0,135.22,47.0,37.0,7.0,1.0,4.0,0.0,15.0,4.0,4.0,0.9752,3.0,1.0,56.79,1,0.9385
S-30017,2025-04-14,4.0,10.0,127.84,32.0,16.0,2.0,4.0,0.0,2.0,12.0,14.0,5.0,0.6906,3.0,1.0,53.69,0,0.5597
S-30018,2025-12-16,4.0,11.0,126.22,58.0,26.0,3.0,2.0,9.0,1.0,3.0,1.0,1.0,0.1941,1.0,1.0,53.01,0,0.7773
S-30019,2026-05-11,3.0,10.0,103.42,49.0,1.0,1.0,3.0,2.0,2.0,11.0,0.0,5.0,0.8936,3.0,0.0,43.43,1,0.266
S-30020,2025-09-08,2.0,8.0,115.49,57.0,11.0,4.0,3.0,4.0,2.0,15.0,14.0,0.0,0.7599,0.0,1.0,48.51,1,0.5387
S-30021,2025-04-18,5.0,9.0,89.41,45.0,19.0,0.0,4.0,8.0,3.0,2.0,4.0,1.0,0.7725,1.0,0.0,37.55,0,0.5461
S-30022,2025-12-29,2.0,9.0,94.66,7.0,8.0,4.0,4.0,5.0,3.0,4.0,8.0,2.0,0.3895,7.0,1.0,39.76,0,0.6283
S-30023,2025-05-07,2.0,3.0,91.51,7.0,26.0,6.0,0.0,5.0,0.0,6.0,10.0,3.0,0.0549,3.0,1.0,38.44,0,0.9429
S-30024,2025-09-13,2.0,9.0,116.87,29.0,38.0,2.0,0.0,4.0,1.0,14.0,5.0,2.0,0.7299,4.0,0.0,49.08,0,0.8781
S-30025,2026-01-17,5.0,5.0,128.74,36.0,36.0,0.0,0.0,4.0,0.0,1.0,5.0,4.0,0.4855,7.0,1.0,54.07,1,0.8069
S-30026,2025-11-07,5.0,10.0,42.57,7.0,12.0,0.0,4.0,8.0,3.0,5.0,13.0,3.0,0.4902,1.0,1.0,17.88,1,0.7379
S-30027,2025-02-09,5.0,5.0,136.29,41.0,14.0,2.0,0.0,6.0,0.0,1.0,9.0,3.0,0.1809,6.0,1.0,57.24,1,0.7729
S-30028,2026-04-21,3.0,6.0,128.54,29.0,31.0,6.0,4.0,1.0,0.0,12.0,5.0,5.0,0.334,7.0,0.0,53.99,1,0.8588
S-30029,2025-09-26,4.0,9.0,44.86,33.0,20.0,1.0,1.0,9.0,3.0,4.0,14.0,0.0,0.8582,0.0,1.0,18.84,1,0.7949
S-30030,2025-06-12,2.0,3.0,94.95,42.0,16.0,0.0,4.0,4.0,1.0,19.0,4.0,1.0,0.5983,2.0,0.0,39.88,0,0.4085
S-30031,2025-07-21,0.0,6.0,51.41,29.0,12.0,1.0,2.0,2.0,3.0,10.0,6.0,2.0,0.6194,5.0,0.0,21.59,1,0.2759
S-30032,2025-12-06,3.0,4.0,23.01,43.0,16.0,0.0,4.0,5.0,1.0,3.0,10.0,4.0,0.7568,5.0,1.0,9.67,0,0.2921
S-30033,2025-01-06,4.0,10.0,124.74,5.0,14.0,4.0,1.0,5.0,3.0,2.0,10.0,0.0,0.2304,0.0,1.0,52.39,1,0.8865
S-30034,2026-03-21,0.0,4.0,68.79,34.0,7.0,6.0,3.0,5.0,1.0,16.0,2.0,1.0,0.5614,5.0,1.0,28.89,1,0.6479
S-30035,2025-05-04,5.0,6.0,96.03,10.0,16.0,0.0,3.0,8.0,0.0,18.0,9.0,3.0,0.791,3.0,0.0,40.33,1,0.8928
S-30036,2025-12-14,3.0,6.0,90.24,37.0,29.0,0.0,2.0,0.0,2.0,2.0,1.0,1.0,0.1485,7.0,1.0,37.9,0,0.3929
S-30037,2025-08-10,3.0,6.0,120.35,50.0,25.0,5.0,2.0,4.0,0.0,14.0,1.0,2.0,0.4246,7.0,0.0,50.55,1,0.8429
S-30038,2025-09-11,5.0,5.0,21.96,55.0,6.0,1.0,2.0,8.0,0.0,19.0,11.0,1.0,0.4135,4.0,1.0,9.22,1,0.7604
S-30039,2026-02-16,1.0,1.0,36.26,31.0,28.0,6.0,2.0,1.0,1.0,15.0,12.0,0.0,0.8027,4.0,1.0,15.23,1,0.8256
S-30040,2025-03-23,5.0,6.0,36.2,27.0,22.0,7.0,4.0,1.0,0.0,14.0,2.0,5.0,0.1783,0.0,0.0,15.2,1,0.9305
S-30041,2026-05-13,1.0,3.0,79.35,21.0,6.0,4.0,2.0,0.0,0.0,2.0,4.0,5.0,0.3099,2.0,0.0,33.33,0,0.3694
S-30042,2025-01-01,4.0,10.0,83.29,14.0,36.0,3.0,2.0,6.0,3.0,4.0,3.0,0.0,0.2046,3.0,1.0,34.98,1,0.9206
S-30043,2025-10-12,5.0,8.0,82.26,17.0,18.0,0.0,3.0,5.0,1.0,11.0,0.0,5.0,0.4448,2.0,0.0,34.55,0,0.7764
S-30044,2025-04-17,3.0,6.0,111.87,5.0,17.0,0.0,1.0,5.0,1.0,8.0,2.0,3.0,0.2672,7.0,1.0,46.98,0,0.7436
S-30045,2025-03-10,0.0,2.0,121.26,32.0,18.0,6.0,1.0,1.0,2.0,13.0,13.0,4.0,0.6556,3.0,0.0,50.93,1,0.7068
S-30046,2025-09-24,4.0,11.0,85.02,45.0,32.0,3.0,1.0,4.0,2.0,2.0,1.0,0.0,0.0736,2.0,0.0,35.71,1,0.7982
S-30047,2025-01-25,3.0,9.0,121.47,43.0,19.0,3.0,4.0,1.0,2.0,3.0,14.0,5.0,0.5303,7.0,1.0,51.02,0,0.4001
S-30048,2025-08-08,5.0,5.0,124.06,33.0,22.0,7.0,1.0,8.0,3.0,14.0,4.0,1.0,0.6812,1.0,1.0,52.11,1,0.981
S-30049,2026-04-29,1.0,8.0,22.33,3.0,5.0,7.0,1.0,1.0,3.0,14.0,12.0,3.0,0.349,6.0,1.0,9.38,1,0.8551
S-30050,2025-01-25,1.0,6.0,101.98,29.0,25.0,0.0,2.0,2.0,3.0,2.0,3.0,0.0,0.1497,3.0,0.0,42.83,0,0.2984
S-30051,2025-08-02,1.0,4.0,112.32,46.0,27.0,1.0,2.0,6.0,1.0,17.0,9.0,4.0,0.5729,1.0,1.0,47.17,1,0.613
S-30052,2026-05-15,5.0,10.0,121.99,46.0,17.0,2.0,3.0,8.0,0.0,5.0,8.0,2.0,0.8224,6.0,1.0,51.24,1,0.7389
S-30053,2026-04-13,5.0,7.0,51.14,41.0,27.0,0.0,2.0,5.0,0.0,17.0,12.0,1.0,0.7691,5.0,0.0,21.48,1,0.8299
S-30054,2026-02-07,5.0,9.0,93.21,16.0,32.0,2.0,1.0,7.0,1.0,14.0,0.0,2.0,0.4737,5.0,1.0,39.15,1,0.9627
S-30055,2025-02-01,1.0,7.0,82.12,5.0,38.0,5.0,3.0,2.0,2.0,12.0,13.0,1.0,0.4503,5.0,0.0,34.49,1,0.8854
S-30056,2026-02-21,4.0,8.0,83.0,18.0,21.0,0.0,1.0,3.0,3.0,3.0,12.0,3.0,0.8545,5.0,1.0,34.86,1,0.6704
S-30057,2025-06-03,4.0,4.0,139.03,33.0,39.0,6.0,4.0,3.0,3.0,5.0,3.0,5.0,0.6702,4.0,1.0,58.39,1,0.8998
S-30058,2025-05-27,1.0,4.0,112.2,16.0,22.0,2.0,0.0,5.0,3.0,9.0,4.0,1.0,0.0665,0.0,1.0,47.12,1,0.7558
S-30059,2025-02-18,4.0,10.0,135.92,7.0,9.0,7.0,4.0,2.0,0.0,19.0,12.0,0.0,0.4162,7.0,1.0,57.09,1,0.9337
S-30060,2026-01-28,3.0,6.0,62.46,7.0,34.0,2.0,1.0,1.0,1.0,14.0,0.0,3.0,0.2667,5.0,1.0,26.23,1,0.8943
S-30061,2026-05-17,1.0,1.0,38.14,39.0,6.0,3.0,2.0,2.0,1.0,7.0,3.0,1.0,0.9295,3.0,0.0,16.02,1,0.3263
S-30062,2026-01-22,2.0,9.0,53.43,15.0,23.0,3.0,1.0,0.0,3.0,14.0,7.0,1.0,0.3421,6.0,0.0,22.44,0,0.7867
S-30063,2025-12-07,0.0,1.0,129.84,43.0,4.0,0.0,0.0,5.0,3.0,17.0,2.0,3.0,0.2147,7.0,0.0,54.53,0,0.3329
S-30064,2025-10-28,2.0,9.0,114.56,6.0,18.0,7.0,4.0,1.0,1.0,5.0,9.0,5.0,0.2962,7.0,1.0,48.12,1,0.7974
S-30065,2025-08-06,4.0,10.0,120.94,7.0,15.0,4.0,0.0,4.0,2.0,2.0,9.0,1.0,0.5742,3.0,1.0,50.79,1,0.8952
S-30066,2025-12-14,3.0,4.0,40.19,21.0,18.0,2.0,3.0,7.0,1.0,4.0,11.0,5.0,0.5438,4.0,0.0,16.88,0,0.6953
S-30067,2025-03-26,2.0,3.0,74.34,36.0,39.0,4.0,1.0,9.0,3.0,17.0,11.0,0.0,0.5793,2.0,1.0,31.22,1,0.9507
S-30068,2025-05-15,5.0,5.0,101.16,11.0,13.0,4.0,1.0,6.0,2.0,17.0,2.0,0.0,0.6772,3.0,1.0,42.49,1,0.9621
S-30069,2026-04-12,1.0,4.0,129.29,10.0,10.0,4.0,4.0,2.0,2.0,19.0,11.0,1.0,0.1256,4.0,0.0,54.3,0,0.6726
S-30070,2025-04-17,1.0,3.0,35.88,31.0,14.0,5.0,4.0,6.0,0.0,5.0,6.0,4.0,0.8,2.0,1.0,15.07,0,0.5683
S-30071,2025-12-06,1.0,4.0,23.26,40.0,26.0,7.0,0.0,2.0,3.0,19.0,1.0,4.0,0.4028,7.0,1.0,9.77,1,0.9113
S-30072,2026-03-02,2.0,3.0,92.22,51.0,24.0,3.0,2.0,7.0,2.0,17.0,11.0,5.0,0.1581,0.0,1.0,38.73,1,0.7764
S-30073,2025-08-12,5.0,6.0,98.28,58.0,24.0,4.0,4.0,6.0,2.0,2.0,1.0,0.0,0.0706,5.0,0.0,41.28,1,0.7191
S-30074,2026-03-06,3.0,9.0,54.68,33.0,39.0,6.0,3.0,4.0,1.0,7.0,1.0,2.0,0.6959,4.0,0.0,22.96,1,0.9093
S-30075,2025-06-24,3.0,6.0,54.9,11.0,3.0,2.0,4.0,8.0,0.0,18.0,10.0,1.0,0.6697,6.0,1.0,23.06,1,0.7712
S-30076,2025-06-25,5.0,12.0,28.32,31.0,17.0,0.0,1.0,2.0,1.0,18.0,13.0,1.0,0.669,7.0,1.0,11.9,1,0.7949
S-30077,2026-01-19,3.0,8.0,121.53,26.0,0.0,5.0,2.0,4.0,1.0,11.0,9.0,0.0,0.2227,3.0,0.0,51.04,1,0.7503
S-30078,2026-01-07,3.0,6.0,92.8,22.0,21.0,3.0,4.0,6.0,0.0,16.0,14.0,0.0,0.5765,5.0,0.0,38.98,1,0.8292
S-30079,2026-04-28,0.0,5.0,131.65,30.0,25.0,4.0,4.0,9.0,3.0,9.0,1.0,5.0,0.5155,0.0,0.0,55.29,1,0.6704
S-30080,2025-09-30,1.0,7.0,100.39,18.0,8.0,4.0,2.0,8.0,3.0,18.0,7.0,1.0,0.7326,0.0,1.0,42.16,1,0.8235
S-30081,2025-04-06,5.0,5.0,49.14,12.0,10.0,0.0,1.0,3.0,2.0,14.0,6.0,1.0,0.3277,7.0,1.0,20.64,1,0.8069
S-30082,2026-01-02,4.0,4.0,36.02,13.0,39.0,6.0,4.0,7.0,0.0,18.0,11.0,1.0,0.083,2.0,1.0,15.13,1,0.9812
S-30083,2026-01-26,1.0,3.0,92.33,53.0,0.0,7.0,0.0,0.0,0.0,13.0,10.0,0.0,0.4562,3.0,1.0,38.78,1,0.5903
S-30084,2025-06-09,3.0,7.0,107.52,22.0,33.0,4.0,1.0,7.0,3.0,16.0,0.0,0.0,0.4974,1.0,1.0,45.16,1,0.9577
S-30085,2025-11-08,4.0,9.0,64.24,5.0,4.0,3.0,1.0,0.0,3.0,19.0,5.0,5.0,0.5751,2.0,1.0,26.98,0,0.8575
S-30086,2025-07-31,0.0,6.0,103.94,36.0,8.0,3.0,3.0,4.0,0.0,6.0,0.0,5.0,0.859,0.0,1.0,43.65,1,0.2769
S-30087,2025-11-08,5.0,7.0,95.99,0.0,14.0,5.0,0.0,5.0,2.0,8.0,8.0,0.0,0.7043,3.0,1.0,40.32,1,0.9674
S-30088,2026-05-03,1.0,5.0,20.8,38.0,20.0,3.0,3.0,0.0,2.0,8.0,11.0,4.0,0.3977,6.0,0.0,8.74,1,0.3682
S-30089,2026-03-23,1.0,7.0,139.35,52.0,24.0,4.0,3.0,4.0,0.0,11.0,9.0,5.0,0.3571,4.0,0.0,58.53,0,0.5523
S-30090,2025-03-23,5.0,12.0,136.6,58.0,30.0,5.0,3.0,9.0,3.0,7.0,9.0,5.0,0.4156,1.0,0.0,57.37,0,0.9121
S-30091,2026-01-01,5.0,7.0,67.38,31.0,0.0,2.0,4.0,3.0,1.0,2.0,14.0,3.0,0.2959,6.0,1.0,28.3,0,0.4341
S-30092,2025-01-11,1.0,2.0,55.79,33.0,15.0,3.0,1.0,0.0,0.0,5.0,2.0,5.0,0.6646,1.0,1.0,23.43,1,0.4122
S-30093,2025-04-25,5.0,10.0,92.83,3.0,18.0,3.0,0.0,6.0,3.0,12.0,11.0,5.0,0.3805,5.0,1.0,38.99,1,0.9636
S-30094,2025-12-26,3.0,6.0,21.02,0.0,17.0,0.0,1.0,0.0,3.0,14.0,11.0,2.0,0.238,1.0,1.0,8.83,1,0.7211
S-30095,2025-08-04,3.0,4.0,77.91,14.0,2.0,2.0,2.0,5.0,1.0,3.0,12.0,5.0,0.6511,3.0,1.0,32.72,1,0.5695
S-30096,2025-06-11,2.0,7.0,84.93,47.0,29.0,2.0,1.0,0.0,2.0,4.0,8.0,4.0,0.8038,5.0,0.0,35.67,1,0.4663
S-30097,2025-06-23,4.0,11.0,121.45,2.0,29.0,3.0,2.0,3.0,0.0,12.0,3.0,2.0,0.473,2.0,1.0,51.01,1,0.9302
S-30098,2026-04-02,3.0,4.0,117.34,39.0,16.0,1.0,1.0,0.0,3.0,3.0,3.0,0.0,0.4029,4.0,1.0,49.28,0,0.3906
S-30099,2025-09-12,1.0,5.0,90.1,32.0,6.0,1.0,0.0,2.0,0.0,2.0,13.0,2.0,0.6725,5.0,0.0,37.84,1,0.2749
S-30100,2025-09-25,0.0,7.0,35.54,27.0,2.0,7.0,2.0,3.0,1.0,9.0,2.0,1.0,0.6928,2.0,1.0,14.93,1,0.6047
S-30101,2025-12-25,4.0,11.0,53.33,38.0,37.0,5.0,4.0,8.0,3.0,16.0,3.0,3.0,0.7665,4.0,1.0,22.4,1,0.9512
S-30102,2026-05-16,2.0,3.0,58.94,30.0,39.0,3.0,3.0,1.0,3.0,5.0,0.0,3.0,0.7696,4.0,1.0,24.75,1,0.6704
S-30103,2026-04-30,2.0,3.0,29.22,10.0,29.0,0.0,3.0,7.0,0.0,14.0,3.0,3.0,0.3269,7.0,1.0,12.27,1,0.7738
S-30104,2025-05-01,5.0,10.0,59.83,32.0,20.0,2.0,0.0,0.0,0.0,2.0,1.0,3.0,0.3734,4.0,0.0,25.13,0,0.7369
S-30105,2025-09-24,1.0,7.0,34.96,31.0,38.0,6.0,0.0,9.0,2.0,1.0,13.0,1.0,0.5011,6.0,1.0,14.68,1,0.9252
S-30106,2025-04-21,0.0,4.0,58.12,58.0,8.0,4.0,0.0,5.0,0.0,19.0,11.0,2.0,0.663,2.0,1.0,24.41,1,0.5818
S-30107,2025-09-10,4.0,7.0,34.1,9.0,14.0,1.0,0.0,3.0,0.0,5.0,5.0,5.0,0.4492,5.0,0.0,14.32,0,0.7816
S-30108,2025-10-19,4.0,11.0,73.72,54.0,23.0,2.0,3.0,6.0,1.0,11.0,4.0,0.0,0.7413,1.0,1.0,30.96,0,0.7006
S-30109,2025-04-15,2.0,4.0,100.33,25.0,29.0,3.0,0.0,7.0,2.0,16.0,9.0,4.0,0.6273,0.0,1.0,42.14,1,0.9224
S-30110,2025-08-19,5.0,10.0,104.46,36.0,17.0,0.0,1.0,1.0,0.0,6.0,0.0,4.0,0.0732,0.0,0.0,43.87,1,0.5963
S-30111,2025-09-09,4.0,9.0,131.64,28.0,29.0,7.0,4.0,9.0,1.0,6.0,7.0,2.0,0.3157,7.0,1.0,55.29,1,0.9517
S-30112,2026-03-02,1.0,5.0,112.56,32.0,7.0,6.0,4.0,2.0,3.0,15.0,11.0,5.0,0.7338,2.0,0.0,47.28,1,0.5915
S-30113,2026-03-19,5.0,9.0,44.88,55.0,20.0,6.0,0.0,7.0,1.0,6.0,1.0,2.0,0.3071,6.0,0.0,18.85,1,0.9343
S-30114,2025-06-23,3.0,7.0,95.21,50.0,16.0,0.0,3.0,9.0,2.0,12.0,1.0,0.0,0.6412,0.0,1.0,39.99,1,0.5449
S-30115,2025-07-08,1.0,8.0,121.23,7.0,10.0,3.0,3.0,1.0,3.0,11.0,8.0,2.0,0.8275,7.0,1.0,50.92,1,0.5337
S-30116,2026-05-03,4.0,11.0,60.97,20.0,28.0,1.0,0.0,2.0,0.0,19.0,3.0,0.0,0.0987,4.0,1.0,25.61,1,0.9072
S-30117,2025-05-21,1.0,1.0,82.49,11.0,13.0,4.0,1.0,5.0,1.0,11.0,12.0,0.0,0.6942,0.0,1.0,34.65,1,0.7949
S-30118,2025-10-18,2.0,6.0,27.68,59.0,1.0,4.0,4.0,9.0,3.0,12.0,4.0,1.0,0.5274,3.0,1.0,11.63,0,0.4763
S-30119,2025-04-07,1.0,1.0,93.12,3.0,21.0,2.0,1.0,6.0,0.0,5.0,12.0,3.0,0.5819,4.0,1.0,39.11,1,0.7455
S-30120,2025-04-04,1.0,6.0,36.56,11.0,14.0,4.0,3.0,2.0,2.0,4.0,13.0,2.0,0.1662,5.0,0.0,15.36,0,0.5436
S-30121,2025-12-14,2.0,3.0,119.09,14.0,28.0,7.0,4.0,9.0,0.0,15.0,10.0,0.0,0.2364,2.0,1.0,50.02,1,0.9581
S-30122,2026-04-17,5.0,8.0,83.99,12.0,24.0,5.0,0.0,8.0,1.0,16.0,1.0,2.0,0.8026,0.0,0.0,35.28,1,0.987
S-30123,2025-01-31,4.0,9.0,56.77,45.0,30.0,5.0,3.0,9.0,2.0,15.0,0.0,5.0,0.6812,2.0,1.0,23.84,1,0.9424
S-30124,2025-02-01,3.0,3.0,62.88,9.0,36.0,0.0,3.0,6.0,3.0,1.0,6.0,5.0,0.3888,5.0,1.0,26.41,0,0.7281
S-30125,2025-05-25,2.0,5.0,27.36,22.0,19.0,2.0,3.0,8.0,2.0,4.0,12.0,0.0,0.3492,3.0,1.0,11.49,1,0.6479
S-30126,2025-09-20,3.0,8.0,22.98,18.0,3.0,0.0,4.0,2.0,0.0,8.0,0.0,1.0,0.5976,6.0,1.0,9.65,1,0.3015
S-30127,2025-05-07,4.0,9.0,35.15,19.0,7.0,0.0,1.0,8.0,0.0,3.0,12.0,4.0,0.0213,1.0,1.0,14.76,1,0.6737
S-30128,2025-12-28,1.0,3.0,31.95,42.0,37.0,1.0,3.0,2.0,3.0,6.0,9.0,5.0,0.281,6.0,0.0,13.42,0,0.4013
S-30129,2025-11-25,5.0,12.0,125.95,41.0,30.0,1.0,4.0,3.0,0.0,3.0,2.0,2.0,0.8282,0.0,0.0,52.9,1,0.6142
S-30130,2025-09-27,0.0,2.0,81.76,4.0,13.0,3.0,0.0,9.0,0.0,14.0,9.0,4.0,0.2791,6.0,0.0,34.34,1,0.8557
S-30131,2026-05-09,1.0,4.0,55.83,42.0,6.0,2.0,1.0,8.0,1.0,17.0,10.0,2.0,0.5657,2.0,0.0,23.45,1,0.613
S-30132,2026-03-06,2.0,4.0,52.93,44.0,4.0,3.0,3.0,4.0,1.0,15.0,4.0,4.0,0.2846,5.0,0.0,22.23,1,0.48
S-30133,2025-12-28,4.0,9.0,23.4,47.0,25.0,3.0,0.0,0.0,3.0,6.0,4.0,3.0,0.5125,0.0,0.0,9.83,1,0.7359
S-30134,2025-09-18,0.0,2.0,91.99,10.0,38.0,2.0,1.0,3.0,3.0,1.0,4.0,1.0,0.8255,2.0,1.0,38.64,1,0.6525
S-30135,2025-06-21,2.0,2.0,111.96,31.0,39.0,5.0,0.0,2.0,1.0,5.0,0.0,3.0,0.294,6.0,1.0,47.02,1,0.8834
S-30136,2025-02-06,5.0,7.0,138.8,45.0,26.0,6.0,3.0,8.0,3.0,3.0,2.0,5.0,0.4787,0.0,1.0,58.29,1,0.9187
S-30137,2026-02-26,2.0,8.0,80.5,51.0,29.0,3.0,4.0,3.0,3.0,17.0,1.0,1.0,0.4089,1.0,1.0,33.81,0,0.6283
S-30138,2025-03-31,5.0,12.0,27.67,36.0,35.0,0.0,3.0,7.0,2.0,13.0,14.0,1.0,0.46,0.0,0.0,11.62,1,0.8594
S-30139,2025-05-23,3.0,4.0,65.92,35.0,30.0,5.0,3.0,6.0,2.0,6.0,3.0,4.0,0.4603,5.0,0.0,27.69,1,0.8575
S-30140,2025-05-30,4.0,5.0,137.67,5.0,22.0,5.0,0.0,7.0,0.0,4.0,9.0,2.0,0.6836,0.0,1.0,57.82,1,0.9621
S-30141,2025-04-28,0.0,7.0,47.3,40.0,36.0,4.0,1.0,3.0,3.0,15.0,3.0,4.0,0.696,5.0,0.0,19.87,1,0.7685
S-30142,2025-06-05,2.0,7.0,40.99,36.0,34.0,3.0,3.0,8.0,0.0,12.0,8.0,0.0,0.4963,4.0,1.0,17.22,0,0.8348
S-30143,2026-01-28,1.0,8.0,126.57,59.0,34.0,7.0,2.0,2.0,0.0,1.0,10.0,1.0,0.5684,5.0,0.0,53.16,1,0.6581
S-30144,2025-06-07,2.0,8.0,126.43,48.0,21.0,1.0,2.0,6.0,2.0,11.0,6.0,0.0,0.5805,7.0,1.0,53.1,0,0.5399
S-30145,2025-09-01,1.0,7.0,61.82,1.0,23.0,6.0,4.0,8.0,1.0,4.0,0.0,3.0,0.2482,1.0,1.0,25.96,1,0.8635
S-30146,2025-05-26,2.0,2.0,135.17,9.0,37.0,1.0,0.0,9.0,2.0,19.0,2.0,0.0,0.3171,6.0,0.0,56.77,1,0.955
S-30147,2026-05-17,3.0,4.0,104.69,39.0,28.0,2.0,3.0,8.0,2.0,14.0,4.0,2.0,0.7984,4.0,1.0,43.97,1,0.8168
S-30148,2026-05-08,2.0,5.0,92.38,43.0,36.0,4.0,3.0,5.0,0.0,5.0,4.0,2.0,0.3654,3.0,0.0,38.8,1,0.7359
S-30149,2025-02-08,1.0,8.0,99.28,32.0,32.0,7.0,1.0,6.0,3.0,6.0,3.0,1.0,0.8723,7.0,1.0,41.7,1,0.9047
S-30150,2025-07-01,1.0,7.0,25.58,24.0,26.0,6.0,3.0,1.0,1.0,9.0,6.0,3.0,0.3405,7.0,1.0,10.74,1,0.7446
S-30151,2025-07-18,0.0,5.0,130.76,9.0,13.0,1.0,4.0,8.0,0.0,12.0,2.0,2.0,0.4745,3.0,1.0,54.92,1,0.4938
S-30152,2026-01-02,0.0,0.0,56.09,22.0,10.0,6.0,0.0,9.0,0.0,15.0,8.0,1.0,0.6132,2.0,0.0,23.56,0,0.8919
S-30153,2025-03-19,0.0,4.0,71.36,8.0,31.0,3.0,2.0,6.0,3.0,12.0,8.0,2.0,0.8157,4.0,1.0,29.97,1,0.8146
S-30154,2025-01-29,1.0,4.0,82.99,22.0,24.0,1.0,4.0,1.0,3.0,10.0,5.0,4.0,0.4206,5.0,1.0,34.86,0,0.3729
S-30155,2026-05-22,4.0,4.0,49.91,17.0,14.0,3.0,4.0,5.0,3.0,5.0,11.0,4.0,0.1786,7.0,1.0,20.96,1,0.7301
S-30156,2025-04-11,5.0,12.0,38.3,47.0,29.0,6.0,2.0,9.0,1.0,10.0,14.0,5.0,0.6389,4.0,1.0,16.09,1,0.9629
S-30157,2025-12-20,4.0,10.0,120.7,59.0,16.0,3.0,4.0,6.0,3.0,9.0,4.0,1.0,0.5687,1.0,1.0,50.69,1,0.5951
S-30158,2025-10-23,1.0,7.0,109.28,30.0,21.0,7.0,1.0,6.0,0.0,18.0,2.0,1.0,0.4412,5.0,1.0,45.9,1,0.9296
S-30159,2026-05-16,5.0,11.0,130.34,18.0,13.0,3.0,3.0,5.0,0.0,12.0,4.0,4.0,0.1978,2.0,0.0,54.74,1,0.8721
S-30160,2025-12-09,0.0,5.0,51.49,11.0,6.0,5.0,0.0,9.0,2.0,4.0,11.0,3.0,0.52,2.0,1.0,21.62,1,0.7833
S-30161,2025-02-09,4.0,8.0,135.84,29.0,15.0,4.0,1.0,5.0,0.0,4.0,8.0,2.0,0.7746,2.0,1.0,57.05,1,0.8341
S-30162,2026-02-21,0.0,4.0,111.9,41.0,11.0,4.0,3.0,8.0,3.0,10.0,1.0,0.0,0.2772,0.0,0.0,47.0,1,0.5087
S-30163,2025-02-06,0.0,1.0,111.38,51.0,6.0,3.0,3.0,0.0,2.0,10.0,9.0,5.0,0.5092,1.0,1.0,46.78,0,0.1604
S-30164,2026-05-26,2.0,7.0,106.4,18.0,3.0,3.0,0.0,4.0,1.0,10.0,7.0,2.0,0.3951,7.0,1.0,44.69,1,0.7089
S-30165,2026-05-18,4.0,4.0,28.77,6.0,38.0,3.0,1.0,2.0,3.0,17.0,2.0,1.0,0.574,4.0,1.0,12.09,1,0.9627
S-30166,2026-05-15,3.0,4.0,120.92,38.0,2.0,1.0,4.0,3.0,0.0,17.0,4.0,4.0,0.3656,5.0,0.0,50.79,1,0.3917
S-30167,2026-02-15,3.0,8.0,44.37,0.0,31.0,3.0,3.0,1.0,1.0,4.0,2.0,0.0,0.2665,3.0,1.0,18.63,1,0.8069
S-30168,2025-09-03,0.0,5.0,71.44,10.0,21.0,2.0,2.0,6.0,1.0,14.0,9.0,0.0,0.5063,6.0,1.0,30.01,1,0.7047
S-30169,2025-05-18,5.0,5.0,86.04,5.0,26.0,0.0,1.0,2.0,0.0,15.0,6.0,3.0,0.1976,3.0,1.0,36.14,1,0.8989
S-30170,2025-12-28,5.0,7.0,135.1,23.0,18.0,7.0,4.0,2.0,2.0,10.0,5.0,3.0,0.6363,7.0,0.0,56.74,1,0.918
S-30171,2025-07-27,1.0,6.0,18.16,34.0,34.0,4.0,4.0,6.0,0.0,12.0,0.0,3.0,0.4845,3.0,1.0,8.0,1,0.7577
S-30172,2025-02-01,4.0,9.0,30.04,43.0,35.0,3.0,4.0,0.0,2.0,10.0,5.0,5.0,0.3661,1.0,1.0,12.62,0,0.7079
S-30173,2026-04-29,0.0,5.0,81.39,33.0,26.0,4.0,1.0,3.0,3.0,13.0,9.0,5.0,0.6094,3.0,1.0,34.19,1,0.7016
S-30174,2026-05-20,1.0,7.0,47.77,42.0,12.0,5.0,0.0,7.0,3.0,16.0,11.0,4.0,0.397,1.0,1.0,20.06,1,0.8292
S-30175,2025-08-11,4.0,4.0,121.7,42.0,38.0,2.0,3.0,2.0,1.0,10.0,1.0,0.0,0.5831,5.0,0.0,51.11,1,0.7703
S-30176,2025-03-10,4.0,7.0,109.73,51.0,15.0,2.0,1.0,4.0,0.0,17.0,12.0,3.0,0.8126,3.0,1.0,46.09,0,0.7622
S-30177,2025-03-06,2.0,6.0,97.77,19.0,39.0,4.0,2.0,4.0,0.0,5.0,2.0,3.0,0.7173,6.0,1.0,41.06,1,0.8635
S-30178,2025-08-31,2.0,8.0,133.76,29.0,21.0,7.0,2.0,5.0,2.0,13.0,9.0,2.0,0.8357,4.0,1.0,56.18,1,0.9101
S-30179,2025-10-16,2.0,6.0,122.4,55.0,7.0,1.0,4.0,6.0,1.0,18.0,14.0,0.0,0.4251,4.0,0.0,51.41,0,0.3555
S-30180,2025-09-27,4.0,4.0,94.64,15.0,27.0,6.0,4.0,0.0,3.0,4.0,10.0,1.0,0.2092,5.0,1.0,39.75,1,0.8513
S-30181,2026-03-16,4.0,7.0,29.99,38.0,14.0,4.0,3.0,5.0,1.0,4.0,3.0,5.0,0.5029,4.0,1.0,12.59,1,0.713
S-30182,2025-10-03,3.0,9.0,34.91,48.0,25.0,7.0,2.0,3.0,0.0,3.0,5.0,5.0,0.5294,0.0,0.0,14.66,1,0.8191
S-30183,2025-11-25,1.0,2.0,88.95,36.0,35.0,2.0,3.0,3.0,3.0,10.0,0.0,4.0,0.2445,3.0,1.0,37.36,1,0.5769
S-30184,2026-01-31,0.0,7.0,24.34,51.0,4.0,3.0,0.0,2.0,2.0,10.0,5.0,3.0,0.2956,6.0,1.0,10.22,0,0.3026
S-30185,2025-12-28,2.0,3.0,133.02,19.0,1.0,2.0,1.0,1.0,2.0,16.0,6.0,2.0,0.5688,5.0,1.0,55.87,1,0.5708
S-30186,2026-01-26,3.0,4.0,121.46,51.0,8.0,5.0,4.0,6.0,0.0,10.0,5.0,0.0,0.4633,4.0,1.0,51.01,1,0.6306
S-30187,2025-12-08,4.0,9.0,54.14,36.0,35.0,1.0,4.0,9.0,1.0,9.0,9.0,0.0,0.6985,7.0,1.0,22.74,1,0.8205
S-30188,2025-09-21,3.0,4.0,127.01,0.0,10.0,6.0,3.0,4.0,2.0,17.0,12.0,5.0,0.5348,4.0,0.0,53.34,1,0.9289
S-30189,2025-02-22,3.0,8.0,93.62,23.0,14.0,1.0,4.0,2.0,2.0,4.0,0.0,2.0,0.4428,5.0,1.0,39.32,0,0.3811
S-30190,2026-04-20,1.0,1.0,82.68,13.0,31.0,1.0,4.0,1.0,1.0,7.0,8.0,1.0,0.8223,1.0,1.0,34.73,1,0.4514
S-30191,2025-09-25,5.0,8.0,90.31,16.0,23.0,0.0,2.0,7.0,2.0,7.0,12.0,4.0,0.6492,7.0,1.0,37.93,1,0.8442
S-30192,2026-02-23,1.0,8.0,137.32,21.0,15.0,2.0,2.0,0.0,0.0,19.0,14.0,4.0,0.7082,5.0,1.0,57.67,0,0.5708
S-30193,2025-02-03,5.0,5.0,80.47,53.0,22.0,5.0,4.0,4.0,0.0,5.0,11.0,0.0,0.544,7.0,0.0,33.8,1,0.7694
S-30194,2025-11-18,4.0,11.0,20.33,25.0,37.0,3.0,2.0,8.0,0.0,1.0,8.0,3.0,0.7378,1.0,1.0,8.54,1,0.9068
S-30195,2025-04-11,1.0,7.0,75.3,58.0,29.0,7.0,3.0,0.0,0.0,1.0,7.0,5.0,0.8518,3.0,0.0,31.63,1,0.505
S-30196,2025-07-23,3.0,9.0,37.52,44.0,22.0,1.0,4.0,8.0,2.0,8.0,5.0,0.0,0.4389,6.0,0.0,15.76,0,0.5671
S-30197,2026-04-25,4.0,5.0,124.0,38.0,1.0,2.0,3.0,9.0,3.0,17.0,6.0,3.0,0.4198,1.0,0.0,52.08,1,0.7484
S-30198,2025-11-26,0.0,1.0,123.3,1.0,38.0,5.0,2.0,8.0,1.0,7.0,0.0,0.0,0.321,4.0,1.0,51.79,1,0.9195
S-30199,2025-02-24,3.0,4.0,19.56,3.0,13.0,5.0,0.0,2.0,1.0,1.0,3.0,0.0,0.6618,0.0,1.0,8.21,1,0.8575
S-30200,2025-10-05,1.0,3.0,98.53,2.0,25.0,0.0,1.0,1.0,0.0,18.0,12.0,3.0,0.1768,0.0,0.0,41.38,1,0.7068
S-30201,2026-01-06,0.0,3.0,51.65,14.0,34.0,4.0,0.0,2.0,2.0,16.0,3.0,0.0,0.2199,7.0,1.0,21.69,1,0.8732
S-30202,2025-07-16,2.0,4.0,134.97,51.0,33.0,0.0,1.0,1.0,1.0,15.0,10.0,0.0,0.5701,4.0,1.0,56.69,0,0.5362
S-30203,2026-05-10,1.0,8.0,40.16,8.0,8.0,1.0,1.0,0.0,2.0,2.0,0.0,5.0,0.5666,1.0,0.0,16.87,1,0.3208
S-30204,2025-07-12,0.0,2.0,38.75,28.0,18.0,6.0,2.0,5.0,2.0,19.0,12.0,3.0,0.6341,0.0,1.0,16.28,1,0.832
S-30205,2026-02-21,4.0,6.0,115.82,51.0,27.0,2.0,2.0,8.0,3.0,18.0,12.0,4.0,0.3522,3.0,0.0,48.64,1,0.8771
S-30206,2025-03-31,4.0,6.0,136.53,14.0,39.0,6.0,3.0,6.0,0.0,8.0,12.0,4.0,0.1414,5.0,0.0,57.34,1,0.9686
S-30207,2025-08-30,5.0,7.0,63.19,23.0,32.0,4.0,1.0,8.0,2.0,18.0,10.0,2.0,0.7358,4.0,1.0,26.54,1,0.9819
S-30208,2025-08-05,3.0,10.0,114.38,11.0,20.0,6.0,4.0,5.0,1.0,3.0,3.0,0.0,0.4049,6.0,1.0,48.04,1,0.8526
S-30209,2025-08-14,0.0,3.0,28.09,12.0,11.0,3.0,4.0,1.0,1.0,16.0,8.0,2.0,0.4888,4.0,1.0,11.8,1,0.4452
S-30210,2025-07-30,4.0,6.0,77.71,14.0,28.0,1.0,4.0,3.0,2.0,12.0,4.0,4.0,0.3927,4.0,1.0,32.64,0,0.7773
S-30211,2025-09-07,4.0,9.0,111.28,27.0,38.0,3.0,1.0,7.0,3.0,18.0,4.0,4.0,0.4357,4.0,1.0,46.74,1,0.9672
S-30212,2026-02-24,2.0,5.0,95.22,13.0,24.0,5.0,3.0,9.0,2.0,3.0,4.0,1.0,0.9015,1.0,1.0,39.99,1,0.8738
S-30213,2025-03-08,1.0,7.0,94.57,33.0,3.0,4.0,1.0,5.0,0.0,12.0,4.0,1.0,0.9697,0.0,0.0,39.72,1,0.6142
S-30214,2025-06-05,5.0,11.0,121.9,4.0,30.0,4.0,0.0,0.0,3.0,10.0,5.0,1.0,0.7365,0.0,0.0,51.2,1,0.9597
S-30215,2025-10-09,1.0,1.0,24.4,17.0,12.0,7.0,1.0,9.0,0.0,10.0,14.0,5.0,0.7837,2.0,1.0,10.25,1,0.9187
S-30216,2026-02-24,0.0,2.0,30.52,28.0,14.0,0.0,4.0,3.0,0.0,16.0,7.0,5.0,0.2265,7.0,0.0,12.82,1,0.2497
S-30217,2025-07-01,0.0,5.0,106.19,49.0,26.0,3.0,2.0,4.0,0.0,18.0,9.0,0.0,0.3011,0.0,1.0,44.6,1,0.5927
S-30218,2025-09-20,5.0,12.0,59.29,41.0,32.0,0.0,0.0,2.0,1.0,17.0,0.0,5.0,0.7854,4.0,1.0,24.9,1,0.8659
S-30219,2025-12-16,0.0,7.0,20.68,32.0,23.0,5.0,0.0,4.0,3.0,19.0,11.0,2.0,0.9471,1.0,1.0,8.68,1,0.8507
S-30220,2025-11-18,1.0,8.0,57.11,2.0,29.0,6.0,4.0,3.0,0.0,18.0,13.0,2.0,0.5522,0.0,1.0,23.98,1,0.9089
S-30221,2026-05-13,2.0,7.0,88.74,11.0,6.0,5.0,2.0,7.0,2.0,14.0,12.0,1.0,0.1159,5.0,1.0,37.27,1,0.8705
S-30222,2025-08-12,4.0,4.0,109.54,8.0,17.0,6.0,2.0,2.0,2.0,11.0,2.0,4.0,0.9356,6.0,0.0,46.01,1,0.9321
S-30223,2026-01-15,0.0,2.0,55.72,57.0,33.0,7.0,3.0,6.0,3.0,9.0,11.0,3.0,0.3449,1.0,0.0,23.4,1,0.7417
S-30224,2025-07-14,2.0,6.0,46.86,32.0,38.0,0.0,2.0,3.0,2.0,9.0,0.0,5.0,0.4697,1.0,1.0,19.68,1,0.6177
S-30225,2026-02-17,3.0,4.0,128.49,42.0,31.0,5.0,2.0,0.0,0.0,19.0,6.0,2.0,0.092,5.0,1.0,53.97,1,0.8744
S-30226,2025-01-04,3.0,3.0,26.51,59.0,38.0,1.0,3.0,1.0,1.0,13.0,9.0,0.0,0.6993,3.0,1.0,11.14,1,0.5535
S-30227,2026-04-03,4.0,5.0,119.46,54.0,23.0,6.0,0.0,6.0,3.0,14.0,4.0,3.0,0.3456,4.0,1.0,50.17,1,0.9432
S-30228,2025-01-09,0.0,7.0,22.7,19.0,9.0,5.0,3.0,6.0,3.0,14.0,6.0,3.0,0.3826,5.0,1.0,9.53,0,0.6868
S-30229,2026-03-01,2.0,3.0,134.51,24.0,21.0,6.0,0.0,3.0,3.0,1.0,2.0,5.0,0.2698,7.0,1.0,56.49,1,0.8375
S-30230,2025-04-27,5.0,7.0,135.73,31.0,39.0,4.0,0.0,8.0,3.0,18.0,10.0,5.0,0.5428,5.0,1.0,57.01,1,0.9865
S-30231,2026-01-20,3.0,5.0,102.3,35.0,25.0,6.0,2.0,4.0,2.0,19.0,4.0,5.0,0.7083,7.0,0.0,42.96,1,0.9331
S-30232,2026-03-15,5.0,5.0,136.69,20.0,38.0,4.0,4.0,0.0,3.0,6.0,1.0,2.0,0.8474,4.0,0.0,57.41,1,0.8776
S-30233,2025-12-20,5.0,12.0,35.73,26.0,5.0,4.0,4.0,5.0,1.0,7.0,9.0,1.0,0.247,1.0,1.0,15.01,1,0.7613
S-30234,2025-05-05,5.0,12.0,77.19,44.0,27.0,1.0,3.0,2.0,2.0,1.0,2.0,5.0,0.7899,2.0,1.0,32.42,0,0.5622
S-30235,2026-03-19,4.0,4.0,125.85,0.0,19.0,5.0,2.0,2.0,3.0,16.0,10.0,3.0,0.2346,5.0,1.0,52.86,1,0.9488
S-30236,2026-02-18,3.0,9.0,129.17,57.0,6.0,1.0,1.0,3.0,0.0,1.0,13.0,0.0,0.4651,3.0,0.0,54.25,0,0.2583
S-30237,2026-03-28,1.0,7.0,25.78,20.0,36.0,3.0,2.0,2.0,1.0,3.0,6.0,3.0,0.7388,2.0,0.0,10.83,1,0.6704
S-30238,2026-03-05,2.0,2.0,127.89,23.0,4.0,5.0,0.0,3.0,1.0,13.0,10.0,2.0,0.5145,3.0,1.0,53.71,1,0.8061
S-30239,2025-12-24,3.0,4.0,118.37,22.0,19.0,6.0,1.0,8.0,1.0,17.0,2.0,2.0,0.0386,6.0,1.0,49.72,1,0.9644
S-30240,2025-07-29,4.0,8.0,92.69,16.0,13.0,2.0,3.0,4.0,0.0,2.0,0.0,4.0,0.7707,1.0,1.0,38.93,1,0.6502
S-30241,2025-03-05,2.0,4.0,66.48,27.0,28.0,1.0,2.0,2.0,3.0,19.0,8.0,2.0,0.8941,0.0,1.0,27.92,1,0.7241
S-30242,2025-08-14,3.0,4.0,114.46,36.0,27.0,6.0,4.0,4.0,1.0,13.0,10.0,3.0,0.5858,6.0,1.0,48.07,1,0.8688
S-30243,2025-07-22,0.0,2.0,44.58,33.0,17.0,1.0,0.0,5.0,3.0,2.0,1.0,4.0,0.6256,0.0,0.0,18.72,0,0.367
S-30244,2025-03-13,3.0,6.0,113.83,25.0,4.0,6.0,3.0,6.0,1.0,15.0,1.0,4.0,0.6678,4.0,0.0,47.81,1,0.8612
S-30245,2026-01-13,1.0,1.0,29.69,54.0,1.0,0.0,3.0,3.0,3.0,8.0,9.0,5.0,0.7579,0.0,0.0,12.47,0,0.1016
S-30246,2025-06-11,2.0,8.0,23.86,5.0,26.0,1.0,3.0,4.0,0.0,5.0,9.0,2.0,0.4008,5.0,1.0,10.02,0,0.6491
S-30247,2025-07-30,0.0,4.0,101.94,44.0,18.0,5.0,1.0,3.0,1.0,13.0,11.0,0.0,0.6916,7.0,0.0,42.81,1,0.6318
S-30248,2025-08-05,3.0,3.0,113.98,45.0,11.0,6.0,2.0,6.0,2.0,11.0,1.0,4.0,0.0497,4.0,1.0,47.87,1,0.8299
S-30249,2025-05-30,1.0,8.0,135.83,52.0,28.0,2.0,4.0,2.0,3.0,7.0,7.0,5.0,0.2069,3.0,1.0,57.05,0,0.2911
S-30250,2026-04-25,4.0,9.0,54.62,38.0,5.0,4.0,0.0,2.0,3.0,6.0,4.0,1.0,0.5916,3.0,0.0,22.94,1,0.7251
S-30251,2025-03-03,5.0,12.0,127.21,20.0,13.0,0.0,0.0,4.0,0.0,18.0,7.0,5.0,0.3316,6.0,0.0,53.43,1,0.8732
S-30252,2026-02-26,0.0,4.0,23.43,30.0,16.0,4.0,1.0,0.0,3.0,5.0,14.0,5.0,0.5673,3.0,1.0,9.84,1,0.4231
S-30253,2025-12-20,5.0,9.0,102.68,32.0,16.0,1.0,4.0,1.0,1.0,12.0,14.0,4.0,0.514,2.0,0.0,43.13,1,0.6059
S-30254,2025-11-23,1.0,7.0,112.51,39.0,24.0,6.0,1.0,4.0,2.0,15.0,0.0,0.0,0.8955,6.0,1.0,47.25,0,0.8551
S-30255,2025-05-10,4.0,9.0,64.96,28.0,29.0,2.0,3.0,0.0,0.0,12.0,6.0,2.0,0.4249,1.0,0.0,27.28,1,0.7465
S-30256,2025-03-07,4.0,11.0,68.35,45.0,36.0,1.0,4.0,4.0,2.0,15.0,4.0,5.0,0.9462,6.0,0.0,28.71,1,0.7493
S-30257,2025-10-11,5.0,9.0,83.19,28.0,5.0,4.0,1.0,3.0,3.0,6.0,6.0,0.0,0.2693,3.0,0.0,34.94,1,0.8131
S-30258,2026-04-15,3.0,4.0,26.83,21.0,29.0,0.0,3.0,6.0,1.0,11.0,2.0,1.0,0.7441,4.0,0.0,11.27,1,0.732
S-30259,2025-10-27,5.0,7.0,125.84,38.0,31.0,2.0,0.0,9.0,0.0,7.0,3.0,1.0,0.4961,7.0,1.0,52.85,1,0.937
S-30260,2025-09-25,0.0,0.0,35.43,14.0,32.0,0.0,3.0,6.0,2.0,16.0,8.0,3.0,0.3933,5.0,1.0,14.88,0,0.6341
S-30261,2026-02-18,1.0,2.0,111.82,18.0,28.0,6.0,3.0,0.0,0.0,11.0,12.0,4.0,0.8113,2.0,0.0,46.96,1,0.7858
S-30262,2025-02-27,0.0,3.0,120.47,36.0,10.0,3.0,3.0,0.0,0.0,15.0,4.0,0.0,0.3858,7.0,0.0,50.6,1,0.3058
S-30263,2026-04-08,3.0,10.0,93.14,12.0,32.0,1.0,1.0,5.0,3.0,16.0,9.0,4.0,0.4182,6.0,0.0,39.12,1,0.9047
S-30264,2026-05-07,0.0,7.0,139.37,36.0,0.0,2.0,1.0,3.0,3.0,3.0,4.0,0.0,0.7634,4.0,1.0,58.53,0,0.1947
S-30265,2026-03-31,2.0,2.0,98.28,8.0,3.0,4.0,4.0,8.0,1.0,14.0,5.0,1.0,0.2303,4.0,1.0,41.28,1,0.779
S-30266,2025-07-13,1.0,7.0,129.76,12.0,20.0,5.0,3.0,7.0,3.0,16.0,3.0,1.0,0.7277,3.0,0.0,54.5,1,0.8797
S-30267,2025-04-03,1.0,3.0,110.41,2.0,12.0,3.0,4.0,8.0,3.0,6.0,8.0,4.0,0.4643,3.0,1.0,46.37,0,0.6593
S-30268,2026-02-04,4.0,9.0,122.08,51.0,22.0,5.0,4.0,0.0,0.0,16.0,5.0,2.0,0.5332,7.0,1.0,51.27,0,0.7474
S-30269,2025-01-06,0.0,0.0,69.2,35.0,28.0,6.0,3.0,1.0,2.0,9.0,5.0,4.0,0.4302,7.0,1.0,29.06,0,0.6283
S-30270,2025-03-27,3.0,9.0,95.45,6.0,2.0,0.0,4.0,7.0,1.0,3.0,0.0,5.0,0.7888,6.0,1.0,40.09,0,0.4305
S-30271,2025-11-27,5.0,7.0,63.16,33.0,11.0,4.0,1.0,8.0,1.0,14.0,0.0,5.0,0.6727,3.0,0.0,26.53,1,0.9349
S-30272,2025-07-31,5.0,11.0,103.83,21.0,19.0,2.0,2.0,4.0,2.0,13.0,13.0,0.0,0.4982,2.0,1.0,43.61,1,0.8771
S-30273,2026-04-06,3.0,7.0,23.29,38.0,0.0,3.0,2.0,1.0,1.0,19.0,10.0,2.0,0.1442,4.0,0.0,9.78,1,0.589
S-30274,2025-05-19,5.0,8.0,51.55,16.0,13.0,4.0,2.0,9.0,0.0,1.0,4.0,2.0,0.028,6.0,1.0,21.65,1,0.908
S-30275,2026-03-28,4.0,4.0,132.85,37.0,12.0,5.0,2.0,3.0,0.0,15.0,11.0,0.0,0.2229,3.0,1.0,55.8,0,0.8551
S-30276,2025-11-20,4.0,5.0,111.66,10.0,34.0,7.0,2.0,2.0,2.0,19.0,9.0,1.0,0.3188,1.0,1.0,46.9,1,0.9822
S-30277,2025-08-04,5.0,5.0,68.0,41.0,23.0,7.0,1.0,6.0,1.0,10.0,12.0,1.0,0.4843,2.0,1.0,28.56,1,0.9646
S-30278,2026-01-27,3.0,9.0,33.78,35.0,19.0,5.0,2.0,0.0,3.0,9.0,1.0,5.0,0.8422,1.0,0.0,14.19,1,0.7379
S-30279,2025-11-12,1.0,2.0,83.4,37.0,23.0,3.0,2.0,5.0,0.0,8.0,8.0,0.0,0.3112,6.0,0.0,35.03,1,0.6047
S-30280,2025-08-04,4.0,5.0,132.08,3.0,32.0,4.0,2.0,4.0,0.0,16.0,8.0,2.0,0.1616,1.0,1.0,55.47,1,0.9653
S-30281,2026-04-21,5.0,12.0,97.22,11.0,38.0,2.0,0.0,9.0,1.0,10.0,9.0,5.0,0.7672,4.0,0.0,40.83,1,0.9789
S-30282,2026-03-29,2.0,9.0,30.04,44.0,7.0,7.0,2.0,5.0,3.0,2.0,12.0,2.0,0.2945,1.0,1.0,12.61,1,0.6726
S-30283,2025-05-20,2.0,2.0,68.65,7.0,20.0,7.0,3.0,8.0,2.0,16.0,2.0,1.0,0.3037,1.0,1.0,28.83,1,0.9587
S-30284,2026-04-27,2.0,6.0,54.75,54.0,22.0,6.0,3.0,3.0,2.0,2.0,14.0,2.0,0.2918,7.0,1.0,23.0,1,0.5818
S-30285,2025-12-21,2.0,3.0,35.95,38.0,29.0,5.0,4.0,3.0,2.0,7.0,10.0,3.0,0.2278,1.0,1.0,15.1,1,0.6921
S-30286,2025-04-22,1.0,5.0,131.6,10.0,6.0,3.0,2.0,9.0,2.0,18.0,3.0,0.0,0.5343,4.0,1.0,55.27,1,0.8176
S-30287,2026-01-27,5.0,12.0,111.96,34.0,33.0,2.0,0.0,7.0,2.0,18.0,10.0,0.0,0.4098,1.0,1.0,47.02,1,0.9644
S-30288,2026-05-03,2.0,5.0,121.37,6.0,24.0,1.0,3.0,1.0,2.0,8.0,0.0,5.0,0.6849,0.0,0.0,50.98,1,0.5818
S-30289,2026-04-13,1.0,7.0,80.34,41.0,12.0,1.0,2.0,8.0,0.0,17.0,4.0,0.0,0.938,4.0,1.0,33.74,1,0.556
S-30290,2025-02-20,3.0,8.0,58.77,29.0,19.0,1.0,4.0,2.0,3.0,10.0,7.0,1.0,0.7886,1.0,0.0,24.68,0,0.4813
S-30291,2025-03-01,5.0,9.0,107.98,14.0,20.0,5.0,4.0,2.0,0.0,18.0,8.0,0.0,0.5785,7.0,1.0,45.35,1,0.9334
S-30292,2026-02-08,1.0,2.0,130.33,19.0,31.0,7.0,2.0,4.0,0.0,16.0,4.0,4.0,0.0844,1.0,1.0,54.74,1,0.9355
S-30293,2025-02-28,0.0,2.0,105.77,14.0,2.0,1.0,2.0,1.0,2.0,10.0,14.0,0.0,0.7353,3.0,0.0,44.42,1,0.2479
S-30294,2025-09-26,4.0,10.0,62.53,10.0,22.0,1.0,2.0,8.0,1.0,15.0,3.0,5.0,0.7609,5.0,0.0,26.26,1,0.9113
S-30295,2025-10-13,3.0,6.0,66.06,50.0,28.0,0.0,3.0,8.0,2.0,3.0,8.0,2.0,0.2234,0.0,0.0,27.75,0,0.5
S-30296,2025-11-29,2.0,7.0,111.15,41.0,13.0,2.0,0.0,1.0,3.0,5.0,1.0,5.0,0.54,2.0,0.0,46.68,0,0.444
S-30297,2025-09-09,3.0,3.0,133.14,3.0,29.0,5.0,1.0,5.0,2.0,3.0,11.0,3.0,0.0533,4.0,1.0,55.92,1,0.9367
S-30298,2025-02-23,5.0,10.0,137.53,21.0,5.0,0.0,4.0,4.0,2.0,3.0,0.0,1.0,0.2408,0.0,0.0,57.76,0,0.4514
S-30299,2025-12-27,1.0,4.0,61.46,30.0,21.0,5.0,4.0,3.0,2.0,10.0,8.0,3.0,0.4089,6.0,1.0,25.81,1,0.6271
S-30300,2025-04-04,2.0,6.0,79.07,34.0,16.0,4.0,3.0,6.0,1.0,14.0,13.0,1.0,0.314,3.0,0.0,33.21,1,0.7521
S-30301,2025-08-28,3.0,5.0,25.49,40.0,24.0,3.0,4.0,9.0,2.0,17.0,5.0,5.0,0.7961,4.0,1.0,10.71,1,0.8416
S-30302,2026-05-25,2.0,2.0,49.76,41.0,30.0,5.0,1.0,6.0,0.0,5.0,9.0,5.0,0.3376,2.0,0.0,20.9,0,0.8422
S-30303,2026-01-13,5.0,5.0,128.76,28.0,28.0,1.0,2.0,1.0,2.0,19.0,8.0,1.0,0.2558,4.0,0.0,54.08,1,0.8665
S-30304,2025-01-31,0.0,6.0,30.41,44.0,13.0,1.0,4.0,9.0,3.0,4.0,8.0,4.0,0.4127,6.0,1.0,12.77,1,0.221
S-30305,2025-01-03,2.0,3.0,74.67,50.0,37.0,6.0,1.0,4.0,0.0,15.0,12.0,3.0,0.6298,4.0,0.0,31.36,1,0.9145
S-30306,2025-01-22,4.0,5.0,33.24,29.0,17.0,6.0,1.0,4.0,2.0,1.0,7.0,5.0,0.7183,2.0,0.0,13.96,1,0.876
S-30307,2025-03-13,0.0,6.0,86.38,49.0,17.0,4.0,2.0,4.0,1.0,18.0,3.0,0.0,0.4588,7.0,0.0,36.28,0,0.5732
S-30308,2026-02-24,4.0,9.0,106.86,47.0,0.0,1.0,0.0,6.0,1.0,6.0,5.0,2.0,0.1922,7.0,0.0,44.88,0,0.5461
S-30309,2025-11-26,2.0,8.0,52.99,24.0,38.0,5.0,1.0,2.0,2.0,7.0,14.0,0.0,0.2733,3.0,0.0,22.26,0,0.887
S-30310,2026-01-12,2.0,5.0,127.53,40.0,32.0,1.0,3.0,2.0,1.0,5.0,11.0,3.0,0.4476,4.0,1.0,53.56,0,0.4354
S-30311,2025-04-25,0.0,2.0,77.66,51.0,21.0,7.0,3.0,1.0,2.0,18.0,9.0,0.0,0.5085,0.0,1.0,32.62,0,0.6604
S-30312,2025-01-01,1.0,8.0,104.76,3.0,11.0,4.0,3.0,5.0,3.0,8.0,1.0,5.0,0.7456,1.0,0.0,44.0,1,0.7016
S-30313,2025-08-07,3.0,9.0,56.28,23.0,17.0,6.0,4.0,5.0,1.0,13.0,0.0,4.0,0.5968,5.0,0.0,23.64,1,0.8738
S-30314,2026-04-19,0.0,0.0,85.78,15.0,23.0,7.0,0.0,0.0,2.0,7.0,7.0,2.0,0.3955,4.0,1.0,36.03,1,0.8213
S-30315,2025-03-05,4.0,10.0,68.57,40.0,17.0,5.0,0.0,2.0,3.0,10.0,11.0,1.0,0.7733,0.0,1.0,28.8,1,0.8721
S-30316,2025-01-04,3.0,4.0,81.01,57.0,10.0,2.0,0.0,0.0,1.0,5.0,9.0,3.0,0.2755,1.0,0.0,34.02,0,0.374
S-30317,2025-02-23,0.0,6.0,60.16,41.0,25.0,1.0,3.0,7.0,0.0,18.0,10.0,1.0,0.9591,1.0,1.0,25.27,1,0.5287
S-30318,2025-11-28,4.0,5.0,118.16,49.0,8.0,7.0,4.0,9.0,1.0,7.0,7.0,0.0,0.1552,3.0,1.0,49.63,1,0.8422
S-30319,2025-07-22,4.0,4.0,83.68,28.0,36.0,1.0,3.0,5.0,1.0,11.0,8.0,2.0,0.4515,3.0,1.0,35.15,1,0.8348
S-30320,2026-02-26,1.0,6.0,31.95,34.0,36.0,7.0,0.0,4.0,2.0,15.0,12.0,3.0,0.7827,4.0,1.0,13.42,1,0.9468
S-30321,2026-05-24,4.0,6.0,45.02,42.0,36.0,4.0,2.0,5.0,3.0,12.0,0.0,1.0,0.3661,6.0,1.0,18.91,1,0.9161
S-30322,2025-01-04,0.0,5.0,138.13,24.0,15.0,5.0,2.0,3.0,0.0,14.0,5.0,1.0,0.4562,6.0,1.0,58.01,1,0.6814
S-30323,2025-12-20,2.0,7.0,20.22,52.0,27.0,5.0,3.0,6.0,1.0,3.0,12.0,1.0,0.7438,1.0,0.0,8.49,0,0.6726
S-30324,2026-05-27,3.0,4.0,106.99,0.0,5.0,5.0,1.0,4.0,1.0,10.0,0.0,4.0,0.0514,4.0,1.0,44.94,1,0.8919
S-30325,2026-02-14,0.0,2.0,43.26,42.0,4.0,4.0,2.0,1.0,0.0,16.0,0.0,2.0,0.2751,2.0,1.0,18.17,1,0.3705
S-30326,2025-05-02,3.0,9.0,86.93,27.0,31.0,2.0,2.0,1.0,3.0,1.0,13.0,0.0,0.7589,7.0,1.0,36.51,0,0.626
S-30327,2025-04-14,1.0,5.0,82.76,59.0,31.0,5.0,3.0,5.0,3.0,19.0,7.0,0.0,0.6778,0.0,0.0,34.76,1,0.7676
S-30328,2026-04-05,0.0,1.0,57.33,5.0,20.0,4.0,4.0,6.0,0.0,16.0,9.0,0.0,0.6324,4.0,1.0,24.08,0,0.7676
S-30329,2025-06-15,2.0,9.0,29.07,6.0,29.0,4.0,2.0,6.0,0.0,15.0,1.0,5.0,0.0708,3.0,1.0,12.21,1,0.9315
S-30330,2025-03-21,1.0,7.0,106.93,19.0,39.0,5.0,0.0,1.0,3.0,19.0,6.0,2.0,0.0503,3.0,1.0,44.91,1,0.9367
S-30331,2025-02-05,4.0,4.0,95.08,45.0,32.0,4.0,1.0,2.0,2.0,5.0,0.0,3.0,0.5305,2.0,1.0,39.93,1,0.8313
S-30332,2025-11-29,5.0,11.0,26.1,27.0,18.0,4.0,4.0,6.0,2.0,8.0,14.0,1.0,0.2215,1.0,0.0,10.96,1,0.8624
S-30333,2026-05-31,0.0,7.0,108.99,46.0,20.0,5.0,3.0,5.0,1.0,13.0,10.0,0.0,0.8155,7.0,1.0,45.78,1,0.5915
S-30334,2026-01-03,4.0,8.0,117.6,56.0,22.0,2.0,0.0,7.0,0.0,4.0,7.0,0.0,0.4481,5.0,0.0,49.39,1,0.754
S-30335,2025-09-02,4.0,8.0,123.28,32.0,22.0,4.0,2.0,4.0,1.0,19.0,2.0,0.0,0.3936,4.0,0.0,51.78,1,0.9153
S-30336,2025-11-07,5.0,11.0,81.83,48.0,1.0,2.0,1.0,4.0,1.0,8.0,9.0,1.0,0.7071,4.0,1.0,34.37,0,0.6201
S-30337,2025-08-14,0.0,7.0,96.24,17.0,31.0,4.0,1.0,4.0,1.0,2.0,5.0,4.0,0.8379,1.0,0.0,40.42,0,0.714
S-30338,2025-07-19,5.0,6.0,111.42,31.0,34.0,4.0,4.0,6.0,0.0,16.0,5.0,3.0,0.1939,4.0,1.0,46.8,1,0.9456
S-30339,2025-09-02,3.0,7.0,139.11,45.0,25.0,2.0,3.0,9.0,0.0,5.0,9.0,1.0,0.814,7.0,1.0,58.43,1,0.691
S-30340,2026-02-26,4.0,8.0,68.06,59.0,22.0,5.0,4.0,6.0,3.0,2.0,8.0,2.0,0.8867,0.0,1.0,28.59,1,0.6824
S-30341,2026-05-31,1.0,5.0,139.25,25.0,31.0,2.0,3.0,0.0,1.0,4.0,14.0,3.0,0.531,4.0,1.0,58.48,1,0.4268
S-30342,2025-09-25,4.0,11.0,45.58,49.0,28.0,3.0,4.0,7.0,0.0,9.0,6.0,3.0,0.9251,0.0,0.0,19.14,1,0.7747
S-30343,2025-03-30,4.0,10.0,79.63,8.0,1.0,0.0,0.0,2.0,1.0,13.0,5.0,5.0,0.4807,6.0,1.0,33.44,1,0.7027
S-30344,2025-12-23,2.0,8.0,61.22,51.0,1.0,6.0,1.0,3.0,2.0,3.0,14.0,4.0,0.9445,2.0,0.0,25.71,1,0.5162
S-30345,2025-10-20,0.0,5.0,71.85,10.0,18.0,1.0,4.0,4.0,1.0,11.0,0.0,5.0,0.7618,5.0,1.0,30.18,1,0.4037
S-30346,2026-02-13,1.0,7.0,65.8,46.0,7.0,5.0,3.0,9.0,3.0,3.0,3.0,4.0,0.6322,7.0,0.0,27.64,1,0.52
S-30347,2025-07-30,5.0,6.0,31.82,22.0,27.0,1.0,0.0,0.0,3.0,15.0,0.0,5.0,0.5225,2.0,1.0,13.36,1,0.887
S-30348,2025-08-24,3.0,7.0,106.73,43.0,4.0,2.0,0.0,0.0,3.0,10.0,4.0,0.0,0.3668,3.0,0.0,44.83,1,0.4738
S-30349,2025-03-27,4.0,10.0,101.93,7.0,27.0,4.0,2.0,1.0,1.0,7.0,7.0,4.0,0.3507,0.0,1.0,42.81,1,0.8933
S-30350,2026-05-08,4.0,10.0,28.74,22.0,11.0,1.0,3.0,3.0,0.0,17.0,12.0,3.0,0.1971,5.0,0.0,12.07,0,0.7089
S-30351,2025-04-29,5.0,7.0,60.66,58.0,27.0,2.0,4.0,9.0,3.0,16.0,5.0,2.0,0.924,1.0,1.0,25.48,1,0.8455
S-30352,2026-02-02,5.0,10.0,138.6,31.0,23.0,0.0,3.0,0.0,0.0,1.0,7.0,4.0,0.7627,2.0,0.0,58.21,0,0.4738
S-30353,2026-01-13,3.0,8.0,137.14,29.0,35.0,3.0,2.0,6.0,0.0,2.0,3.0,5.0,0.6938,1.0,1.0,57.6,0,0.8271
S-30354,2026-05-02,4.0,4.0,139.35,18.0,25.0,7.0,1.0,6.0,2.0,8.0,7.0,2.0,0.911,6.0,0.0,58.53,1,0.9704
S-30355,2026-02-13,1.0,2.0,80.99,58.0,14.0,4.0,3.0,5.0,2.0,3.0,14.0,4.0,0.4886,5.0,0.0,34.02,0,0.3318
S-30356,2025-04-15,3.0,7.0,73.34,28.0,35.0,3.0,0.0,5.0,1.0,6.0,12.0,5.0,0.7106,0.0,1.0,30.8,1,0.8957
S-30357,2025-09-15,4.0,9.0,125.73,43.0,38.0,7.0,4.0,2.0,2.0,14.0,7.0,5.0,0.5291,1.0,1.0,52.81,1,0.9312
S-30358,2025-04-05,4.0,5.0,102.64,35.0,36.0,0.0,3.0,5.0,0.0,8.0,9.0,0.0,0.5805,6.0,0.0,43.11,1,0.7281
S-30359,2025-05-08,3.0,7.0,73.15,41.0,33.0,7.0,3.0,7.0,0.0,1.0,11.0,1.0,0.137,7.0,0.0,30.72,1,0.8952
S-30360,2026-03-19,4.0,4.0,64.33,30.0,34.0,2.0,0.0,0.0,1.0,4.0,13.0,0.0,0.2367,3.0,0.0,27.02,1,0.8038
S-30361,2025-08-23,0.0,1.0,120.3,29.0,24.0,2.0,3.0,8.0,1.0,11.0,6.0,0.0,0.7706,4.0,1.0,50.53,1,0.5878
S-30362,2026-05-03,0.0,7.0,48.74,2.0,37.0,6.0,4.0,7.0,1.0,10.0,6.0,4.0,0.6415,7.0,1.0,20.47,1,0.9064
S-30363,2026-04-30,1.0,5.0,125.81,58.0,22.0,5.0,1.0,1.0,2.0,4.0,1.0,2.0,0.1556,6.0,0.0,52.84,0,0.48
S-30364,2026-01-06,4.0,7.0,133.95,19.0,24.0,2.0,0.0,4.0,2.0,14.0,3.0,3.0,0.1744,0.0,0.0,56.26,1,0.9141
S-30365,2026-03-29,1.0,1.0,26.23,3.0,25.0,2.0,3.0,3.0,1.0,9.0,6.0,3.0,0.9113,5.0,1.0,11.02,0,0.6626
S-30366,2025-03-29,1.0,1.0,65.03,21.0,38.0,2.0,2.0,9.0,3.0,9.0,7.0,3.0,0.7597,7.0,1.0,27.31,1,0.8436
S-30367,2025-12-10,4.0,7.0,136.68,25.0,34.0,5.0,3.0,9.0,0.0,14.0,5.0,3.0,0.4713,0.0,0.0,57.41,1,0.9675
S-30368,2026-05-19,1.0,5.0,123.33,3.0,36.0,2.0,2.0,5.0,1.0,13.0,10.0,1.0,0.2874,1.0,0.0,51.8,0,0.86
S-30369,2026-02-08,5.0,10.0,128.64,36.0,18.0,2.0,0.0,1.0,2.0,7.0,7.0,1.0,0.8875,4.0,1.0,54.03,1,0.7807
S-30370,2025-02-01,2.0,6.0,124.96,9.0,14.0,5.0,4.0,0.0,3.0,8.0,0.0,1.0,0.7009,4.0,1.0,52.48,1,0.6536
S-30371,2025-11-06,1.0,2.0,45.55,5.0,12.0,0.0,4.0,9.0,0.0,9.0,2.0,1.0,0.0816,4.0,1.0,19.13,1,0.5112
S-30372,2025-06-06,3.0,9.0,31.94,19.0,13.0,6.0,2.0,4.0,2.0,8.0,5.0,4.0,0.5344,6.0,1.0,13.42,1,0.8693
S-30373,2025-10-04,2.0,9.0,108.11,49.0,26.0,6.0,0.0,7.0,2.0,2.0,3.0,1.0,0.1275,4.0,1.0,45.41,1,0.8526
S-30374,2025-04-27,4.0,9.0,133.89,54.0,13.0,1.0,2.0,1.0,3.0,5.0,10.0,2.0,0.6186,2.0,1.0,56.23,1,0.3612
S-30375,2025-01-04,3.0,8.0,56.18,8.0,39.0,4.0,4.0,1.0,1.0,13.0,9.0,1.0,0.4485,1.0,0.0,23.6,1,0.8957
S-30376,2025-11-22,5.0,8.0,30.29,3.0,0.0,0.0,1.0,7.0,0.0,16.0,7.0,1.0,0.1388,2.0,1.0,12.72,1,0.8647
S-30377,2025-05-25,5.0,5.0,65.7,54.0,17.0,7.0,1.0,6.0,1.0,13.0,8.0,5.0,0.6087,0.0,1.0,27.59,1,0.9488
S-30378,2025-09-29,2.0,8.0,65.73,25.0,31.0,5.0,0.0,0.0,3.0,4.0,9.0,1.0,0.4825,1.0,1.0,27.61,1,0.8256
S-30379,2025-02-12,5.0,8.0,136.58,47.0,19.0,2.0,1.0,7.0,2.0,12.0,6.0,3.0,0.7791,5.0,1.0,57.36,1,0.8624
S-30380,2025-02-17,4.0,9.0,56.8,37.0,7.0,6.0,3.0,9.0,3.0,7.0,4.0,4.0,0.5634,1.0,1.0,23.86,1,0.867
S-30381,2026-04-06,2.0,8.0,51.33,15.0,32.0,2.0,4.0,7.0,3.0,5.0,12.0,3.0,0.294,1.0,1.0,21.56,1,0.7359
S-30382,2026-01-24,3.0,7.0,33.94,46.0,23.0,3.0,2.0,5.0,2.0,7.0,1.0,0.0,0.7909,5.0,1.0,14.26,0,0.6985
S-30383,2025-07-02,1.0,1.0,28.25,51.0,12.0,1.0,4.0,7.0,2.0,17.0,6.0,1.0,0.2966,3.0,1.0,11.86,1,0.3578
S-30384,2026-02-15,5.0,10.0,118.64,8.0,30.0,5.0,4.0,1.0,3.0,3.0,8.0,1.0,0.3919,1.0,0.0,49.83,1,0.8975
S-30385,2026-02-19,1.0,2.0,45.46,45.0,14.0,2.0,4.0,2.0,2.0,12.0,4.0,2.0,0.482,6.0,1.0,19.09,0,0.2739
S-30386,2025-04-03,2.0,2.0,48.6,7.0,30.0,3.0,1.0,3.0,0.0,9.0,0.0,0.0,0.2951,4.0,1.0,20.41,1,0.8635
S-30387,2025-11-07,3.0,5.0,19.69,26.0,16.0,7.0,3.0,4.0,2.0,11.0,2.0,0.0,0.5641,0.0,1.0,8.27,1,0.8889
S-30388,2025-09-20,0.0,3.0,108.42,19.0,12.0,5.0,0.0,0.0,0.0,1.0,1.0,4.0,0.1098,4.0,0.0,45.54,0,0.5162
S-30389,2025-08-30,3.0,5.0,23.35,5.0,16.0,2.0,2.0,1.0,2.0,1.0,0.0,2.0,0.1869,3.0,1.0,9.81,1,0.6142
S-30390,2025-03-16,4.0,6.0,71.48,36.0,27.0,7.0,1.0,4.0,2.0,18.0,6.0,4.0,0.4014,2.0,1.0,30.02,1,0.9701
S-30391,2026-05-14,0.0,0.0,99.32,19.0,9.0,0.0,1.0,5.0,2.0,6.0,3.0,3.0,0.2239,1.0,0.0,41.71,0,0.3154
S-30392,2025-02-05,0.0,2.0,65.04,6.0,31.0,4.0,2.0,4.0,1.0,14.0,1.0,3.0,0.8524,3.0,0.0,27.31,1,0.8442
S-30393,2025-06-06,5.0,8.0,76.34,34.0,16.0,0.0,3.0,8.0,2.0,5.0,13.0,5.0,0.4777,4.0,0.0,32.06,1,0.677
S-30394,2025-05-15,5.0,5.0,67.62,21.0,31.0,4.0,0.0,7.0,0.0,14.0,7.0,4.0,0.5564,0.0,1.0,28.4,1,0.9795
S-30395,2026-01-19,3.0,7.0,133.57,3.0,34.0,0.0,4.0,5.0,0.0,13.0,10.0,4.0,0.6915,7.0,1.0,56.1,1,0.8077
S-30396,2026-03-25,0.0,6.0,108.58,11.0,32.0,5.0,2.0,6.0,1.0,19.0,10.0,1.0,0.4116,4.0,0.0,45.61,1,0.9187
S-30397,2026-02-01,4.0,6.0,87.03,23.0,23.0,1.0,2.0,6.0,2.0,19.0,8.0,3.0,0.5404,0.0,0.0,36.55,0,0.8854
S-30398,2025-06-17,5.0,11.0,115.95,46.0,15.0,1.0,3.0,1.0,2.0,12.0,2.0,2.0,0.3333,3.0,0.0,48.7,1,0.5646
S-30399,2025-03-15,2.0,4.0,68.37,24.0,21.0,7.0,2.0,4.0,2.0,16.0,2.0,0.0,0.5564,1.0,1.0,28.71,1,0.9241
S-30400,2025-10-28,2.0,3.0,18.01,53.0,35.0,7.0,3.0,0.0,3.0,8.0,3.0,5.0,0.7996,6.0,1.0,8.0,1,0.7604
S-30401,2026-04-04,2.0,3.0,119.04,40.0,10.0,2.0,3.0,7.0,0.0,4.0,13.0,2.0,0.3926,6.0,1.0,50.0,1,0.4207
S-30402,2025-07-02,1.0,7.0,22.4,38.0,14.0,4.0,0.0,4.0,0.0,7.0,10.0,1.0,0.2906,5.0,1.0,9.41,1,0.6411
S-30403,2025-05-21,2.0,8.0,18.01,2.0,20.0,2.0,2.0,9.0,3.0,1.0,3.0,5.0,0.577,0.0,1.0,8.0,1,0.7875
S-30404,2025-09-18,1.0,1.0,91.98,41.0,5.0,0.0,3.0,3.0,0.0,6.0,8.0,4.0,0.6413,7.0,1.0,38.63,1,0.14
S-30405,2026-02-28,1.0,6.0,140.0,56.0,2.0,6.0,2.0,7.0,1.0,9.0,12.0,2.0,0.5204,7.0,0.0,58.8,1,0.5622
S-30406,2025-08-04,0.0,3.0,128.11,53.0,31.0,7.0,4.0,2.0,2.0,15.0,11.0,3.0,0.3646,7.0,1.0,53.81,0,0.6759
S-30407,2025-01-02,5.0,11.0,101.32,45.0,17.0,4.0,3.0,7.0,3.0,13.0,12.0,4.0,0.2818,5.0,0.0,42.55,1,0.8792
S-30408,2025-01-12,5.0,6.0,36.93,19.0,1.0,4.0,4.0,5.0,1.0,3.0,9.0,4.0,0.4994,6.0,1.0,15.51,0,0.7181
S-30409,2025-06-28,5.0,6.0,138.39,20.0,13.0,5.0,1.0,4.0,0.0,8.0,13.0,2.0,0.3178,5.0,1.0,58.12,1,0.9248
S-30410,2025-02-03,3.0,7.0,125.47,9.0,33.0,6.0,2.0,0.0,2.0,3.0,10.0,5.0,0.8046,0.0,0.0,52.7,1,0.8971
S-30411,2025-02-01,3.0,7.0,110.51,8.0,38.0,0.0,0.0,9.0,1.0,14.0,13.0,1.0,0.5348,0.0,1.0,46.41,1,0.9473
S-30412,2025-06-25,3.0,3.0,112.38,30.0,28.0,0.0,0.0,0.0,0.0,15.0,14.0,1.0,0.1188,4.0,0.0,47.2,0,0.715
S-30413,2026-02-07,2.0,7.0,78.97,43.0,30.0,5.0,3.0,0.0,0.0,17.0,8.0,5.0,0.6337,6.0,0.0,33.17,1,0.7658
S-30414,2025-04-04,1.0,1.0,118.36,45.0,1.0,2.0,1.0,8.0,0.0,12.0,14.0,0.0,0.5115,5.0,0.0,49.71,1,0.4713
S-30415,2025-04-11,1.0,4.0,78.12,3.0,0.0,5.0,1.0,5.0,2.0,11.0,2.0,5.0,0.9474,0.0,1.0,32.81,1,0.7883
S-30416,2025-01-15,4.0,8.0,23.73,4.0,20.0,2.0,1.0,2.0,3.0,6.0,7.0,1.0,0.2508,2.0,1.0,9.97,1,0.8375
S-30417,2025-12-22,0.0,4.0,39.1,37.0,30.0,7.0,3.0,1.0,0.0,17.0,9.0,5.0,0.7987,2.0,0.0,16.42,0,0.7883
S-30418,2025-01-19,1.0,8.0,83.44,12.0,6.0,4.0,3.0,9.0,3.0,7.0,0.0,3.0,0.3584,5.0,1.0,35.05,1,0.7006
S-30419,2026-05-19,4.0,7.0,96.98,16.0,31.0,7.0,3.0,2.0,1.0,9.0,1.0,3.0,0.5951,1.0,0.0,40.73,1,0.9488
S-30420,2025-12-01,3.0,6.0,64.97,25.0,2.0,0.0,3.0,9.0,1.0,5.0,10.0,2.0,0.4694,5.0,1.0,27.29,0,0.4564
S-30421,2025-03-10,0.0,0.0,54.92,24.0,38.0,3.0,3.0,2.0,3.0,4.0,12.0,1.0,0.2913,4.0,1.0,23.07,1,0.5449
S-30422,2025-11-13,4.0,4.0,113.21,19.0,3.0,4.0,4.0,0.0,1.0,5.0,11.0,0.0,0.757,1.0,0.0,47.55,1,0.5461
S-30423,2025-07-23,3.0,9.0,117.29,16.0,20.0,3.0,2.0,9.0,2.0,12.0,5.0,5.0,0.8064,3.0,0.0,49.26,1,0.9047
S-30424,2026-01-24,4.0,9.0,83.43,55.0,22.0,6.0,1.0,2.0,1.0,19.0,9.0,4.0,0.1506,5.0,1.0,35.04,1,0.9125
S-30425,2025-06-29,4.0,9.0,46.85,4.0,32.0,5.0,0.0,4.0,1.0,9.0,4.0,3.0,0.6008,0.0,1.0,19.68,1,0.9734
S-30426,2025-09-20,3.0,3.0,92.7,3.0,18.0,6.0,2.0,8.0,0.0,8.0,2.0,3.0,0.1807,2.0,1.0,38.94,1,0.9514
S-30427,2026-01-29,0.0,2.0,119.96,56.0,7.0,7.0,2.0,9.0,0.0,19.0,3.0,5.0,0.4584,0.0,1.0,50.38,1,0.7721
S-30428,2026-01-16,1.0,5.0,116.05,27.0,19.0,1.0,4.0,9.0,3.0,16.0,10.0,2.0,0.5167,1.0,1.0,48.74,0,0.6166
S-30429,2026-03-17,3.0,3.0,95.97,16.0,23.0,0.0,2.0,1.0,1.0,12.0,2.0,3.0,0.4597,0.0,1.0,40.31,0,0.6388
S-30430,2025-01-05,0.0,5.0,119.84,35.0,8.0,4.0,4.0,4.0,2.0,17.0,1.0,0.0,0.7328,4.0,1.0,50.33,1,0.4465
S-30431,2026-05-02,3.0,8.0,46.13,16.0,6.0,5.0,3.0,9.0,0.0,9.0,5.0,4.0,0.4554,1.0,1.0,19.37,1,0.8641
S-30432,2025-11-09,0.0,5.0,107.87,3.0,34.0,0.0,0.0,8.0,2.0,1.0,10.0,0.0,0.8736,5.0,1.0,45.31,1,0.712
S-30433,2025-10-17,0.0,3.0,26.77,6.0,15.0,7.0,1.0,4.0,1.0,3.0,2.0,5.0,0.9242,2.0,1.0,11.24,1,0.81
S-30434,2025-09-23,3.0,10.0,121.12,30.0,8.0,1.0,4.0,0.0,0.0,18.0,0.0,0.0,0.1565,2.0,1.0,50.87,0,0.4256
S-30435,2025-11-06,4.0,6.0,54.05,54.0,10.0,7.0,3.0,5.0,0.0,18.0,4.0,0.0,0.668,4.0,1.0,22.7,1,0.8839
S-30436,2025-03-11,1.0,5.0,32.23,27.0,39.0,2.0,4.0,8.0,3.0,16.0,8.0,0.0,0.4611,3.0,1.0,13.54,1,0.8077
S-30437,2026-04-30,1.0,5.0,115.65,19.0,33.0,2.0,1.0,0.0,1.0,15.0,6.0,1.0,0.3656,0.0,0.0,48.57,0,0.7379
S-30438,2025-01-05,1.0,4.0,95.15,0.0,6.0,2.0,0.0,4.0,0.0,12.0,7.0,3.0,0.0778,6.0,1.0,39.96,1,0.7211
S-30439,2025-10-25,2.0,5.0,30.21,32.0,8.0,7.0,3.0,9.0,1.0,16.0,3.0,0.0,0.5895,7.0,1.0,12.69,1,0.8966
S-30440,2026-03-16,4.0,11.0,127.99,5.0,35.0,0.0,2.0,2.0,1.0,6.0,11.0,3.0,0.7809,4.0,0.0,53.76,1,0.8077
S-30441,2025-02-07,1.0,5.0,124.44,7.0,35.0,6.0,1.0,5.0,2.0,10.0,0.0,4.0,0.2891,7.0,1.0,52.27,1,0.9445
S-30442,2025-06-12,0.0,7.0,88.8,4.0,13.0,3.0,0.0,5.0,1.0,10.0,12.0,4.0,0.7817,5.0,1.0,37.3,1,0.7427
S-30443,2025-04-13,0.0,7.0,76.27,1.0,28.0,2.0,2.0,7.0,3.0,13.0,7.0,1.0,0.4035,4.0,1.0,32.03,1,0.8077
S-30444,2025-11-14,1.0,8.0,36.52,29.0,36.0,5.0,4.0,6.0,0.0,13.0,9.0,5.0,0.5889,5.0,1.0,15.34,0,0.8436
S-30445,2026-04-19,4.0,5.0,35.13,24.0,10.0,2.0,0.0,3.0,1.0,10.0,13.0,2.0,0.1649,7.0,1.0,14.75,1,0.7892
S-30446,2025-10-21,4.0,7.0,82.45,1.0,5.0,7.0,0.0,3.0,0.0,5.0,3.0,4.0,0.4026,0.0,1.0,34.63,1,0.9424
S-30447,2026-01-27,4.0,11.0,38.73,23.0,15.0,7.0,0.0,0.0,0.0,14.0,1.0,3.0,0.5608,7.0,1.0,16.27,1,0.944
S-30448,2025-04-12,1.0,1.0,63.29,55.0,37.0,2.0,2.0,7.0,2.0,19.0,1.0,1.0,0.5484,7.0,0.0,26.58,1,0.7604
S-30449,2026-03-23,4.0,9.0,127.3,58.0,25.0,6.0,1.0,2.0,1.0,17.0,14.0,2.0,0.3545,0.0,1.0,53.47,1,0.9064
S-30450,2025-02-02,4.0,5.0,37.19,15.0,5.0,3.0,2.0,3.0,1.0,13.0,5.0,1.0,0.131,5.0,0.0,15.62,1,0.7966
S-30451,2025-08-24,2.0,4.0,27.54,19.0,19.0,5.0,2.0,0.0,2.0,14.0,1.0,3.0,0.6424,1.0,1.0,11.57,0,0.7998
S-30452,2026-01-23,3.0,5.0,26.29,57.0,3.0,1.0,4.0,9.0,1.0,2.0,0.0,1.0,0.8497,4.0,0.0,11.04,1,0.2583
S-30453,2025-10-06,1.0,8.0,37.32,49.0,14.0,3.0,3.0,8.0,1.0,10.0,6.0,1.0,0.7738,2.0,0.0,15.67,0,0.5062
S-30454,2025-10-01,5.0,8.0,99.74,59.0,39.0,2.0,1.0,0.0,2.0,9.0,9.0,4.0,0.2337,7.0,1.0,41.89,1,0.7883
S-30455,2025-07-01,4.0,9.0,91.73,42.0,0.0,0.0,1.0,6.0,1.0,8.0,11.0,0.0,0.6282,0.0,1.0,38.53,1,0.4825
S-30456,2025-01-24,5.0,6.0,107.58,58.0,8.0,4.0,1.0,4.0,1.0,15.0,4.0,1.0,0.1908,1.0,1.0,45.18,1,0.8176
S-30457,2025-02-06,2.0,2.0,89.5,36.0,31.0,1.0,4.0,0.0,0.0,7.0,1.0,0.0,0.2208,4.0,1.0,37.59,1,0.3682
S-30458,2026-01-17,1.0,8.0,101.68,53.0,37.0,7.0,4.0,1.0,1.0,11.0,12.0,0.0,0.5243,6.0,1.0,42.7,1,0.7241
S-30459,2025-09-10,4.0,11.0,67.76,2.0,26.0,0.0,3.0,5.0,1.0,19.0,14.0,5.0,0.3543,2.0,0.0,28.46,1,0.888
S-30460,2025-12-18,2.0,8.0,102.47,10.0,0.0,5.0,4.0,1.0,1.0,7.0,1.0,4.0,0.6589,3.0,0.0,43.04,0,0.5275
S-30461,2026-01-16,0.0,7.0,24.8,19.0,14.0,3.0,2.0,2.0,1.0,11.0,10.0,1.0,0.6151,6.0,0.0,10.41,0,0.4963
S-30462,2026-03-07,2.0,3.0,58.72,27.0,28.0,1.0,3.0,5.0,0.0,10.0,13.0,4.0,0.2707,1.0,1.0,24.66,0,0.6376
S-30463,2026-02-12,2.0,8.0,20.81,1.0,34.0,0.0,0.0,9.0,2.0,19.0,14.0,1.0,0.7992,0.0,1.0,8.74,1,0.9456
S-30464,2026-02-06,4.0,5.0,125.86,4.0,3.0,1.0,3.0,0.0,2.0,9.0,4.0,0.0,0.143,6.0,1.0,52.86,1,0.5449
S-30465,2026-03-24,5.0,11.0,62.2,41.0,28.0,3.0,1.0,2.0,3.0,6.0,7.0,4.0,0.3312,2.0,0.0,26.12,1,0.8409
S-30466,2026-01-23,0.0,6.0,83.84,43.0,26.0,5.0,0.0,1.0,2.0,15.0,4.0,4.0,0.1748,0.0,1.0,35.21,1,0.7281
S-30467,2025-04-06,1.0,3.0,50.21,29.0,17.0,1.0,4.0,4.0,2.0,13.0,12.0,5.0,0.1719,2.0,1.0,21.09,1,0.3929
S-30468,2026-02-09,2.0,5.0,83.37,32.0,20.0,2.0,1.0,9.0,2.0,19.0,8.0,2.0,0.4044,3.0,1.0,35.01,1,0.8653
S-30469,2025-06-04,1.0,2.0,119.16,35.0,16.0,3.0,0.0,5.0,1.0,19.0,13.0,0.0,0.4767,0.0,1.0,50.05,1,0.785
S-30470,2025-09-11,1.0,8.0,138.88,3.0,15.0,5.0,3.0,2.0,1.0,18.0,9.0,2.0,0.7115,1.0,0.0,58.33,1,0.8227
S-30471,2025-11-05,2.0,7.0,54.25,54.0,3.0,7.0,2.0,9.0,0.0,15.0,6.0,1.0,0.3942,7.0,0.0,22.79,1,0.8278
S-30472,2025-11-17,1.0,6.0,133.79,52.0,36.0,4.0,1.0,6.0,2.0,6.0,11.0,0.0,0.7827,4.0,1.0,56.19,1,0.7446
S-30473,2026-01-05,2.0,7.0,95.37,10.0,30.0,2.0,0.0,2.0,2.0,18.0,8.0,3.0,0.3007,7.0,1.0,40.05,1,0.8938
S-30474,2025-04-15,2.0,6.0,92.94,54.0,23.0,4.0,2.0,9.0,3.0,5.0,3.0,4.0,0.047,4.0,0.0,39.03,1,0.7171
S-30475,2025-09-21,0.0,1.0,126.16,4.0,4.0,2.0,2.0,2.0,2.0,8.0,1.0,5.0,0.4376,2.0,0.0,52.99,0,0.3775
S-30476,2025-07-04,4.0,6.0,113.33,8.0,19.0,0.0,3.0,4.0,0.0,14.0,10.0,0.0,0.2938,2.0,0.0,47.6,1,0.7721
S-30477,2025-02-21,2.0,6.0,89.66,37.0,5.0,1.0,4.0,2.0,3.0,9.0,4.0,1.0,0.6772,5.0,1.0,37.66,0,0.2236
S-30478,2025-06-08,3.0,5.0,91.63,26.0,36.0,4.0,1.0,6.0,1.0,11.0,11.0,4.0,0.5491,1.0,0.0,38.48,0,0.9382
S-30479,2025-09-09,1.0,5.0,77.65,42.0,15.0,4.0,4.0,9.0,0.0,19.0,1.0,3.0,0.5957,4.0,1.0,32.61,1,0.7231
S-30480,2025-08-12,2.0,6.0,112.69,41.0,26.0,4.0,2.0,7.0,3.0,2.0,12.0,5.0,0.2365,5.0,0.0,47.33,1,0.7221
S-30481,2025-01-18,5.0,11.0,134.06,57.0,31.0,5.0,1.0,2.0,2.0,17.0,8.0,4.0,0.9054,6.0,1.0,56.31,1,0.9312
S-30482,2026-02-26,2.0,5.0,109.05,10.0,33.0,2.0,1.0,4.0,2.0,18.0,2.0,3.0,0.8144,3.0,0.0,45.8,1,0.9064
S-30483,2025-03-11,2.0,5.0,55.15,51.0,39.0,2.0,2.0,9.0,3.0,17.0,7.0,4.0,0.3802,1.0,1.0,23.16,1,0.8588
S-30484,2025-11-02,4.0,11.0,27.66,19.0,21.0,4.0,3.0,8.0,3.0,10.0,9.0,4.0,0.5963,4.0,1.0,11.62,1,0.9157
S-30485,2025-04-20,1.0,7.0,111.23,2.0,35.0,3.0,0.0,5.0,3.0,5.0,4.0,1.0,0.4692,5.0,1.0,46.72,1,0.8849
S-30486,2026-02-15,2.0,8.0,81.09,18.0,33.0,4.0,4.0,0.0,1.0,15.0,5.0,2.0,0.5298,1.0,1.0,34.06,1,0.7875
S-30487,2025-12-13,0.0,3.0,87.68,45.0,26.0,7.0,0.0,0.0,0.0,6.0,14.0,2.0,0.6253,0.0,1.0,36.83,1,0.6974
S-30488,2026-03-01,1.0,1.0,108.73,36.0,14.0,2.0,3.0,3.0,0.0,3.0,2.0,3.0,0.522,7.0,1.0,45.67,1,0.2789
S-30489,2025-04-26,4.0,10.0,136.32,17.0,37.0,0.0,4.0,0.0,0.0,18.0,8.0,3.0,0.6105,6.0,0.0,57.25,1,0.7782
S-30490,2025-10-20,0.0,6.0,58.84,56.0,21.0,4.0,1.0,4.0,0.0,5.0,2.0,4.0,0.7391,7.0,0.0,24.71,1,0.4305
S-30491,2025-12-11,2.0,2.0,109.65,8.0,33.0,4.0,0.0,5.0,3.0,17.0,3.0,0.0,0.5065,5.0,0.0,46.05,1,0.9593
S-30492,2025-03-23,0.0,3.0,73.86,59.0,34.0,4.0,0.0,6.0,2.0,10.0,14.0,2.0,0.3878,6.0,1.0,31.02,1,0.7161
S-30493,2025-04-15,1.0,8.0,137.28,26.0,18.0,0.0,2.0,3.0,1.0,8.0,5.0,1.0,0.5096,4.0,1.0,57.66,0,0.3589
S-30494,2025-07-04,2.0,8.0,71.88,2.0,13.0,1.0,0.0,4.0,1.0,13.0,1.0,3.0,0.5421,2.0,1.0,30.19,1,0.7875
S-30495,2025-09-16,1.0,2.0,128.64,27.0,11.0,7.0,2.0,8.0,0.0,15.0,6.0,0.0,0.2733,2.0,1.0,54.03,1,0.8904
S-30496,2026-03-06,5.0,5.0,81.51,55.0,4.0,0.0,4.0,1.0,0.0,10.0,13.0,2.0,0.3515,4.0,1.0,34.23,0,0.2641
S-30497,2025-06-20,4.0,4.0,94.37,51.0,22.0,0.0,1.0,2.0,2.0,19.0,12.0,5.0,0.336,3.0,1.0,39.64,1,0.6824
S-30498,2025-02-03,0.0,7.0,109.31,21.0,14.0,7.0,2.0,9.0,3.0,5.0,0.0,2.0,0.8157,5.0,1.0,45.91,1,0.8227
S-30499,2025-04-20,3.0,8.0,105.55,50.0,21.0,7.0,1.0,1.0,0.0,11.0,13.0,2.0,0.8098,2.0,0.0,44.33,1,0.8532
S-30500,2025-05-01,0.0,2.0,101.06,11.0,37.0,2.0,3.0,6.0,0.0,15.0,13.0,4.0,0.2654,7.0,1.0,42.44,1,0.79
S-30501,2025-06-10,2.0,5.0,106.27,22.0,1.0,7.0,4.0,6.0,2.0,5.0,0.0,0.0,0.8708,5.0,1.0,44.63,0,0.7089
S-30502,2026-03-06,0.0,5.0,74.74,55.0,28.0,7.0,4.0,5.0,2.0,18.0,5.0,2.0,0.6449,2.0,1.0,31.39,1,0.7512
S-30503,2026-03-14,0.0,3.0,49.15,10.0,4.0,5.0,4.0,7.0,3.0,12.0,10.0,0.0,0.5865,0.0,1.0,20.64,1,0.6434
S-30504,2025-07-02,2.0,2.0,53.39,26.0,37.0,5.0,0.0,1.0,1.0,4.0,14.0,1.0,0.4306,1.0,1.0,22.42,1,0.8688
S-30505,2025-06-09,0.0,4.0,125.2,5.0,4.0,7.0,2.0,3.0,2.0,8.0,5.0,5.0,0.9002,7.0,1.0,52.58,1,0.7301
S-30506,2025-04-26,5.0,10.0,99.13,17.0,34.0,5.0,3.0,3.0,2.0,9.0,14.0,5.0,0.4015,6.0,0.0,41.63,1,0.9491
S-30507,2025-10-08,2.0,2.0,70.58,12.0,21.0,2.0,1.0,4.0,2.0,6.0,0.0,3.0,0.436,4.0,1.0,29.64,1,0.735
S-30508,2026-03-19,1.0,4.0,127.87,45.0,29.0,3.0,0.0,6.0,3.0,15.0,10.0,2.0,0.6375,7.0,0.0,53.71,1,0.8092
S-30509,2025-10-09,0.0,3.0,46.88,52.0,33.0,5.0,3.0,7.0,1.0,5.0,10.0,3.0,0.6743,6.0,1.0,19.69,0,0.6225
S-30510,2025-05-02,2.0,3.0,90.24,26.0,16.0,1.0,2.0,6.0,2.0,5.0,8.0,5.0,0.7324,5.0,0.0,37.9,1,0.5374
S-30511,2026-01-04,0.0,7.0,34.13,38.0,8.0,0.0,3.0,8.0,3.0,19.0,9.0,0.0,0.5431,1.0,1.0,14.33,0,0.3566
S-30512,2026-03-18,2.0,2.0,102.49,10.0,37.0,2.0,3.0,5.0,1.0,19.0,4.0,2.0,0.2216,1.0,1.0,43.04,1,0.8975
S-30513,2025-06-25,4.0,9.0,98.66,41.0,37.0,3.0,2.0,5.0,2.0,9.0,7.0,1.0,0.6447,5.0,0.0,41.44,0,0.8803
S-30514,2025-10-12,4.0,6.0,133.33,46.0,5.0,1.0,3.0,4.0,2.0,2.0,6.0,5.0,0.2962,7.0,0.0,56.0,0,0.3252
S-30515,2026-03-04,1.0,4.0,82.68,1.0,28.0,0.0,3.0,6.0,3.0,8.0,4.0,5.0,0.4651,4.0,1.0,34.73,1,0.6422
S-30516,2025-05-23,5.0,9.0,88.36,6.0,21.0,5.0,3.0,2.0,1.0,5.0,7.0,3.0,0.4556,6.0,1.0,37.11,1,0.9105
S-30517,2025-01-09,4.0,8.0,38.65,6.0,3.0,4.0,4.0,4.0,3.0,4.0,2.0,0.0,0.5757,0.0,0.0,16.23,1,0.7171
S-30518,2026-04-24,2.0,7.0,48.0,2.0,14.0,3.0,2.0,9.0,0.0,15.0,3.0,0.0,0.6545,3.0,1.0,20.16,1,0.8993
S-30519,2025-10-05,1.0,8.0,124.62,3.0,18.0,3.0,3.0,0.0,0.0,19.0,0.0,2.0,0.597,4.0,1.0,52.34,1,0.714
S-30520,2025-01-30,1.0,5.0,102.85,58.0,27.0,2.0,3.0,9.0,1.0,15.0,14.0,5.0,0.8296,1.0,1.0,43.2,1,0.613
S-30521,2026-02-28,2.0,9.0,96.31,50.0,21.0,3.0,4.0,3.0,3.0,3.0,0.0,1.0,0.359,1.0,1.0,40.45,0,0.3521
S-30522,2026-05-16,5.0,8.0,19.24,28.0,22.0,5.0,3.0,5.0,2.0,8.0,11.0,3.0,0.6062,4.0,1.0,8.08,0,0.9129
S-30523,2026-03-15,4.0,7.0,49.52,46.0,12.0,1.0,2.0,9.0,3.0,9.0,11.0,2.0,0.2954,2.0,1.0,20.8,0,0.6878
S-30524,2025-04-28,2.0,7.0,93.15,0.0,27.0,3.0,1.0,2.0,0.0,3.0,12.0,0.0,0.7696,2.0,1.0,39.12,1,0.8053
S-30525,2026-01-01,3.0,8.0,21.66,13.0,34.0,6.0,0.0,0.0,3.0,11.0,8.0,5.0,0.5522,7.0,0.0,9.1,1,0.9537
S-30526,2025-04-24,5.0,7.0,64.68,52.0,6.0,3.0,0.0,7.0,1.0,7.0,13.0,1.0,0.5347,7.0,0.0,27.16,1,0.8006
S-30527,2026-05-22,2.0,7.0,134.76,1.0,0.0,4.0,4.0,1.0,3.0,5.0,1.0,5.0,0.4759,4.0,1.0,56.6,0,0.4838
S-30528,2026-03-10,3.0,4.0,51.86,53.0,11.0,5.0,1.0,3.0,2.0,17.0,5.0,5.0,0.2212,5.0,0.0,21.78,1,0.79
S-30529,2025-12-15,1.0,2.0,119.38,50.0,16.0,1.0,4.0,2.0,2.0,9.0,0.0,4.0,0.3993,4.0,0.0,50.14,0,0.1854
S-30530,2025-01-09,5.0,6.0,49.73,5.0,6.0,1.0,1.0,0.0,1.0,9.0,8.0,2.0,0.421,5.0,1.0,20.89,1,0.7436
S-30531,2025-08-22,0.0,7.0,91.34,47.0,30.0,3.0,3.0,6.0,2.0,19.0,12.0,5.0,0.7579,5.0,1.0,38.36,1,0.6604
S-30532,2025-03-02,4.0,8.0,129.37,15.0,36.0,7.0,4.0,6.0,2.0,3.0,14.0,4.0,0.4509,6.0,0.0,54.34,1,0.9546
S-30533,2025-11-24,4.0,5.0,118.38,26.0,10.0,3.0,0.0,5.0,3.0,7.0,14.0,5.0,0.8948,6.0,1.0,49.72,1,0.8334
S-30534,2026-02-19,2.0,5.0,49.58,23.0,31.0,1.0,3.0,7.0,0.0,18.0,14.0,2.0,0.7028,1.0,1.0,20.82,1,0.8183
S-30535,2025-01-21,4.0,6.0,22.75,48.0,4.0,7.0,2.0,8.0,2.0,12.0,1.0,1.0,0.4044,0.0,1.0,9.55,1,0.8966
S-30536,2025-04-11,2.0,3.0,22.8,54.0,6.0,3.0,4.0,2.0,1.0,19.0,4.0,3.0,0.1382,7.0,0.0,9.58,0,0.3846
S-30537,2026-01-31,1.0,2.0,95.92,34.0,20.0,0.0,1.0,8.0,0.0,4.0,9.0,2.0,0.9122,5.0,0.0,40.29,0,0.47
S-30538,2025-03-16,1.0,2.0,31.54,50.0,19.0,0.0,3.0,8.0,3.0,18.0,11.0,5.0,0.3006,4.0,0.0,13.25,0,0.4601
S-30539,2025-10-29,1.0,6.0,63.09,3.0,2.0,6.0,2.0,9.0,0.0,13.0,11.0,2.0,0.2755,2.0,1.0,26.5,1,0.8865
S-30540,2025-08-26,3.0,6.0,134.39,30.0,38.0,3.0,3.0,4.0,3.0,12.0,9.0,3.0,0.5683,1.0,1.0,56.45,1,0.8581
S-30541,2025-08-30,4.0,4.0,80.33,41.0,33.0,6.0,2.0,0.0,3.0,17.0,0.0,1.0,0.4804,6.0,0.0,33.74,1,0.9279
S-30542,2025-06-27,1.0,2.0,58.77,50.0,1.0,6.0,3.0,6.0,1.0,8.0,1.0,2.0,0.2233,7.0,1.0,24.69,0,0.49
S-30543,2025-04-05,0.0,0.0,91.57,39.0,21.0,4.0,1.0,9.0,2.0,7.0,9.0,3.0,0.4796,6.0,1.0,38.46,1,0.7037
S-30544,2025-05-02,1.0,5.0,32.78,0.0,1.0,3.0,0.0,9.0,0.0,7.0,9.0,4.0,0.6087,0.0,1.0,13.77,1,0.7908
S-30545,2026-04-23,0.0,2.0,75.93,20.0,33.0,6.0,3.0,4.0,3.0,17.0,10.0,3.0,0.7947,3.0,1.0,31.89,1,0.8744
S-30546,2025-09-11,5.0,12.0,62.34,29.0,31.0,7.0,3.0,6.0,3.0,7.0,4.0,1.0,0.4128,7.0,1.0,26.18,1,0.9646
S-30547,2025-11-10,5.0,9.0,111.72,41.0,14.0,5.0,0.0,7.0,2.0,10.0,12.0,2.0,0.752,1.0,1.0,46.92,1,0.9385
S-30548,2026-04-17,0.0,3.0,28.51,47.0,24.0,3.0,2.0,9.0,1.0,8.0,2.0,3.0,0.7908,2.0,1.0,11.98,0,0.5854
S-30549,2025-11-28,2.0,5.0,67.72,10.0,10.0,5.0,4.0,3.0,1.0,15.0,12.0,2.0,0.4987,0.0,0.0,28.44,1,0.7738
S-30550,2026-01-13,2.0,7.0,115.61,8.0,5.0,4.0,4.0,2.0,3.0,2.0,3.0,1.0,0.2602,4.0,1.0,48.56,1,0.475
S-30551,2025-10-16,2.0,2.0,72.13,7.0,39.0,3.0,3.0,0.0,0.0,3.0,9.0,3.0,0.5993,6.0,1.0,30.3,1,0.7398
S-30552,2025-05-07,2.0,9.0,114.24,37.0,2.0,7.0,4.0,4.0,0.0,16.0,2.0,2.0,0.4597,2.0,1.0,47.98,0,0.7261
S-30553,2025-04-02,2.0,2.0,38.39,17.0,34.0,1.0,4.0,5.0,0.0,8.0,13.0,3.0,0.5737,3.0,0.0,16.13,1,0.6715
S-30554,2025-10-22,3.0,9.0,107.44,22.0,3.0,3.0,1.0,1.0,0.0,16.0,5.0,4.0,0.8847,3.0,1.0,45.12,1,0.715
S-30555,2026-05-19,1.0,1.0,80.82,52.0,21.0,2.0,1.0,8.0,0.0,7.0,8.0,1.0,0.4917,4.0,1.0,33.95,1,0.5523
S-30556,2025-05-27,4.0,7.0,131.92,46.0,27.0,5.0,3.0,6.0,1.0,2.0,9.0,4.0,0.5348,6.0,1.0,55.41,1,0.8191
S-30557,2026-01-13,4.0,4.0,81.4,37.0,30.0,1.0,4.0,6.0,2.0,16.0,13.0,0.0,0.6768,2.0,0.0,34.19,1,0.7949
S-30558,2026-03-08,0.0,6.0,96.58,5.0,36.0,1.0,3.0,8.0,1.0,3.0,0.0,2.0,0.5238,7.0,1.0,40.56,1,0.6626
S-30559,2025-01-20,0.0,2.0,120.21,46.0,35.0,1.0,0.0,3.0,2.0,13.0,6.0,3.0,0.5556,6.0,0.0,50.49,0,0.5671
S-30560,2025-01-10,4.0,11.0,76.74,25.0,33.0,0.0,4.0,0.0,2.0,16.0,2.0,3.0,0.4968,3.0,1.0,32.23,1,0.6846
S-30561,2026-01-31,5.0,5.0,119.21,52.0,24.0,6.0,2.0,1.0,3.0,9.0,1.0,2.0,0.9227,3.0,1.0,50.07,1,0.871
S-30562,2025-12-04,2.0,7.0,87.28,3.0,24.0,2.0,0.0,4.0,2.0,19.0,14.0,4.0,0.298,4.0,0.0,36.66,1,0.9141
S-30563,2026-01-29,5.0,5.0,71.95,58.0,6.0,7.0,4.0,8.0,0.0,5.0,11.0,5.0,0.6534,7.0,0.0,30.22,1,0.8146
S-30564,2026-02-10,1.0,8.0,96.76,49.0,19.0,7.0,4.0,4.0,1.0,7.0,13.0,3.0,0.8537,2.0,1.0,40.64,1,0.6142
S-30565,2026-04-19,4.0,7.0,70.41,55.0,3.0,4.0,2.0,0.0,2.0,1.0,8.0,4.0,0.5583,6.0,1.0,29.57,0,0.374
S-30566,2026-05-10,0.0,4.0,91.02,35.0,13.0,5.0,3.0,6.0,2.0,11.0,1.0,2.0,0.2235,0.0,1.0,38.23,1,0.5903
S-30567,2025-01-19,1.0,5.0,94.73,17.0,29.0,1.0,1.0,4.0,0.0,18.0,2.0,4.0,0.5763,4.0,1.0,39.79,1,0.7867
S-30568,2025-11-27,1.0,8.0,38.97,59.0,8.0,2.0,2.0,2.0,3.0,12.0,3.0,2.0,0.3507,1.0,0.0,16.37,0,0.2451
S-30569,2025-12-08,4.0,11.0,58.54,1.0,8.0,0.0,0.0,4.0,0.0,12.0,0.0,1.0,0.6378,1.0,1.0,24.59,0,0.8168
S-30570,2025-08-08,0.0,5.0,49.37,22.0,27.0,4.0,3.0,2.0,2.0,12.0,12.0,1.0,0.7677,0.0,0.0,20.73,1,0.6341
S-30571,2025-08-27,5.0,9.0,24.06,10.0,35.0,7.0,3.0,7.0,0.0,7.0,5.0,1.0,0.2143,1.0,1.0,10.1,1,0.983
S-30572,2025-06-25,3.0,3.0,64.67,51.0,33.0,4.0,2.0,6.0,1.0,1.0,9.0,4.0,0.4729,4.0,1.0,27.16,1,0.7604
S-30573,2025-06-10,0.0,5.0,95.4,16.0,9.0,4.0,1.0,4.0,1.0,17.0,1.0,2.0,0.3817,4.0,1.0,40.07,1,0.7231
S-30574,2025-09-03,3.0,4.0,56.49,59.0,32.0,7.0,3.0,7.0,0.0,3.0,9.0,0.0,0.5308,2.0,0.0,23.72,0,0.8551
S-30575,2026-02-07,3.0,9.0,89.66,38.0,22.0,7.0,3.0,1.0,2.0,19.0,10.0,3.0,0.8012,6.0,1.0,37.66,1,0.8947
S-30576,2025-10-30,1.0,7.0,124.18,14.0,17.0,4.0,2.0,1.0,2.0,5.0,12.0,1.0,0.6188,1.0,1.0,52.15,1,0.5939
S-30577,2025-10-08,0.0,1.0,91.01,7.0,29.0,7.0,1.0,4.0,3.0,6.0,4.0,4.0,0.8804,3.0,1.0,38.23,1,0.8971
S-30578,2026-03-31,4.0,8.0,47.36,15.0,0.0,6.0,0.0,7.0,3.0,6.0,7.0,1.0,0.3866,3.0,1.0,19.89,1,0.9245
S-30579,2025-02-05,3.0,6.0,41.32,13.0,18.0,0.0,2.0,3.0,0.0,4.0,13.0,4.0,0.8623,3.0,1.0,17.35,1,0.5511
S-30580,2025-05-14,5.0,12.0,58.15,59.0,30.0,0.0,0.0,7.0,3.0,3.0,11.0,2.0,0.5834,5.0,0.0,24.42,1,0.7493
S-30581,2025-12-13,1.0,3.0,96.7,45.0,17.0,0.0,1.0,7.0,1.0,10.0,3.0,3.0,0.0577,7.0,1.0,40.62,0,0.4317
S-30582,2025-01-19,5.0,10.0,30.42,58.0,7.0,6.0,4.0,9.0,3.0,3.0,9.0,2.0,0.5036,6.0,0.0,12.77,1,0.7756
S-30583,2025-01-30,0.0,2.0,19.15,11.0,30.0,0.0,1.0,5.0,0.0,7.0,1.0,2.0,0.3686,1.0,1.0,8.04,1,0.5805
S-30584,2025-12-02,0.0,5.0,116.57,59.0,24.0,5.0,3.0,5.0,0.0,7.0,1.0,4.0,0.2582,6.0,1.0,48.96,0,0.4613
S-30585,2025-04-18,2.0,2.0,85.37,19.0,37.0,6.0,4.0,3.0,2.0,8.0,13.0,0.0,0.1931,2.0,1.0,35.86,1,0.8749
S-30586,2026-02-17,2.0,5.0,57.04,56.0,10.0,5.0,2.0,6.0,1.0,12.0,11.0,0.0,0.2113,3.0,1.0,23.96,1,0.6682
S-30587,2026-03-27,1.0,5.0,75.85,30.0,13.0,2.0,3.0,9.0,3.0,6.0,12.0,1.0,0.165,3.0,0.0,31.86,0,0.515
S-30588,2025-05-11,4.0,11.0,136.37,9.0,7.0,0.0,3.0,7.0,2.0,6.0,10.0,1.0,0.5352,7.0,1.0,57.28,0,0.6445
S-30589,2025-08-09,3.0,6.0,27.37,10.0,33.0,3.0,2.0,0.0,2.0,14.0,1.0,0.0,0.8313,4.0,1.0,11.49,1,0.8765
S-30590,2026-05-17,3.0,4.0,54.51,27.0,9.0,1.0,4.0,3.0,3.0,15.0,0.0,0.0,0.5616,4.0,0.0,22.9,1,0.4988
S-30591,2025-12-24,3.0,6.0,98.75,38.0,4.0,7.0,1.0,2.0,1.0,14.0,12.0,0.0,0.4956,0.0,1.0,41.47,1,0.8429
S-30592,2026-03-21,5.0,5.0,30.46,7.0,34.0,2.0,1.0,3.0,3.0,4.0,9.0,3.0,0.3729,2.0,1.0,12.79,1,0.9224
S-30593,2025-08-17,4.0,11.0,32.8,50.0,10.0,4.0,0.0,3.0,1.0,2.0,11.0,1.0,0.7215,3.0,0.0,13.78,0,0.6792
S-30594,2025-11-23,4.0,5.0,25.37,6.0,10.0,4.0,2.0,3.0,0.0,6.0,9.0,5.0,0.3152,2.0,1.0,10.66,1,0.8389
S-30595,2025-04-05,1.0,5.0,73.49,30.0,0.0,3.0,2.0,3.0,0.0,12.0,6.0,4.0,0.7654,2.0,0.0,30.87,1,0.4207
S-30596,2025-12-26,0.0,0.0,51.08,53.0,22.0,0.0,2.0,5.0,1.0,11.0,2.0,0.0,0.2559,6.0,1.0,21.46,0,0.2641
S-30597,2025-10-03,0.0,3.0,113.15,36.0,29.0,5.0,0.0,0.0,0.0,15.0,9.0,3.0,0.9068,3.0,0.0,47.52,1,0.7613
S-30598,2025-01-29,5.0,11.0,130.1,54.0,5.0,3.0,0.0,9.0,3.0,3.0,0.0,1.0,0.6053,0.0,0.0,54.64,1,0.7858
S-30599,2025-09-02,4.0,11.0,26.56,44.0,11.0,3.0,0.0,7.0,0.0,1.0,4.0,5.0,0.5237,3.0,1.0,11.16,1,0.7465
S-30600,2025-01-05,0.0,4.0,85.78,28.0,12.0,3.0,1.0,7.0,1.0,10.0,4.0,0.0,0.7411,2.0,1.0,36.03,1,0.6083
S-30601,2025-01-09,1.0,8.0,70.13,39.0,23.0,1.0,0.0,8.0,1.0,11.0,13.0,5.0,0.5421,5.0,1.0,29.46,0,0.6889
S-30602,2025-06-18,3.0,8.0,128.8,42.0,17.0,3.0,4.0,0.0,3.0,13.0,5.0,3.0,0.6356,3.0,0.0,54.1,1,0.505
S-30603,2026-02-22,2.0,3.0,76.38,5.0,4.0,1.0,3.0,9.0,3.0,18.0,2.0,1.0,0.6765,0.0,0.0,32.08,1,0.7531
S-30604,2025-03-24,0.0,4.0,115.43,3.0,29.0,7.0,4.0,8.0,0.0,18.0,8.0,4.0,0.4939,2.0,1.0,48.48,1,0.9429
S-30605,2025-07-18,0.0,1.0,35.38,51.0,23.0,4.0,3.0,5.0,1.0,17.0,5.0,0.0,0.4436,3.0,1.0,14.86,1,0.5805
S-30606,2025-03-27,4.0,10.0,24.1,1.0,22.0,2.0,2.0,7.0,0.0,2.0,9.0,0.0,0.6547,5.0,0.0,10.12,1,0.8738
S-30607,2026-05-08,0.0,3.0,35.74,9.0,5.0,4.0,2.0,1.0,0.0,5.0,5.0,1.0,0.4388,0.0,1.0,15.01,1,0.4195
S-30608,2025-09-06,0.0,7.0,54.34,56.0,20.0,1.0,0.0,1.0,2.0,16.0,5.0,5.0,0.7101,6.0,0.0,22.82,0,0.3452
S-30609,2025-07-01,2.0,4.0,102.73,41.0,21.0,6.0,2.0,0.0,3.0,16.0,4.0,0.0,0.545,7.0,1.0,43.14,1,0.7883
S-30610,2026-03-04,5.0,8.0,118.83,30.0,17.0,2.0,1.0,5.0,0.0,6.0,7.0,0.0,0.8866,1.0,1.0,49.91,1,0.8292
S-30611,2025-05-13,5.0,5.0,68.23,57.0,38.0,4.0,1.0,3.0,0.0,3.0,12.0,4.0,0.5639,2.0,0.0,28.66,1,0.8682
S-30612,2025-02-14,2.0,4.0,116.61,26.0,9.0,6.0,1.0,5.0,3.0,12.0,1.0,4.0,0.7121,7.0,1.0,48.98,1,0.8569
S-30613,2025-09-18,0.0,6.0,109.43,27.0,27.0,0.0,2.0,7.0,0.0,14.0,11.0,1.0,0.8706,0.0,1.0,45.96,0,0.5609
S-30614,2026-02-08,4.0,7.0,99.27,52.0,11.0,2.0,0.0,4.0,1.0,4.0,2.0,2.0,0.5752,4.0,1.0,41.69,0,0.6035
S-30615,2025-11-20,2.0,7.0,126.85,9.0,9.0,7.0,1.0,5.0,2.0,12.0,14.0,4.0,0.5638,5.0,1.0,53.28,1,0.9238
S-30616,2025-07-09,5.0,11.0,85.36,21.0,27.0,2.0,4.0,7.0,1.0,15.0,10.0,5.0,0.4324,5.0,1.0,35.85,1,0.9109
S-30617,2025-10-18,0.0,3.0,111.48,59.0,26.0,7.0,0.0,8.0,1.0,13.0,2.0,1.0,0.0247,2.0,0.0,46.82,0,0.8659
S-30618,2025-07-19,1.0,6.0,113.83,41.0,15.0,7.0,0.0,4.0,3.0,1.0,13.0,2.0,0.7347,6.0,0.0,47.81,1,0.7359
S-30619,2025-12-05,1.0,5.0,133.58,54.0,17.0,6.0,1.0,0.0,0.0,16.0,4.0,2.0,0.6406,5.0,0.0,56.1,0,0.6682
S-30620,2025-09-11,5.0,6.0,129.27,42.0,39.0,3.0,0.0,3.0,1.0,10.0,8.0,1.0,0.6631,4.0,1.0,54.29,1,0.9346
S-30621,2025-10-24,5.0,6.0,43.54,12.0,10.0,4.0,4.0,2.0,3.0,11.0,10.0,4.0,0.8208,7.0,1.0,18.29,1,0.8306
S-30622,2025-04-17,3.0,3.0,81.03,56.0,33.0,1.0,0.0,3.0,0.0,9.0,0.0,3.0,0.937,6.0,0.0,34.03,1,0.6792
S-30623,2025-10-15,5.0,9.0,94.8,11.0,23.0,7.0,0.0,6.0,1.0,8.0,12.0,2.0,0.0508,6.0,0.0,39.81,1,0.9846
S-30624,2026-01-10,2.0,4.0,127.23,21.0,34.0,3.0,4.0,9.0,2.0,10.0,14.0,2.0,0.3815,6.0,1.0,53.44,1,0.8551
S-30625,2025-08-21,1.0,3.0,67.22,3.0,19.0,2.0,0.0,1.0,1.0,11.0,10.0,3.0,0.4681,3.0,1.0,28.23,1,0.7261
S-30626,2025-05-31,5.0,9.0,85.33,46.0,10.0,0.0,0.0,4.0,1.0,10.0,10.0,1.0,0.4055,1.0,0.0,35.84,1,0.6637
S-30627,2026-02-18,5.0,12.0,116.55,58.0,5.0,7.0,2.0,4.0,0.0,14.0,1.0,1.0,0.7175,1.0,1.0,48.95,1,0.8744
S-30628,2025-12-24,4.0,4.0,57.48,7.0,34.0,4.0,3.0,2.0,3.0,11.0,11.0,3.0,0.6118,6.0,1.0,24.14,1,0.9272
S-30629,2025-03-26,3.0,4.0,30.07,15.0,18.0,7.0,4.0,5.0,3.0,7.0,11.0,0.0,0.5719,0.0,1.0,12.63,1,0.8904
S-30630,2025-06-13,2.0,7.0,37.55,19.0,13.0,0.0,4.0,0.0,2.0,1.0,7.0,4.0,0.2933,6.0,0.0,15.77,0,0.1862
S-30631,2026-04-29,3.0,5.0,133.14,41.0,28.0,7.0,1.0,3.0,2.0,14.0,4.0,5.0,0.5266,1.0,1.0,55.92,1,0.9361
S-30632,2025-07-30,5.0,7.0,20.59,3.0,29.0,5.0,1.0,1.0,0.0,5.0,7.0,3.0,0.6852,5.0,0.0,8.65,1,0.9541
S-30633,2025-11-11,5.0,10.0,135.73,0.0,30.0,6.0,3.0,6.0,1.0,9.0,2.0,0.0,0.3763,5.0,1.0,57.01,1,0.9788
S-30634,2025-09-22,0.0,4.0,68.33,12.0,20.0,1.0,3.0,6.0,2.0,18.0,13.0,0.0,0.8934,4.0,0.0,28.7,1,0.6271
S-30635,2025-06-21,3.0,5.0,37.01,57.0,33.0,5.0,2.0,4.0,0.0,3.0,14.0,4.0,0.7505,3.0,1.0,15.55,1,0.7622
S-30636,2026-05-26,0.0,4.0,118.46,54.0,23.0,2.0,4.0,1.0,3.0,3.0,5.0,4.0,0.1795,1.0,1.0,49.75,0,0.1359
S-30637,2026-05-10,2.0,8.0,84.61,22.0,36.0,6.0,3.0,2.0,3.0,18.0,14.0,0.0,0.3449,2.0,1.0,35.54,1,0.9262
S-30638,2025-10-21,2.0,2.0,73.55,6.0,25.0,3.0,4.0,0.0,0.0,6.0,1.0,1.0,0.6798,4.0,1.0,30.89,1,0.6154
S-30639,2025-04-30,2.0,4.0,89.17,23.0,11.0,0.0,2.0,4.0,1.0,18.0,9.0,1.0,0.7183,2.0,0.0,37.45,0,0.5708
S-30640,2025-11-27,0.0,5.0,131.89,39.0,14.0,3.0,1.0,6.0,0.0,14.0,14.0,0.0,0.647,1.0,0.0,55.39,1,0.5903
S-30641,2025-05-09,5.0,11.0,107.27,44.0,27.0,6.0,1.0,9.0,3.0,7.0,9.0,4.0,0.8329,4.0,1.0,45.05,0,0.9641
S-30642,2025-09-13,1.0,7.0,124.3,49.0,38.0,3.0,4.0,6.0,0.0,12.0,5.0,4.0,0.3133,0.0,1.0,52.2,1,0.6559
S-30643,2026-03-04,2.0,9.0,77.8,54.0,28.0,5.0,0.0,5.0,0.0,4.0,5.0,3.0,0.2621,7.0,1.0,32.67,0,0.7875
S-30644,2025-11-15,2.0,6.0,43.13,43.0,19.0,5.0,1.0,1.0,0.0,3.0,1.0,3.0,0.5494,1.0,1.0,18.11,0,0.6142
S-30645,2025-05-13,1.0,2.0,45.98,48.0,15.0,7.0,2.0,2.0,3.0,7.0,4.0,2.0,0.7542,0.0,1.0,19.31,0,0.6295
S-30646,2025-01-23,4.0,10.0,128.97,32.0,28.0,4.0,3.0,1.0,1.0,1.0,8.0,2.0,0.2575,7.0,1.0,54.17,1,0.7231
S-30647,2025-07-30,2.0,5.0,85.83,6.0,34.0,5.0,4.0,2.0,0.0,7.0,5.0,4.0,0.5943,0.0,1.0,36.05,1,0.8442
S-30648,2025-12-23,5.0,11.0,116.49,32.0,31.0,3.0,2.0,2.0,1.0,13.0,2.0,2.0,0.564,5.0,1.0,48.92,1,0.9011
S-30649,2026-02-08,1.0,2.0,139.82,5.0,34.0,1.0,0.0,6.0,1.0,8.0,14.0,1.0,0.1998,2.0,1.0,58.72,1,0.8409
S-30650,2026-01-17,3.0,5.0,19.74,22.0,20.0,1.0,0.0,7.0,3.0,8.0,7.0,1.0,0.5166,7.0,1.0,8.29,1,0.8176
S-30651,2026-03-13,3.0,4.0,60.31,47.0,18.0,3.0,0.0,2.0,0.0,5.0,4.0,1.0,0.369,4.0,1.0,25.33,1,0.6399
S-30652,2025-06-27,5.0,11.0,31.46,20.0,1.0,2.0,0.0,6.0,1.0,13.0,13.0,1.0,0.6238,0.0,0.0,13.21,0,0.8754
S-30653,2026-04-03,5.0,5.0,94.35,37.0,3.0,0.0,4.0,5.0,3.0,8.0,14.0,4.0,0.262,3.0,0.0,39.63,0,0.4366
S-30654,2025-06-25,5.0,5.0,139.0,46.0,12.0,5.0,0.0,7.0,2.0,15.0,2.0,3.0,0.6935,1.0,1.0,58.38,1,0.9437
S-30655,2026-04-29,0.0,5.0,33.53,45.0,2.0,5.0,1.0,7.0,2.0,17.0,4.0,5.0,0.5484,6.0,1.0,14.08,0,0.6445
S-30656,2025-08-02,1.0,3.0,52.22,39.0,37.0,7.0,3.0,4.0,2.0,5.0,14.0,5.0,0.7071,0.0,0.0,21.93,1,0.8227
S-30657,2025-06-03,1.0,3.0,48.71,6.0,36.0,2.0,2.0,9.0,0.0,12.0,5.0,1.0,0.3214,0.0,0.0,20.46,1,0.8966
S-30658,2026-02-09,5.0,5.0,105.29,8.0,28.0,5.0,1.0,0.0,1.0,5.0,10.0,0.0,0.5152,5.0,0.0,44.22,1,0.9399
S-30659,2026-05-04,4.0,7.0,119.44,13.0,3.0,1.0,2.0,5.0,2.0,4.0,6.0,5.0,0.0977,1.0,1.0,50.16,1,0.6166
S-30660,2025-09-09,0.0,5.0,23.79,20.0,18.0,7.0,3.0,7.0,1.0,16.0,10.0,4.0,0.3052,3.0,0.0,9.99,1,0.8721
S-30661,2026-05-01,1.0,4.0,29.03,50.0,23.0,3.0,1.0,9.0,2.0,12.0,3.0,5.0,0.3795,2.0,1.0,12.19,1,0.7389
S-30662,2025-07-27,1.0,8.0,121.54,13.0,37.0,6.0,2.0,1.0,1.0,19.0,7.0,0.0,0.4341,4.0,0.0,51.05,1,0.9312
S-30663,2025-09-01,1.0,5.0,116.86,57.0,12.0,2.0,0.0,3.0,3.0,6.0,10.0,1.0,0.5831,5.0,0.0,49.08,0,0.3285
S-30664,2025-03-27,4.0,9.0,97.54,55.0,3.0,5.0,2.0,9.0,3.0,5.0,6.0,1.0,0.509,7.0,1.0,40.97,1,0.7474
S-30665,2025-08-16,3.0,6.0,130.89,53.0,20.0,2.0,4.0,9.0,0.0,10.0,0.0,1.0,0.5296,6.0,1.0,54.97,0,0.6189
S-30666,2026-01-19,3.0,5.0,42.43,55.0,36.0,7.0,1.0,4.0,0.0,5.0,14.0,1.0,0.6953,0.0,1.0,17.82,1,0.9033
S-30667,2025-07-11,2.0,8.0,120.22,45.0,0.0,7.0,1.0,1.0,0.0,8.0,12.0,3.0,0.5289,3.0,1.0,50.49,0,0.626
S-30668,2025-08-13,5.0,12.0,59.98,32.0,26.0,4.0,4.0,6.0,0.0,12.0,0.0,2.0,0.2489,5.0,0.0,25.19,1,0.9064
S-30669,2025-10-20,0.0,5.0,89.3,12.0,2.0,7.0,2.0,1.0,1.0,18.0,9.0,0.0,0.3749,2.0,1.0,37.51,1,0.7503
S-30670,2026-03-10,1.0,8.0,105.68,8.0,18.0,1.0,0.0,0.0,3.0,9.0,7.0,5.0,0.5349,2.0,1.0,44.39,1,0.572
S-30671,2025-02-21,0.0,1.0,18.94,5.0,34.0,2.0,1.0,5.0,0.0,16.0,8.0,3.0,0.3011,5.0,1.0,8.0,1,0.8501
S-30672,2026-03-06,4.0,5.0,47.18,32.0,13.0,4.0,2.0,0.0,1.0,7.0,0.0,1.0,0.3061,5.0,1.0,19.82,1,0.6942
S-30673,2025-05-06,4.0,5.0,51.4,15.0,8.0,7.0,0.0,3.0,2.0,11.0,2.0,3.0,0.5663,2.0,1.0,21.59,1,0.9491
S-30674,2025-02-01,1.0,6.0,89.46,5.0,2.0,5.0,1.0,2.0,0.0,3.0,0.0,5.0,0.3007,1.0,1.0,37.57,0,0.6236
S-30675,2026-05-26,2.0,5.0,88.55,21.0,1.0,5.0,4.0,2.0,1.0,5.0,11.0,0.0,0.8082,1.0,1.0,37.19,0,0.4688
S-30676,2025-09-29,5.0,10.0,84.1,47.0,17.0,4.0,3.0,6.0,2.0,6.0,0.0,3.0,0.7291,6.0,1.0,35.32,1,0.8014
S-30677,2025-07-07,1.0,4.0,19.65,24.0,4.0,5.0,2.0,5.0,2.0,14.0,0.0,0.0,0.1183,1.0,1.0,8.25,0,0.713
S-30678,2025-07-20,2.0,5.0,86.85,36.0,36.0,6.0,1.0,0.0,2.0,6.0,2.0,1.0,0.6864,7.0,1.0,36.48,1,0.8402
S-30679,2025-03-07,1.0,4.0,114.67,21.0,39.0,5.0,3.0,1.0,0.0,12.0,1.0,0.0,0.3207,7.0,1.0,48.16,1,0.8271
S-30680,2026-04-15,1.0,4.0,89.38,6.0,11.0,0.0,2.0,6.0,2.0,7.0,12.0,2.0,0.3281,0.0,1.0,37.54,1,0.485
S-30681,2025-06-24,4.0,10.0,105.45,11.0,38.0,0.0,2.0,7.0,0.0,2.0,14.0,0.0,0.754,5.0,0.0,44.29,0,0.8538
S-30682,2026-05-06,0.0,5.0,139.14,13.0,36.0,2.0,4.0,2.0,1.0,4.0,8.0,3.0,0.8053,5.0,0.0,58.44,1,0.4688
S-30683,2025-09-30,4.0,7.0,133.86,45.0,23.0,3.0,4.0,2.0,0.0,19.0,13.0,4.0,0.4072,3.0,0.0,56.22,1,0.7568
S-30684,2025-07-12,0.0,3.0,103.6,58.0,25.0,0.0,2.0,9.0,3.0,19.0,9.0,4.0,0.9506,6.0,1.0,43.51,1,0.4825
S-30685,2025-08-12,4.0,10.0,42.98,29.0,7.0,1.0,0.0,5.0,1.0,14.0,0.0,3.0,0.6258,0.0,0.0,18.05,0,0.7816
S-30686,2025-08-11,5.0,7.0,101.57,8.0,0.0,0.0,1.0,0.0,1.0,13.0,0.0,2.0,0.4462,0.0,1.0,42.66,1,0.6704
S-30687,2026-03-06,3.0,3.0,88.34,46.0,9.0,6.0,0.0,0.0,2.0,7.0,13.0,0.0,0.243,0.0,0.0,37.1,1,0.7231
S-30688,2025-08-07,1.0,1.0,109.16,53.0,21.0,0.0,2.0,7.0,1.0,5.0,5.0,1.0,0.8593,5.0,1.0,45.85,1,0.3026
S-30689,2025-03-14,2.0,2.0,57.74,40.0,10.0,3.0,0.0,6.0,3.0,19.0,0.0,3.0,0.4386,1.0,1.0,24.25,1,0.8022
S-30690,2025-10-28,1.0,4.0,67.84,17.0,35.0,6.0,4.0,5.0,0.0,6.0,3.0,2.0,0.711,7.0,1.0,28.49,1,0.8436
S-30691,2025-04-27,2.0,8.0,136.12,32.0,4.0,3.0,4.0,2.0,3.0,4.0,8.0,1.0,0.3973,1.0,1.0,57.17,1,0.2891
S-30692,2025-04-08,1.0,5.0,58.64,42.0,34.0,3.0,0.0,6.0,2.0,6.0,7.0,4.0,0.2939,7.0,0.0,24.63,0,0.7649
S-30693,2025-03-21,1.0,4.0,99.03,24.0,7.0,4.0,2.0,9.0,0.0,4.0,8.0,2.0,0.4249,0.0,0.0,41.59,1,0.6525
S-30694,2025-05-07,4.0,9.0,39.86,50.0,9.0,1.0,3.0,4.0,1.0,15.0,2.0,4.0,0.7398,1.0,1.0,16.74,0,0.5275
S-30695,2025-05-04,1.0,1.0,123.14,55.0,17.0,5.0,3.0,8.0,0.0,6.0,10.0,0.0,0.8462,7.0,0.0,51.72,1,0.5781
S-30696,2026-03-13,5.0,6.0,25.31,58.0,19.0,3.0,1.0,0.0,0.0,17.0,11.0,3.0,0.4652,4.0,0.0,10.63,0,0.7858
S-30697,2026-01-26,5.0,5.0,119.53,24.0,13.0,4.0,0.0,2.0,2.0,12.0,2.0,3.0,0.364,1.0,1.0,50.2,1,0.9129
S-30698,2025-04-01,1.0,2.0,121.1,52.0,16.0,4.0,3.0,9.0,1.0,6.0,10.0,1.0,0.8324,3.0,0.0,50.86,1,0.5474
S-30699,2025-12-26,0.0,1.0,100.87,36.0,36.0,7.0,3.0,3.0,3.0,1.0,11.0,3.0,0.7411,2.0,0.0,42.37,1,0.7027
S-30700,2025-10-14,1.0,4.0,111.15,36.0,26.0,4.0,4.0,1.0,0.0,9.0,11.0,2.0,0.8142,2.0,1.0,46.68,1,0.4975
S-30701,2025-02-11,4.0,8.0,127.39,43.0,4.0,1.0,3.0,8.0,0.0,2.0,8.0,0.0,0.7254,5.0,1.0,53.5,1,0.4465
S-30702,2025-03-02,2.0,6.0,130.18,18.0,20.0,0.0,1.0,6.0,1.0,16.0,7.0,2.0,0.0764,1.0,1.0,54.68,1,0.7521
S-30703,2025-05-07,1.0,5.0,28.83,10.0,25.0,4.0,2.0,3.0,0.0,8.0,4.0,0.0,0.1566,1.0,0.0,12.11,1,0.7721
S-30704,2025-05-12,2.0,3.0,22.06,56.0,34.0,6.0,4.0,7.0,1.0,4.0,1.0,1.0,0.6462,7.0,0.0,9.27,0,0.7577
S-30705,2025-10-03,2.0,5.0,29.44,6.0,36.0,0.0,1.0,2.0,1.0,2.0,9.0,4.0,0.1088,4.0,1.0,12.36,1,0.6748
S-30706,2025-08-31,4.0,5.0,56.48,9.0,16.0,4.0,0.0,5.0,2.0,4.0,7.0,2.0,0.7404,5.0,1.0,23.72,1,0.9149
S-30707,2025-05-03,5.0,5.0,39.07,22.0,28.0,1.0,2.0,6.0,3.0,7.0,1.0,3.0,0.6712,0.0,1.0,16.41,1,0.8699
S-30708,2025-05-29,5.0,5.0,63.89,24.0,20.0,1.0,4.0,9.0,3.0,14.0,12.0,5.0,0.6592,4.0,1.0,26.83,1,0.8665
S-30709,2025-04-01,5.0,5.0,125.78,58.0,19.0,1.0,3.0,6.0,0.0,7.0,13.0,4.0,0.2416,6.0,0.0,52.83,0,0.6035
S-30710,2025-12-11,2.0,2.0,83.84,51.0,4.0,7.0,4.0,0.0,0.0,8.0,8.0,0.0,0.7271,6.0,1.0,35.21,1,0.4366
S-30711,2026-04-13,1.0,8.0,88.66,27.0,33.0,7.0,0.0,9.0,1.0,13.0,7.0,2.0,0.2453,5.0,1.0,37.24,1,0.9682
S-30712,2025-03-12,2.0,3.0,32.09,17.0,27.0,4.0,0.0,7.0,2.0,14.0,6.0,2.0,0.8811,6.0,0.0,13.48,1,0.9402
S-30713,2025-09-10,0.0,3.0,98.05,1.0,25.0,1.0,1.0,0.0,0.0,9.0,10.0,3.0,0.4595,2.0,0.0,41.18,0,0.5436
S-30714,2025-08-19,0.0,3.0,84.72,19.0,28.0,1.0,4.0,8.0,2.0,4.0,11.0,2.0,0.368,4.0,0.0,35.58,0,0.4613
S-30715,2025-10-31,5.0,9.0,83.38,31.0,1.0,5.0,0.0,0.0,3.0,4.0,2.0,0.0,0.2766,2.0,0.0,35.02,1,0.7782
S-30716,2025-10-17,2.0,9.0,88.36,57.0,36.0,1.0,4.0,6.0,1.0,16.0,0.0,0.0,0.937,6.0,0.0,37.11,1,0.5975
S-30717,2025-11-08,4.0,9.0,46.87,16.0,25.0,1.0,3.0,5.0,0.0,19.0,0.0,4.0,0.6578,2.0,0.0,19.69,1,0.8765
S-30718,2025-07-01,1.0,5.0,79.67,21.0,9.0,2.0,4.0,1.0,2.0,2.0,13.0,2.0,0.5311,0.0,0.0,33.46,0,0.215
S-30719,2025-05-21,4.0,7.0,114.15,43.0,32.0,1.0,0.0,7.0,1.0,16.0,13.0,0.0,0.688,0.0,1.0,47.95,1,0.9076
S-30720,2025-12-23,3.0,9.0,99.26,38.0,21.0,3.0,4.0,7.0,1.0,10.0,2.0,5.0,0.2969,0.0,0.0,41.69,1,0.7191
S-30721,2026-03-04,4.0,6.0,93.28,44.0,36.0,1.0,2.0,6.0,3.0,3.0,3.0,5.0,0.516,4.0,0.0,39.18,0,0.7465
S-30722,2025-09-25,3.0,3.0,32.72,1.0,37.0,3.0,4.0,3.0,0.0,1.0,10.0,1.0,0.5131,1.0,1.0,13.74,1,0.8153
S-30723,2026-02-24,2.0,6.0,65.79,43.0,19.0,5.0,4.0,8.0,0.0,10.0,8.0,0.0,0.7,4.0,1.0,27.63,1,0.7436
S-30724,2025-11-24,2.0,8.0,132.49,1.0,11.0,4.0,2.0,6.0,2.0,3.0,5.0,4.0,0.3872,0.0,1.0,55.64,1,0.785
S-30725,2025-05-19,3.0,9.0,55.83,47.0,3.0,2.0,1.0,7.0,3.0,5.0,10.0,5.0,0.391,7.0,1.0,23.45,0,0.5187
S-30726,2025-07-25,1.0,1.0,134.73,9.0,37.0,1.0,1.0,2.0,1.0,2.0,7.0,2.0,0.6439,3.0,0.0,56.59,1,0.6514
S-30727,2025-06-06,1.0,8.0,112.26,52.0,37.0,1.0,1.0,9.0,2.0,8.0,11.0,4.0,0.6083,7.0,1.0,47.15,1,0.6792
S-30728,2026-02-02,0.0,4.0,115.41,4.0,25.0,0.0,0.0,8.0,0.0,10.0,12.0,3.0,0.1908,2.0,0.0,48.47,0,0.7427
S-30729,2026-03-30,1.0,3.0,80.25,22.0,33.0,2.0,3.0,5.0,1.0,8.0,8.0,2.0,0.3906,4.0,0.0,33.7,1,0.6682
S-30730,2026-02-17,3.0,4.0,109.14,17.0,9.0,1.0,3.0,9.0,0.0,3.0,0.0,5.0,0.6888,3.0,1.0,45.84,1,0.6142
S-30731,2025-02-21,3.0,7.0,52.03,49.0,7.0,6.0,1.0,8.0,3.0,14.0,11.0,5.0,0.2148,7.0,0.0,21.85,1,0.8771
S-30732,2026-02-02,0.0,5.0,76.92,33.0,2.0,6.0,4.0,8.0,1.0,6.0,9.0,5.0,0.5057,6.0,1.0,32.31,1,0.4938
S-30733,2025-04-17,5.0,9.0,49.46,24.0,14.0,0.0,1.0,4.0,2.0,8.0,1.0,3.0,0.9011,3.0,1.0,20.77,0,0.7408
S-30734,2025-09-17,5.0,8.0,138.13,16.0,13.0,1.0,1.0,7.0,1.0,11.0,14.0,5.0,0.5457,3.0,0.0,58.01,1,0.8839
S-30735,2026-01-05,2.0,7.0,36.74,54.0,13.0,7.0,2.0,4.0,2.0,2.0,1.0,4.0,0.764,6.0,1.0,15.43,0,0.6434
S-30736,2025-02-20,0.0,2.0,128.79,36.0,8.0,5.0,2.0,0.0,0.0,17.0,2.0,4.0,0.9206,3.0,1.0,54.09,1,0.5
S-30737,2025-06-04,1.0,7.0,86.44,59.0,6.0,6.0,2.0,8.0,0.0,13.0,9.0,0.0,0.7995,0.0,0.0,36.3,0,0.6671
S-30738,2026-02-19,5.0,7.0,108.31,17.0,10.0,0.0,1.0,0.0,0.0,17.0,6.0,2.0,0.5776,5.0,1.0,45.49,1,0.7549
S-30739,2025-06-25,2.0,4.0,37.29,24.0,35.0,4.0,1.0,1.0,2.0,8.0,1.0,0.0,0.4468,7.0,0.0,15.66,1,0.832
S-30740,2025-10-22,4.0,7.0,138.55,39.0,25.0,1.0,3.0,4.0,3.0,18.0,2.0,4.0,0.5358,7.0,1.0,58.19,1,0.7694
S-30741,2025-07-18,0.0,5.0,114.3,51.0,24.0,3.0,2.0,3.0,2.0,16.0,11.0,1.0,0.3633,2.0,1.0,48.01,1,0.5012
S-30742,2025-12-15,5.0,9.0,83.1,12.0,24.0,3.0,3.0,0.0,1.0,18.0,14.0,5.0,0.6139,7.0,1.0,34.9,1,0.9064
S-30743,2025-09-13,3.0,6.0,49.33,52.0,35.0,4.0,3.0,3.0,1.0,8.0,5.0,0.0,0.5346,2.0,1.0,20.72,1,0.7408
S-30744,2025-11-23,4.0,11.0,102.3,45.0,38.0,6.0,2.0,5.0,0.0,6.0,14.0,1.0,0.259,6.0,1.0,42.97,1,0.9305
S-30745,2025-06-02,4.0,5.0,114.25,49.0,19.0,0.0,2.0,8.0,0.0,14.0,6.0,1.0,0.5197,3.0,1.0,47.98,1,0.7099
S-30746,2026-01-29,3.0,9.0,107.79,40.0,6.0,3.0,1.0,9.0,0.0,7.0,10.0,3.0,0.4354,0.0,1.0,45.27,1,0.733
S-30747,2025-07-05,2.0,5.0,89.24,55.0,5.0,0.0,1.0,3.0,0.0,9.0,9.0,2.0,0.3058,4.0,1.0,37.48,1,0.2324
S-30748,2025-02-06,4.0,4.0,82.38,3.0,30.0,1.0,3.0,8.0,2.0,17.0,6.0,4.0,0.4798,6.0,1.0,34.6,1,0.9385
S-30749,2025-03-20,4.0,9.0,96.44,5.0,0.0,6.0,1.0,1.0,0.0,18.0,10.0,1.0,0.4998,3.0,1.0,40.51,1,0.9266
S-30750,2025-02-05,2.0,3.0,102.82,18.0,27.0,5.0,4.0,3.0,1.0,17.0,5.0,4.0,0.117,6.0,1.0,43.18,1,0.8618
S-30751,2025-02-14,1.0,5.0,114.25,57.0,35.0,1.0,3.0,6.0,3.0,2.0,0.0,3.0,0.199,3.0,1.0,47.98,1,0.3509
S-30752,2025-08-10,0.0,2.0,23.49,0.0,23.0,0.0,3.0,3.0,2.0,3.0,8.0,4.0,0.5193,0.0,0.0,9.86,0,0.3543
S-30753,2025-10-31,4.0,7.0,61.9,18.0,25.0,2.0,3.0,0.0,3.0,17.0,2.0,4.0,0.43,6.0,0.0,26.0,1,0.8131
S-30754,2025-02-12,2.0,4.0,117.12,37.0,36.0,5.0,1.0,7.0,1.0,11.0,7.0,1.0,0.4789,6.0,1.0,49.19,1,0.9238
S-30755,2025-10-04,4.0,4.0,79.08,9.0,5.0,0.0,1.0,6.0,3.0,8.0,7.0,3.0,0.2184,2.0,1.0,33.21,1,0.7221
S-30756,2026-03-08,0.0,5.0,55.84,17.0,18.0,3.0,1.0,7.0,0.0,4.0,8.0,3.0,0.3124,2.0,1.0,23.45,1,0.6445
S-30757,2025-05-28,4.0,10.0,107.1,18.0,21.0,5.0,1.0,9.0,0.0,8.0,5.0,1.0,0.623,0.0,1.0,44.98,1,0.9581
S-30758,2025-06-19,2.0,9.0,85.83,8.0,7.0,1.0,1.0,1.0,0.0,3.0,13.0,0.0,0.5588,1.0,1.0,36.05,0,0.4354
S-30759,2026-01-30,4.0,8.0,118.27,29.0,13.0,1.0,2.0,2.0,3.0,5.0,7.0,3.0,0.3769,5.0,0.0,49.68,0,0.5436
S-30760,2025-01-19,4.0,4.0,73.21,57.0,21.0,2.0,1.0,2.0,2.0,16.0,3.0,1.0,0.2771,3.0,1.0,30.75,1,0.7221
S-30761,2026-04-30,5.0,7.0,122.41,5.0,20.0,5.0,4.0,5.0,2.0,18.0,1.0,2.0,0.2525,4.0,0.0,51.41,1,0.9618
S-30762,2025-03-29,3.0,3.0,61.67,23.0,37.0,4.0,4.0,1.0,2.0,6.0,14.0,2.0,0.5333,7.0,1.0,25.9,1,0.7816
S-30763,2025-12-09,0.0,6.0,131.83,34.0,27.0,2.0,1.0,7.0,0.0,14.0,8.0,2.0,0.5646,3.0,0.0,55.37,1,0.7006
S-30764,2026-04-19,5.0,6.0,68.95,6.0,23.0,0.0,0.0,6.0,3.0,14.0,0.0,0.0,0.657,7.0,1.0,28.96,1,0.9358
S-30765,2026-02-19,2.0,5.0,38.4,17.0,22.0,5.0,1.0,0.0,3.0,7.0,0.0,3.0,0.2253,4.0,1.0,16.13,1,0.7949
S-30766,2025-03-09,3.0,4.0,119.02,27.0,35.0,2.0,1.0,7.0,1.0,14.0,2.0,4.0,0.2072,2.0,0.0,49.99,1,0.9164
S-30767,2025-12-22,3.0,9.0,130.15,43.0,35.0,2.0,1.0,7.0,1.0,18.0,3.0,2.0,0.1682,3.0,0.0,54.66,1,0.9033
S-30768,2025-01-12,4.0,6.0,132.33,37.0,27.0,2.0,3.0,7.0,1.0,12.0,8.0,3.0,0.7938,2.0,1.0,55.58,0,0.8341
S-30769,2025-02-11,2.0,2.0,52.32,38.0,30.0,5.0,3.0,9.0,0.0,5.0,8.0,5.0,0.1381,7.0,0.0,21.98,1,0.8416
S-30770,2025-08-23,5.0,12.0,100.0,46.0,1.0,5.0,1.0,6.0,2.0,10.0,0.0,5.0,0.3159,3.0,0.0,42.0,0,0.8507
S-30771,2025-06-18,2.0,9.0,61.08,2.0,14.0,2.0,4.0,7.0,1.0,13.0,10.0,2.0,0.1234,0.0,0.0,25.65,1,0.7521
S-30772,2026-03-10,3.0,9.0,69.68,55.0,0.0,4.0,3.0,4.0,3.0,19.0,8.0,1.0,0.6901,6.0,0.0,29.26,1,0.5878
S-30773,2025-11-15,5.0,7.0,84.14,53.0,6.0,4.0,4.0,7.0,3.0,2.0,4.0,3.0,0.4939,0.0,0.0,35.34,1,0.6142
S-30774,2026-01-02,5.0,6.0,133.39,20.0,6.0,2.0,0.0,7.0,2.0,15.0,13.0,2.0,0.3975,7.0,1.0,56.02,1,0.9161
S-30775,2025-11-30,0.0,5.0,51.63,42.0,23.0,3.0,3.0,3.0,1.0,6.0,5.0,1.0,0.8007,1.0,1.0,21.69,1,0.3475
S-30776,2025-11-12,0.0,5.0,39.39,45.0,36.0,3.0,0.0,1.0,1.0,14.0,1.0,3.0,0.7291,6.0,1.0,16.54,1,0.6715
S-30777,2025-11-28,5.0,7.0,103.92,3.0,7.0,2.0,2.0,6.0,3.0,17.0,4.0,5.0,0.1804,6.0,1.0,43.65,1,0.918
S-30778,2025-04-27,3.0,9.0,70.15,12.0,39.0,6.0,1.0,4.0,0.0,9.0,9.0,5.0,0.9003,0.0,1.0,29.46,1,0.9674
S-30779,2025-06-28,5.0,7.0,115.92,36.0,14.0,4.0,3.0,5.0,3.0,6.0,7.0,4.0,0.1413,5.0,1.0,48.69,1,0.8069
S-30780,2025-06-17,2.0,5.0,128.36,17.0,30.0,2.0,3.0,0.0,2.0,15.0,14.0,4.0,0.4833,1.0,1.0,53.91,1,0.7058
S-30781,2026-02-08,0.0,2.0,27.15,35.0,21.0,7.0,0.0,2.0,3.0,2.0,1.0,1.0,0.6216,3.0,1.0,11.4,1,0.7079
S-30782,2026-02-19,0.0,1.0,89.85,13.0,37.0,4.0,3.0,0.0,3.0,8.0,14.0,0.0,0.4117,2.0,1.0,37.74,1,0.6671
S-30783,2025-01-19,2.0,3.0,135.44,7.0,38.0,2.0,3.0,9.0,1.0,19.0,0.0,2.0,0.3024,1.0,1.0,56.88,1,0.9408
S-30784,2026-03-20,5.0,6.0,27.76,34.0,22.0,1.0,1.0,2.0,0.0,14.0,14.0,3.0,0.4071,4.0,1.0,11.66,0,0.8205
S-30785,2025-06-14,4.0,4.0,51.62,41.0,10.0,6.0,2.0,8.0,2.0,6.0,6.0,2.0,0.289,6.0,1.0,21.68,1,0.8738
S-30786,2026-01-05,1.0,7.0,70.69,11.0,36.0,1.0,3.0,7.0,2.0,2.0,14.0,3.0,0.5234,6.0,1.0,29.69,1,0.6671
S-30787,2026-02-17,2.0,5.0,47.22,28.0,25.0,2.0,2.0,6.0,2.0,5.0,10.0,0.0,0.3016,7.0,1.0,19.83,1,0.677
S-30788,2025-11-04,1.0,1.0,138.56,4.0,19.0,0.0,3.0,8.0,3.0,1.0,14.0,1.0,0.7353,5.0,1.0,58.19,0,0.4925
S-30789,2025-10-13,3.0,3.0,108.79,25.0,7.0,1.0,4.0,2.0,1.0,10.0,6.0,0.0,0.568,4.0,1.0,45.69,0,0.3882
S-30790,2025-08-10,0.0,4.0,47.91,19.0,36.0,6.0,0.0,8.0,0.0,16.0,13.0,5.0,0.7709,3.0,0.0,20.12,0,0.9595
S-30791,2025-03-17,2.0,2.0,72.83,10.0,39.0,7.0,1.0,5.0,0.0,15.0,2.0,5.0,0.7594,3.0,1.0,30.59,1,0.9792
S-30792,2025-07-12,1.0,7.0,66.82,1.0,6.0,6.0,3.0,7.0,2.0,17.0,12.0,2.0,0.558,0.0,1.0,28.07,1,0.8854
S-30793,2025-06-23,5.0,10.0,42.8,6.0,32.0,1.0,2.0,0.0,2.0,14.0,14.0,1.0,0.2702,1.0,0.0,17.98,1,0.8966
S-30794,2026-03-31,3.0,10.0,52.29,5.0,37.0,7.0,0.0,1.0,2.0,5.0,5.0,4.0,0.5779,3.0,1.0,21.96,1,0.9672
S-30795,2026-02-17,2.0,7.0,121.62,28.0,39.0,0.0,4.0,8.0,3.0,18.0,1.0,4.0,0.5392,7.0,0.0,51.08,1,0.7892
S-30796,2026-05-06,1.0,7.0,75.76,55.0,19.0,3.0,4.0,3.0,1.0,5.0,14.0,2.0,0.5662,5.0,0.0,31.82,0,0.2602
S-30797,2025-05-30,2.0,4.0,44.9,44.0,8.0,6.0,2.0,7.0,0.0,9.0,7.0,2.0,0.1967,3.0,1.0,18.86,0,0.7577
S-30798,2025-11-06,2.0,5.0,64.89,33.0,5.0,1.0,1.0,9.0,3.0,17.0,10.0,4.0,0.7589,1.0,1.0,27.25,1,0.6974
S-30799,2025-04-03,2.0,2.0,57.34,51.0,23.0,4.0,4.0,6.0,2.0,7.0,8.0,2.0,0.7329,6.0,1.0,24.08,0,0.5805
S-30800,2025-12-30,1.0,3.0,91.24,4.0,5.0,4.0,1.0,5.0,2.0,3.0,13.0,2.0,0.4613,0.0,1.0,38.32,1,0.6748
S-30801,2025-11-04,3.0,9.0,138.49,28.0,28.0,2.0,0.0,6.0,0.0,6.0,11.0,1.0,0.8708,2.0,0.0,58.17,1,0.8468
S-30802,2025-11-30,4.0,9.0,72.65,28.0,3.0,6.0,4.0,1.0,2.0,19.0,2.0,5.0,0.7002,2.0,1.0,30.51,1,0.8146
S-30803,2026-03-28,5.0,10.0,81.49,25.0,6.0,0.0,4.0,3.0,1.0,18.0,12.0,5.0,0.366,7.0,0.0,34.23,1,0.6283
S-30804,2026-01-12,5.0,7.0,130.45,23.0,33.0,0.0,2.0,7.0,2.0,11.0,10.0,3.0,0.8086,7.0,1.0,54.79,1,0.8961
S-30805,2025-06-25,3.0,3.0,33.43,12.0,20.0,3.0,2.0,9.0,1.0,16.0,8.0,0.0,0.5995,7.0,1.0,14.04,1,0.9302
S-30806,2025-11-17,5.0,6.0,98.29,48.0,20.0,4.0,4.0,2.0,0.0,5.0,9.0,5.0,0.6326,4.0,0.0,41.28,1,0.6748
S-30807,2025-08-12,0.0,1.0,90.82,34.0,19.0,4.0,1.0,9.0,1.0,5.0,3.0,5.0,0.3894,7.0,1.0,38.14,1,0.6878
S-30808,2026-04-17,0.0,3.0,67.39,50.0,19.0,1.0,0.0,6.0,3.0,11.0,5.0,1.0,0.0589,7.0,1.0,28.3,1,0.4428
S-30809,2026-04-14,3.0,8.0,139.27,32.0,35.0,2.0,4.0,0.0,0.0,18.0,4.0,4.0,0.122,5.0,1.0,58.5,1,0.733
S-30810,2025-05-13,1.0,2.0,67.4,7.0,9.0,4.0,3.0,6.0,2.0,6.0,11.0,3.0,0.5845,1.0,1.0,28.31,0,0.6626
S-30811,2025-04-12,0.0,1.0,28.82,54.0,36.0,0.0,1.0,6.0,2.0,17.0,2.0,0.0,0.2743,7.0,1.0,12.1,0,0.5523
S-30812,2025-05-22,3.0,8.0,126.04,50.0,29.0,1.0,1.0,3.0,0.0,11.0,1.0,0.0,0.3032,6.0,0.0,52.94,1,0.6548
S-30813,2026-05-12,1.0,2.0,21.92,9.0,39.0,5.0,0.0,6.0,2.0,6.0,14.0,3.0,0.3491,1.0,1.0,9.2,1,0.9408
S-30814,2025-04-13,5.0,10.0,102.89,45.0,6.0,2.0,0.0,6.0,1.0,13.0,13.0,5.0,0.2711,4.0,1.0,43.21,1,0.8213
S-30815,2025-12-22,5.0,5.0,52.81,44.0,10.0,4.0,1.0,6.0,0.0,7.0,7.0,5.0,0.8645,1.0,0.0,22.18,1,0.8442
S-30816,2025-07-26,2.0,6.0,55.19,12.0,27.0,7.0,4.0,7.0,2.0,8.0,6.0,1.0,0.8611,1.0,1.0,23.18,1,0.9227
S-30817,2026-03-26,0.0,3.0,27.39,54.0,18.0,2.0,3.0,6.0,1.0,12.0,7.0,3.0,0.4878,5.0,0.0,11.5,0,0.334
S-30818,2025-04-11,3.0,4.0,87.12,17.0,28.0,6.0,1.0,1.0,3.0,11.0,14.0,5.0,0.336,6.0,1.0,36.59,1,0.9299
S-30819,2025-09-09,5.0,10.0,72.02,42.0,17.0,6.0,0.0,5.0,3.0,1.0,12.0,3.0,0.5286,7.0,1.0,30.25,1,0.9105
S-30820,2025-05-25,5.0,7.0,117.65,9.0,21.0,7.0,4.0,6.0,0.0,16.0,12.0,3.0,0.2444,4.0,1.0,49.41,1,0.9765
S-30821,2025-03-10,0.0,6.0,95.37,33.0,18.0,2.0,2.0,1.0,2.0,15.0,8.0,3.0,0.2213,1.0,0.0,40.05,0,0.4097
S-30822,2026-04-08,0.0,5.0,51.49,2.0,10.0,7.0,3.0,6.0,1.0,9.0,12.0,1.0,0.7308,6.0,0.0,21.63,1,0.8191
S-30823,2026-05-02,1.0,6.0,110.3,16.0,37.0,5.0,4.0,1.0,1.0,7.0,8.0,1.0,0.5145,7.0,1.0,46.33,0,0.7484
S-30824,2025-10-25,2.0,9.0,66.96,1.0,29.0,7.0,2.0,1.0,0.0,17.0,1.0,1.0,0.6821,4.0,1.0,28.12,1,0.9567
S-30825,2025-11-05,2.0,3.0,67.28,59.0,31.0,1.0,1.0,0.0,3.0,18.0,3.0,2.0,0.8528,1.0,1.0,28.26,1,0.5511
S-30826,2025-05-25,1.0,3.0,95.86,49.0,25.0,5.0,0.0,9.0,1.0,17.0,9.0,3.0,0.2978,2.0,0.0,40.26,1,0.9025
S-30827,2026-03-26,4.0,10.0,98.45,5.0,1.0,4.0,4.0,7.0,0.0,15.0,8.0,5.0,0.7311,4.0,1.0,41.35,1,0.8693
S-30828,2025-05-16,0.0,3.0,127.97,46.0,23.0,0.0,2.0,3.0,1.0,8.0,5.0,1.0,0.3756,5.0,1.0,53.75,1,0.2262
S-30829,2026-05-29,5.0,6.0,40.63,27.0,1.0,7.0,3.0,6.0,3.0,4.0,0.0,4.0,0.7811,5.0,0.0,17.06,1,0.8781
S-30830,2026-03-03,1.0,4.0,88.22,5.0,37.0,6.0,2.0,7.0,1.0,3.0,9.0,3.0,0.6383,7.0,1.0,37.05,1,0.9286
S-30831,2025-06-17,4.0,11.0,61.59,29.0,39.0,3.0,2.0,4.0,0.0,16.0,5.0,1.0,0.4252,1.0,0.0,25.87,1,0.9355
S-30832,2025-03-17,0.0,2.0,59.55,36.0,23.0,0.0,3.0,8.0,0.0,8.0,4.0,0.0,0.4852,4.0,1.0,25.01,1,0.3543
S-30833,2025-12-17,1.0,7.0,75.92,10.0,31.0,1.0,2.0,6.0,2.0,12.0,14.0,0.0,0.8226,1.0,1.0,31.89,0,0.7721
S-30834,2026-05-05,0.0,0.0,71.81,46.0,35.0,7.0,4.0,4.0,2.0,12.0,4.0,2.0,0.6651,0.0,1.0,30.16,1,0.7558
S-30835,2026-02-20,5.0,5.0,87.94,37.0,14.0,2.0,4.0,2.0,1.0,13.0,7.0,0.0,0.6812,3.0,1.0,36.94,1,0.6649
S-30836,2025-07-26,0.0,6.0,41.82,32.0,31.0,2.0,0.0,0.0,2.0,17.0,9.0,1.0,0.4436,4.0,1.0,17.56,1,0.6502
S-30837,2026-05-09,2.0,7.0,111.91,36.0,6.0,3.0,1.0,4.0,2.0,14.0,9.0,3.0,0.8564,5.0,1.0,47.0,1,0.6411
S-30838,2025-07-01,4.0,5.0,58.06,1.0,33.0,0.0,1.0,1.0,0.0,5.0,0.0,3.0,0.8634,7.0,0.0,24.38,0,0.8168
S-30839,2025-09-06,0.0,0.0,69.95,6.0,34.0,6.0,3.0,9.0,1.0,10.0,1.0,0.0,0.0968,0.0,1.0,29.38,1,0.9248
S-30840,2025-08-10,2.0,7.0,24.39,7.0,8.0,7.0,0.0,1.0,2.0,7.0,3.0,5.0,0.3878,5.0,1.0,10.24,1,0.8749
S-30841,2025-03-30,2.0,4.0,81.65,20.0,16.0,3.0,2.0,8.0,1.0,18.0,10.0,3.0,0.7491,0.0,0.0,34.29,1,0.8676
S-30842,2026-02-11,2.0,3.0,125.6,42.0,21.0,5.0,4.0,0.0,3.0,4.0,14.0,3.0,0.6527,6.0,1.0,52.75,0,0.4626
S-30843,2025-03-01,0.0,4.0,136.45,14.0,39.0,1.0,0.0,9.0,0.0,1.0,5.0,3.0,0.4554,3.0,0.0,57.31,1,0.7738
S-30844,2025-06-27,3.0,3.0,60.61,23.0,27.0,6.0,3.0,5.0,1.0,9.0,2.0,1.0,0.3087,5.0,0.0,25.46,1,0.9101
S-30845,2025-08-17,2.0,8.0,65.59,24.0,15.0,5.0,2.0,1.0,2.0,13.0,13.0,4.0,0.1937,2.0,1.0,27.55,1,0.7613
S-30846,2025-03-30,5.0,11.0,91.43,3.0,22.0,5.0,2.0,6.0,3.0,16.0,9.0,4.0,0.4002,6.0,1.0,38.4,1,0.978
S-30847,2025-10-31,3.0,5.0,80.06,31.0,12.0,2.0,0.0,5.0,0.0,3.0,8.0,4.0,0.8061,7.0,0.0,33.63,0,0.6671
S-30848,2025-10-07,2.0,2.0,38.45,29.0,20.0,0.0,3.0,1.0,3.0,12.0,8.0,3.0,0.4068,3.0,1.0,16.15,0,0.3906
S-30849,2025-09-21,1.0,7.0,99.88,58.0,20.0,0.0,1.0,3.0,2.0,3.0,0.0,1.0,0.6366,6.0,0.0,41.95,1,0.201
S-30850,2025-03-27,4.0,7.0,107.49,43.0,8.0,1.0,0.0,0.0,2.0,17.0,0.0,0.0,0.6777,3.0,1.0,45.15,1,0.633
S-30851,2025-03-31,0.0,2.0,27.59,28.0,28.0,1.0,3.0,4.0,1.0,8.0,3.0,0.0,0.8067,7.0,1.0,11.59,1,0.4013
S-30852,2025-09-19,2.0,5.0,75.39,33.0,31.0,0.0,1.0,8.0,3.0,15.0,12.0,3.0,0.4514,6.0,1.0,31.66,1,0.7949
S-30853,2025-10-23,5.0,12.0,108.42,59.0,13.0,0.0,2.0,0.0,0.0,4.0,10.0,5.0,0.5531,2.0,0.0,45.54,0,0.309
S-30854,2025-02-07,5.0,11.0,107.95,20.0,1.0,2.0,2.0,4.0,3.0,17.0,6.0,0.0,0.1481,2.0,1.0,45.34,1,0.8191
S-30855,2026-01-07,3.0,4.0,105.08,48.0,18.0,5.0,2.0,2.0,1.0,6.0,8.0,2.0,0.3087,1.0,1.0,44.13,1,0.6748
S-30856,2026-01-25,1.0,4.0,51.26,13.0,27.0,6.0,0.0,9.0,2.0,2.0,8.0,3.0,0.4009,7.0,1.0,21.53,1,0.9299
S-30857,2025-06-23,2.0,3.0,86.38,52.0,18.0,5.0,0.0,1.0,3.0,5.0,9.0,2.0,0.6306,1.0,1.0,36.28,1,0.6318
S-30858,2025-12-19,3.0,10.0,42.58,23.0,27.0,2.0,4.0,5.0,3.0,18.0,5.0,5.0,0.592,0.0,1.0,17.89,1,0.8198
S-30859,2025-02-20,4.0,5.0,76.63,49.0,5.0,3.0,1.0,3.0,1.0,18.0,14.0,1.0,0.2945,2.0,0.0,32.18,1,0.7379
S-30860,2026-03-03,2.0,8.0,81.83,30.0,25.0,7.0,2.0,8.0,3.0,11.0,4.0,1.0,0.2302,2.0,1.0,34.37,1,0.9364
S-30861,2026-05-08,2.0,7.0,33.54,39.0,18.0,0.0,0.0,2.0,3.0,3.0,9.0,5.0,0.6827,4.0,0.0,14.09,0,0.3694
S-30862,2025-03-20,0.0,0.0,104.03,50.0,19.0,6.0,3.0,2.0,2.0,19.0,0.0,1.0,0.6869,0.0,1.0,43.69,1,0.6248
S-30863,2025-06-14,4.0,11.0,32.68,57.0,13.0,0.0,1.0,5.0,1.0,7.0,7.0,5.0,0.3099,0.0,0.0,13.73,1,0.4738
S-30864,2025-01-17,3.0,4.0,129.08,23.0,33.0,4.0,3.0,1.0,2.0,19.0,8.0,4.0,0.4222,0.0,1.0,54.22,1,0.8924
S-30865,2025-10-28,3.0,6.0,31.14,23.0,39.0,5.0,0.0,3.0,0.0,10.0,9.0,1.0,0.7258,7.0,1.0,13.08,1,0.9523
S-30866,2025-12-29,5.0,8.0,93.53,27.0,25.0,3.0,1.0,0.0,1.0,9.0,10.0,4.0,0.4388,2.0,1.0,39.28,1,0.8624
S-30867,2025-04-21,1.0,6.0,129.86,24.0,32.0,2.0,0.0,7.0,3.0,12.0,1.0,0.0,0.1828,1.0,0.0,54.54,1,0.852
S-30868,2025-09-09,5.0,8.0,128.28,59.0,27.0,6.0,2.0,0.0,2.0,7.0,10.0,5.0,0.1513,3.0,1.0,53.88,1,0.8341
S-30869,2025-08-12,4.0,10.0,111.62,51.0,7.0,2.0,4.0,7.0,2.0,18.0,5.0,0.0,0.4929,5.0,0.0,46.88,1,0.6468
S-30870,2025-12-29,5.0,6.0,28.41,28.0,27.0,6.0,4.0,8.0,0.0,4.0,10.0,4.0,0.4286,1.0,1.0,11.93,1,0.9388
S-30871,2025-11-21,2.0,9.0,23.81,2.0,1.0,5.0,4.0,0.0,0.0,18.0,5.0,2.0,0.5098,2.0,1.0,10.0,1,0.7089
S-30872,2025-01-06,1.0,8.0,134.97,7.0,30.0,5.0,3.0,9.0,2.0,2.0,3.0,4.0,0.7116,0.0,1.0,56.69,1,0.8716
S-30873,2025-07-13,3.0,4.0,123.4,24.0,5.0,0.0,1.0,4.0,1.0,4.0,4.0,0.0,0.6718,0.0,1.0,51.83,0,0.4378
S-30874,2025-09-22,4.0,8.0,99.25,35.0,16.0,6.0,4.0,3.0,2.0,3.0,9.0,1.0,0.5267,7.0,1.0,41.69,1,0.7512
S-30875,2026-03-27,3.0,9.0,55.82,50.0,37.0,3.0,4.0,8.0,0.0,16.0,12.0,4.0,0.5452,0.0,1.0,23.45,1,0.8532
S-30876,2025-01-16,1.0,8.0,86.46,4.0,22.0,5.0,1.0,4.0,1.0,8.0,9.0,4.0,0.8101,0.0,1.0,36.31,1,0.8665
S-30877,2025-12-23,3.0,3.0,87.07,21.0,8.0,5.0,0.0,3.0,0.0,19.0,11.0,0.0,0.7141,7.0,1.0,36.57,1,0.9125
S-30878,2025-12-09,5.0,9.0,129.94,1.0,19.0,4.0,4.0,0.0,3.0,13.0,10.0,5.0,0.6141,1.0,1.0,54.58,1,0.8914
S-30879,2025-07-31,4.0,8.0,129.02,0.0,22.0,3.0,2.0,3.0,1.0,17.0,7.0,4.0,0.5326,3.0,0.0,54.19,1,0.9346
S-30880,2025-02-08,2.0,5.0,87.12,21.0,3.0,6.0,1.0,1.0,2.0,18.0,13.0,1.0,0.2996,7.0,0.0,36.59,1,0.8256
S-30881,2025-05-03,0.0,6.0,24.33,28.0,38.0,7.0,4.0,9.0,2.0,11.0,11.0,0.0,0.424,1.0,1.0,10.22,1,0.9038
S-30882,2026-02-03,2.0,5.0,73.36,31.0,8.0,7.0,3.0,9.0,3.0,4.0,4.0,1.0,0.6395,4.0,0.0,30.81,1,0.8123
S-30883,2025-09-29,0.0,5.0,88.69,41.0,8.0,7.0,1.0,3.0,3.0,1.0,7.0,2.0,0.8546,7.0,1.0,37.25,1,0.5137
S-30884,2025-02-22,5.0,7.0,111.94,41.0,15.0,4.0,0.0,5.0,2.0,5.0,8.0,1.0,0.4312,5.0,1.0,47.01,1,0.8749
S-30885,2026-04-12,0.0,1.0,59.51,33.0,23.0,5.0,0.0,5.0,2.0,16.0,1.0,3.0,0.4763,2.0,0.0,24.99,1,0.8396
S-30886,2025-03-02,5.0,11.0,126.32,4.0,18.0,0.0,1.0,6.0,2.0,5.0,7.0,2.0,0.8238,2.0,1.0,53.05,1,0.8545
S-30887,2026-02-17,2.0,6.0,81.47,56.0,6.0,2.0,2.0,8.0,3.0,13.0,7.0,0.0,0.4521,0.0,0.0,34.22,0,0.5
S-30888,2026-03-14,0.0,4.0,58.15,5.0,12.0,2.0,1.0,5.0,2.0,15.0,0.0,3.0,0.4877,0.0,1.0,24.42,0,0.6889
S-30889,2026-03-20,0.0,0.0,67.42,2.0,1.0,7.0,3.0,0.0,1.0,13.0,5.0,4.0,0.9166,5.0,1.0,28.32,1,0.6615
S-30890,2026-03-20,1.0,7.0,50.13,56.0,19.0,3.0,4.0,3.0,0.0,8.0,4.0,4.0,0.6644,0.0,1.0,21.06,1,0.2911
S-30891,2025-02-12,4.0,5.0,24.93,26.0,7.0,5.0,4.0,5.0,1.0,14.0,6.0,4.0,0.9694,6.0,1.0,10.47,1,0.8306
S-30892,2025-09-11,3.0,6.0,130.87,3.0,38.0,0.0,4.0,4.0,2.0,5.0,3.0,3.0,0.7828,7.0,0.0,54.97,0,0.7301
S-30893,2025-08-20,2.0,4.0,53.53,36.0,26.0,4.0,1.0,9.0,3.0,16.0,1.0,5.0,0.5505,4.0,1.0,22.48,1,0.9153
S-30894,2025-02-09,4.0,7.0,28.3,59.0,36.0,1.0,3.0,1.0,0.0,13.0,3.0,4.0,0.7893,1.0,1.0,11.89,1,0.6189
S-30895,2026-03-31,2.0,2.0,131.24,5.0,28.0,1.0,4.0,0.0,1.0,11.0,9.0,2.0,0.2206,7.0,0.0,55.12,0,0.5878
S-30896,2025-09-24,4.0,8.0,51.5,25.0,20.0,3.0,2.0,7.0,3.0,3.0,1.0,0.0,0.3892,4.0,1.0,21.63,1,0.8313
S-30897,2025-07-27,0.0,7.0,85.91,46.0,29.0,7.0,1.0,4.0,0.0,4.0,14.0,1.0,0.4016,6.0,1.0,36.08,1,0.7446
S-30898,2025-03-06,4.0,8.0,55.67,38.0,33.0,4.0,1.0,1.0,1.0,1.0,11.0,2.0,0.1866,3.0,1.0,23.38,1,0.81
S-30899,2026-05-06,2.0,8.0,84.74,30.0,32.0,5.0,2.0,6.0,3.0,14.0,10.0,0.0,0.5479,7.0,1.0,35.59,1,0.9129
S-30900,2025-06-23,0.0,4.0,24.84,57.0,5.0,6.0,0.0,3.0,3.0,9.0,8.0,3.0,0.113,7.0,1.0,10.43,0,0.4888
S-30901,2025-05-08,5.0,7.0,18.92,27.0,16.0,5.0,4.0,8.0,0.0,16.0,0.0,4.0,0.6091,2.0,1.0,8.0,1,0.9402
S-30902,2025-10-25,4.0,6.0,137.44,54.0,29.0,1.0,0.0,9.0,1.0,4.0,1.0,5.0,0.8845,1.0,1.0,57.73,1,0.8038
S-30903,2025-03-04,3.0,10.0,95.69,11.0,5.0,6.0,3.0,2.0,3.0,14.0,0.0,0.0,0.3766,6.0,1.0,40.19,1,0.8422
S-30904,2025-03-03,2.0,6.0,132.66,36.0,36.0,0.0,1.0,5.0,1.0,17.0,6.0,0.0,0.6548,5.0,1.0,55.72,1,0.7756
S-30905,2025-12-27,0.0,4.0,135.7,54.0,33.0,7.0,1.0,9.0,1.0,10.0,2.0,5.0,0.8439,1.0,1.0,56.99,1,0.8797
S-30906,2025-03-27,4.0,10.0,78.05,41.0,14.0,2.0,3.0,9.0,0.0,15.0,8.0,0.0,0.1622,7.0,1.0,32.78,1,0.8046
S-30907,2025-07-17,3.0,3.0,96.93,40.0,33.0,4.0,4.0,5.0,2.0,12.0,1.0,0.0,0.1795,3.0,1.0,40.71,1,0.822
S-30908,2025-09-03,4.0,6.0,23.76,35.0,12.0,7.0,3.0,3.0,2.0,13.0,0.0,0.0,0.4153,0.0,0.0,9.98,1,0.8854
S-30909,2025-05-03,4.0,7.0,89.2,11.0,5.0,2.0,2.0,9.0,2.0,10.0,8.0,0.0,0.2796,1.0,1.0,37.47,1,0.8488
S-30910,2025-12-11,2.0,4.0,42.98,15.0,9.0,6.0,3.0,0.0,2.0,18.0,2.0,0.0,0.2762,5.0,1.0,18.05,1,0.7998
S-30911,2025-04-24,3.0,5.0,27.66,37.0,35.0,4.0,0.0,1.0,2.0,7.0,4.0,3.0,0.2977,7.0,1.0,11.62,1,0.8563
S-30912,2025-11-02,2.0,3.0,137.96,27.0,18.0,3.0,4.0,7.0,3.0,2.0,5.0,5.0,0.8128,7.0,1.0,57.94,0,0.5659
S-30913,2025-05-15,2.0,7.0,97.47,52.0,13.0,3.0,4.0,8.0,2.0,4.0,11.0,5.0,0.5272,3.0,0.0,40.94,0,0.4207
S-30914,2025-11-29,0.0,6.0,26.34,44.0,34.0,4.0,1.0,5.0,2.0,2.0,10.0,3.0,0.5176,1.0,1.0,11.06,0,0.6177
S-30915,2025-06-22,4.0,11.0,65.56,37.0,34.0,1.0,1.0,2.0,0.0,5.0,9.0,1.0,0.6553,2.0,1.0,27.53,0,0.7379
S-30916,2025-09-15,5.0,8.0,138.87,48.0,8.0,2.0,0.0,0.0,3.0,3.0,10.0,4.0,0.5573,4.0,0.0,58.33,1,0.5523
S-30917,2025-10-08,5.0,9.0,121.97,13.0,31.0,0.0,3.0,3.0,2.0,3.0,11.0,1.0,0.1783,4.0,0.0,51.23,0,0.7586
S-30918,2025-09-05,4.0,8.0,67.23,41.0,25.0,7.0,4.0,3.0,2.0,4.0,13.0,0.0,0.4494,1.0,1.0,28.24,0,0.8396
S-30919,2025-02-27,2.0,6.0,128.85,54.0,8.0,4.0,1.0,5.0,2.0,13.0,7.0,4.0,0.6391,7.0,1.0,54.12,1,0.6341
S-30920,2025-05-19,2.0,6.0,62.08,22.0,1.0,3.0,1.0,1.0,1.0,5.0,13.0,1.0,0.3842,7.0,0.0,26.07,0,0.4576
S-30921,2025-06-15,0.0,0.0,124.63,22.0,22.0,2.0,3.0,0.0,3.0,11.0,13.0,1.0,0.1739,3.0,1.0,52.35,0,0.3752
S-30922,2025-02-15,1.0,4.0,50.68,41.0,27.0,2.0,1.0,7.0,0.0,12.0,3.0,1.0,0.3893,1.0,0.0,21.28,1,0.712
S-30923,2026-04-18,4.0,4.0,70.71,9.0,36.0,7.0,0.0,4.0,1.0,18.0,8.0,5.0,0.6701,0.0,1.0,29.7,1,0.9913
S-30924,2026-05-19,0.0,6.0,18.28,8.0,1.0,4.0,2.0,5.0,3.0,4.0,13.0,3.0,0.2629,6.0,1.0,8.0,1,0.49
S-30925,2026-01-15,3.0,5.0,75.75,36.0,28.0,3.0,0.0,6.0,3.0,5.0,6.0,4.0,0.864,2.0,1.0,31.81,1,0.8494
S-30926,2025-03-28,5.0,5.0,134.14,40.0,14.0,4.0,0.0,3.0,0.0,13.0,10.0,5.0,0.9403,4.0,1.0,56.34,1,0.8975
S-30927,2025-11-12,3.0,3.0,91.8,49.0,21.0,6.0,4.0,8.0,2.0,16.0,14.0,0.0,0.2858,0.0,0.0,38.56,0,0.8792
S-30928,2025-04-18,5.0,7.0,104.91,51.0,11.0,4.0,3.0,4.0,1.0,16.0,8.0,1.0,0.2224,2.0,1.0,44.06,1,0.8046
S-30929,2025-01-05,1.0,4.0,95.76,12.0,31.0,3.0,4.0,7.0,0.0,15.0,7.0,4.0,0.5471,6.0,0.0,40.22,1,0.8306
S-30930,2026-02-12,1.0,5.0,60.24,21.0,31.0,2.0,2.0,9.0,1.0,5.0,11.0,2.0,0.4105,6.0,1.0,25.3,1,0.7622
S-30931,2025-11-09,3.0,5.0,80.22,0.0,17.0,6.0,3.0,0.0,0.0,7.0,5.0,5.0,0.3216,1.0,0.0,33.69,1,0.8545
S-30932,2025-12-12,4.0,9.0,24.76,45.0,5.0,7.0,3.0,8.0,3.0,19.0,8.0,3.0,0.0378,5.0,0.0,10.4,1,0.9224
S-30933,2026-01-03,3.0,6.0,138.99,51.0,25.0,7.0,1.0,6.0,2.0,1.0,5.0,1.0,0.8206,6.0,0.0,58.37,1,0.8693
S-30934,2025-11-24,1.0,7.0,44.01,45.0,31.0,2.0,3.0,0.0,1.0,18.0,4.0,2.0,0.4396,7.0,1.0,18.48,1,0.5112
S-30935,2026-02-06,5.0,6.0,131.5,9.0,13.0,2.0,4.0,7.0,2.0,10.0,7.0,4.0,0.5107,3.0,1.0,55.23,1,0.8538
S-30936,2025-07-31,1.0,5.0,41.62,32.0,26.0,0.0,3.0,2.0,1.0,16.0,2.0,3.0,0.6287,3.0,1.0,17.48,0,0.4329
S-30937,2025-09-21,1.0,3.0,45.28,33.0,8.0,2.0,0.0,2.0,2.0,6.0,4.0,5.0,0.3644,3.0,1.0,19.02,0,0.4025
S-30938,2026-01-21,2.0,7.0,107.93,5.0,33.0,5.0,2.0,2.0,1.0,18.0,13.0,0.0,0.477,6.0,1.0,45.33,1,0.9413
S-30939,2025-06-28,0.0,0.0,139.54,0.0,4.0,2.0,0.0,9.0,2.0,10.0,12.0,0.0,0.2306,1.0,0.0,58.61,0,0.7311
S-30940,2025-10-06,4.0,9.0,87.02,53.0,24.0,6.0,1.0,1.0,0.0,17.0,2.0,4.0,0.6737,6.0,1.0,36.55,1,0.9033
S-30941,2025-01-22,0.0,0.0,90.44,10.0,32.0,1.0,3.0,4.0,2.0,5.0,5.0,5.0,0.1878,2.0,0.0,37.98,1,0.5075
S-30942,2026-03-06,4.0,10.0,65.07,28.0,6.0,4.0,2.0,9.0,0.0,5.0,12.0,0.0,0.2542,4.0,1.0,27.33,1,0.832
S-30943,2025-12-26,0.0,5.0,89.06,20.0,2.0,1.0,2.0,5.0,2.0,1.0,4.0,1.0,0.5663,3.0,1.0,37.4,1,0.2108
S-30944,2026-04-29,1.0,5.0,73.62,24.0,6.0,1.0,3.0,9.0,0.0,15.0,1.0,5.0,0.614,2.0,0.0,30.92,1,0.5474
S-30945,2025-03-23,1.0,3.0,86.59,57.0,0.0,6.0,4.0,8.0,1.0,17.0,5.0,0.0,0.7544,3.0,0.0,36.37,1,0.5757
S-30946,2025-06-06,5.0,9.0,95.59,41.0,15.0,4.0,3.0,7.0,1.0,7.0,1.0,4.0,0.5529,4.0,1.0,40.15,1,0.8382
S-30947,2026-04-02,2.0,3.0,32.01,25.0,33.0,0.0,2.0,1.0,0.0,4.0,7.0,1.0,0.6618,0.0,1.0,13.45,0,0.4788
S-30948,2025-07-24,2.0,9.0,25.05,8.0,21.0,5.0,1.0,7.0,0.0,17.0,8.0,0.0,0.7458,1.0,1.0,10.52,1,0.9517
S-30949,2025-08-21,1.0,3.0,128.26,48.0,28.0,3.0,2.0,5.0,2.0,12.0,5.0,4.0,0.3832,0.0,0.0,53.87,0,0.6434
S-30950,2025-09-17,0.0,1.0,114.99,35.0,34.0,2.0,4.0,7.0,2.0,10.0,7.0,0.0,0.3912,5.0,0.0,48.29,1,0.5511
S-30951,2025-02-23,4.0,11.0,86.18,49.0,22.0,4.0,3.0,6.0,0.0,11.0,4.0,3.0,0.4089,3.0,1.0,36.2,1,0.8168
S-30952,2025-12-17,1.0,2.0,28.12,10.0,15.0,7.0,3.0,5.0,0.0,19.0,10.0,0.0,0.3329,5.0,0.0,11.81,1,0.9121
S-30953,2025-10-30,1.0,2.0,34.14,35.0,35.0,2.0,2.0,3.0,2.0,9.0,12.0,0.0,0.4182,3.0,1.0,14.34,0,0.6213
S-30954,2026-05-19,0.0,4.0,47.39,7.0,27.0,2.0,4.0,1.0,3.0,19.0,3.0,1.0,0.5785,4.0,0.0,19.9,1,0.6094
S-30955,2025-03-13,2.0,5.0,133.27,56.0,28.0,1.0,4.0,2.0,3.0,15.0,6.0,1.0,0.3747,2.0,1.0,55.97,1,0.3917
S-30956,2026-03-21,0.0,2.0,107.25,38.0,13.0,7.0,4.0,2.0,1.0,6.0,7.0,1.0,0.0353,3.0,0.0,45.04,1,0.4626
S-30957,2026-02-15,5.0,7.0,19.47,56.0,26.0,5.0,3.0,2.0,0.0,8.0,13.0,2.0,0.6984,0.0,1.0,8.18,1,0.81
S-30958,2025-06-03,0.0,1.0,46.48,23.0,3.0,3.0,0.0,8.0,3.0,18.0,13.0,5.0,0.5259,5.0,0.0,19.52,1,0.7359
S-30959,2025-01-02,4.0,5.0,47.35,2.0,26.0,1.0,3.0,0.0,0.0,3.0,1.0,1.0,0.05,3.0,1.0,19.89,1,0.6878
S-30960,2025-10-22,2.0,7.0,118.55,26.0,15.0,0.0,2.0,3.0,2.0,8.0,9.0,2.0,0.4209,2.0,1.0,49.79,1,0.4134
S-30961,2025-03-25,2.0,8.0,28.22,28.0,17.0,6.0,2.0,4.0,2.0,8.0,3.0,0.0,0.3371,3.0,1.0,11.85,1,0.8146
S-30962,2026-04-18,5.0,6.0,83.36,4.0,32.0,3.0,0.0,7.0,3.0,9.0,4.0,1.0,0.1068,3.0,0.0,35.01,1,0.977
S-30963,2026-02-09,4.0,6.0,23.62,42.0,6.0,7.0,3.0,7.0,0.0,15.0,14.0,5.0,0.1452,1.0,1.0,9.92,1,0.9029
S-30964,2026-03-08,3.0,3.0,27.18,11.0,8.0,6.0,2.0,4.0,1.0,10.0,3.0,4.0,0.2623,4.0,1.0,11.42,1,0.8824
S-30965,2025-08-23,1.0,3.0,53.49,38.0,29.0,2.0,3.0,2.0,2.0,7.0,7.0,1.0,0.4332,0.0,1.0,22.46,1,0.4305
S-30966,2025-12-20,1.0,7.0,66.51,17.0,13.0,6.0,1.0,0.0,3.0,4.0,12.0,5.0,0.3988,5.0,0.0,27.94,1,0.6781
S-30967,2026-01-25,5.0,11.0,54.87,22.0,19.0,0.0,4.0,9.0,2.0,5.0,1.0,4.0,0.0933,5.0,1.0,23.04,1,0.7427
S-30968,2025-10-22,3.0,8.0,114.37,9.0,30.0,2.0,2.0,6.0,2.0,12.0,12.0,1.0,0.6695,4.0,1.0,48.03,1,0.8989
S-30969,2026-05-22,5.0,10.0,86.15,10.0,22.0,1.0,4.0,6.0,1.0,9.0,12.0,2.0,0.2943,7.0,0.0,36.18,1,0.8375
S-30970,2025-10-21,2.0,8.0,28.58,32.0,36.0,6.0,2.0,0.0,1.0,4.0,10.0,5.0,0.9203,4.0,1.0,12.0,1,0.8053
S-30971,2025-08-06,2.0,3.0,102.59,52.0,23.0,1.0,1.0,5.0,1.0,2.0,2.0,5.0,0.4483,0.0,0.0,43.09,0,0.4256
S-30972,2025-12-07,5.0,11.0,107.98,16.0,15.0,2.0,1.0,3.0,0.0,14.0,0.0,3.0,0.2962,7.0,0.0,45.35,1,0.8899
S-30973,2025-01-19,0.0,5.0,49.29,8.0,24.0,6.0,3.0,2.0,1.0,17.0,13.0,0.0,0.3414,5.0,1.0,20.7,1,0.8375
S-30974,2025-11-02,0.0,2.0,32.48,19.0,17.0,1.0,2.0,0.0,0.0,8.0,8.0,2.0,0.1197,3.0,0.0,13.64,0,0.2942
S-30975,2025-07-31,5.0,12.0,122.86,37.0,27.0,4.0,2.0,2.0,2.0,14.0,13.0,2.0,0.4375,1.0,1.0,51.6,0,0.9059
S-30976,2025-02-12,2.0,8.0,120.77,35.0,16.0,0.0,3.0,9.0,0.0,17.0,4.0,3.0,0.3204,6.0,1.0,50.72,0,0.6236
S-30977,2025-10-16,0.0,2.0,91.37,8.0,17.0,7.0,0.0,4.0,2.0,10.0,3.0,4.0,0.523,1.0,0.0,38.38,1,0.8928
S-30978,2025-04-19,5.0,8.0,39.65,19.0,11.0,6.0,4.0,6.0,3.0,13.0,3.0,4.0,0.4188,0.0,1.0,16.65,1,0.9318
S-30979,2026-05-26,0.0,0.0,45.43,45.0,6.0,7.0,2.0,7.0,0.0,13.0,2.0,5.0,0.6427,4.0,1.0,19.08,1,0.7016
S-30980,2025-12-10,0.0,3.0,38.12,18.0,20.0,7.0,1.0,4.0,3.0,17.0,0.0,3.0,0.128,3.0,1.0,16.01,1,0.8993
S-30981,2025-03-29,5.0,6.0,130.83,59.0,2.0,6.0,2.0,7.0,0.0,2.0,4.0,2.0,0.7078,7.0,0.0,54.95,1,0.7604
S-30982,2025-04-20,5.0,9.0,135.67,23.0,16.0,3.0,1.0,3.0,2.0,19.0,6.0,0.0,0.1459,1.0,0.0,56.98,1,0.9266
S-30983,2026-04-06,5.0,6.0,114.56,49.0,33.0,3.0,0.0,5.0,3.0,7.0,1.0,0.0,0.3929,7.0,1.0,48.11,1,0.9093
S-30984,2025-05-25,4.0,8.0,48.84,6.0,20.0,4.0,1.0,5.0,2.0,18.0,0.0,1.0,0.2714,0.0,1.0,20.51,0,0.9619
S-30985,2025-09-30,5.0,11.0,102.8,8.0,13.0,1.0,4.0,2.0,2.0,1.0,9.0,3.0,0.7872,4.0,1.0,43.17,1,0.5915
S-30986,2025-04-09,3.0,7.0,99.98,12.0,12.0,0.0,0.0,2.0,1.0,19.0,14.0,1.0,0.3178,6.0,1.0,41.99,1,0.7703
S-30987,2026-02-08,1.0,5.0,104.34,54.0,38.0,1.0,1.0,8.0,3.0,3.0,3.0,5.0,0.6281,5.0,1.0,43.82,1,0.5793
S-30988,2026-02-06,5.0,8.0,36.98,10.0,30.0,2.0,2.0,5.0,3.0,4.0,13.0,5.0,0.6684,3.0,1.0,15.53,1,0.9055
S-30989,2025-07-23,5.0,5.0,36.09,9.0,16.0,4.0,4.0,6.0,1.0,17.0,12.0,2.0,0.7557,2.0,1.0,15.16,1,0.9396
S-30990,2025-05-28,1.0,5.0,23.34,2.0,27.0,4.0,1.0,9.0,0.0,4.0,9.0,2.0,0.4561,0.0,0.0,9.8,1,0.9002
S-30991,2025-08-31,4.0,4.0,108.67,58.0,29.0,2.0,2.0,3.0,1.0,2.0,14.0,0.0,0.3189,7.0,1.0,45.64,1,0.5769
S-30992,2025-12-07,5.0,12.0,40.9,52.0,37.0,2.0,1.0,7.0,1.0,2.0,13.0,1.0,0.7145,1.0,1.0,17.18,1,0.8618
S-30993,2026-01-06,1.0,7.0,74.95,4.0,11.0,2.0,3.0,5.0,0.0,10.0,3.0,2.0,0.5435,5.0,0.0,31.48,1,0.5963
S-30994,2025-12-04,1.0,5.0,106.8,28.0,23.0,3.0,4.0,8.0,1.0,6.0,4.0,2.0,0.3984,0.0,1.0,44.85,1,0.6106
S-30995,2026-05-10,0.0,7.0,76.75,17.0,20.0,7.0,0.0,3.0,2.0,16.0,0.0,2.0,0.5338,2.0,1.0,32.24,1,0.9051
S-30996,2025-08-10,4.0,9.0,28.05,0.0,31.0,1.0,0.0,6.0,2.0,7.0,6.0,3.0,0.7642,0.0,0.0,11.78,1,0.9346
S-30997,2026-05-12,1.0,6.0,31.33,0.0,2.0,4.0,2.0,5.0,0.0,3.0,10.0,0.0,0.0963,0.0,0.0,13.16,1,0.6201
S-30998,2025-10-22,4.0,10.0,116.65,20.0,38.0,6.0,3.0,5.0,1.0,7.0,14.0,5.0,0.5701,2.0,1.0,48.99,1,0.9552
S-30999,2025-04-24,0.0,1.0,79.78,24.0,35.0,3.0,1.0,1.0,2.0,1.0,9.0,3.0,0.9005,4.0,0.0,33.51,1,0.5498
S-31000,2025-11-08,1.0,1.0,118.14,7.0,5.0,7.0,4.0,2.0,3.0,5.0,2.0,4.0,0.1784,4.0,0.0,49.62,1,0.6445
S-31001,2025-12-03,5.0,10.0,117.0,42.0,10.0,6.0,2.0,6.0,0.0,5.0,13.0,2.0,0.6065,1.0,1.0,49.14,1,0.8765
S-31002,2025-10-30,1.0,4.0,96.32,51.0,12.0,2.0,2.0,3.0,2.0,10.0,4.0,5.0,0.2855,4.0,1.0,40.45,0,0.3176
S-31003,2025-10-22,4.0,10.0,31.61,35.0,28.0,0.0,1.0,5.0,2.0,15.0,12.0,2.0,0.6465,2.0,1.0,13.28,1,0.8213
S-31004,2025-05-22,1.0,3.0,19.54,30.0,25.0,7.0,4.0,7.0,1.0,14.0,11.0,2.0,0.5162,6.0,0.0,8.21,1,0.8765
S-31005,2025-06-12,5.0,12.0,41.79,50.0,27.0,3.0,1.0,8.0,3.0,4.0,6.0,1.0,0.2873,4.0,0.0,17.55,1,0.8808
S-31006,2025-10-01,4.0,6.0,25.87,55.0,7.0,5.0,1.0,6.0,3.0,18.0,3.0,1.0,0.5808,6.0,1.0,10.87,1,0.8682
S-31007,2025-09-23,5.0,10.0,138.94,57.0,32.0,4.0,1.0,0.0,2.0,15.0,0.0,3.0,0.2766,2.0,1.0,58.36,1,0.8813
S-31008,2025-12-25,5.0,5.0,36.93,35.0,36.0,4.0,3.0,2.0,3.0,1.0,5.0,4.0,0.7667,5.0,0.0,15.51,1,0.8422
S-31009,2026-01-06,3.0,7.0,81.82,27.0,18.0,3.0,0.0,8.0,1.0,17.0,14.0,0.0,0.6454,2.0,1.0,34.37,1,0.9252
S-31010,2025-10-28,5.0,10.0,53.84,57.0,1.0,6.0,1.0,1.0,3.0,15.0,7.0,0.0,0.196,4.0,1.0,22.61,1,0.8092
S-31011,2026-03-16,0.0,0.0,67.57,17.0,36.0,4.0,1.0,2.0,3.0,16.0,4.0,3.0,0.5471,7.0,0.0,28.38,1,0.8475
S-31012,2025-11-22,5.0,12.0,137.09,19.0,35.0,6.0,1.0,3.0,3.0,7.0,11.0,3.0,0.4819,0.0,0.0,57.58,1,0.9711
S-31013,2025-11-18,1.0,8.0,36.76,21.0,28.0,4.0,4.0,3.0,0.0,14.0,6.0,1.0,0.3722,3.0,1.0,15.44,0,0.7281
S-31014,2025-08-04,0.0,5.0,101.2,35.0,30.0,6.0,1.0,6.0,0.0,14.0,13.0,1.0,0.4792,7.0,1.0,42.5,1,0.8749
S-31015,2026-04-22,0.0,7.0,76.58,37.0,10.0,1.0,3.0,7.0,1.0,13.0,14.0,3.0,0.2729,7.0,1.0,32.16,1,0.3351
S-31016,2025-03-05,3.0,3.0,72.7,27.0,30.0,4.0,4.0,4.0,3.0,19.0,4.0,2.0,0.4887,3.0,1.0,30.53,1,0.8844
S-31017,2025-09-04,3.0,7.0,88.36,16.0,7.0,1.0,0.0,8.0,1.0,16.0,12.0,1.0,0.3363,7.0,1.0,37.11,1,0.8494
S-31018,2025-02-04,2.0,4.0,55.99,43.0,39.0,5.0,1.0,6.0,2.0,7.0,8.0,3.0,0.4604,0.0,0.0,23.51,1,0.8914
S-31019,2025-11-27,2.0,5.0,34.04,19.0,17.0,5.0,0.0,7.0,1.0,15.0,3.0,0.0,0.3289,3.0,1.0,14.3,1,0.9337
S-31020,2026-01-18,2.0,3.0,73.32,5.0,16.0,6.0,2.0,1.0,0.0,6.0,13.0,0.0,0.755,2.0,1.0,30.8,1,0.8227
S-31021,2026-05-25,5.0,8.0,99.51,34.0,11.0,5.0,4.0,5.0,1.0,12.0,9.0,5.0,0.4383,2.0,0.0,41.79,1,0.8557
S-31022,2025-07-13,1.0,2.0,108.67,32.0,9.0,4.0,2.0,4.0,3.0,7.0,3.0,1.0,0.9034,1.0,1.0,45.64,1,0.5225
S-31023,2026-01-16,2.0,4.0,82.17,50.0,37.0,0.0,4.0,0.0,0.0,12.0,14.0,1.0,0.3018,6.0,1.0,34.51,1,0.3475
S-31024,2025-05-29,0.0,6.0,102.99,2.0,6.0,5.0,1.0,8.0,3.0,3.0,3.0,0.0,0.5129,7.0,1.0,43.26,1,0.7521
S-31025,2025-04-09,0.0,5.0,115.23,16.0,17.0,1.0,0.0,1.0,3.0,12.0,12.0,3.0,0.4791,3.0,1.0,48.4,1,0.5
S-31026,2026-03-29,3.0,10.0,110.44,14.0,0.0,3.0,3.0,3.0,3.0,5.0,11.0,2.0,0.0547,4.0,0.0,46.38,1,0.5349
S-31027,2025-05-20,0.0,2.0,47.49,45.0,21.0,7.0,2.0,9.0,1.0,1.0,1.0,0.0,0.8041,3.0,0.0,19.95,1,0.7261
S-31028,2025-06-05,3.0,4.0,77.22,58.0,32.0,5.0,0.0,8.0,1.0,13.0,12.0,4.0,0.7604,2.0,0.0,32.43,1,0.9321
S-31029,2026-04-13,4.0,5.0,77.64,10.0,28.0,7.0,0.0,9.0,0.0,17.0,5.0,0.0,0.4598,2.0,0.0,32.61,1,0.9928
S-31030,2026-03-20,4.0,7.0,133.05,54.0,35.0,2.0,1.0,9.0,0.0,1.0,6.0,5.0,0.6155,7.0,1.0,55.88,1,0.822
S-31031,2025-03-24,3.0,5.0,33.61,12.0,1.0,1.0,1.0,1.0,3.0,5.0,4.0,3.0,0.0836,6.0,1.0,14.11,1,0.4675
S-31032,2025-08-14,3.0,3.0,131.7,57.0,17.0,1.0,2.0,5.0,3.0,13.0,14.0,3.0,0.8603,3.0,1.0,55.31,1,0.5312
S-31033,2025-09-27,1.0,6.0,26.65,48.0,8.0,5.0,4.0,4.0,2.0,3.0,1.0,5.0,0.4024,5.0,1.0,11.19,1,0.3208
S-31034,2025-11-06,4.0,6.0,134.29,48.0,14.0,7.0,0.0,6.0,3.0,11.0,7.0,4.0,0.3986,4.0,1.0,56.4,1,0.937
S-31035,2025-08-05,5.0,11.0,95.41,9.0,17.0,4.0,2.0,0.0,2.0,2.0,12.0,0.0,0.6694,2.0,1.0,40.07,1,0.8327
S-31036,2025-07-04,2.0,7.0,25.56,25.0,23.0,2.0,0.0,4.0,2.0,14.0,14.0,1.0,0.3444,3.0,0.0,10.73,1,0.8138
S-31037,2025-06-15,3.0,6.0,25.93,56.0,21.0,2.0,1.0,3.0,3.0,6.0,3.0,0.0,0.3558,4.0,1.0,10.89,0,0.5374
S-31038,2026-04-30,1.0,8.0,132.92,24.0,0.0,7.0,3.0,4.0,1.0,2.0,11.0,2.0,0.4248,7.0,1.0,55.83,1,0.5622
S-31039,2025-07-20,3.0,6.0,39.57,45.0,33.0,5.0,1.0,2.0,0.0,3.0,6.0,4.0,0.5151,3.0,1.0,16.62,1,0.8092
S-31040,2025-01-11,4.0,9.0,40.91,57.0,15.0,1.0,2.0,1.0,3.0,14.0,5.0,5.0,0.7206,1.0,1.0,17.18,0,0.4938
S-31041,2026-02-18,5.0,9.0,78.11,27.0,10.0,3.0,4.0,7.0,2.0,4.0,9.0,2.0,0.7838,2.0,0.0,32.8,1,0.7531
S-31042,2026-02-05,2.0,4.0,85.62,20.0,8.0,3.0,2.0,8.0,1.0,13.0,5.0,3.0,0.5022,3.0,0.0,35.96,1,0.779
S-31043,2025-07-01,0.0,1.0,47.13,44.0,16.0,6.0,3.0,2.0,3.0,16.0,1.0,4.0,0.5239,0.0,1.0,19.79,0,0.589
S-31044,2025-12-03,4.0,9.0,108.95,23.0,11.0,1.0,1.0,5.0,3.0,8.0,9.0,3.0,0.5055,3.0,0.0,45.76,0,0.732
S-31045,2025-11-14,5.0,9.0,68.64,23.0,4.0,3.0,0.0,4.0,3.0,4.0,5.0,1.0,0.4421,3.0,0.0,28.83,1,0.8168
S-31046,2025-04-09,1.0,4.0,137.94,35.0,30.0,5.0,4.0,1.0,3.0,10.0,2.0,0.0,0.3584,3.0,1.0,57.93,0,0.626
S-31047,2025-09-30,5.0,7.0,46.53,22.0,0.0,2.0,4.0,4.0,0.0,2.0,9.0,5.0,0.5981,4.0,1.0,19.54,0,0.52
S-31048,2025-05-29,3.0,7.0,66.58,8.0,2.0,2.0,3.0,9.0,3.0,2.0,2.0,3.0,0.536,6.0,0.0,27.96,1,0.6525
S-31049,2026-01-19,1.0,6.0,29.33,3.0,0.0,4.0,2.0,3.0,3.0,4.0,10.0,4.0,0.2026,3.0,1.0,12.32,0,0.5387
S-31050,2025-01-23,4.0,11.0,107.3,49.0,25.0,7.0,4.0,4.0,0.0,13.0,7.0,1.0,0.0955,7.0,0.0,45.07,0,0.8924
S-31051,2025-04-14,3.0,9.0,128.47,13.0,2.0,0.0,1.0,2.0,3.0,18.0,11.0,2.0,0.6535,0.0,1.0,53.96,1,0.6236
S-31052,2025-04-07,1.0,3.0,78.37,9.0,16.0,2.0,3.0,3.0,2.0,3.0,0.0,5.0,0.4885,0.0,0.0,32.92,0,0.4514
S-31053,2025-05-04,2.0,4.0,61.36,57.0,0.0,3.0,4.0,7.0,0.0,2.0,1.0,0.0,0.691,2.0,0.0,25.77,0,0.2306
S-31054,2025-03-20,0.0,0.0,95.37,57.0,39.0,1.0,1.0,0.0,2.0,14.0,4.0,0.0,0.7658,4.0,1.0,40.06,1,0.4097
S-31055,2026-02-05,0.0,7.0,78.33,41.0,0.0,4.0,0.0,5.0,2.0,7.0,10.0,5.0,0.3667,7.0,0.0,32.9,0,0.4292
S-31056,2025-04-14,5.0,6.0,28.92,6.0,23.0,6.0,3.0,6.0,0.0,2.0,4.0,2.0,0.0364,4.0,1.0,12.15,1,0.9517
S-31057,2025-07-12,3.0,10.0,138.26,8.0,38.0,1.0,0.0,1.0,1.0,7.0,10.0,4.0,0.5422,2.0,1.0,58.07,1,0.8569
S-31058,2025-12-09,5.0,7.0,53.11,39.0,7.0,6.0,4.0,9.0,0.0,13.0,12.0,4.0,0.5198,5.0,1.0,22.31,1,0.9101
S-31059,2025-02-19,5.0,9.0,115.69,32.0,32.0,0.0,0.0,6.0,1.0,6.0,9.0,4.0,0.3755,7.0,1.0,48.59,0,0.871
S-31060,2025-10-05,5.0,5.0,108.59,3.0,24.0,0.0,1.0,5.0,0.0,5.0,6.0,5.0,0.6431,0.0,1.0,45.61,1,0.8716
S-31061,2026-04-23,0.0,0.0,64.11,16.0,1.0,3.0,1.0,9.0,1.0,13.0,10.0,4.0,0.7728,0.0,1.0,26.93,1,0.6726
S-31062,2025-09-25,4.0,9.0,99.29,11.0,33.0,7.0,3.0,3.0,2.0,15.0,6.0,3.0,0.555,3.0,1.0,41.7,1,0.9735
S-31063,2026-05-26,1.0,4.0,26.53,14.0,3.0,3.0,0.0,1.0,1.0,6.0,0.0,1.0,0.6893,0.0,0.0,11.14,0,0.51
S-31064,2025-01-18,0.0,6.0,21.69,36.0,0.0,2.0,3.0,8.0,3.0,2.0,11.0,5.0,0.4176,4.0,1.0,9.11,0,0.2108
S-31065,2025-09-05,3.0,6.0,94.51,17.0,26.0,7.0,4.0,1.0,1.0,12.0,14.0,5.0,0.7986,2.0,0.0,39.7,1,0.8989
S-31066,2025-05-30,4.0,7.0,52.27,45.0,39.0,5.0,0.0,0.0,2.0,1.0,0.0,0.0,0.5993,4.0,1.0,21.95,1,0.8693
S-31067,2025-04-15,0.0,4.0,115.09,12.0,31.0,6.0,4.0,9.0,0.0,2.0,7.0,1.0,0.7645,1.0,0.0,48.34,0,0.8235
S-31068,2026-03-17,0.0,2.0,91.9,10.0,15.0,1.0,3.0,2.0,3.0,17.0,4.0,2.0,0.295,0.0,1.0,38.6,1,0.4576
S-31069,2026-01-06,1.0,2.0,30.73,32.0,38.0,7.0,4.0,4.0,3.0,16.0,7.0,3.0,0.3019,5.0,0.0,12.91,1,0.8993
S-31070,2026-02-13,2.0,4.0,29.97,12.0,15.0,2.0,0.0,1.0,3.0,2.0,12.0,2.0,0.2298,4.0,1.0,12.59,0,0.5987
S-31071,2025-01-05,2.0,9.0,119.17,30.0,17.0,4.0,1.0,9.0,3.0,3.0,13.0,2.0,0.8413,3.0,1.0,50.05,1,0.8006
S-31072,2025-05-18,5.0,10.0,44.98,32.0,36.0,1.0,2.0,9.0,3.0,11.0,13.0,0.0,0.4879,4.0,1.0,18.89,1,0.9289
S-31073,2026-04-16,4.0,5.0,45.26,49.0,7.0,7.0,1.0,3.0,0.0,9.0,14.0,1.0,0.7754,0.0,0.0,19.01,1,0.8449
S-31074,2025-04-14,0.0,0.0,27.07,59.0,9.0,2.0,3.0,4.0,1.0,14.0,5.0,1.0,0.9293,1.0,0.0,11.37,1,0.215
S-31075,2026-04-01,1.0,5.0,130.34,48.0,11.0,2.0,0.0,9.0,3.0,10.0,10.0,1.0,0.0311,0.0,0.0,54.74,1,0.6059
S-31076,2025-12-14,5.0,5.0,114.24,8.0,20.0,4.0,0.0,8.0,2.0,8.0,4.0,3.0,0.3888,6.0,1.0,47.98,1,0.971
S-31077,2025-07-11,0.0,6.0,38.12,16.0,14.0,1.0,2.0,6.0,1.0,6.0,14.0,1.0,0.652,1.0,1.0,16.01,0,0.4207
S-31078,2025-11-02,5.0,11.0,27.7,30.0,3.0,5.0,3.0,2.0,3.0,7.0,8.0,4.0,0.6261,3.0,0.0,11.63,0,0.754
S-31079,2025-11-20,0.0,1.0,44.09,29.0,13.0,0.0,1.0,2.0,3.0,13.0,14.0,5.0,0.6554,1.0,0.0,18.52,0,0.309
S-31080,2025-01-14,4.0,5.0,89.52,57.0,1.0,7.0,1.0,7.0,3.0,9.0,13.0,1.0,0.5071,6.0,1.0,37.6,1,0.8501
S-31081,2025-05-23,5.0,7.0,53.86,42.0,15.0,3.0,4.0,5.0,2.0,6.0,14.0,5.0,0.5191,0.0,0.0,22.62,1,0.6942
S-31082,2025-01-16,0.0,6.0,38.5,41.0,28.0,1.0,0.0,8.0,2.0,16.0,14.0,5.0,0.598,5.0,0.0,16.17,1,0.7099
S-31083,2025-08-22,4.0,9.0,64.42,42.0,8.0,6.0,4.0,4.0,0.0,7.0,0.0,1.0,0.7984,2.0,0.0,27.06,0,0.7251
S-31084,2026-04-29,2.0,4.0,121.32,47.0,5.0,6.0,3.0,3.0,1.0,8.0,14.0,3.0,0.1997,6.0,0.0,50.96,0,0.5461
S-31085,2025-03-23,1.0,4.0,52.19,51.0,19.0,4.0,2.0,7.0,1.0,2.0,12.0,3.0,0.7658,2.0,1.0,21.92,0,0.5187
S-31086,2025-12-29,3.0,10.0,33.25,35.0,7.0,3.0,1.0,3.0,3.0,11.0,12.0,0.0,0.8918,7.0,1.0,13.97,1,0.6671
S-31087,2025-02-27,2.0,7.0,72.86,18.0,6.0,3.0,2.0,0.0,1.0,16.0,7.0,1.0,0.9015,7.0,1.0,30.6,1,0.6106
S-31088,2025-05-09,1.0,4.0,84.1,16.0,25.0,7.0,4.0,7.0,0.0,3.0,10.0,1.0,0.9545,2.0,1.0,35.32,1,0.8389
S-31089,2025-02-07,2.0,4.0,126.75,56.0,35.0,3.0,2.0,2.0,3.0,2.0,2.0,0.0,0.4561,1.0,0.0,53.24,1,0.515
S-31090,2026-02-25,4.0,4.0,113.21,12.0,25.0,1.0,1.0,1.0,2.0,5.0,2.0,3.0,0.127,7.0,1.0,47.55,1,0.7649
S-31091,2025-12-03,4.0,11.0,50.56,22.0,3.0,3.0,0.0,0.0,3.0,19.0,2.0,5.0,0.6522,4.0,1.0,21.24,1,0.8249
S-31092,2026-03-05,1.0,3.0,132.83,17.0,28.0,4.0,1.0,5.0,2.0,16.0,14.0,4.0,0.4236,6.0,0.0,55.79,1,0.8914
S-31093,2025-11-02,2.0,9.0,73.17,31.0,36.0,1.0,2.0,6.0,0.0,5.0,3.0,2.0,0.3756,2.0,1.0,30.73,1,0.6953
S-31094,2025-11-22,1.0,5.0,105.47,48.0,6.0,0.0,0.0,2.0,0.0,8.0,13.0,1.0,0.1746,1.0,1.0,44.3,0,0.2159
S-31095,2026-04-03,1.0,2.0,121.17,3.0,9.0,5.0,1.0,4.0,1.0,16.0,4.0,0.0,0.3917,0.0,1.0,50.89,1,0.8647
S-31096,2025-08-13,1.0,8.0,68.32,28.0,25.0,7.0,2.0,2.0,2.0,5.0,4.0,2.0,0.141,1.0,0.0,28.69,0,0.7875
S-31097,2026-05-26,5.0,9.0,106.86,42.0,20.0,2.0,0.0,5.0,0.0,13.0,10.0,4.0,0.1574,2.0,1.0,44.88,1,0.8849
S-31098,2025-07-21,5.0,9.0,61.26,6.0,35.0,5.0,3.0,7.0,2.0,7.0,6.0,5.0,0.5564,3.0,0.0,25.73,1,0.9734
S-31099,2025-08-10,3.0,8.0,129.65,38.0,14.0,7.0,0.0,0.0,0.0,10.0,1.0,0.0,0.789,6.0,1.0,54.45,1,0.8606
S-31100,2025-05-11,5.0,11.0,65.44,14.0,24.0,5.0,4.0,3.0,2.0,19.0,14.0,4.0,0.3016,3.0,0.0,27.48,1,0.9517
S-31101,2025-12-22,2.0,2.0,114.49,5.0,6.0,1.0,0.0,8.0,0.0,1.0,9.0,0.0,0.5496,3.0,1.0,48.08,1,0.6715
S-31102,2025-07-06,0.0,6.0,107.42,0.0,39.0,0.0,1.0,5.0,0.0,5.0,5.0,4.0,0.012,5.0,0.0,45.12,0,0.6985
S-31103,2025-03-04,4.0,7.0,78.16,54.0,4.0,5.0,3.0,7.0,2.0,11.0,3.0,3.0,0.6582,7.0,0.0,32.83,1,0.7408
S-31104,2025-06-14,5.0,12.0,89.08,54.0,8.0,2.0,4.0,9.0,2.0,4.0,4.0,4.0,0.765,2.0,0.0,37.41,1,0.5793
S-31105,2025-08-26,2.0,9.0,74.01,37.0,18.0,2.0,0.0,5.0,2.0,9.0,7.0,5.0,0.5603,7.0,1.0,31.09,0,0.6889
S-31106,2025-11-23,1.0,7.0,88.2,26.0,26.0,2.0,2.0,4.0,0.0,10.0,1.0,5.0,0.3184,0.0,1.0,37.04,0,0.6318
S-31107,2025-01-17,4.0,9.0,35.36,43.0,4.0,6.0,4.0,6.0,1.0,13.0,10.0,3.0,0.3069,1.0,1.0,14.85,1,0.7998
S-31108,2025-01-20,2.0,8.0,135.33,16.0,35.0,6.0,0.0,3.0,2.0,3.0,1.0,0.0,0.7312,4.0,1.0,56.84,1,0.9255
S-31109,2025-04-08,1.0,5.0,42.6,58.0,21.0,2.0,4.0,9.0,0.0,15.0,2.0,2.0,0.4155,2.0,1.0,17.89,1,0.5
S-31110,2025-08-31,5.0,12.0,84.66,47.0,23.0,0.0,4.0,9.0,1.0,7.0,5.0,2.0,0.7,1.0,0.0,35.56,0,0.6715
S-31111,2025-11-15,1.0,7.0,44.75,50.0,18.0,5.0,4.0,7.0,1.0,3.0,8.0,5.0,0.1314,5.0,0.0,18.79,0,0.49
S-31112,2025-09-14,1.0,7.0,79.77,26.0,32.0,2.0,1.0,3.0,2.0,19.0,4.0,2.0,0.6978,1.0,1.0,33.5,1,0.8053
S-31113,2025-01-29,2.0,4.0,72.26,46.0,24.0,4.0,1.0,9.0,2.0,2.0,9.0,1.0,0.7889,3.0,1.0,30.35,1,0.7703
S-31114,2025-05-07,1.0,8.0,97.82,58.0,20.0,3.0,2.0,6.0,3.0,7.0,7.0,1.0,0.3632,1.0,1.0,41.09,1,0.4601
S-31115,2025-10-05,3.0,9.0,138.17,0.0,18.0,5.0,2.0,0.0,0.0,12.0,0.0,3.0,0.4469,1.0,1.0,58.03,1,0.8859
S-31116,2025-12-31,3.0,10.0,33.31,29.0,32.0,5.0,3.0,3.0,1.0,15.0,7.0,2.0,0.8138,5.0,1.0,13.99,1,0.9007
S-31117,2025-07-05,4.0,5.0,130.94,26.0,11.0,7.0,4.0,1.0,3.0,11.0,11.0,1.0,0.5377,7.0,0.0,54.99,1,0.8389
S-31118,2026-03-08,3.0,4.0,96.87,19.0,15.0,6.0,3.0,8.0,0.0,14.0,6.0,4.0,0.4024,2.0,1.0,40.69,1,0.9305
S-31119,2026-02-06,0.0,3.0,128.67,27.0,17.0,1.0,1.0,4.0,2.0,15.0,3.0,2.0,0.1203,5.0,1.0,54.04,0,0.5112
S-31120,2025-04-20,2.0,6.0,65.8,25.0,20.0,5.0,1.0,4.0,0.0,5.0,4.0,1.0,0.6086,7.0,1.0,27.64,0,0.8077
S-31121,2026-02-22,0.0,7.0,51.33,0.0,38.0,4.0,2.0,6.0,1.0,3.0,5.0,4.0,0.763,2.0,1.0,21.56,1,0.8455
S-31122,2026-02-20,3.0,5.0,102.65,6.0,18.0,6.0,2.0,9.0,0.0,6.0,1.0,0.0,0.4048,0.0,1.0,43.11,1,0.9478
S-31123,2025-04-27,5.0,6.0,33.28,11.0,18.0,0.0,4.0,7.0,1.0,18.0,9.0,5.0,0.0934,2.0,1.0,13.98,1,0.8624
S-31124,2025-11-09,2.0,5.0,112.41,31.0,37.0,6.0,0.0,5.0,0.0,1.0,13.0,4.0,0.147,5.0,1.0,47.21,1,0.9125
S-31125,2026-01-17,5.0,11.0,49.8,39.0,33.0,7.0,3.0,2.0,2.0,14.0,6.0,5.0,0.4787,6.0,1.0,20.92,1,0.9558
S-31126,2025-12-14,0.0,3.0,121.64,4.0,35.0,6.0,1.0,8.0,1.0,14.0,8.0,1.0,0.3424,4.0,0.0,51.09,1,0.9593
S-31127,2025-04-11,0.0,2.0,78.67,2.0,30.0,3.0,4.0,8.0,3.0,2.0,2.0,1.0,0.571,5.0,0.0,33.04,1,0.6878
S-31128,2025-04-29,2.0,3.0,105.82,26.0,5.0,5.0,3.0,0.0,0.0,6.0,7.0,1.0,0.1573,0.0,1.0,44.44,1,0.4875
S-31129,2025-03-13,1.0,6.0,78.45,44.0,14.0,7.0,0.0,8.0,3.0,2.0,2.0,0.0,0.129,0.0,1.0,32.95,0,0.81
S-31130,2026-01-24,1.0,6.0,87.2,38.0,11.0,5.0,3.0,2.0,3.0,11.0,7.0,4.0,0.0578,2.0,1.0,36.62,0,0.52
S-31131,2025-01-03,1.0,4.0,134.91,26.0,23.0,1.0,0.0,7.0,3.0,18.0,1.0,3.0,0.0343,6.0,1.0,56.66,1,0.8053
S-31132,2025-09-27,4.0,9.0,114.39,23.0,9.0,0.0,1.0,7.0,1.0,11.0,1.0,2.0,0.5803,2.0,1.0,48.04,1,0.7436
S-31133,2025-12-06,3.0,5.0,94.47,12.0,7.0,7.0,4.0,2.0,1.0,6.0,3.0,4.0,0.0881,6.0,1.0,39.68,1,0.7875
S-31134,2025-07-05,1.0,8.0,71.66,55.0,35.0,6.0,3.0,1.0,2.0,14.0,5.0,2.0,0.7001,1.0,1.0,30.1,1,0.7221
S-31135,2026-05-15,1.0,1.0,125.6,28.0,33.0,4.0,3.0,1.0,2.0,15.0,1.0,1.0,0.879,0.0,1.0,52.75,1,0.7408
S-31136,2025-11-09,5.0,5.0,113.05,7.0,4.0,5.0,2.0,8.0,0.0,8.0,13.0,3.0,0.7294,5.0,1.0,47.48,1,0.9391
S-31137,2026-01-01,3.0,8.0,118.0,39.0,21.0,1.0,4.0,3.0,1.0,4.0,0.0,2.0,0.3648,2.0,1.0,49.56,1,0.3811
S-31138,2026-01-15,1.0,1.0,76.42,29.0,28.0,3.0,4.0,9.0,3.0,2.0,9.0,1.0,0.3301,1.0,1.0,32.1,1,0.6236
S-31139,2026-01-31,0.0,3.0,31.96,56.0,33.0,3.0,2.0,8.0,2.0,2.0,14.0,1.0,0.457,1.0,0.0,13.42,1,0.5
S-31140,2025-11-18,0.0,7.0,49.98,29.0,8.0,3.0,1.0,2.0,2.0,16.0,3.0,4.0,0.5203,0.0,1.0,20.99,1,0.5037
S-31141,2026-03-22,0.0,0.0,38.42,44.0,36.0,3.0,1.0,1.0,0.0,5.0,11.0,5.0,0.1499,0.0,0.0,16.14,0,0.495
S-31142,2025-11-25,1.0,8.0,91.12,34.0,0.0,6.0,2.0,3.0,1.0,13.0,7.0,0.0,0.5192,5.0,1.0,38.27,1,0.6177
S-31143,2025-09-16,1.0,1.0,37.07,29.0,14.0,6.0,3.0,6.0,1.0,15.0,0.0,0.0,0.4634,7.0,1.0,15.57,1,0.8061
S-31144,2025-03-31,4.0,9.0,19.62,9.0,34.0,0.0,4.0,0.0,3.0,5.0,14.0,0.0,0.3435,3.0,1.0,8.24,1,0.6353
S-31145,2025-07-14,2.0,4.0,84.38,34.0,35.0,6.0,0.0,1.0,1.0,13.0,7.0,0.0,0.218,3.0,0.0,35.44,1,0.9191
S-31146,2026-02-28,5.0,5.0,99.15,38.0,10.0,0.0,0.0,9.0,0.0,16.0,8.0,5.0,0.3595,7.0,1.0,41.64,1,0.8629
S-31147,2025-02-15,3.0,6.0,18.07,12.0,5.0,6.0,3.0,1.0,0.0,4.0,10.0,4.0,0.3843,2.0,1.0,8.0,1,0.7171
S-31148,2026-03-16,1.0,6.0,79.7,20.0,9.0,5.0,2.0,3.0,2.0,8.0,0.0,3.0,0.0943,2.0,0.0,33.47,0,0.6479
S-31149,2025-06-08,4.0,5.0,126.71,29.0,27.0,7.0,1.0,9.0,0.0,7.0,5.0,3.0,0.4373,2.0,1.0,53.22,1,0.9733
S-31150,2025-04-09,2.0,4.0,133.43,17.0,6.0,6.0,3.0,5.0,2.0,2.0,4.0,2.0,0.6353,6.0,0.0,56.04,1,0.7016
S-31151,2025-09-21,2.0,5.0,124.89,17.0,27.0,1.0,4.0,3.0,3.0,6.0,3.0,3.0,0.5285,4.0,0.0,52.45,0,0.5187
S-31152,2026-01-20,2.0,3.0,133.91,14.0,0.0,5.0,3.0,2.0,3.0,3.0,8.0,1.0,0.5599,3.0,1.0,56.24,0,0.5275
S-31153,2026-03-15,2.0,5.0,48.2,15.0,1.0,6.0,1.0,5.0,3.0,17.0,3.0,4.0,0.2333,6.0,1.0,20.25,1,0.8854
S-31154,2025-05-13,4.0,9.0,50.55,53.0,11.0,4.0,0.0,0.0,3.0,4.0,7.0,2.0,0.1576,6.0,1.0,21.23,1,0.6166
S-31155,2025-11-03,3.0,9.0,94.11,8.0,21.0,6.0,4.0,5.0,3.0,13.0,13.0,4.0,0.7275,7.0,1.0,39.52,1,0.922
S-31156,2025-04-15,0.0,1.0,29.28,11.0,38.0,6.0,0.0,5.0,2.0,16.0,1.0,1.0,0.3321,0.0,1.0,12.3,1,0.9563
S-31157,2025-07-24,5.0,11.0,43.17,47.0,28.0,6.0,3.0,8.0,1.0,5.0,0.0,1.0,0.3743,3.0,0.0,18.13,1,0.9292
S-31158,2025-09-28,4.0,8.0,97.63,10.0,8.0,7.0,2.0,8.0,1.0,12.0,12.0,0.0,0.3802,3.0,1.0,41.0,1,0.9634
S-31159,2025-06-09,0.0,3.0,57.74,56.0,32.0,2.0,1.0,4.0,2.0,14.0,6.0,4.0,0.341,4.0,1.0,24.25,1,0.5349
S-31160,2025-03-13,4.0,10.0,130.98,59.0,37.0,4.0,2.0,9.0,3.0,4.0,12.0,1.0,0.5381,7.0,1.0,55.01,1,0.8813
S-31161,2026-01-02,1.0,5.0,103.18,23.0,9.0,4.0,2.0,5.0,0.0,16.0,3.0,1.0,0.4994,5.0,1.0,43.34,0,0.7261
S-31162,2025-06-15,4.0,7.0,45.74,56.0,13.0,5.0,4.0,1.0,2.0,8.0,14.0,0.0,0.5889,3.0,1.0,19.21,0,0.5597
S-31163,2025-03-17,4.0,5.0,59.07,43.0,28.0,2.0,3.0,4.0,3.0,18.0,10.0,5.0,0.4064,3.0,1.0,24.81,0,0.8183
S-31164,2026-03-23,1.0,3.0,85.93,2.0,7.0,3.0,3.0,7.0,2.0,5.0,0.0,5.0,0.5555,5.0,1.0,36.09,1,0.6225
S-31165,2025-05-13,5.0,6.0,123.28,55.0,21.0,4.0,0.0,4.0,1.0,8.0,7.0,2.0,0.1755,7.0,1.0,51.78,1,0.8693
S-31166,2026-02-06,5.0,10.0,85.2,3.0,21.0,3.0,1.0,3.0,1.0,15.0,5.0,4.0,0.7421,2.0,0.0,35.78,1,0.9523
S-31167,2025-12-06,5.0,9.0,135.28,47.0,2.0,4.0,1.0,0.0,3.0,9.0,6.0,1.0,0.4168,5.0,0.0,56.82,0,0.6671
S-31168,2026-04-11,5.0,12.0,117.4,29.0,18.0,7.0,1.0,1.0,0.0,8.0,3.0,2.0,0.7491,3.0,1.0,49.31,1,0.9361
S-31169,2026-01-26,2.0,7.0,27.07,31.0,25.0,0.0,4.0,7.0,3.0,10.0,13.0,5.0,0.048,1.0,1.0,11.37,1,0.5212
S-31170,2026-04-27,4.0,8.0,136.05,1.0,32.0,5.0,4.0,3.0,3.0,13.0,7.0,5.0,0.3166,3.0,1.0,57.14,1,0.9486
S-31171,2025-07-27,0.0,3.0,122.28,44.0,34.0,0.0,4.0,6.0,0.0,18.0,10.0,0.0,0.7441,7.0,1.0,51.36,1,0.4452
S-31172,2025-12-05,1.0,1.0,53.07,57.0,35.0,4.0,4.0,7.0,0.0,16.0,5.0,3.0,0.3904,7.0,1.0,22.29,1,0.7241
S-31173,2026-01-21,0.0,1.0,27.4,14.0,25.0,3.0,4.0,7.0,3.0,2.0,11.0,2.0,0.5783,2.0,1.0,11.51,1,0.5424
S-31174,2026-02-20,2.0,7.0,89.05,21.0,3.0,4.0,0.0,4.0,1.0,8.0,14.0,5.0,0.6485,0.0,0.0,37.4,1,0.7261
S-31175,2025-10-17,0.0,3.0,44.27,20.0,9.0,5.0,0.0,4.0,2.0,5.0,8.0,3.0,0.7338,1.0,0.0,18.59,1,0.6548
S-31176,2025-09-06,1.0,7.0,23.71,27.0,12.0,7.0,3.0,3.0,2.0,11.0,7.0,2.0,0.6208,5.0,1.0,9.96,1,0.7455
S-31177,2025-12-21,0.0,5.0,74.52,49.0,4.0,6.0,3.0,7.0,0.0,14.0,14.0,1.0,0.3131,7.0,1.0,31.3,1,0.5585
S-31178,2026-01-24,4.0,9.0,104.65,46.0,27.0,4.0,4.0,6.0,1.0,19.0,11.0,1.0,0.2324,6.0,1.0,43.95,1,0.8839
S-31179,2025-12-21,0.0,6.0,23.47,53.0,30.0,5.0,2.0,2.0,1.0,10.0,11.0,4.0,0.1569,6.0,1.0,9.86,1,0.5683
S-31180,2026-05-02,1.0,4.0,42.08,23.0,32.0,6.0,4.0,3.0,2.0,19.0,10.0,4.0,0.4324,0.0,1.0,17.67,1,0.876
S-31181,2026-01-04,1.0,2.0,126.83,5.0,8.0,1.0,4.0,4.0,1.0,3.0,12.0,2.0,0.0613,1.0,0.0,53.27,0,0.3111
S-31182,2026-02-06,4.0,5.0,136.76,59.0,0.0,2.0,0.0,7.0,3.0,9.0,14.0,2.0,0.5628,4.0,1.0,57.44,0,0.6142
S-31183,2025-02-20,2.0,5.0,38.12,44.0,32.0,7.0,3.0,3.0,1.0,8.0,9.0,0.0,0.8961,3.0,1.0,16.01,1,0.8348
S-31184,2026-01-24,2.0,6.0,48.6,12.0,36.0,6.0,0.0,9.0,1.0,5.0,0.0,0.0,0.7789,5.0,1.0,20.41,1,0.9707
S-31185,2026-03-19,3.0,4.0,34.88,48.0,24.0,4.0,3.0,9.0,2.0,3.0,12.0,1.0,0.8456,2.0,1.0,14.65,1,0.7558
S-31186,2026-02-25,2.0,7.0,53.01,16.0,31.0,6.0,3.0,2.0,0.0,5.0,2.0,2.0,0.5482,6.0,0.0,22.26,1,0.8455
S-31187,2025-12-25,5.0,6.0,61.82,8.0,37.0,6.0,3.0,3.0,2.0,15.0,9.0,1.0,0.6423,7.0,1.0,25.96,1,0.9804
S-31188,2025-02-06,4.0,11.0,114.25,43.0,19.0,0.0,1.0,4.0,2.0,15.0,0.0,2.0,0.3837,1.0,0.0,47.98,0,0.6995
S-31189,2025-07-01,2.0,5.0,84.68,52.0,13.0,0.0,3.0,3.0,2.0,3.0,1.0,0.0,0.3688,1.0,1.0,35.57,1,0.168
S-31190,2026-05-20,3.0,3.0,113.35,12.0,20.0,7.0,2.0,6.0,0.0,1.0,0.0,0.0,0.1013,7.0,0.0,47.61,1,0.9206
S-31191,2025-11-23,4.0,9.0,40.28,47.0,0.0,6.0,3.0,7.0,0.0,13.0,1.0,1.0,0.5219,0.0,1.0,16.92,1,0.8123
S-31192,2025-02-02,4.0,8.0,136.74,38.0,39.0,4.0,2.0,5.0,3.0,4.0,7.0,2.0,0.0599,2.0,1.0,57.43,1,0.8938
S-31193,2025-06-11,4.0,8.0,87.62,39.0,9.0,3.0,0.0,1.0,2.0,15.0,13.0,0.0,0.4851,2.0,1.0,36.8,1,0.7764
S-31194,2026-05-27,1.0,1.0,22.73,34.0,20.0,2.0,2.0,4.0,0.0,19.0,6.0,5.0,0.2253,2.0,0.0,9.55,0,0.6548
S-31195,2025-10-18,1.0,3.0,40.3,41.0,29.0,7.0,0.0,2.0,0.0,9.0,13.0,3.0,0.4118,2.0,0.0,16.93,1,0.8612
S-31196,2026-02-28,0.0,5.0,35.32,42.0,4.0,3.0,0.0,0.0,1.0,7.0,1.0,4.0,0.3826,4.0,1.0,14.83,0,0.2631
S-31197,2025-09-17,4.0,11.0,61.06,59.0,20.0,2.0,4.0,8.0,0.0,2.0,7.0,1.0,0.3487,6.0,0.0,25.65,0,0.5212
S-31198,2025-03-21,3.0,5.0,49.44,47.0,17.0,2.0,1.0,7.0,2.0,10.0,10.0,1.0,0.4896,1.0,1.0,20.77,0,0.7181
S-31199,2026-01-17,4.0,11.0,21.3,32.0,10.0,0.0,4.0,6.0,0.0,12.0,9.0,5.0,0.3956,1.0,1.0,8.95,1,0.5399
S-1001,2026-05-22,2.0,5.0,48.0,9.0,22.0,3.0,1.0,4.0,1.0,8.0,6.0,2.0,0.35,3.0,0.0,40.0,1,0.82
