entity_id,as_of_date,tenure_days,usage_score,product_breadth,support_ticket_count,last_purchase_days_ago,current_spend,tenure_band,upsell_converted
U-01481,2023-01-01,213,0.00031441964408696066,1,0,46,888.5230072630783,established,1
U-03673,2023-01-01,1380,0.40157095380329677,2,1,133,502.0956251840792,veteran,1
U-01408,2023-01-01,1132,0.22650558193117554,4,1,173,217.07228529427178,veteran,0
U-02441,2023-01-01,570,0.9108854030955976,9,0,143,348.277416250624,established,1
U-01948,2023-01-01,1871,0.3683710825935145,2,0,72,898.8418534327603,veteran,1
U-02315,2023-01-01,142,0.5058310965565258,1,3,97,257.1874939576986,new,1
U-01995,2023-01-01,443,0.3762807443485312,5,6,30,346.9230134934471,established,0
U-01487,2023-01-01,1536,0.14317875048604778,7,0,70,2768.8895198029313,veteran,0
U-02258,2023-01-01,1474,0.4821927896583025,2,2,124,818.3426608700363,veteran,1
U-02788,2023-01-02,516,0.758255782004861,2,2,24,693.3222754361253,established,0
U-02627,2023-01-02,1244,0.5830142662212422,6,3,13,1417.52518322038,veteran,1
U-03233,2023-01-02,750,0.3738529048034903,1,1,107,582.0235019338517,veteran,0
U-01236,2023-01-02,1129,0.18414018669340915,8,1,29,406.38743376755895,veteran,0
U-01621,2023-01-02,118,0.311771458777917,8,1,7,289.0439990943751,new,1
U-00772,2023-01-02,379,0.00440092190355057,2,0,106,791.0196136307046,established,0
U-00900,2023-01-02,710,0.49882892442682103,9,1,150,454.32087452685084,established,1
U-01912,2023-01-02,1386,0.5290106000735676,2,1,154,751.7032119986206,veteran,0
U-03190,2023-01-02,966,0.5266309332452249,2,0,1,888.8109895132079,veteran,1
U-01738,2023-01-02,472,0.9140605803264515,5,1,21,618.5086116770747,established,1
U-01549,2023-01-02,1515,0.4547927573170498,7,2,91,713.8402831319763,veteran,1
U-01293,2023-01-02,1466,0.6681664768591647,7,0,53,999.8204655380554,veteran,1
U-00464,2023-01-03,908,0.17491695277071884,6,0,104,1119.7515876401849,veteran,0
U-00845,2023-01-03,1537,0.301461667988017,6,1,171,777.1332438510666,veteran,0
U-02400,2023-01-03,1088,0.16108701142418524,5,0,74,705.0498346303211,veteran,1
U-00103,2023-01-03,61,0.3058372404125671,7,1,52,1462.7816069166329,new,1
U-00574,2023-01-03,1431,0.8486686871473293,4,0,50,604.6764071486132,veteran,1
U-02645,2023-01-03,1424,0.09995471921130272,2,4,76,913.7388354178449,veteran,0
U-00844,2023-01-03,1509,0.3948408927006323,5,1,166,1053.6303734670785,veteran,1
U-00380,2023-01-03,1881,0.521997387045736,2,3,178,362.56147056618,veteran,0
U-03216,2023-01-03,1236,0.6908867964312853,6,3,17,773.1348248981813,veteran,1
U-01189,2023-01-03,611,0.5724895757887801,1,1,152,343.5312412485987,established,0
U-00302,2023-01-04,292,0.9973107425466341,2,2,10,1327.249145953819,established,1
U-01278,2023-01-04,774,0.17778610758077462,2,3,154,1504.5298749483393,veteran,0
U-00706,2023-01-04,956,0.08644741326880623,7,0,13,679.9631398669461,veteran,1
U-02201,2023-01-04,1907,0.49832382412209053,3,1,14,425.90129957000426,veteran,0
U-03398,2023-01-04,106,0.9998608482078876,3,2,23,211.69851586308633,new,1
U-01174,2023-01-04,433,0.17439171782304852,3,2,21,907.2123462967646,established,0
U-01531,2023-01-04,1891,0.841431851143876,4,1,163,626.8643614067852,veteran,0
U-03724,2023-01-04,1778,0.8566151423839511,3,1,40,514.2058066699598,veteran,1
U-01806,2023-01-04,872,0.7052645499070364,7,2,67,868.909348700627,veteran,1
U-02442,2023-01-04,1092,0.8379796982340677,8,5,124,1038.077646808768,veteran,1
U-01681,2023-01-05,1580,0.37301476707773407,2,2,86,551.5911329269852,veteran,0
U-00789,2023-01-05,1202,0.6845514243787411,1,1,158,519.3943588941075,veteran,0
U-03903,2023-01-05,1919,0.662688239103272,9,2,85,1509.642582453761,veteran,1
U-00800,2023-01-05,1235,0.4368520075377743,4,1,156,716.6322679347553,veteran,1
U-01762,2023-01-05,413,0.7446459642015341,3,2,5,1197.070715646633,established,1
U-03798,2023-01-05,1105,0.379551107074678,3,1,131,529.3701136500448,veteran,0
U-03821,2023-01-05,1037,0.5780392479199319,1,2,105,398.3391694974736,veteran,1
U-01069,2023-01-05,1917,0.503177170232213,7,2,23,554.3102946052028,veteran,1
U-00838,2023-01-06,1705,0.12297077263205258,1,1,130,427.99831279188226,veteran,1
U-03102,2023-01-06,1304,0.5719023269668166,3,3,107,1779.5392433714246,veteran,0
U-01120,2023-01-06,1637,0.6226296740807937,9,1,158,356.2787461894509,veteran,0
U-01037,2023-01-06,1110,0.190095771748375,5,2,149,460.5074983728853,veteran,0
U-00409,2023-01-06,666,0.16342928813683655,3,2,86,919.9329499671395,established,1
U-02974,2023-01-07,631,0.5612175227827881,1,1,162,764.9863903030624,established,0
U-00888,2023-01-07,695,0.3938347561850223,9,1,73,376.5012241065112,established,1
U-03135,2023-01-07,981,0.676774305864818,8,0,33,281.5005343675353,veteran,1
U-03504,2023-01-07,1522,0.5325301291849333,4,1,29,451.0375565261493,veteran,1
U-01623,2023-01-07,1750,0.6145639412952608,9,0,36,984.1831932355059,veteran,1
U-01593,2023-01-08,1264,0.009435727627650548,5,1,41,877.3618355292094,veteran,1
U-00414,2023-01-08,997,0.2570200156484578,7,1,48,600.5269786041808,veteran,1
U-01651,2023-01-08,1485,0.4449008179668318,8,2,38,494.71162074231063,veteran,0
U-01365,2023-01-08,332,0.9518324486974689,7,0,177,278.7563322224637,established,1
U-00232,2023-01-08,1222,0.7323184221678151,3,2,6,560.3932564192023,veteran,1
U-00477,2023-01-08,755,0.23783538488179112,7,0,114,537.4658813673904,veteran,1
U-03857,2023-01-08,303,0.24222841097316028,8,1,146,706.1886422263127,established,0
U-03897,2023-01-08,1755,0.07404268746793197,6,0,174,834.2241671640929,veteran,1
U-02089,2023-01-08,1506,0.7292409788431715,3,1,161,186.2244820120632,veteran,0
U-03787,2023-01-09,1060,0.8466142061905151,9,1,99,545.2017544023871,veteran,1
U-00368,2023-01-09,1855,0.14662314286435274,5,1,146,655.3698679109901,veteran,0
U-03803,2023-01-09,1626,0.48339902788793465,2,1,97,783.0299129643148,veteran,0
U-01166,2023-01-09,1452,0.3663721549094904,3,1,5,224.59300557218577,veteran,1
U-02170,2023-01-09,1092,0.9809809410158142,1,1,61,1675.9134396534344,veteran,1
U-03804,2023-01-09,1523,0.22281982356387564,6,1,27,734.191414223318,veteran,1
U-01528,2023-01-09,82,0.9545678468728145,8,1,54,577.8794409668886,new,1
U-00299,2023-01-09,213,0.6880617331012702,1,3,127,456.43207525572996,established,0
U-00539,2023-01-09,1742,0.36610566221644936,4,0,75,591.6608093437975,veteran,1
U-03946,2023-01-10,1442,0.9327148731652056,6,3,77,946.4163943414882,veteran,1
U-00169,2023-01-10,1359,0.4595471512617503,2,2,65,988.758594624503,veteran,0
U-02137,2023-01-10,1471,0.19051972698740283,7,0,100,447.97597888693775,veteran,1
U-01782,2023-01-10,1770,0.4649998255035127,1,3,168,585.6040335979085,veteran,0
U-02260,2023-01-10,275,0.8849156631844819,1,1,47,2276.6738008364587,established,1
U-00820,2023-01-10,1092,0.7145520982700821,9,2,153,411.69870733194585,veteran,0
U-03441,2023-01-10,1287,0.8189428485310084,7,3,64,1195.3087176520537,veteran,1
U-00271,2023-01-10,1077,0.4785124609413839,4,0,134,148.8096390717877,veteran,1
U-02711,2023-01-10,731,0.856348715633756,3,1,101,147.7924656228546,veteran,0
U-00453,2023-01-10,1419,0.6604522384933692,7,1,0,536.3940226931535,veteran,1
U-01743,2023-01-10,931,0.8969427918333073,8,2,6,2010.789618057702,veteran,1
U-03118,2023-01-10,873,0.22988748454639696,5,3,47,910.8019224869898,veteran,1
U-03308,2023-01-10,1531,0.12641174364183894,1,2,73,1258.4020567714454,veteran,0
U-01179,2023-01-10,822,0.5283143955682554,6,1,124,1504.882136037128,veteran,1
U-00428,2023-01-11,1548,0.23686060312728807,3,2,7,887.3660337066374,veteran,0
U-03996,2023-01-11,1444,0.13532564261526192,2,1,95,1428.56482016476,veteran,1
U-02468,2023-01-11,1043,0.9539667171468871,7,2,124,367.54116328245567,veteran,0
U-02409,2023-01-11,1858,0.21183446145851137,1,3,39,318.9536663500797,veteran,0
U-01398,2023-01-11,1873,0.6878370599294981,3,3,65,1191.0644740112887,veteran,0
U-02328,2023-01-11,183,0.4030487826702711,4,2,150,937.0380613977292,established,0
U-02222,2023-01-11,1371,0.565049446252131,1,2,79,702.633465065343,veteran,1
U-03485,2023-01-11,1717,0.7904134900444079,6,0,149,657.7801025801947,veteran,0
U-02635,2023-01-11,230,0.2629140721288442,4,1,114,917.935011095679,established,0
U-01299,2023-01-12,1697,0.09255893873833287,6,1,97,592.0428360546169,veteran,1
U-01492,2023-01-12,378,0.237142863191092,7,2,41,714.6725900965406,established,0
U-00829,2023-01-12,989,0.9089730055498839,1,2,139,1340.7125435515852,veteran,0
U-01589,2023-01-12,1697,0.6137138167259192,6,1,80,948.4086716747669,veteran,1
U-00384,2023-01-13,785,0.8420195363242607,1,1,112,830.5670007985759,veteran,1
U-01943,2023-01-13,1312,0.8161156015412826,4,3,153,651.648503350188,veteran,0
U-02950,2023-01-13,1387,0.5953927794432744,3,0,149,662.0699634157761,veteran,0
U-03681,2023-01-13,1374,0.669800095180972,6,4,159,462.59754191889357,veteran,1
U-03457,2023-01-13,1427,0.8070011023955532,6,1,77,257.21826670195946,veteran,1
U-02498,2023-01-13,624,0.3740907132587359,2,1,67,540.3039606164516,established,0
U-02558,2023-01-13,1909,0.8754382397942415,9,1,146,422.9682617329459,veteran,1
U-01535,2023-01-13,1360,0.7521650668644404,9,1,57,771.6773424684465,veteran,1
U-03536,2023-01-13,467,0.5075046156100387,4,1,85,533.3124965462893,established,0
U-01868,2023-01-13,1851,0.12829732292427787,6,1,178,897.531951199365,veteran,0
U-00137,2023-01-13,539,0.8559708001741249,2,2,123,524.203382293196,established,0
U-00786,2023-01-13,1135,0.31889851884048703,1,1,80,287.98716738311464,veteran,1
U-02262,2023-01-13,490,0.05431027586070736,1,1,45,1366.8963523330192,established,0
U-00146,2023-01-14,844,0.031240978990649815,4,4,64,298.3627736228245,veteran,1
U-02321,2023-01-14,1964,0.3785065964886303,3,1,38,527.0715199167497,veteran,0
U-00843,2023-01-15,420,0.42907511598681936,8,1,40,561.6961861000115,established,1
U-03319,2023-01-15,142,0.3270197123445858,4,0,43,1560.0527541710835,new,0
U-01908,2023-01-15,1597,0.29223510613201487,7,1,66,813.7260151253142,veteran,0
U-00662,2023-01-15,335,0.4547692924755936,1,2,5,212.93100015573154,established,0
U-02763,2023-01-15,1736,0.6778880255203257,4,0,145,2839.7818482679877,veteran,1
U-03544,2023-01-15,819,0.5507877563307355,1,2,106,344.15480492489155,veteran,1
U-03632,2023-01-15,1982,0.8869311692981873,2,2,116,221.2973623239598,veteran,1
U-02865,2023-01-15,1969,0.3545126561783568,6,2,179,716.4791223134372,veteran,0
U-00327,2023-01-15,867,0.7414468065877132,3,0,114,291.59784880099113,veteran,1
U-00969,2023-01-15,1636,0.6212331782136635,7,5,106,610.8942490706565,veteran,1
U-01445,2023-01-15,729,0.27053962868541603,7,1,15,1027.2829535125773,established,1
U-01682,2023-01-15,780,0.1733087598959161,4,2,82,612.7002236252498,veteran,0
U-01265,2023-01-15,1778,0.049738765521068484,1,2,107,422.81061263049816,veteran,0
U-00116,2023-01-15,66,0.5895063304034679,9,0,51,1004.3848035770119,new,1
U-03754,2023-01-16,336,0.42448676748251024,7,3,118,290.2198554435365,established,0
U-02202,2023-01-16,466,0.5587935837241681,9,0,140,2541.3871324121924,established,0
U-03239,2023-01-16,1929,0.8464953462533984,7,3,34,200.10243662880228,veteran,1
U-02629,2023-01-16,605,0.6999461854286363,2,0,29,684.0857020428097,established,1
U-02037,2023-01-17,672,0.2845630692721185,7,1,65,1202.924286120934,established,1
U-01451,2023-01-17,1489,0.5744621935391577,9,0,47,789.5996233511235,veteran,1
U-00901,2023-01-17,1324,0.2884926031419477,9,0,161,733.4742456131369,veteran,0
U-00249,2023-01-17,775,0.8001999430365032,9,3,122,865.840854700291,veteran,1
U-02727,2023-01-17,1204,0.27513075532634,5,1,85,645.2043369670271,veteran,0
U-02771,2023-01-17,1379,0.582988625878554,5,3,154,565.4553441211326,veteran,1
U-02880,2023-01-17,651,0.06289124231952858,2,1,99,2219.917301796938,established,0
U-01018,2023-01-17,1567,0.6008493764070294,5,1,80,503.7156282693463,veteran,0
U-01098,2023-01-17,1877,0.8279241471565723,7,0,137,750.7417003061508,veteran,1
U-01239,2023-01-17,1807,0.564828363162763,7,2,152,183.05771847849402,veteran,1
U-00869,2023-01-17,1403,0.6353342430475842,7,1,74,1019.13823079595,veteran,1
U-00561,2023-01-18,857,0.2426253685256229,5,0,20,681.8440534603952,veteran,0
U-00055,2023-01-18,774,0.8496572024460699,7,2,58,433.21563996405115,veteran,1
U-02521,2023-01-18,186,0.4486706201548839,9,1,149,228.77631332435374,established,1
U-00396,2023-01-18,610,0.1803420983749422,5,0,34,653.8285304736864,established,0
U-00351,2023-01-18,1144,0.06834789039562739,9,2,139,232.0263582640121,veteran,1
U-03879,2023-01-18,213,0.9484069616377143,7,3,28,783.5537967468974,established,0
U-02370,2023-01-18,1982,0.8811653206259396,2,1,158,454.9402085449352,veteran,0
U-01870,2023-01-18,1580,0.6371084131782386,5,0,14,380.962062028701,veteran,1
U-02338,2023-01-18,1610,0.1509197553293914,7,1,82,807.2013416110003,veteran,1
U-00816,2023-01-18,1749,0.23637353540898454,8,0,68,278.83132521585236,veteran,0
U-01109,2023-01-18,591,0.8366812189776666,8,2,114,353.81776149378965,established,0
U-00810,2023-01-18,430,0.5175052443935492,9,3,119,573.9486399371192,established,1
U-03851,2023-01-19,1133,0.8397612482502805,9,0,24,443.5763632765021,veteran,1
U-01525,2023-01-19,228,0.9152457760303804,3,3,7,1211.2716879876848,established,1
U-03362,2023-01-19,32,0.8971098439566533,3,1,45,662.3433427468761,new,1
U-03012,2023-01-19,1493,0.005501174039798773,5,2,43,787.4058612496776,veteran,1
U-02779,2023-01-19,558,0.722906601964936,1,2,150,713.3534910955982,established,0
U-03870,2023-01-19,166,0.033428312711904384,2,0,135,262.62337627919715,new,0
U-01780,2023-01-19,411,0.995526179061942,3,0,176,366.22531718966775,established,0
U-01805,2023-01-19,323,0.7269007026541818,8,1,18,203.79057034047509,established,1
U-01517,2023-01-20,1358,0.19274289079074547,4,1,36,359.04154476294394,veteran,1
U-01462,2023-01-20,1423,0.10621744837643532,1,2,107,753.9635742158954,veteran,0
U-02883,2023-01-20,400,0.8018250365493811,9,1,104,444.76699385454197,established,1
U-01269,2023-01-20,1056,0.4903984172596335,1,1,106,575.0689452537117,veteran,1
U-01285,2023-01-20,1162,0.11228622980023839,1,0,111,454.0813539663861,veteran,0
U-02411,2023-01-20,850,0.7585541942145848,8,1,91,680.8280727507491,veteran,1
U-00573,2023-01-20,1779,0.3641947095058605,4,1,74,852.0559604264954,veteran,1
U-00583,2023-01-21,1425,0.9812622507439888,9,1,27,329.87407384182757,veteran,0
U-02971,2023-01-21,1506,0.36156992984263436,3,2,44,394.91546446163585,veteran,0
U-01463,2023-01-21,618,0.7399435631818133,5,2,140,457.2908507679723,established,1
U-03463,2023-01-21,1816,0.9062157365473852,4,1,81,805.5436203237695,veteran,0
U-02277,2023-01-21,1560,0.6564171236607336,3,1,97,710.8444750055951,veteran,1
U-03337,2023-01-21,778,0.48825189028129945,9,1,138,234.16676544354337,veteran,0
U-00698,2023-01-21,622,0.5249103799549136,1,2,108,187.70388094258976,established,0
U-01452,2023-01-21,1690,0.747505887763953,8,2,130,906.5111684377958,veteran,1
U-02504,2023-01-21,844,0.7729953951013782,6,2,90,545.4559120979548,veteran,1
U-00847,2023-01-21,220,0.6559154619738806,9,2,9,284.7454906629109,established,0
U-01641,2023-01-21,596,0.7969713919154653,4,0,36,2759.011982152837,established,1
U-01975,2023-01-21,1111,0.22102219394416822,9,3,140,313.4807861491834,veteran,0
U-01652,2023-01-21,142,0.5907737486375348,1,0,61,383.715615553239,new,1
U-03616,2023-01-21,1245,0.2937802917650709,1,3,50,1190.9318860829571,veteran,1
U-00897,2023-01-22,1178,0.5063740694865626,1,2,45,1322.7679120650475,veteran,1
U-01982,2023-01-22,1858,0.8273926622355084,9,3,28,865.6674257367209,veteran,1
U-00545,2023-01-22,1516,0.2748770766250189,9,0,94,416.4516042019254,veteran,0
U-00886,2023-01-22,1391,0.1090543064824313,5,1,165,707.0153137994556,veteran,0
U-02617,2023-01-22,1211,0.8516495023344659,4,3,6,869.9826552294991,veteran,1
U-02313,2023-01-22,168,0.1526936934997769,5,1,142,454.62319812279986,new,0
U-03799,2023-01-22,408,0.2711367178927484,9,1,148,532.7361161833035,established,0
U-01978,2023-01-23,435,0.16027248018309148,2,1,129,925.860084839221,established,0
U-00857,2023-01-23,1274,0.6302354949729884,9,2,148,593.9819714887494,veteran,1
U-02487,2023-01-23,620,0.6590592328025533,3,3,97,598.542515188833,established,0
U-01020,2023-01-23,1764,0.9194733085100913,3,2,70,542.0758988783269,veteran,0
U-01266,2023-01-23,1100,0.3278809207797838,9,2,162,1172.1357683601507,veteran,1
U-03780,2023-01-23,1038,0.763324361545346,2,1,103,506.620463240374,veteran,1
U-03356,2023-01-23,616,0.7084201459833853,5,0,67,347.813634674123,established,0
U-01800,2023-01-23,275,0.4139318081761838,1,0,144,1495.462553272245,established,1
U-01025,2023-01-23,265,0.6091986837159487,5,0,119,1369.8046736859592,established,0
U-00541,2023-01-23,1269,0.029631885976391104,5,2,160,651.1200500597089,veteran,0
U-03451,2023-01-23,1604,0.3141666119075859,8,2,61,340.107569331888,veteran,1
U-02656,2023-01-24,1778,0.5997796559550853,5,1,164,349.9708170129417,veteran,0
U-01135,2023-01-24,226,0.5000362149376396,5,4,50,236.5928822464124,established,0
U-02787,2023-01-24,85,0.7192529907079513,2,0,84,402.175326099385,new,1
U-02459,2023-01-24,982,0.7128717219670092,4,1,151,377.35650608951374,veteran,0
U-03112,2023-01-24,1880,0.6791133665720679,7,3,12,1999.690011395257,veteran,1
U-00149,2023-01-24,798,0.4156781931122342,9,0,154,1598.6362330358736,veteran,0
U-03508,2023-01-24,1273,0.6215184202299502,9,1,1,805.3179577773816,veteran,1
U-03183,2023-01-24,676,0.35682767265797366,1,4,133,1557.429245760344,established,0
U-03188,2023-01-24,545,0.16295724578730442,9,6,125,3019.755627430313,established,0
U-01614,2023-01-25,1155,0.627125975312123,1,3,99,2648.1148258854055,veteran,1
U-03500,2023-01-25,1720,0.5015409120998952,3,4,89,754.0493257705245,veteran,1
U-01888,2023-01-25,1337,0.8427622848520179,8,2,77,1356.6568383579636,veteran,1
U-03918,2023-01-25,145,0.9297664996274883,2,1,174,543.2658719375578,new,1
U-01350,2023-01-25,476,0.9132160585086049,5,0,156,910.0596538229761,established,1
U-02372,2023-01-25,1880,0.9733319096993783,5,2,144,895.039133699611,veteran,1
U-01410,2023-01-25,72,0.2676487350598524,2,2,110,259.71082538176677,new,0
U-02524,2023-01-25,616,0.34243508966183767,7,6,39,1433.7924683647727,established,0
U-01469,2023-01-25,565,0.09662549096894235,7,3,122,1682.6292964567106,established,0
U-03532,2023-01-25,1672,0.3912792508993721,9,2,96,654.7724414023751,veteran,1
U-02981,2023-01-25,1188,0.9655793015945262,4,2,60,627.6384682874371,veteran,1
U-02001,2023-01-25,1663,0.11885798957022997,8,0,80,540.3124411158904,veteran,1
U-00618,2023-01-25,1277,0.4465966901175078,1,2,159,1358.6847082719876,veteran,0
U-00278,2023-01-26,1474,0.28910328119451023,3,3,61,743.4847067681361,veteran,1
U-03797,2023-01-26,292,0.8759973393493311,7,5,34,1622.4830822284266,established,1
U-00035,2023-01-26,93,0.39272541391242954,7,5,3,3469.6754257814596,new,1
U-02887,2023-01-26,747,0.2643272242750323,3,2,166,631.3482058435478,veteran,0
U-02803,2023-01-26,1673,0.37959153667218126,6,0,108,261.5101638161062,veteran,1
U-02128,2023-01-26,659,0.5348019131804018,3,0,133,682.2494215513052,established,0
U-00517,2023-01-27,145,0.2985422487521395,7,1,128,774.8110253130097,new,1
U-02710,2023-01-27,620,0.1547238990088764,2,0,167,433.9538575449444,established,1
U-02439,2023-01-27,681,0.5750150415685037,2,1,78,187.70690366713055,established,0
U-01361,2023-01-27,1607,0.07726603025365364,2,0,74,569.0939704960471,veteran,0
U-01455,2023-01-27,299,0.5303995394185038,4,0,163,722.7381897382973,established,0
U-01034,2023-01-27,71,0.6149877629496451,3,4,3,781.9893601307823,new,0
U-03916,2023-01-27,1345,0.8848475922643815,1,0,53,740.1330447408337,veteran,1
U-02963,2023-01-27,1419,0.39599259138036935,4,2,151,381.936791884599,veteran,0
U-02330,2023-01-27,157,0.4368446991896344,2,2,39,1524.4941475202384,new,1
U-00044,2023-01-28,844,0.48055989079891825,3,2,127,413.29044875976285,veteran,0
U-03069,2023-01-28,1419,0.7078013985918528,9,1,80,240.8309332532233,veteran,1
U-02794,2023-01-28,1467,0.6318015463518166,8,2,6,1489.5053176926874,veteran,1
U-01768,2023-01-28,955,0.3515593869713336,2,1,73,631.6006459997602,veteran,1
U-02311,2023-01-28,683,0.8459490014528787,9,1,0,1113.5951628408977,established,1
U-03560,2023-01-28,1331,0.9140365668297785,4,0,121,1051.7248343310334,veteran,0
U-03154,2023-01-28,861,0.808717871762248,2,1,156,747.6750816911081,veteran,0
U-02231,2023-01-28,1275,0.48993559995646274,8,5,69,389.6405441067097,veteran,0
U-02704,2023-01-28,1792,0.45848501062532776,7,3,88,567.1827564258881,veteran,1
U-00386,2023-01-28,542,0.30324861814784576,6,1,8,489.71478553936106,established,0
U-03651,2023-01-29,1103,0.22244541739167467,1,5,168,956.3414695184496,veteran,0
U-03276,2023-01-29,548,0.3924168502170541,6,3,96,778.6063876621012,established,0
U-03987,2023-01-29,667,0.9471414668162196,2,2,167,1531.5531580341917,established,1
U-03410,2023-01-29,189,0.7649871788012479,3,1,171,1273.76111229762,established,1
U-01021,2023-01-29,941,0.8399340941971882,3,2,7,348.0265214875523,veteran,1
U-00898,2023-01-29,1521,0.8887877663650384,3,1,24,454.7432610475627,veteran,1
U-03334,2023-01-29,688,0.38904719882716354,9,2,114,2886.595259117252,established,1
U-00658,2023-01-29,858,0.5742972879655516,7,4,163,628.6346141165501,veteran,0
U-02590,2023-01-29,49,0.2541522881190068,5,2,97,613.1395614260558,new,0
U-01952,2023-01-29,412,0.45796101016618085,1,4,126,1250.849055084296,established,1
U-03815,2023-01-29,1766,0.3183862470428127,8,1,33,866.9119743662942,veteran,1
U-03531,2023-01-29,1586,0.08712931204717322,5,3,9,1006.4907069894488,veteran,1
U-01833,2023-01-29,510,0.6533642866030318,5,5,94,1363.1023579669886,established,1
U-03535,2023-01-30,693,0.9615332425411374,6,0,116,837.124584770171,established,0
U-01910,2023-01-30,417,0.9611723908966826,7,2,177,385.3044558217679,established,0
U-02024,2023-01-30,992,0.8386371347886453,1,3,94,1887.3027774183288,veteran,0
U-01214,2023-01-30,1613,0.4047432486712671,1,3,136,306.28996208447705,veteran,0
U-03613,2023-01-30,1342,0.4152638496323835,7,2,25,602.2324611051655,veteran,1
U-01252,2023-01-30,1436,0.258121499649558,8,0,108,534.4162066675603,veteran,1
U-00068,2023-01-31,1483,0.9100896741301989,5,1,61,1198.5852261551058,veteran,1
U-02668,2023-01-31,917,0.19228397614227433,4,2,178,1324.3005010549268,veteran,0
U-02855,2023-01-31,1760,0.33692684770210857,4,3,43,359.07999647774596,veteran,0
U-01054,2023-01-31,127,0.8168200674791013,3,4,139,1063.2936175240457,new,0
U-03931,2023-01-31,208,0.5572993462144499,1,2,85,1534.5537737198795,established,0
U-00216,2023-02-01,992,0.6789856609149371,2,2,142,561.4509867567723,veteran,1
U-01570,2023-02-01,1530,0.1480332201025618,2,2,89,527.0593028460216,veteran,1
U-02478,2023-02-01,1443,0.24681289062919443,6,1,94,703.3271078513075,veteran,1
U-01026,2023-02-01,530,0.4348841544214562,3,1,118,768.6128062080726,established,0
U-03579,2023-02-01,1405,0.36696949410636615,9,0,88,279.363722602173,veteran,1
U-00126,2023-02-01,120,0.518770583216309,6,3,159,494.877158027565,new,0
U-01587,2023-02-01,1977,0.29462110578767353,7,1,171,317.52481979015556,veteran,1
U-03915,2023-02-01,1895,0.9803821015597741,2,3,4,567.0660299961679,veteran,1
U-03758,2023-02-02,1637,0.34786682559405435,3,4,142,446.03458811991294,veteran,0
U-03133,2023-02-02,1725,0.4223503686917177,3,2,97,614.7171217405653,veteran,0
U-02751,2023-02-02,865,0.2709834814157309,2,1,105,481.7632483735797,veteran,1
U-01095,2023-02-02,370,0.555614525690352,5,1,178,1968.5823044058932,established,0
U-01850,2023-02-02,363,0.994861403638609,6,3,20,524.5222972052068,established,1
U-01360,2023-02-02,1318,0.6446053398343335,2,0,16,405.34078082756895,veteran,0
U-00438,2023-02-02,708,0.29638748879301235,8,1,26,1165.5680518042484,established,1
U-00430,2023-02-03,1844,0.30812696203626844,1,1,29,596.1214304420944,veteran,1
U-01121,2023-02-03,1246,0.3068338398728402,3,1,81,1148.0377162509662,veteran,0
U-03886,2023-02-03,668,0.29803454754690695,3,1,14,1209.0620299445268,established,0
U-00279,2023-02-03,1693,0.7000101540674241,3,2,149,1122.6163367103381,veteran,1
U-01327,2023-02-03,514,0.9212305027183688,9,0,118,879.6779661760409,established,1
U-00245,2023-02-03,580,0.2633423587356264,7,0,101,1800.313875718165,established,1
U-00677,2023-02-03,1148,0.1323852912543504,4,1,88,528.707665978447,veteran,0
U-01255,2023-02-03,704,0.8758166328973778,9,2,1,476.36811738373376,established,1
U-02634,2023-02-03,1740,0.7924668810386102,8,1,36,657.8328824817789,veteran,0
U-03638,2023-02-03,1606,0.5726218716131959,1,0,163,584.9648357393501,veteran,1
U-00006,2023-02-04,525,0.495300616385842,4,0,169,1589.4793366760478,established,1
U-03542,2023-02-04,759,0.6484061284483223,6,2,62,293.42142429390276,veteran,0
U-03619,2023-02-04,1602,0.8445559893615288,7,0,149,525.7154431217532,veteran,1
U-00880,2023-02-04,778,0.14973420826677053,7,1,110,1993.8656176063291,veteran,1
U-02864,2023-02-04,1805,0.5284498945026354,7,2,77,432.7023430432485,veteran,0
U-03280,2023-02-04,1301,0.7186584277451218,8,1,169,481.9085869051315,veteran,0
U-03320,2023-02-04,464,0.047482077778229326,6,0,18,630.6805976529463,established,0
U-02528,2023-02-04,1685,0.512921577555336,4,1,146,268.22857617153176,veteran,1
U-02365,2023-02-04,998,0.3590128321437984,4,1,5,302.63347282190216,veteran,1
U-00752,2023-02-04,1618,0.36410836224197507,2,1,52,1051.7611300282467,veteran,1
U-02316,2023-02-04,1571,0.5314993318323786,3,2,76,674.7705464660721,veteran,0
U-02853,2023-02-05,200,0.40777073066324054,2,1,165,392.2233382545192,established,1
U-01542,2023-02-05,620,0.5984326016657832,3,0,96,557.8017257592095,established,1
U-01720,2023-02-05,1960,0.7633870541432835,6,0,31,922.5448855121531,veteran,1
U-00727,2023-02-05,1776,0.2592848009081554,4,5,70,1183.2810136687358,veteran,1
U-01530,2023-02-05,1194,0.34313762484346555,7,0,173,1748.3690427067856,veteran,0
U-01808,2023-02-05,979,0.06255178627729441,4,2,158,630.663337152186,veteran,0
U-01930,2023-02-05,1856,0.9924587097750137,2,4,58,620.5972195114484,veteran,1
U-00000,2023-02-05,655,0.7160999706587471,9,2,131,1228.1656113978518,established,0
U-03981,2023-02-05,1959,0.896183667971543,3,1,106,651.5310927692437,veteran,1
U-03247,2023-02-05,1675,0.19695466966549147,7,1,87,1113.304628913502,veteran,0
U-03534,2023-02-05,468,0.333635037126335,9,3,28,1921.525385857159,established,1
U-00195,2023-02-05,1004,0.5191407841611407,5,3,147,538.0788267385901,veteran,1
U-02911,2023-02-06,1571,0.6027845671019829,2,2,73,614.5846729406708,veteran,0
U-00909,2023-02-06,1260,0.21671231241323197,2,0,174,469.7254616622721,veteran,1
U-00032,2023-02-06,559,0.6403750099176652,5,2,128,372.29785832890735,established,0
U-00825,2023-02-06,851,0.40216909914632204,6,0,140,677.7478947686859,veteran,1
U-00358,2023-02-06,1348,0.48615830920162084,3,1,120,323.771889316866,veteran,0
U-00171,2023-02-06,549,0.7068391738460283,8,1,122,339.1350334487643,established,0
U-03527,2023-02-06,519,0.7712878409517714,3,1,61,514.9887791821828,established,1
U-02032,2023-02-06,1545,0.12444252782956444,2,1,126,1370.4493026620148,veteran,0
U-02081,2023-02-06,778,0.033059200545114686,1,2,97,764.7871052927486,veteran,0
U-00694,2023-02-06,1423,0.39995123106749086,7,0,101,900.2786055157533,veteran,1
U-00132,2023-02-06,1468,0.4274291908485037,1,1,104,2974.7302202900973,veteran,0
U-01632,2023-02-06,1057,0.4207338711650098,5,2,68,728.5551936248489,veteran,0
U-00009,2023-02-07,258,0.6122233770420157,7,1,52,1094.1594994652867,established,1
U-02339,2023-02-07,1220,0.7138092142026506,3,2,131,616.2696471945275,veteran,0
U-02815,2023-02-07,525,0.19226013412649567,2,1,89,1098.1489560705747,established,0
U-02593,2023-02-07,1519,0.8033495334226994,1,1,158,706.4702387727216,veteran,1
U-00580,2023-02-07,412,0.6779035850615143,9,0,169,298.2103199194371,established,0
U-01689,2023-02-07,442,0.8920395160337483,8,2,107,1259.9855232361524,established,1
U-00242,2023-02-07,1654,0.47628454308368107,9,5,87,1887.7324768084466,veteran,1
U-00375,2023-02-07,1180,0.16969693224186544,4,5,110,924.8465313503513,veteran,0
U-00950,2023-02-07,680,0.22781115108638406,4,1,154,513.9221560031204,established,0
U-03413,2023-02-07,682,0.5949943722599202,7,2,160,970.139695507188,established,1
U-01841,2023-02-08,1998,0.3328248623150991,4,1,108,220.67888590383058,veteran,0
U-02452,2023-02-08,1963,0.4908315662581837,9,3,159,858.0300199856893,veteran,1
U-00217,2023-02-08,702,0.0711688225478937,6,2,130,495.34822194530386,established,0
U-03418,2023-02-08,1767,0.46148107170759567,4,3,149,1567.0210542523953,veteran,1
U-00976,2023-02-08,1159,0.4651019284640959,3,3,129,1253.822334681684,veteran,0
U-02305,2023-02-08,727,0.08886716418023977,5,2,109,669.2267298210855,established,0
U-03671,2023-02-08,896,0.17387254006549147,1,2,62,1568.2721950258217,veteran,0
U-02741,2023-02-08,1788,0.3621225308474483,8,1,118,1230.8714444006314,veteran,0
U-00673,2023-02-08,1740,0.2812459668742413,8,2,24,324.1236698333569,veteran,1
U-02265,2023-02-08,223,0.8383648876030845,4,0,3,352.31216219292804,established,1
U-00699,2023-02-08,76,0.7757258140222779,1,2,179,804.3015618280573,new,0
U-00790,2023-02-08,418,0.49108182649458043,1,1,113,1131.6040457603901,established,0
U-03974,2023-02-08,294,0.7799292605482002,5,2,24,853.4133106204354,established,1
U-00086,2023-02-08,560,0.5392759822535824,8,1,143,489.5886629861561,established,1
U-02956,2023-02-09,370,0.28820838645693647,6,3,160,698.0350935143547,established,1
U-03283,2023-02-09,89,0.132727147259316,2,2,131,170.60752362892947,new,0
U-01787,2023-02-09,1232,0.8146662660807785,3,0,47,374.7330217400306,veteran,1
U-01737,2023-02-09,1863,0.6680350440934276,4,1,70,370.68309541469705,veteran,0
U-03342,2023-02-09,1695,0.8779268918167041,3,0,39,813.4652518641868,veteran,1
U-02501,2023-02-09,1943,0.3269891143002891,3,0,72,790.4215493445374,veteran,1
U-00587,2023-02-09,636,0.9127369011811262,1,0,11,616.2199174087656,established,0
U-02471,2023-02-09,291,0.6072077329881385,3,4,88,1036.1585287644007,established,0
U-03034,2023-02-09,1702,0.16610121273710188,4,1,136,2265.283931141414,veteran,0
U-02320,2023-02-09,1559,0.2309010194113772,1,2,15,635.0952591601925,veteran,0
U-00890,2023-02-09,1681,0.2250236296846524,7,0,58,836.9210755693287,veteran,1
U-03958,2023-02-09,1935,0.10480589988155764,8,1,133,1525.5838654991935,veteran,1
U-01435,2023-02-10,1982,0.09184801608002957,1,2,163,390.926067569714,veteran,0
U-01288,2023-02-10,551,0.30713129366202885,2,2,156,1538.1171138986338,established,0
U-01879,2023-02-10,52,0.28101260750152846,9,4,115,338.09408477097804,new,1
U-02681,2023-02-10,700,0.8877110870419853,1,1,145,457.863574508901,established,1
U-00579,2023-02-10,605,0.07533066244570341,3,1,113,353.7346049006485,established,0
U-01358,2023-02-11,159,0.3637339795594162,7,0,160,686.3192577765727,new,0
U-03806,2023-02-11,493,0.7810334075524223,9,1,28,1096.2017818189972,established,1
U-02474,2023-02-11,506,0.11502760243036658,2,0,142,513.0687753723478,established,0
U-02622,2023-02-11,1617,0.0028713110948129783,7,1,46,410.20932446496005,veteran,0
U-00257,2023-02-11,206,0.46516813583684313,6,2,97,842.0353889631652,established,0
U-03871,2023-02-11,549,0.04333175346050033,3,1,71,698.2810242342828,established,0
U-02614,2023-02-11,435,0.9852959232362493,6,2,14,415.51834730327647,established,1
U-01449,2023-02-11,360,0.4456000297013287,5,2,14,286.0244109146746,established,1
U-01165,2023-02-11,181,0.7334907975299367,5,1,134,768.518730806491,established,0
U-02555,2023-02-11,1080,0.38098458390190815,1,0,33,1095.5907609433316,veteran,0
U-03496,2023-02-11,1533,0.3322445154020879,4,1,41,415.2513295300338,veteran,0
U-03782,2023-02-11,1690,0.5049147371706423,7,2,166,372.87616814402503,veteran,1
U-02422,2023-02-11,373,0.6694801882130285,7,2,75,398.97621168768717,established,0
U-02514,2023-02-11,1625,0.14950475241162509,2,3,111,543.2311303316404,veteran,0
U-01729,2023-02-11,847,0.2987235249744318,1,2,0,605.3099887337379,veteran,1
U-03852,2023-02-11,520,0.5812395946554776,7,2,155,607.4680484031794,established,0
U-00170,2023-02-12,764,0.96201436381886,5,0,160,603.894108219598,veteran,0
U-01226,2023-02-12,643,0.13763478513236937,8,0,167,656.5547604463187,established,0
U-00582,2023-02-12,354,0.8498585482468028,9,1,166,465.8637655404617,established,0
U-02176,2023-02-12,1498,0.7067782575093406,1,1,153,858.0579285226667,veteran,1
U-00515,2023-02-12,1593,0.3003196691230158,3,5,171,756.8250651668205,veteran,0
U-02503,2023-02-12,1119,0.8774625257433228,4,1,43,1534.7606103325368,veteran,0
U-03352,2023-02-12,765,0.9529465140248118,2,1,132,671.7679458665367,veteran,0
U-01826,2023-02-12,330,0.6867241995580513,7,0,95,1579.8835458705134,established,1
U-02945,2023-02-12,1118,0.7738955250878552,1,1,51,179.09732104125257,veteran,1
U-00459,2023-02-12,1317,0.8245025676918739,6,1,22,638.6804147314319,veteran,1
U-02264,2023-02-12,1093,0.4532860749681529,1,1,100,538.1308720579516,veteran,1
U-00817,2023-02-12,679,0.500606858106656,8,2,28,354.02456560092827,established,0
U-03686,2023-02-12,169,0.49728602421100665,9,0,156,498.49673206314884,new,0
U-01854,2023-02-12,841,0.04334227704126392,7,0,136,341.77914599650103,veteran,0
U-01271,2023-02-13,874,0.875241809211976,5,0,134,367.4471243899631,veteran,0
U-03076,2023-02-13,1629,0.22774153617552728,3,4,46,880.2129056484644,veteran,1
U-00309,2023-02-13,1216,0.627446090107383,6,1,53,939.0376641543943,veteran,0
U-03726,2023-02-13,45,0.11787547075695992,4,2,161,745.2693083326718,new,0
U-03490,2023-02-13,250,0.9470626418914286,1,2,80,338.9526257748009,established,0
U-03149,2023-02-13,664,0.6008912265083856,1,0,139,835.6165832081596,established,1
U-00321,2023-02-13,912,0.5508316650302666,4,2,174,426.3853122199302,veteran,1
U-00479,2023-02-13,1088,0.9701365112382403,4,2,60,551.999014897077,veteran,1
U-01815,2023-02-14,143,0.7937989776497628,8,0,11,266.4672740390699,new,1
U-01537,2023-02-14,1687,0.6066785152579738,6,2,105,1445.6245274670791,veteran,1
U-02910,2023-02-14,1279,0.7470912629357731,1,2,100,362.15532302673586,veteran,1
U-00807,2023-02-14,1788,0.5947026719176003,8,3,65,267.78018151113145,veteran,0
U-01866,2023-02-14,1444,0.8262629151275427,5,0,87,1323.5548940933622,veteran,1
U-02243,2023-02-14,684,0.791688145177316,9,2,152,875.3487468935623,established,1
U-03033,2023-02-14,1230,0.12388620303382702,8,2,18,1201.4224689856214,veteran,1
U-01483,2023-02-14,1693,0.3661563678024199,6,2,59,364.43703261357723,veteran,1
U-03590,2023-02-14,264,0.37112755655273166,2,2,19,235.02862645142207,established,0
U-01488,2023-02-14,1725,0.41210483518107344,8,1,60,1120.4004921614335,veteran,1
U-03790,2023-02-14,1901,0.7128798566671936,9,1,88,496.7984495268728,veteran,1
U-01465,2023-02-14,1123,0.8097691790479546,4,1,61,1114.3113489531477,veteran,1
U-02722,2023-02-15,381,0.4183930979091578,2,3,128,441.158183625598,established,1
U-01320,2023-02-15,650,0.0864841962453845,3,1,65,494.05828878141006,established,0
U-01578,2023-02-15,924,0.8506906319481564,8,1,103,1123.7287231453267,veteran,1
U-00500,2023-02-15,1394,0.018851579037953314,5,2,95,327.04334834843286,veteran,0
U-02852,2023-02-15,1364,0.7092289860771986,5,3,63,279.22750578605616,veteran,0
U-01215,2023-02-15,488,0.4487315194162592,7,2,114,485.5322295731586,established,1
U-03026,2023-02-15,512,0.5997015990482731,1,0,151,1318.087933076592,established,0
U-00119,2023-02-15,131,0.4835499824307432,8,0,101,642.7532035250829,new,1
U-00872,2023-02-15,146,0.6958787682282754,3,0,134,403.892280489304,new,1
U-02214,2023-02-16,1429,0.24767800069016233,5,1,21,436.98893934365094,veteran,0
U-02505,2023-02-16,563,0.040733264805495994,7,2,128,897.9408553246766,established,0
U-02680,2023-02-16,399,0.6605319663852102,2,2,37,494.07686691711757,established,0
U-00364,2023-02-16,1169,0.7447032942423848,9,1,26,523.3156566127931,veteran,1
U-00725,2023-02-16,970,0.3366070335655168,5,3,121,703.30936273882,veteran,1
U-02213,2023-02-16,683,0.5986878105046501,2,1,154,860.4669149950357,established,0
U-00537,2023-02-16,1455,0.8656870353545201,7,1,168,425.87723969074267,veteran,1
U-01019,2023-02-16,1295,0.43744460049991696,8,1,114,508.8608968120978,veteran,1
U-00312,2023-02-17,715,0.25858987104909514,3,0,12,1352.3510331983205,established,1
U-01049,2023-02-17,1827,0.9802446252759475,2,2,88,1066.2673139017004,veteran,1
U-00496,2023-02-17,679,0.47891840781000505,5,1,127,1004.4852480256985,established,0
U-02785,2023-02-17,1948,0.5049722171586871,5,4,46,381.36018720354576,veteran,1
U-01342,2023-02-17,1146,0.8687457758035334,1,1,176,377.3583603989145,veteran,1
U-02268,2023-02-17,570,0.037334752844158325,1,3,33,783.2721785879147,established,0
U-03304,2023-02-17,1824,0.5313214828122292,3,1,81,1085.0032185736518,veteran,0
U-00945,2023-02-17,1454,0.8006718199594207,4,2,173,254.98511830958742,veteran,0
U-00777,2023-02-17,1503,0.0819198841853277,4,1,69,1002.1900091813782,veteran,1
U-00723,2023-02-17,131,0.6124455153398519,9,1,127,384.3891343101936,new,1
U-02363,2023-02-17,536,0.12904892289825654,1,2,48,360.31331530809246,established,0
U-03369,2023-02-17,393,0.9254488677038575,2,2,97,237.47689187628666,established,1
U-01945,2023-02-17,282,0.2641916632353021,8,1,58,714.6765437125359,established,1
U-00197,2023-02-17,274,0.8846100026502804,5,0,12,440.8924224444947,established,1
U-03160,2023-02-17,119,0.5863518284149009,3,2,128,997.0293647115425,new,0
U-02699,2023-02-17,803,0.5566698565548577,1,1,33,678.4211999858475,veteran,1
U-02509,2023-02-18,103,0.5753536203151648,8,1,13,1227.474022216139,new,1
U-03529,2023-02-18,145,0.17236438158439582,5,3,143,607.8069428420604,new,0
U-01618,2023-02-18,1809,0.6055916435947739,9,1,20,461.26248842688346,veteran,1
U-01875,2023-02-18,199,0.4777909068183822,1,3,90,535.0126910398045,established,0
U-01156,2023-02-18,1860,0.32475211644080837,3,0,122,457.0016587662198,veteran,1
U-00862,2023-02-18,1787,0.2714394175643763,2,1,3,873.7796057115465,veteran,1
U-00783,2023-02-18,1519,0.5853099045855237,4,1,137,254.33649031139223,veteran,1
U-00417,2023-02-18,337,0.013972719418462565,6,0,1,726.4059911961928,established,1
U-03650,2023-02-18,754,0.8197824956598391,5,3,20,1311.4795257440226,veteran,1
U-03348,2023-02-18,1851,0.2643162523309839,1,1,83,1236.5892468618013,veteran,1
U-01237,2023-02-19,1651,0.10768912229586136,2,1,165,1045.1157680356876,veteran,1
U-00385,2023-02-19,1450,0.9152772055266487,2,0,155,406.33884733664087,veteran,0
U-00435,2023-02-19,1861,0.5673605590140585,6,2,152,484.1500492844346,veteran,0
U-03498,2023-02-19,1172,0.6617593412619689,6,1,107,509.6169814084999,veteran,1
U-00782,2023-02-19,706,0.9163020339149811,2,1,17,537.98913793471,established,0
U-00873,2023-02-19,1187,0.5844710947114898,4,0,14,653.694058972757,veteran,1
U-03972,2023-02-19,885,0.5249490457332999,6,2,23,1433.1016976052153,veteran,1
U-01604,2023-02-19,1229,0.5480596098426327,7,1,13,167.22837958074618,veteran,0
U-02922,2023-02-19,958,0.42012450298912274,4,2,129,440.8945439338936,veteran,0
U-01609,2023-02-20,264,0.7090436302344373,8,2,68,596.3397837144362,established,1
U-03063,2023-02-20,62,0.06182896069800192,6,1,133,785.2429140620218,new,0
U-02818,2023-02-20,1454,0.12350625733927534,9,3,110,383.8259452020482,veteran,1
U-01629,2023-02-20,85,0.30365841710986896,9,1,57,820.0641063866645,new,1
U-03773,2023-02-20,1974,0.9526222598919437,7,3,136,3283.315935334199,veteran,0
U-02079,2023-02-20,1282,0.8561581624921681,1,1,62,1091.2089157515336,veteran,1
U-01927,2023-02-20,1196,0.8172722192782778,6,3,135,447.5055299599818,veteran,0
U-00156,2023-02-20,1422,0.9076959035384226,5,2,162,702.3746533801908,veteran,0
U-02822,2023-02-20,1995,0.48988779199323196,7,0,44,329.60967400035884,veteran,0
U-03820,2023-02-20,340,0.6482160402713806,4,2,28,644.2357620672058,established,0
U-02829,2023-02-20,620,0.7446911693761461,8,3,13,598.2537092130362,established,1
U-00220,2023-02-21,250,0.18172956781192617,6,3,140,719.4110273599741,established,0
U-02698,2023-02-21,678,0.7217897413057226,7,2,93,1777.8265837006647,established,1
U-02908,2023-02-21,343,0.987340163627656,1,2,12,499.5353136694078,established,0
U-01004,2023-02-21,1552,0.04385828341791598,8,1,109,2543.4851832769873,veteran,1
U-00073,2023-02-21,1886,0.17481894162471523,4,1,122,1454.1065298576325,veteran,0
U-03512,2023-02-21,977,0.059362880258923556,9,0,18,2159.763764440799,veteran,1
U-02005,2023-02-21,512,0.4986678334288609,5,1,27,900.244572252857,established,0
U-00017,2023-02-21,330,0.4527717451128178,8,0,152,1420.003969456462,established,0
U-00704,2023-02-21,1477,0.13388906937518164,7,2,100,994.6949305860715,veteran,1
U-02696,2023-02-21,1768,0.34292060642653055,9,3,63,284.5597050496095,veteran,1
U-03164,2023-02-21,1264,0.9317144800492464,9,1,152,207.7469136711135,veteran,1
U-02549,2023-02-21,1417,0.27997768715614324,6,2,140,1411.0229950908006,veteran,1
U-00944,2023-02-21,100,0.5315047318427486,8,1,101,368.5575716170617,new,1
U-01804,2023-02-21,635,0.5087608822191797,2,1,67,1533.497302771556,established,1
U-03347,2023-02-21,711,0.47673425537885783,5,0,90,1010.9103124680078,established,1
U-02103,2023-02-21,222,0.8351614957838297,6,0,82,345.5720402815573,established,1
U-00758,2023-02-21,920,0.06521566989953631,4,1,44,1254.1492788843004,veteran,0
U-03944,2023-02-22,1982,0.5972808707754839,8,1,158,538.8578661398277,veteran,0
U-01775,2023-02-22,1884,0.03755582342034114,6,3,170,769.2812615863886,veteran,0
U-01925,2023-02-22,228,0.1693002820194507,7,0,99,839.1128107472458,established,0
U-03101,2023-02-22,1731,0.2561162677146215,9,0,118,768.7651795091489,veteran,1
U-00442,2023-02-22,1375,0.877913776588007,9,1,69,424.9259707140924,veteran,1
U-00433,2023-02-22,254,0.3720037567196589,8,1,48,780.8101690642947,established,1
U-00669,2023-02-22,873,0.27370040763478487,2,3,111,260.72645327597644,veteran,0
U-03021,2023-02-22,1919,0.9797735350457194,6,0,27,380.1916493665888,veteran,1
U-01644,2023-02-22,1231,0.6227140140877143,7,4,20,451.08736727944256,veteran,1
U-03286,2023-02-22,1326,0.79741226959697,9,1,87,950.9080090598851,veteran,0
U-02084,2023-02-22,1355,0.09576185185983421,7,2,137,2255.124963725317,veteran,0
U-02430,2023-02-22,1709,0.4111531378996053,8,0,87,801.0622675750752,veteran,0
U-00413,2023-02-22,1444,0.15065275743291295,4,2,56,868.2907443319781,veteran,1
U-00947,2023-02-23,1053,0.7830883149229926,1,1,123,1571.6390975559673,veteran,1
U-00603,2023-02-23,1520,0.6516987589111125,4,1,176,603.908597646085,veteran,0
U-01894,2023-02-23,1091,0.02754762129145616,9,3,28,325.1075991868486,veteran,0
U-02760,2023-02-23,95,0.04397166822294529,8,2,146,2486.4480546804566,new,1
U-03537,2023-02-23,1334,0.822644656835189,7,0,91,468.6043419152585,veteran,1
U-01357,2023-02-23,1498,0.4166694109625484,7,2,97,572.5571769777649,veteran,0
U-03526,2023-02-23,647,0.7805133395762727,9,2,117,334.6606017445118,established,1
U-02479,2023-02-23,664,0.347672030660947,9,0,22,509.06512020475424,established,1
U-02206,2023-02-23,1421,0.3957668099057702,3,2,6,643.8528622486629,veteran,1
U-03268,2023-02-23,960,0.9129130838821744,3,1,122,488.37012163343996,veteran,0
U-00681,2023-02-24,365,0.046561151728786276,2,2,171,773.9782017364571,established,0
U-02726,2023-02-24,1731,0.03457166331823147,6,3,168,683.5104012727136,veteran,0
U-03605,2023-02-24,645,0.985635712513855,7,6,40,1231.0013165215978,established,1
U-03307,2023-02-24,430,0.7870701269273584,7,2,75,319.7636749457019,established,0
U-02377,2023-02-24,312,0.8757257516664424,7,0,84,773.6414769470152,established,0
U-01818,2023-02-24,804,0.3507339517432785,7,5,107,323.93248837133564,veteran,1
U-00822,2023-02-24,1819,0.6649036790414772,2,0,43,337.3737655561244,veteran,1
U-01341,2023-02-24,1240,0.04233945060917599,1,0,73,586.1408356236615,veteran,0
U-00619,2023-02-25,1799,0.5121864202999443,9,2,16,1469.6440657754451,veteran,1
U-01444,2023-02-25,525,0.9605304639047046,8,1,36,566.6898721096181,established,1
U-01527,2023-02-25,652,0.19817903082285326,6,2,31,385.35810197471795,established,0
U-02735,2023-02-25,1305,0.9770063680159924,8,2,90,602.8611270351897,veteran,0
U-01835,2023-02-25,1713,0.09639348747004439,2,3,20,670.6385579923349,veteran,0
U-00720,2023-02-25,1157,0.44679634469056895,8,3,124,2132.586694018182,veteran,1
U-00117,2023-02-25,287,0.8651834547878755,7,2,122,899.476054676642,established,0
U-03888,2023-02-25,1667,0.7061307547303153,4,1,139,886.3935523994302,veteran,1
U-02107,2023-02-25,1572,0.1292510889476195,8,0,118,726.387163070728,veteran,0
U-02209,2023-02-25,1292,0.8460504971784825,7,4,92,394.59071814686877,veteran,1
U-00768,2023-02-25,253,0.21434543694778307,6,5,130,853.7677536128602,established,0
U-00099,2023-02-25,692,0.9051927562134626,7,2,9,420.14983280809895,established,1
U-02233,2023-02-25,344,0.22565239291171524,2,0,80,501.8080025085112,established,0
U-00328,2023-02-26,125,0.8400570085219016,9,1,176,265.47623500196096,new,1
U-01089,2023-02-26,1069,0.29047033442889747,4,2,77,709.0962169981519,veteran,1
U-03513,2023-02-26,545,0.698296394588205,7,0,140,1259.9603360575993,established,1
U-01186,2023-02-26,1730,0.022653987707937362,4,0,146,823.7011315534784,veteran,0
U-03248,2023-02-26,823,0.7867558721562373,7,0,27,241.15312501749284,veteran,1
U-03203,2023-02-26,286,0.9822048746373078,2,0,9,776.4684063175911,established,1
U-03992,2023-02-26,1347,0.09393639659209119,1,1,47,309.1530524390908,veteran,1
U-03834,2023-02-26,1843,0.6036207627815519,3,2,105,721.954303590347,veteran,0
U-00305,2023-02-26,1547,0.12562504555165477,6,1,96,635.7857860475743,veteran,1
U-00240,2023-02-26,691,0.7830128354568426,4,2,76,1113.7323159148507,established,1
U-00461,2023-02-26,697,0.4147542241619748,3,2,58,907.7023762768539,established,0
U-01962,2023-02-27,1664,0.4975596573165595,8,0,80,304.37249864875156,veteran,1
U-00255,2023-02-27,676,0.0706507157711106,7,3,75,1109.5263360927522,established,0
U-02518,2023-02-27,413,0.21060418611309517,6,2,130,862.0136042492114,established,0
U-01062,2023-02-27,1244,0.30205125941585187,4,1,84,758.6731071687348,veteran,0
U-00407,2023-02-27,396,0.3756059721287023,6,0,76,970.767690977691,established,1
U-03670,2023-02-27,185,0.9919294092179923,4,3,174,730.2118068739532,established,1
U-00527,2023-02-27,212,0.6813895353038614,9,1,38,414.1449977539345,established,1
U-02301,2023-02-27,31,0.499575378358439,4,2,44,1773.6208025142503,new,1
U-01611,2023-02-27,512,0.7108876827294898,5,1,148,1303.187188572678,established,0
U-00833,2023-02-27,496,0.7401462086960039,9,4,128,624.6969229725225,established,0
U-00923,2023-02-28,1367,0.8797764560608707,6,2,88,591.6688282666775,veteran,1
U-03057,2023-02-28,1680,0.14036100145675845,8,1,136,526.3190055483591,veteran,0
U-02329,2023-02-28,1213,0.24982467365181793,5,0,124,558.3279181945167,veteran,0
U-00521,2023-02-28,1405,0.41379980988414755,4,1,37,441.4470136346717,veteran,0
U-01934,2023-02-28,1680,0.2675326983665324,4,1,156,299.1087394256136,veteran,1
U-01574,2023-03-01,1435,0.32599104541562474,1,2,139,221.1180647961743,veteran,1
U-02890,2023-03-01,322,0.6223449360758967,4,0,152,631.7175851510133,established,0
U-02662,2023-03-01,981,0.1357858256265938,4,2,8,744.4852124021095,veteran,1
U-02888,2023-03-01,230,0.608613738742478,5,0,148,1795.5983101880222,established,1
U-00974,2023-03-01,1608,0.5821670682445784,7,4,120,3069.496350660736,veteran,0
U-03068,2023-03-01,1266,0.42701541733706916,1,2,168,740.7194654412177,veteran,0
U-01606,2023-03-01,918,0.05755603594395453,9,1,178,1908.1512556842752,veteran,0
U-00456,2023-03-01,1194,0.1489778241795211,1,3,58,1470.6254222855798,veteran,0
U-00937,2023-03-01,1194,0.7243600948428013,5,1,155,485.62390787693874,veteran,0
U-00751,2023-03-01,325,0.5298006109074711,6,2,91,322.66923230779287,established,1
U-02062,2023-03-01,774,0.15451470815614743,5,1,90,434.94970969164825,veteran,0
U-01697,2023-03-01,1541,0.900681699762243,8,1,88,1196.1924569619082,veteran,1
U-01676,2023-03-01,1059,0.16491540860861353,9,3,14,976.370926043152,veteran,1
U-03829,2023-03-02,809,0.18572844298954805,3,1,43,676.9078802602145,veteran,0
U-01523,2023-03-02,1840,0.6735218510617179,1,4,173,492.36429173745927,veteran,1
U-02638,2023-03-02,1589,0.7938826862551621,2,1,64,395.3560873173855,veteran,1
U-00356,2023-03-02,1931,0.952200725408912,7,0,148,1816.4784089455104,veteran,1
U-02007,2023-03-02,1498,0.854147306406393,1,2,35,760.4830711821018,veteran,1
U-00272,2023-03-02,1868,0.8069229778199158,3,1,106,659.9233167008929,veteran,1
U-00181,2023-03-02,741,0.12738612172475006,4,3,1,551.3093855396822,veteran,1
U-03979,2023-03-02,1992,0.44401801829036525,4,0,88,1856.6124601569818,veteran,1
U-01103,2023-03-02,1013,0.6144032510643201,6,1,86,2045.965516225872,veteran,1
U-01480,2023-03-02,1979,0.025926228090944137,4,1,128,754.9832158473839,veteran,0
U-01969,2023-03-03,160,0.7992163802511801,6,0,177,1214.2301507777668,new,1
U-01536,2023-03-03,139,0.2978748426431058,1,3,14,647.8452423506699,new,1
U-02012,2023-03-03,1324,0.010137569140699632,8,2,60,523.8328989842462,veteran,1
U-00960,2023-03-03,781,0.15874858019476323,1,3,62,745.8263237546547,veteran,0
U-02307,2023-03-03,273,0.8486154962906369,9,1,113,394.0265220000641,established,1
U-02221,2023-03-03,624,0.2159791490794628,9,1,47,2866.825373522905,established,0
U-03567,2023-03-03,475,0.6338804696362723,3,1,81,1353.076210784167,established,1
U-01228,2023-03-03,199,0.19297444176784384,6,0,145,548.1320849061649,established,0
U-00535,2023-03-03,1030,0.09005503778215973,2,1,68,1028.1564673717585,veteran,1
U-00389,2023-03-03,1207,0.5819987254559883,9,2,145,1192.7671103576376,veteran,1
U-00057,2023-03-03,1074,0.9534202486534301,9,0,27,483.6068759691817,veteran,1
U-03685,2023-03-03,1315,0.8344040447135034,2,1,82,405.2477823046583,veteran,1
U-03700,2023-03-03,1072,0.16004472713910234,7,2,14,744.8474144411017,veteran,0
U-03927,2023-03-03,569,0.440376801584787,9,3,158,1156.969095206529,established,1
U-02885,2023-03-03,109,0.957040453732577,7,2,31,616.5985091904246,new,0
U-01045,2023-03-03,755,0.9988915487544232,9,2,117,666.4272792891582,veteran,1
U-03037,2023-03-03,1100,0.7385316090207217,3,0,132,351.03488562853875,veteran,1
U-02248,2023-03-04,153,0.6162572916024947,2,1,124,617.4051548571529,new,0
U-01405,2023-03-04,794,0.7293504449521396,2,1,125,1078.2278716454775,veteran,0
U-00532,2023-03-04,1417,0.6539731467169314,6,1,115,563.0446670704962,veteran,0
U-03252,2023-03-04,1557,0.853411142782429,9,2,37,401.6948121803195,veteran,1
U-00846,2023-03-04,1680,0.13789958241196532,6,1,153,600.6569658864331,veteran,1
U-01946,2023-03-04,544,0.05705891693196119,8,1,37,524.2197215523554,established,0
U-03602,2023-03-04,568,0.5126190164674482,5,2,114,583.3747873796613,established,1
U-00883,2023-03-04,345,0.34030064366652835,3,1,37,1111.715372428903,established,1
U-02791,2023-03-04,1856,0.3270376922533811,7,2,113,879.7945699460524,veteran,1
U-01654,2023-03-04,512,0.2887410352398029,5,3,123,305.7975141697542,established,0
U-03706,2023-03-04,1696,0.18095261608129332,7,2,177,745.2682468793203,veteran,0
U-03402,2023-03-04,202,0.3213054528851047,6,1,179,485.23595473997085,established,0
U-03807,2023-03-04,1074,0.3394252489533416,5,2,142,535.9610863415662,veteran,0
U-02426,2023-03-05,1951,0.11445269716988982,4,1,166,1782.655082654942,veteran,0
U-03350,2023-03-05,1574,0.03685413861685172,6,3,49,1172.2722703550648,veteran,0
U-00936,2023-03-05,1922,0.36379698216463674,7,0,162,352.85365891879377,veteran,0
U-00749,2023-03-05,749,0.11080439503263928,6,0,109,624.1489883232977,veteran,1
U-02867,2023-03-05,518,0.04342006023435396,5,2,16,598.3911203899304,established,0
U-03884,2023-03-06,1645,0.05980120927253929,6,2,27,573.6214632950835,veteran,1
U-01907,2023-03-06,1829,0.623528754370408,9,1,47,2019.5944413829172,veteran,1
U-01694,2023-03-06,1187,0.7494776291225896,3,1,176,675.3099209090544,veteran,1
U-01853,2023-03-06,1377,0.251263550706466,7,2,89,973.2933850162642,veteran,1
U-00177,2023-03-06,1442,0.9858532004423277,5,1,134,963.6167816379418,veteran,1
U-03364,2023-03-06,1981,0.18420771426073201,9,1,171,366.33392975823836,veteran,1
U-02094,2023-03-06,649,0.9724621845353718,1,2,142,2358.075921480717,established,1
U-02432,2023-03-06,530,0.10908996367748669,9,1,76,2381.349019611237,established,1
U-03326,2023-03-06,514,0.968046425182061,4,1,103,1151.8974593892892,established,0
U-02932,2023-03-06,168,0.5739032935718357,9,1,5,971.168684895428,new,1
U-00286,2023-03-06,1437,0.9097935450039947,7,1,10,813.9747770489257,veteran,1
U-02368,2023-03-06,81,0.5533982076178892,3,1,68,437.8660555088982,new,0
U-03321,2023-03-06,448,0.036851540610053135,4,1,124,800.9498564854507,established,0
U-02659,2023-03-06,469,0.4242266170332375,6,2,115,211.15431902283018,established,1
U-03162,2023-03-06,1262,0.5707226929191692,3,1,173,956.9191067885896,veteran,0
U-00082,2023-03-06,1546,0.7292712438603892,1,1,179,897.6903207476217,veteran,1
U-01935,2023-03-07,588,0.5526613561036466,3,0,47,2906.1986527199397,established,1
U-01777,2023-03-07,243,0.5489812739351246,7,2,84,658.5485185255413,established,1
U-01486,2023-03-07,449,0.8805249763593188,7,2,106,656.5411181197783,established,1
U-01555,2023-03-07,1042,0.8790038848027194,8,3,108,825.832595531784,veteran,0
U-01075,2023-03-07,773,0.2233225881619405,9,1,19,393.01344830718125,veteran,1
U-03270,2023-03-07,630,0.8600237828834533,3,0,46,437.3863128872447,established,0
U-00349,2023-03-07,723,0.8323193042175333,1,1,7,356.3820706927453,established,1
U-02719,2023-03-07,1343,0.449457160513994,1,2,8,646.4762436965178,veteran,0
U-01940,2023-03-07,532,0.6927415002668795,5,0,12,1193.8439786019453,established,1
U-00040,2023-03-08,677,0.44238959390094557,6,2,79,229.47636165117274,established,1
U-00531,2023-03-08,279,0.3171206618751382,9,1,47,1141.4994231025973,established,1
U-00466,2023-03-08,1604,0.16553150154503016,3,0,27,553.6647563956993,veteran,0
U-01636,2023-03-08,531,0.262572461160155,2,3,89,531.610028220114,established,0
U-01849,2023-03-08,148,0.7853375514877494,4,1,170,386.42093664402876,new,1
U-00186,2023-03-08,553,0.10413468760722522,8,2,137,371.4622414880538,established,0
U-01077,2023-03-08,54,0.14951173948933894,2,0,125,491.43668224135973,new,0
U-02296,2023-03-08,321,0.8044943549475032,1,3,5,1130.0613646144425,established,0
U-01595,2023-03-08,725,0.633603785941861,6,3,118,1436.2061317841767,established,0
U-00167,2023-03-08,387,0.4041545356132761,6,0,18,615.6535368558572,established,1
U-03689,2023-03-08,1919,0.3686231538668159,2,1,24,4543.239315593164,veteran,1
U-02595,2023-03-08,1009,0.3490826074898701,9,1,97,223.41101916730474,veteran,1
U-00622,2023-03-08,1658,0.6385911963305415,3,2,98,3066.3631192627518,veteran,0
U-03516,2023-03-09,54,0.870387605402543,8,2,84,257.7395451573569,new,1
U-00684,2023-03-09,1048,0.9969094246100404,4,0,155,224.3012196953505,veteran,1
U-03561,2023-03-09,197,0.2931542080066948,2,0,10,910.3538838832669,established,1
U-03523,2023-03-09,674,0.16687111950842504,1,2,89,762.4765380592078,established,0
U-00702,2023-03-09,1101,0.3423150062476059,4,3,37,1365.8384395042028,veteran,0
U-02939,2023-03-09,1934,0.27082543444689955,3,3,97,2167.506463224634,veteran,0
U-03558,2023-03-09,235,0.8542407251937729,3,2,103,805.0232056863904,established,0
U-02199,2023-03-09,364,0.9897692333824446,9,1,16,749.9552014218201,established,1
U-02327,2023-03-09,1438,0.5790439538535498,6,1,11,768.1887952996105,veteran,1
U-03179,2023-03-09,606,0.32509316308114533,2,2,29,861.0727116329329,established,0
U-03048,2023-03-09,1604,0.5100105822590654,9,1,152,728.4703936022433,veteran,1
U-00703,2023-03-10,1711,0.3735910064723913,8,2,175,399.24876243949853,veteran,0
U-00261,2023-03-10,428,0.8876811765900013,6,3,121,1964.7169883117592,established,0
U-01192,2023-03-10,1007,0.12240884773046701,9,1,2,1400.426185077636,veteran,1
U-02449,2023-03-10,303,0.7606272321111164,1,1,59,1295.7592881758458,established,1
U-02050,2023-03-10,847,0.43184800113469735,2,0,69,686.3131860935171,veteran,1
U-02804,2023-03-10,897,0.8849700014156061,4,1,140,737.0058278484978,veteran,1
U-02102,2023-03-10,991,0.8447300578810684,4,1,48,1338.9525654363997,veteran,1
U-01432,2023-03-10,685,0.6580323103841129,4,2,26,403.36111075719685,established,1
U-02533,2023-03-10,401,0.05066662928287036,5,3,155,353.59939787805746,established,0
U-02930,2023-03-11,211,0.24147808521538172,2,4,22,477.9962229599894,established,0
U-03096,2023-03-11,347,0.47888049893494333,4,4,81,986.9472011007618,established,1
U-03949,2023-03-11,180,0.9043261840584723,6,1,4,306.45730140539985,new,0
U-03288,2023-03-11,894,0.5742714699195859,9,3,113,195.59058000332416,veteran,1
U-00543,2023-03-11,1236,0.49347150830638464,2,1,107,683.8715690433578,veteran,0
U-01615,2023-03-11,1470,0.22684148463223253,8,0,116,457.22483970822645,veteran,1
U-00410,2023-03-11,267,0.37128048750862697,9,2,120,631.6721818416214,established,1
U-03760,2023-03-11,733,0.3514426145328662,9,0,78,312.1045350221245,veteran,1
U-03256,2023-03-11,1831,0.4483028697585574,3,1,21,682.5678702273891,veteran,1
U-00907,2023-03-11,1586,0.12169028737408949,9,1,46,901.2484452207848,veteran,1
U-01031,2023-03-11,1678,0.8516418262967486,6,3,149,632.3288895155308,veteran,1
U-02247,2023-03-12,924,0.9635213640591765,4,1,96,230.23213909896555,veteran,0
U-02477,2023-03-12,729,0.42362832540184614,8,3,140,683.118290641966,established,1
U-02369,2023-03-12,143,0.702055062428583,7,4,22,353.2934997649047,new,0
U-02367,2023-03-12,372,0.2056670566635791,9,1,58,731.023245288582,established,0
U-03791,2023-03-12,1251,0.5005679607905664,8,1,95,267.9845666049703,veteran,1
U-03887,2023-03-12,1228,0.2193456358189767,6,3,13,206.3946650741468,veteran,1
U-03051,2023-03-12,881,0.2212213900245774,6,4,72,246.81522902050034,veteran,0
U-01404,2023-03-12,78,0.5527510440724698,5,2,4,798.2244075065756,new,1
U-00660,2023-03-12,1669,0.6861293100027828,3,0,117,923.8339312428701,veteran,1
U-03786,2023-03-12,1432,0.6931380346544302,7,4,105,1267.3990960846977,veteran,1
U-03195,2023-03-12,1769,0.9559842693402016,4,0,78,1013.385334360679,veteran,1
U-00760,2023-03-12,1935,0.501661842065483,6,2,165,534.8807716676008,veteran,0
U-03087,2023-03-12,473,0.2715653705440776,5,1,96,1296.1622129350822,established,1
U-00258,2023-03-12,1220,0.9561874150536347,9,1,145,959.4510788969714,veteran,1
U-02031,2023-03-12,1426,0.45598484949406026,8,2,80,494.72445615427284,veteran,1
U-00229,2023-03-12,57,0.25578065342499323,2,2,66,522.234028907503,new,1
U-02146,2023-03-12,1092,0.7733000080093962,2,1,138,263.0590471265368,veteran,0
U-02380,2023-03-13,602,0.7057380542422326,6,1,140,776.6028617734966,established,0
U-00391,2023-03-13,1637,0.7602957880874366,5,3,29,367.33909063356947,veteran,1
U-03823,2023-03-13,964,0.25306413169772035,6,1,107,882.531629570008,veteran,1
U-01885,2023-03-13,1635,0.0420306414319922,1,0,90,286.81527617415094,veteran,0
U-01882,2023-03-13,1671,0.785206135943191,2,2,151,2046.8871220491412,veteran,1
U-03878,2023-03-13,1602,0.9705166637521067,4,2,46,1793.7755741174258,veteran,1
U-01173,2023-03-13,688,0.04685702266715508,2,2,57,377.42781293316807,established,0
U-01701,2023-03-13,779,0.09721263778493949,4,1,87,541.053833791184,veteran,0
U-00250,2023-03-13,853,0.34025821189267225,1,3,158,390.31989583533294,veteran,0
U-02274,2023-03-13,1138,0.03538954236297853,8,2,120,543.2933569902525,veteran,0
U-03667,2023-03-14,956,0.3678577280304026,7,2,130,406.8658671589614,veteran,0
U-02482,2023-03-14,1893,0.8684994925258765,9,2,94,1730.4349556034783,veteran,1
U-00348,2023-03-14,1540,0.5195860575716703,2,1,108,739.8153722845364,veteran,0
U-00468,2023-03-14,1780,0.9918953187295984,9,0,3,350.0225174204669,veteran,1
U-00563,2023-03-14,400,0.8135265495805395,6,3,109,612.7521616107368,established,1
U-01638,2023-03-14,243,0.048108528016667984,7,1,125,519.2788265319496,established,1
U-02612,2023-03-14,1846,0.5094986051377748,5,2,167,1851.5953592086564,veteran,0
U-01105,2023-03-14,1298,0.4505398055116595,8,2,140,816.1207207844553,veteran,0
U-03086,2023-03-14,910,0.7456857921016514,5,1,171,554.6697310402743,veteran,1
U-03098,2023-03-15,511,0.23492817955053413,5,1,28,702.7620147810526,established,1
U-00911,2023-03-15,1088,0.46560851000693315,1,1,13,383.63425354004664,veteran,0
U-02925,2023-03-15,43,0.1690363465396305,3,2,136,1411.9564681999484,new,0
U-01928,2023-03-15,252,0.8774529147529555,6,1,110,1976.1435297325806,established,1
U-02384,2023-03-15,512,0.1733267962959556,9,2,100,1435.4658441560227,established,1
U-00022,2023-03-15,1098,0.31487847827750304,6,0,100,514.1081535627447,veteran,1
U-00634,2023-03-15,229,0.6485122984051379,1,3,162,133.4536586807455,established,0
U-03934,2023-03-15,1337,0.6228591700219328,6,3,93,456.11354126298136,veteran,1
U-01662,2023-03-16,1725,0.528367320376222,6,1,96,1228.4498576977728,veteran,1
U-03528,2023-03-16,1612,0.3829389854137788,9,1,53,311.4150064117072,veteran,1
U-01959,2023-03-16,1753,0.30886275491526094,6,0,73,1141.5762204685586,veteran,1
U-02928,2023-03-16,1469,0.30896954240931596,4,0,171,3826.560154086283,veteran,1
U-03289,2023-03-16,132,0.18723062608985142,8,1,26,415.9092427949661,new,1
U-01344,2023-03-16,591,0.2981222918836933,6,1,161,319.39648555591515,established,0
U-03358,2023-03-16,1758,0.27612986765266345,2,2,34,594.2062058790862,veteran,0
U-01431,2023-03-16,476,0.4429140631136037,1,1,161,641.9431778555816,established,0
U-02740,2023-03-16,34,0.5985697922971579,2,2,23,724.6618741039639,new,0
U-01797,2023-03-16,1257,0.9072617908488282,3,2,157,1525.8196946305166,veteran,0
U-01890,2023-03-16,1496,0.9664762406883838,5,2,153,652.3865563171115,veteran,0
U-02070,2023-03-17,283,0.9185854490691312,1,2,144,616.0631696492208,established,0
U-00071,2023-03-17,1572,0.6471187880735663,8,1,114,252.128137715294,veteran,1
U-01533,2023-03-17,907,0.3467524982610628,8,1,31,1259.4983296006765,veteran,1
U-00252,2023-03-17,1961,0.18675475571140332,4,2,14,477.3610571144897,veteran,1
U-02809,2023-03-17,1759,0.788072927588106,7,2,23,1307.5401602264885,veteran,1
U-02673,2023-03-17,1063,0.4350862411039177,4,3,46,393.35545233715715,veteran,1
U-02737,2023-03-17,296,0.5968380379296185,7,0,161,397.00596205522106,established,0
U-03255,2023-03-17,1354,0.048859906758049076,4,0,25,226.70073325864172,veteran,1
U-03393,2023-03-17,619,0.7383189369523997,5,0,0,859.0336219168075,established,1
U-01650,2023-03-17,1859,0.8833811820915227,6,1,56,556.9865384500782,veteran,0
U-03775,2023-03-17,1703,0.4276060072889357,7,2,44,160.71366663828155,veteran,1
U-03044,2023-03-17,1688,0.9619571857850425,8,2,47,601.5237806076333,veteran,1
U-02943,2023-03-17,910,0.5965804553802915,1,1,139,547.7074878405634,veteran,0
U-01325,2023-03-17,806,0.14638982888620733,9,2,169,528.299414858985,veteran,0
U-03294,2023-03-18,496,0.6461791686100757,1,1,47,572.4620533949007,established,1
U-03193,2023-03-18,1742,0.49270784716723803,2,0,105,559.888516785096,veteran,0
U-00522,2023-03-18,1091,0.773379288138484,1,1,178,340.1268699150096,veteran,0
U-01522,2023-03-18,1509,0.42942338302152816,1,3,19,1060.4453507260805,veteran,1
U-03912,2023-03-18,427,0.41092952752865664,2,2,13,950.8211545511705,established,0
U-02391,2023-03-18,794,0.6260209001017866,2,0,105,471.44173695431294,veteran,1
U-01177,2023-03-18,918,0.004282810632935008,5,3,51,353.7758619869509,veteran,0
U-00887,2023-03-19,1092,0.6950383878099182,4,4,103,282.53684168193615,veteran,1
U-01114,2023-03-19,499,0.11670369167885941,8,2,179,559.842425588059,established,0
U-02850,2023-03-19,725,0.9955975267446494,9,1,28,364.51680551172024,established,1
U-02553,2023-03-19,982,0.07854496383245724,8,1,116,434.0248799224013,veteran,1
U-01112,2023-03-19,1985,0.7533686139505454,4,1,163,672.9536231508464,veteran,1
U-02860,2023-03-19,1462,0.2174284293624129,3,0,99,723.8366533052708,veteran,1
U-00542,2023-03-19,1855,0.9896584966717438,4,3,112,617.2696042150526,veteran,0
U-00051,2023-03-19,806,0.6690374301236321,5,1,178,1138.5256199462274,veteran,1
U-02992,2023-03-19,485,0.9069552232425624,8,1,123,749.0399564629379,established,0
U-02219,2023-03-19,1877,0.4363589474325642,4,2,30,404.996043921563,veteran,1
U-00397,2023-03-20,539,0.756515867645341,5,4,130,1492.282940871514,established,1
U-03692,2023-03-20,766,0.40835419541933005,9,4,17,693.5002998730305,veteran,1
U-02889,2023-03-20,1761,0.6281929259282364,7,1,29,616.5962225480941,veteran,1
U-03257,2023-03-20,1296,0.9080415620455077,9,2,57,1394.642548041197,veteran,1
U-03152,2023-03-20,306,0.9992599017054545,6,1,5,776.6876111087872,established,1
U-03908,2023-03-20,250,0.5090244682548472,3,1,53,461.08233697902176,established,1
U-03181,2023-03-20,1613,0.4364162936900374,7,3,22,1061.4489333250772,veteran,1
U-00992,2023-03-20,1983,0.7037698077660497,1,0,52,1600.2820638637759,veteran,1
U-01769,2023-03-20,1110,0.7462732339820062,5,2,142,830.9986673267169,veteran,1
U-02465,2023-03-20,1051,0.8553116678744016,6,0,95,398.5915054163781,veteran,1
U-03836,2023-03-20,792,0.26073599775671463,4,4,88,512.7810753575108,veteran,0
U-01703,2023-03-21,879,0.7586008971462594,2,3,111,803.1175630274747,veteran,0
U-01786,2023-03-21,1301,0.8792258568135658,2,1,155,2559.8570553071445,veteran,1
U-00425,2023-03-21,1748,0.3792659505862729,7,1,35,202.68769726947838,veteran,1
U-00101,2023-03-21,1975,0.6587589892067757,4,1,152,810.515565225384,veteran,1
U-02744,2023-03-21,1739,0.09486203011118832,1,1,17,347.0926726738838,veteran,1
U-02510,2023-03-21,573,0.7863902307023161,2,0,47,604.1830144381216,established,1
U-03039,2023-03-21,1537,0.926587724178369,2,2,110,349.0650757091229,veteran,0
U-03964,2023-03-21,133,0.16076870460259396,4,0,31,411.552645619305,new,0
U-02093,2023-03-21,938,0.6069717344671073,3,1,96,743.9864169570736,veteran,0
U-03023,2023-03-21,1423,0.48270364918889697,4,1,22,946.4316507222386,veteran,1
U-02812,2023-03-21,842,0.33808558133395483,7,0,150,590.417713760848,veteran,0
U-02814,2023-03-21,756,0.5018048150760679,7,2,139,1243.601585806103,veteran,0
U-00837,2023-03-21,162,0.010753717600025525,4,1,12,354.5860011595883,new,0
U-00008,2023-03-22,403,0.16157862437152193,8,2,34,407.55768668031425,established,0
U-01084,2023-03-22,1053,0.9330752414784446,3,0,176,725.5442791817173,veteran,0
U-02348,2023-03-22,971,0.49484856159015655,4,6,78,1495.99057868216,veteran,0
U-00871,2023-03-22,1915,0.24453657575180598,8,0,58,1289.6888495244787,veteran,1
U-02899,2023-03-22,1648,0.9474737957401368,4,0,42,715.592621329314,veteran,1
U-00663,2023-03-22,772,0.0830827746920515,6,2,140,896.202819381898,veteran,0
U-03503,2023-03-22,1037,0.44379057347933304,9,1,127,388.9523167383754,veteran,0
U-03893,2023-03-22,443,0.14968922447813082,8,0,120,706.8988154665658,established,0
U-01795,2023-03-22,431,0.6254640887729238,3,2,138,704.9997248076373,established,0
U-00223,2023-03-22,1080,0.1528132640522074,3,2,136,801.2920676801218,veteran,0
U-03287,2023-03-22,377,0.11671856067595932,1,2,84,2511.613265670193,established,0
U-00652,2023-03-22,682,0.12624143656628217,8,2,28,1098.821319680683,established,1
U-01363,2023-03-22,1711,0.9001858951048464,6,5,66,1020.7476170387359,veteran,1
U-02642,2023-03-23,1946,0.20609390633044067,2,2,7,637.4105537182497,veteran,0
U-01739,2023-03-23,101,0.38075297469462865,6,0,63,472.81782721922923,new,0
U-00338,2023-03-23,1488,0.5112702394360336,2,2,10,366.74700429643303,veteran,1
U-03735,2023-03-23,537,0.39667394746340157,8,1,161,1108.1925484780163,established,0
U-02772,2023-03-23,1931,0.46468641769448127,8,1,17,1361.3569821761291,veteran,1
U-02115,2023-03-23,328,0.7626708585475125,9,3,30,1497.316611728475,established,1
U-03831,2023-03-23,630,0.6859876565745173,3,4,170,1118.510980295722,established,0
U-02764,2023-03-23,980,0.31724859789473436,9,0,66,846.6220933646007,veteran,1
U-02473,2023-03-24,1909,0.5684374113757185,4,0,173,1190.024992946351,veteran,1
U-02495,2023-03-24,1609,0.012245665790822424,4,2,10,1062.1949099279213,veteran,0
U-01871,2023-03-24,959,0.28941613355602613,9,1,133,374.2537255849316,veteran,0
U-03582,2023-03-24,1382,0.1604844032718623,8,0,96,599.4290811339876,veteran,1
U-01473,2023-03-24,387,0.20773073536958164,5,3,178,1037.5346153290802,established,0
U-02869,2023-03-24,179,0.5634788015560602,7,0,123,1069.0101336540185,new,0
U-03078,2023-03-24,484,0.11557880635366846,2,1,73,763.7840539902421,established,0
U-03432,2023-03-24,781,0.7154929967908985,3,0,73,773.458168177429,veteran,0
U-01071,2023-03-25,1183,0.34364592572976427,3,1,85,113.47155178145299,veteran,1
U-03241,2023-03-25,1254,0.28989167187910014,2,1,103,228.80997755138463,veteran,1
U-03240,2023-03-25,1028,0.5690417771584352,1,1,124,872.7453456554387,veteran,0
U-02522,2023-03-25,342,0.04445747643638054,4,2,31,610.4135713409499,established,1
U-02359,2023-03-25,1029,0.4720563359640083,1,3,14,586.2582368092004,veteran,0
U-00734,2023-03-25,1660,0.9093013156402705,3,0,23,278.99781672258945,veteran,1
U-01939,2023-03-25,391,0.8360262035777268,5,0,54,961.6759556408243,established,1
U-02276,2023-03-25,170,0.21016516249231165,7,0,33,922.2318343101448,new,0
U-02443,2023-03-26,1629,0.8128018914258494,3,1,56,664.6131625622417,veteran,1
U-01744,2023-03-26,63,0.6800608554300946,3,2,106,844.4719187780922,new,0
U-01709,2023-03-26,1523,0.6160872419411724,5,2,95,487.0530547251522,veteran,0
U-03525,2023-03-26,204,0.2302113587793363,7,1,98,740.9155999558815,established,0
U-01988,2023-03-26,1738,0.9500344632041346,1,1,96,324.49315610753683,veteran,1
U-03327,2023-03-26,1368,0.4287579032557307,8,3,146,1091.284432867419,veteran,1
U-01987,2023-03-26,1111,0.3780151073363489,4,2,78,379.2598916610655,veteran,1
U-03296,2023-03-26,566,0.6870545832536334,3,2,49,725.4006860337112,established,1
U-03231,2023-03-27,1398,0.22206408602551375,4,1,174,1277.808817484892,veteran,0
U-00141,2023-03-27,1723,0.5289732369129581,4,3,67,360.80780518459676,veteran,1
U-02664,2023-03-27,1395,0.25507676134233237,9,2,178,818.8337174684546,veteran,0
U-02601,2023-03-27,1886,0.1143955574012756,8,1,109,335.63355518909356,veteran,1
U-02469,2023-03-27,353,0.8662419197575649,2,2,101,248.7804032871859,established,0
U-02733,2023-03-27,1397,0.7960670996017167,7,2,138,381.6112256971197,veteran,0
U-01394,2023-03-28,1099,0.43373497368748204,5,1,176,506.61672469577826,veteran,1
U-03959,2023-03-28,1314,0.94107417024669,2,2,33,1846.6662164631907,veteran,1
U-01581,2023-03-28,1676,0.3845640671309203,8,4,143,594.8938766477477,veteran,0
U-03178,2023-03-28,795,0.9223331583153058,9,0,32,470.5367359979575,veteran,1
U-02552,2023-03-28,383,0.8398742827317391,7,2,53,231.38393609993247,established,0
U-02838,2023-03-28,157,0.9833798511764558,4,1,23,1055.5507366431405,new,1
U-03585,2023-03-28,75,0.3773917714049878,1,0,106,508.2846825168743,new,1
U-02461,2023-03-28,895,0.738843045933042,1,1,15,137.57991417126306,veteran,0
U-03475,2023-03-28,1457,0.5213802064412295,2,3,139,575.5815212905709,veteran,0
U-03682,2023-03-28,1728,0.4516854958057447,8,0,164,1038.5256673606511,veteran,1
U-03669,2023-03-28,601,0.5117021723736607,8,0,133,501.69799950861216,established,1
U-03017,2023-03-28,1372,0.02728342626386515,7,2,27,928.9491841739483,veteran,1
U-01354,2023-03-29,1574,0.9043577000916412,3,1,61,394.0598384585683,veteran,1
U-00963,2023-03-29,492,0.24369675423272685,2,1,0,1077.887986277644,established,0
U-00902,2023-03-29,1254,0.17988646470252778,6,2,98,416.97496700672264,veteran,1
U-03951,2023-03-29,428,0.6139458631384505,1,1,10,784.613080231259,established,1
U-02873,2023-03-29,677,0.35014154229408245,3,3,46,838.0327510509998,established,0
U-02193,2023-03-29,194,0.48596950376780523,5,0,164,1136.636360400388,established,0
U-02357,2023-03-29,38,0.942764592687814,7,0,147,938.5002504958273,new,1
U-02298,2023-03-30,613,0.278860958238202,2,3,150,4897.515779962757,established,0
U-02393,2023-03-30,1123,0.1333492051804933,6,1,34,341.50810914466655,veteran,1
U-01838,2023-03-30,577,0.4733610131974654,9,1,52,240.5041491996154,established,1
U-01256,2023-03-30,147,0.6020878260016921,3,2,107,464.7962995941349,new,0
U-02702,2023-03-30,1065,0.9792302142549747,4,2,177,495.109582034232,veteran,1
U-03443,2023-03-30,1044,0.154071929104027,9,2,57,500.1496012666448,veteran,1
U-03412,2023-03-30,1331,0.09515797340476406,4,0,161,1675.53375206414,veteran,0
U-03621,2023-03-30,1148,0.7418892668382021,3,1,165,638.4982420643807,veteran,1
U-03868,2023-03-30,1224,0.5887666996202181,3,0,42,492.78664400167827,veteran,1
U-03740,2023-03-31,305,0.507687779735764,8,3,77,1802.7831968100402,established,1
U-03849,2023-03-31,438,0.7031854149056544,1,2,77,1095.4008537066966,established,0
U-03470,2023-03-31,1467,0.17733366329673173,6,2,5,476.2422804709673,veteran,0
U-02240,2023-03-31,1312,0.6400726695930785,6,2,117,1816.765393362473,veteran,1
U-00362,2023-03-31,1008,0.6594672750054781,9,4,87,1136.3352058814512,veteran,1
U-03028,2023-03-31,908,0.6121144359151738,5,3,97,298.18194077070757,veteran,0
U-02746,2023-03-31,53,0.6108897773937499,2,0,65,823.5165889166211,new,1
U-03881,2023-03-31,173,0.029409602623172826,9,1,4,932.823175780512,new,1
U-03180,2023-03-31,907,0.2588529399238877,7,1,66,1264.7188515857624,veteran,0
U-03713,2023-03-31,1614,0.23577117297395866,6,2,135,682.8762258058975,veteran,0
U-03313,2023-03-31,342,0.6180091103824286,4,1,95,296.09016094562287,established,0
U-03196,2023-04-01,642,0.13067050897865595,7,0,83,1556.5063715369688,established,1
U-02913,2023-04-01,1877,0.7398739048329345,2,0,124,933.9958411089056,veteran,1
U-00077,2023-04-01,1214,0.5739842081524886,1,0,177,1003.1341344474858,veteran,1
U-00975,2023-04-01,1611,0.41197472401198787,1,1,58,375.74087439698957,veteran,1
U-02314,2023-04-01,1709,0.6918594739723322,2,2,173,1234.0780770668762,veteran,0
U-03151,2023-04-01,792,0.7347034888995855,5,1,26,294.0584301432991,veteran,1
U-00031,2023-04-01,1058,0.35506007079502466,3,1,7,1471.2553300185255,veteran,1
U-02935,2023-04-02,623,0.7067485835975892,6,1,47,1187.8370085891993,established,1
U-00411,2023-04-02,1187,0.052282010821323,4,2,165,633.51747845237,veteran,0
U-00566,2023-04-02,1417,0.7550263775005784,1,2,70,836.2437844272697,veteran,1
U-02967,2023-04-02,1139,0.1731970866331951,6,0,105,838.8650854540402,veteran,0
U-03335,2023-04-02,283,0.9017314179639625,9,1,63,854.2229018713364,established,0
U-01502,2023-04-02,99,0.11271606632786002,5,1,71,1527.8925664348637,new,1
U-03781,2023-04-02,310,0.2946560888554083,6,3,6,324.5320042641727,established,0
U-01511,2023-04-02,1601,0.5371871543270333,3,1,179,521.624979349888,veteran,0
U-03810,2023-04-02,1026,0.13294310327404035,1,1,144,442.9582313010718,veteran,0
U-03483,2023-04-03,402,0.7688172932641588,4,3,82,566.0956820107796,established,1
U-01655,2023-04-03,463,0.20291978306153358,9,0,41,1502.2435762595755,established,1
U-03701,2023-04-03,865,0.5282406269206588,3,1,38,468.68524481554954,veteran,0
U-01478,2023-04-03,213,0.5730961413415162,8,1,22,344.48309082112326,established,1
U-00325,2023-04-03,803,0.5509644155135526,3,2,43,629.8367139633763,veteran,0
U-03088,2023-04-03,299,0.18111938776368142,1,0,65,801.4608767371936,established,0
U-01544,2023-04-03,461,0.5506414608194028,6,1,87,544.0621718119869,established,1
U-00485,2023-04-04,756,0.28020090530999753,9,1,142,529.2312665648819,veteran,0
U-00625,2023-04-04,787,0.6228509658561748,1,1,50,656.3952960189381,veteran,1
U-03910,2023-04-04,121,0.9847585300318772,6,1,10,557.1143698434198,new,1
U-02174,2023-04-04,945,0.4255439680497215,6,0,88,2105.523145326393,veteran,0
U-02208,2023-04-04,602,0.031391619919897584,6,1,113,810.2881779526072,established,0
U-01111,2023-04-04,1394,0.6121498757095142,2,2,167,872.0982696182995,veteran,0
U-01816,2023-04-04,832,0.3002481086293015,8,1,165,715.8274992027682,veteran,0
U-01290,2023-04-04,1662,0.33210118784100473,9,1,157,2015.14684804429,veteran,0
U-01287,2023-04-04,1729,0.5548254003765684,3,2,93,877.8671485500641,veteran,0
U-00147,2023-04-04,1715,0.6904081087789521,5,0,26,667.614727150991,veteran,1
U-01876,2023-04-04,1831,0.6073854534294973,6,2,81,1459.6085666473052,veteran,0
U-03434,2023-04-05,838,0.00966305376024823,6,1,36,830.6316838894379,veteran,0
U-01385,2023-04-05,1755,0.7791037387343669,1,1,139,883.0027524001202,veteran,1
U-03254,2023-04-05,438,0.5377059850537337,1,5,147,374.4294241215695,established,0
U-00636,2023-04-05,1654,0.34036377813972996,7,0,84,1076.6677272607271,veteran,1
U-03109,2023-04-05,606,0.1473346004355438,2,1,65,396.1639676158801,established,1
U-03627,2023-04-05,151,0.9018958105093605,1,0,171,2134.0974810683097,new,0
U-00326,2023-04-05,1705,0.05880105782349765,3,2,113,1092.6979252680987,veteran,1
U-00565,2023-04-05,697,0.6605836755045515,4,0,143,647.9668638092566,established,1
U-00509,2023-04-05,1933,0.3214006801424768,7,2,169,387.04743680272946,veteran,1
U-02292,2023-04-05,96,0.9078020527624597,5,0,71,1640.8291801311682,new,0
U-02881,2023-04-05,550,0.6521786052913653,6,2,129,625.4835398125617,established,1
U-03209,2023-04-05,1873,0.6233599249634025,2,1,142,586.7601223831557,veteran,1
U-01608,2023-04-05,1226,0.42915178987916247,4,1,76,636.5259744834265,veteran,0
U-00718,2023-04-05,820,0.5066111397598535,1,1,2,506.90382918361416,veteran,0
U-01307,2023-04-06,1496,0.2945493537899925,2,2,120,699.2984104515924,veteran,0
U-00188,2023-04-06,112,0.06961100179860558,4,0,174,549.389227963043,new,0
U-02640,2023-04-06,673,0.02369227531631124,2,1,150,533.4525159880076,established,0
U-01046,2023-04-06,1549,0.22965233623958103,5,2,57,150.37275766655833,veteran,0
U-01264,2023-04-06,1671,0.36846820331059704,4,1,82,1354.6873956181234,veteran,1
U-00853,2023-04-06,165,0.12532600977445074,8,3,55,779.022012970741,new,0
U-03371,2023-04-06,216,0.8403413780135583,1,0,149,614.0797731685092,established,1
U-00592,2023-04-06,173,0.729818921063804,8,5,155,904.2223718132053,new,1
U-00096,2023-04-06,1086,0.5910776169538354,3,3,0,1492.5495340588948,veteran,1
U-03292,2023-04-06,578,0.8289309814874659,5,0,33,414.5681966348427,established,0
U-02966,2023-04-07,1810,0.5378464111657014,2,1,19,2224.723172050772,veteran,1
U-02666,2023-04-07,187,0.80622058077483,1,1,160,623.5525436531584,established,0
U-01505,2023-04-07,1679,0.3625188818037357,8,0,90,387.841811492834,veteran,1
U-00831,2023-04-07,241,0.2993703433542988,8,4,102,1338.670390793222,established,0
U-01401,2023-04-07,1386,0.20120449812587282,3,0,28,419.0398296441923,veteran,0
U-02181,2023-04-07,1753,0.52781640202125,6,3,26,360.7683697011064,veteran,1
U-03093,2023-04-07,975,0.769034227704616,7,2,5,916.2693904481653,veteran,1
U-03072,2023-04-07,1227,0.3035825052326585,5,3,23,356.05836727500554,veteran,1
U-01541,2023-04-07,348,0.5496290760728367,1,3,143,472.3108714098613,established,0
U-03967,2023-04-07,491,0.8484566781151089,6,2,96,536.9555388084667,established,1
U-03083,2023-04-07,1101,0.208170941304622,9,2,13,300.14712179311056,veteran,0
U-03744,2023-04-07,351,0.786778675211034,4,1,20,679.171660343754,established,0
U-01250,2023-04-07,324,0.4793046827177857,8,2,43,293.1774044378076,established,0
U-00383,2023-04-07,1140,0.47160277916514803,8,2,179,622.6831576066899,veteran,1
U-01708,2023-04-08,1086,0.057623471547056604,4,1,16,671.0927985542561,veteran,0
U-01123,2023-04-08,1366,0.554298135279598,3,2,46,186.46317348813983,veteran,0
U-03274,2023-04-08,174,0.7098622992274988,7,0,51,358.2272279158258,new,1
U-00856,2023-04-08,1696,0.4630468067525807,6,1,153,793.3025601185283,veteran,1
U-01905,2023-04-08,321,0.8813887043548337,3,2,148,269.6693203445619,established,0
U-02486,2023-04-08,1579,0.25454721178600914,7,0,73,476.9589990380287,veteran,1
U-01106,2023-04-08,1523,0.1647061404908643,6,0,133,145.85047014076073,veteran,1
U-02686,2023-04-08,408,0.9421322739280427,4,1,71,1595.6932024712703,established,1
U-00314,2023-04-08,1511,0.003061104864092945,6,4,2,368.7953526924224,veteran,0
U-02161,2023-04-08,467,0.5618469470659689,5,0,135,1901.0785910220618,established,1
U-02252,2023-04-08,572,0.4293923274296819,7,1,168,423.7508665774205,established,1
U-01810,2023-04-08,1343,0.51376045095169,7,4,47,707.6097363946625,veteran,0
U-01785,2023-04-08,1246,0.737566161223297,7,0,104,687.5881885815396,veteran,1
U-03277,2023-04-09,1614,0.656754612772855,6,0,19,1394.1233516412378,veteran,1
U-03385,2023-04-09,211,0.7896515154818492,7,2,8,623.9839194792473,established,1
U-01012,2023-04-09,1209,0.2043656937491969,3,1,149,1019.8563149412926,veteran,0
U-00118,2023-04-09,438,0.3179845046165125,6,5,4,442.3350926930906,established,1
U-03569,2023-04-09,1063,0.976670366806066,5,0,8,345.9849058496914,veteran,1
U-03877,2023-04-09,1010,0.777225319307587,7,2,14,633.0723724389552,veteran,1
U-00988,2023-04-09,1865,0.9193969243677436,9,0,70,434.84397007342204,veteran,1
U-02099,2023-04-09,519,0.13960278578624907,4,4,16,410.63488215188625,established,0
U-01453,2023-04-09,1575,0.17455238357527125,9,2,144,630.2959306487372,veteran,0
U-01514,2023-04-09,1032,0.11016059605332329,5,0,118,1025.7671074875002,veteran,0
U-00830,2023-04-09,716,0.5936131913179654,3,1,84,308.82277560456964,established,0
U-03481,2023-04-09,446,0.9163864104223756,5,4,38,1363.9750326509145,established,0
U-02750,2023-04-09,1459,0.016826137012448394,8,2,165,435.2822588874081,veteran,0
U-01891,2023-04-09,854,0.588513776624626,7,2,158,795.0321448223176,veteran,0
U-03332,2023-04-10,699,0.3611733104176903,3,2,56,1870.6526115878976,established,0
U-03060,2023-04-10,984,0.17053672611745474,4,1,31,719.0457781116667,veteran,1
U-03862,2023-04-10,1588,0.12725761828472648,8,1,143,540.0456159638635,veteran,0
U-00507,2023-04-10,1187,0.18771592244975877,8,1,25,965.2022076347721,veteran,1
U-00616,2023-04-10,606,0.13602744522090648,6,0,10,1265.8980190630075,established,0
U-02236,2023-04-10,1628,0.4207477948214936,9,1,170,2529.398457923091,veteran,1
U-00924,2023-04-10,682,0.474382132911368,5,2,66,746.1255447700227,established,0
U-03702,2023-04-10,1027,0.5525458869503187,4,1,101,3610.0818707036447,veteran,1
U-01562,2023-04-10,1580,0.10119944592677466,4,1,178,641.5718438388649,veteran,0
U-03430,2023-04-10,1798,0.8325074228768271,6,1,21,472.17372695346984,veteran,1
U-01903,2023-04-10,1560,0.7978245238266289,5,1,140,406.29606654024656,veteran,0
U-03594,2023-04-10,998,0.6161984729623928,2,3,80,698.3892580052935,veteran,1
U-00567,2023-04-10,1416,0.03716066181935718,5,0,145,1889.3427208944008,veteran,1
U-01817,2023-04-11,1848,0.20190721853143612,4,1,48,488.89666465456264,veteran,1
U-01412,2023-04-11,1030,0.33119940680621107,6,0,90,964.0335783060897,veteran,0
U-02398,2023-04-11,1150,0.5568670679399422,7,3,157,347.62752802113386,veteran,1
U-00482,2023-04-11,1676,0.7904132683455726,1,1,137,484.69475996391844,veteran,0
U-03717,2023-04-11,1421,0.8308808839003218,5,1,38,358.33118555677413,veteran,0
U-01851,2023-04-12,1191,0.8636000698541542,5,1,74,396.8283301971449,veteran,1
U-00695,2023-04-12,1675,0.6685854458209842,2,3,112,493.90875889360285,veteran,0
U-01561,2023-04-12,260,0.36384678102548307,6,2,141,1254.6776521399402,established,1
U-01306,2023-04-12,805,0.9986954925203827,4,3,110,469.38635122434135,veteran,1
U-01941,2023-04-12,954,0.5943228447873232,8,1,79,687.1791594138692,veteran,1
U-03305,2023-04-12,639,0.4524473992179535,2,1,105,469.43688664929465,established,1
U-03221,2023-04-12,1322,0.19814086343199422,9,3,22,1434.7647469620304,veteran,1
U-01659,2023-04-12,1480,0.7467248762917983,9,3,72,783.377870815163,veteran,1
U-03390,2023-04-12,1982,0.2608107377102711,4,1,7,2375.3316739894594,veteran,1
U-00918,2023-04-12,1693,0.9204004729600596,7,4,101,695.0135708950583,veteran,1
U-02607,2023-04-13,1998,0.22111450371095287,6,2,39,270.63974837493726,veteran,1
U-03318,2023-04-13,1085,0.4585838238763206,5,1,89,1040.2610952739267,veteran,1
U-00932,2023-04-13,1801,0.7875625625397042,1,1,152,652.1657894397763,veteran,1
U-02125,2023-04-13,511,0.3178400337341488,5,1,88,817.4184089975017,established,1
U-00345,2023-04-13,1020,0.9496353881767499,6,3,148,710.1582204127467,veteran,1
U-01424,2023-04-13,622,0.9324720513360747,4,3,76,631.1612550346498,established,1
U-02345,2023-04-13,1430,0.6379237496008234,1,1,137,1649.2514339466056,veteran,0
U-03792,2023-04-13,1492,0.1768488681070587,5,0,113,2091.180748287444,veteran,0
U-02187,2023-04-14,1930,0.26253921564899707,3,0,174,231.79185281286564,veteran,0
U-02420,2023-04-14,1264,0.3412388046547036,1,0,125,649.7275600033998,veteran,0
U-01803,2023-04-14,1864,0.5643533069491241,9,3,136,634.561915136148,veteran,0
U-03973,2023-04-14,463,0.01410875928450872,8,2,156,1520.9086695741946,established,0
U-01178,2023-04-14,201,0.5042103016788663,9,0,130,415.5178251321993,established,1
U-03467,2023-04-14,1170,0.18019417370894997,2,2,78,1351.057638896085,veteran,0
U-02078,2023-04-14,1166,0.06867798554917004,3,0,22,1233.389226494522,veteran,0
U-03565,2023-04-15,1867,0.8838666668118358,6,3,129,275.066044712101,veteran,1
U-00210,2023-04-15,327,0.699270809013938,5,0,42,775.2283462962378,established,1
U-02417,2023-04-15,245,0.2028917948060165,3,3,100,1531.043302312841,established,0
U-02894,2023-04-15,1407,0.15441942802223374,7,2,94,308.76274208266693,veteran,0
U-00379,2023-04-15,1861,0.02620935654880885,8,3,110,702.6960203330892,veteran,1
U-01501,2023-04-15,473,0.5068269662175497,7,1,128,648.4463311656216,established,0
U-01620,2023-04-16,73,0.4429088313208297,9,1,147,500.8962630326176,new,0
U-03215,2023-04-16,515,0.06826310555190063,5,2,152,836.7928916201182,established,1
U-01296,2023-04-16,39,0.991398048885621,4,0,56,346.9126642177284,new,1
U-03514,2023-04-16,586,0.716336800129603,1,0,68,2062.188343596828,established,0
U-01458,2023-04-16,1049,0.191922708515344,9,1,14,638.4116613567705,veteran,0
U-02491,2023-04-16,1125,0.664795093623584,6,2,84,685.3744860924652,veteran,1
U-00208,2023-04-16,475,0.4488063837722176,3,3,37,271.8274307048871,established,1
U-01881,2023-04-16,1973,0.22349862107410756,2,2,134,608.9078443021291,veteran,1
U-03719,2023-04-16,190,0.4377894663384714,5,1,82,284.4723586675053,established,1
U-03199,2023-04-16,893,0.6925535452979048,5,4,87,377.423656763712,veteran,1
U-01428,2023-04-17,88,0.9278382180832169,4,1,95,825.3071526815031,new,0
U-00291,2023-04-17,1860,0.06527723447865985,6,2,123,1249.520351864597,veteran,0
U-00617,2023-04-17,1208,0.5493180822758392,4,3,11,465.649606530869,veteran,1
U-00205,2023-04-17,1619,0.7510811604828711,7,2,8,761.8751242100834,veteran,1
U-01260,2023-04-17,1986,0.6507989615178819,3,0,76,175.52155715129905,veteran,1
U-03301,2023-04-17,615,0.6596924785411186,8,1,44,331.81695219032963,established,1
U-02300,2023-04-17,693,0.20442213789020958,2,2,170,1673.0028461070997,established,0
U-01700,2023-04-17,1257,0.8236744898245643,3,1,63,433.53814502729,veteran,1
U-01122,2023-04-18,1241,0.43165020810125265,4,1,177,955.6225934765237,veteran,0
U-03753,2023-04-18,33,0.8487327239916674,8,3,145,465.3114227856605,new,1
U-03167,2023-04-18,1453,0.19679918784140937,8,1,21,945.4271500960419,veteran,1
U-01672,2023-04-18,1907,0.3616846750221502,6,2,172,459.64152463701623,veteran,0
U-01010,2023-04-18,1694,0.23494554525306988,4,1,14,1313.9988800722601,veteran,0
U-02332,2023-04-18,486,0.5092092897436206,9,3,172,588.1950346893304,established,0
U-00508,2023-04-18,553,0.7563071144709534,1,0,62,1324.507301692276,established,1
U-02576,2023-04-19,104,0.4435698001641636,9,1,11,304.4194829936565,new,1
U-02429,2023-04-19,318,0.13646163021384838,1,0,90,1215.3246489147061,established,0
U-00215,2023-04-19,1985,0.1855241896319073,8,2,152,618.2220948931038,veteran,1
U-02657,2023-04-19,1027,0.9587913895457043,1,1,72,283.4294840457987,veteran,1
U-00743,2023-04-19,673,0.28592494883694264,5,1,163,445.7329332818874,established,0
U-00778,2023-04-19,240,0.27566543378716624,6,2,15,1000.4856489790831,established,1
U-00889,2023-04-19,978,0.9997148510628928,8,0,31,249.52192689855332,veteran,1
U-02237,2023-04-19,563,0.668699887074931,6,2,26,1478.9077716838367,established,1
U-01639,2023-04-20,1848,0.5627030530435029,9,0,48,875.1691418201068,veteran,1
U-00504,2023-04-20,63,0.13064525602570232,8,0,70,683.248105864248,new,1
U-03099,2023-04-20,1708,0.010245360383479452,2,2,62,897.873992771676,veteran,1
U-01321,2023-04-20,1686,0.6341832153951836,3,1,118,454.247370082481,veteran,0
U-03031,2023-04-20,1518,0.22893377430794448,9,2,148,932.8588087290028,veteran,1
U-01490,2023-04-20,963,0.3126110677842414,7,3,19,3402.6638068833063,veteran,1
U-03059,2023-04-20,984,0.4066371380600168,3,1,50,912.6594492156518,veteran,1
U-03303,2023-04-20,444,0.4771272279152493,8,1,41,607.8226985952143,established,1
U-00038,2023-04-21,633,0.37884255697310876,6,3,116,335.50256752125256,established,0
U-00142,2023-04-21,351,0.03348356899710048,2,1,80,443.5589737411648,established,0
U-03306,2023-04-21,1094,0.07259142632366522,5,1,155,743.8908570763193,veteran,0
U-03795,2023-04-21,818,0.7353318566822382,8,3,95,789.2084584826442,veteran,1
U-00110,2023-04-21,36,0.3216223382192459,1,3,152,266.01796995460194,new,0
U-03082,2023-04-21,1473,0.7949175830914994,8,5,113,907.18159431283,veteran,0
U-00280,2023-04-21,973,0.007348139064262682,2,1,166,522.3701638682861,veteran,1
U-02105,2023-04-21,1307,0.966743190512804,9,1,160,757.7511945386518,veteran,1
U-03211,2023-04-21,37,0.7870748229276331,9,0,88,559.6701868137516,new,1
U-02954,2023-04-21,875,0.7169265459357955,9,2,146,660.667369923914,veteran,1
U-02848,2023-04-22,711,0.20181849356304526,3,0,130,342.5355984457149,established,0
U-00949,2023-04-22,755,0.6911320145375287,3,1,167,334.6844371774225,veteran,1
U-01191,2023-04-22,1829,0.6816108483374057,7,3,179,418.4742394189876,veteran,1
U-00412,2023-04-22,686,0.7424892910556222,7,1,24,538.9416508833394,established,1
U-02044,2023-04-22,1197,0.5286908701020894,6,1,168,430.4200693601035,veteran,0
U-01793,2023-04-22,1949,0.11418440406452013,3,1,170,804.7032379351233,veteran,0
U-02310,2023-04-23,981,0.1567740081478498,1,1,29,236.10658804549794,veteran,0
U-01916,2023-04-23,670,0.7979341171788689,6,3,115,921.2291680077931,established,1
U-02110,2023-04-23,1733,0.08483780958144438,4,0,179,607.6185962187142,veteran,0
U-02108,2023-04-23,1226,0.36771380483246763,3,2,149,156.5281625184196,veteran,0
U-01998,2023-04-23,1513,0.8612373420184543,8,3,46,743.5193222511617,veteran,1
U-01550,2023-04-23,1216,0.28786140049078257,1,0,106,342.27890085889265,veteran,1
U-01999,2023-04-23,223,0.8188438849424412,6,0,140,357.9173452997094,established,1
U-00151,2023-04-23,1075,0.5378303989980171,5,2,60,407.46663231942205,veteran,1
U-00313,2023-04-23,222,0.8197385402823597,8,0,164,694.6127742323307,established,0
U-01027,2023-04-23,220,0.3221060010672626,9,2,59,500.3551579873396,established,1
U-00398,2023-04-23,167,0.15701132415179186,9,1,129,983.8612870233005,new,1
U-00572,2023-04-23,1004,0.16274971929985638,2,2,118,544.5353064257862,veteran,0
U-02705,2023-04-24,106,0.4941588209221267,4,3,157,1286.1333982863944,new,0
U-03598,2023-04-24,60,0.4044477423918925,2,2,40,676.5379730075193,new,0
U-01409,2023-04-24,1427,0.8181129185255726,5,3,94,1480.3198792053572,veteran,1
U-01381,2023-04-24,1898,0.6967060290760775,5,0,122,473.9115361341919,veteran,1
U-02786,2023-04-24,1309,0.45302611428664163,2,0,74,568.1782529722752,veteran,1
U-03419,2023-04-24,1476,0.09652361930564479,6,3,164,703.1090384707306,veteran,0
U-02870,2023-04-24,327,0.6809662658546916,2,2,82,1146.7625267966419,established,0
U-00813,2023-04-24,1125,0.9406109981675586,2,2,12,1448.9582300505344,veteran,1
U-02978,2023-04-24,1246,0.7860363176458435,7,0,79,305.6705603697576,veteran,0
U-01208,2023-04-24,996,0.07296134116013575,5,2,126,587.6251314456082,veteran,1
U-03038,2023-04-24,1625,0.8870225905583834,9,1,150,431.93486398757886,veteran,0
U-02109,2023-04-24,1240,0.6003214700466446,8,1,18,699.2268655026044,veteran,1
U-00298,2023-04-24,101,0.5330406047863557,9,1,38,313.8857486906786,new,1
U-00533,2023-04-24,1510,0.4814804275187985,9,3,86,556.4222698775501,veteran,1
U-01992,2023-04-25,1654,0.9633793497185212,2,1,146,548.8666988045234,veteran,1
U-02218,2023-04-25,76,0.19549329494514656,9,2,108,580.9015691301328,new,0
U-00449,2023-04-25,1799,0.02025876001774607,3,1,135,204.3719388028678,veteran,0
U-02811,2023-04-25,1630,0.28579247711059697,6,3,17,710.8856316536753,veteran,1
U-02192,2023-04-25,552,0.19483850451152274,8,1,66,841.6208451574536,established,0
U-03715,2023-04-25,891,0.04528522509163657,6,0,164,719.310575922,veteran,1
U-03993,2023-04-25,217,0.8639636964847707,3,0,53,660.0677985990772,established,1
U-00659,2023-04-26,1011,0.1556751971251129,5,2,52,1283.5272386808838,veteran,1
U-02397,2023-04-26,333,0.15551260101227238,3,2,98,428.44676419918295,established,0
U-03388,2023-04-26,498,0.03446013677833637,9,2,20,179.61394330657038,established,0
U-02806,2023-04-26,1010,0.526290785000375,6,2,105,996.569478571711,veteran,0
U-02228,2023-04-26,39,0.452246292081535,1,1,18,652.3305173008843,new,1
U-00480,2023-04-26,950,0.4591960956920653,9,2,152,173.38336518898015,veteran,0
U-00494,2023-04-26,635,0.27138813282503704,8,1,81,832.3474029066938,established,1
U-03367,2023-04-26,989,0.7835306916002306,3,4,73,537.4526671425303,veteran,0
U-02185,2023-04-26,1705,0.7280342413783699,2,1,20,1288.839995659019,veteran,1
U-01229,2023-04-26,564,0.23589225418204074,2,0,59,789.505677710051,established,1
U-02418,2023-04-26,1962,0.8780292726865745,3,5,28,390.7558819216457,veteran,0
U-03595,2023-04-26,1563,0.8879565826958018,3,3,122,3017.7036729444676,veteran,1
U-01482,2023-04-26,624,0.350367094714948,7,0,86,675.868636688187,established,0
U-02540,2023-04-26,1878,0.8923062282318597,3,0,44,975.660250256403,veteran,1
U-03293,2023-04-26,719,0.14445139951927322,4,4,146,948.1188783439313,established,1
U-02040,2023-04-26,814,0.45331936897800684,5,2,138,1045.0576101785375,veteran,1
U-00840,2023-04-26,1533,0.8789290329477213,3,1,102,883.0693130549506,veteran,0
U-03698,2023-04-26,174,0.11138510685706648,1,0,38,928.8432537892048,new,0
U-00095,2023-04-26,1107,0.3232072894927829,9,4,2,1135.791893743262,veteran,1
U-00854,2023-04-26,139,0.08674576828800407,6,4,91,1130.4118855137738,new,0
U-01113,2023-04-27,79,0.9360475203348232,7,2,0,879.9118696319093,new,1
U-02196,2023-04-27,1249,0.7882190419997233,2,3,140,1180.2837341247816,veteran,0
U-03524,2023-04-27,825,0.1893283064226321,1,1,177,417.7585089949016,veteran,0
U-01560,2023-04-27,967,0.9294374266776991,3,3,142,1905.5400373485866,veteran,0
U-00341,2023-04-27,852,0.12461025407954063,9,2,177,605.5124445190136,veteran,0
U-02582,2023-04-27,1251,0.7493319880707405,1,1,95,421.0419135925444,veteran,1
U-03041,2023-04-27,1056,0.19739641063361602,9,0,108,542.1445310606678,veteran,1
U-01450,2023-04-28,531,0.005850022673607236,4,4,19,795.1532621356631,established,0
U-01819,2023-04-28,1148,0.4100505132959775,3,0,162,694.4002058858752,veteran,0
U-01645,2023-04-28,136,0.2275488688194881,6,3,49,357.91866982309466,new,1
U-00270,2023-04-28,1603,0.9982559512152959,1,3,143,517.0244082196316,veteran,0
U-03436,2023-04-28,1626,0.08951892633830305,6,0,84,1037.2203844916867,veteran,1
U-00153,2023-04-28,1953,0.47398447302909097,1,1,172,595.9121031632012,veteran,1
U-02272,2023-04-29,1155,0.5937187070065306,1,1,72,313.9702666303242,veteran,0
U-01337,2023-04-29,1162,0.6658537063562052,6,0,139,698.4926755322815,veteran,0
U-00418,2023-04-29,1434,0.002235204747397135,3,1,69,1687.899934424309,veteran,1
U-03177,2023-04-29,1565,0.9730606535174523,7,0,53,1890.3153680744147,veteran,1
U-02254,2023-04-29,528,0.9126999907416816,4,3,126,627.7829170897705,established,1
U-01580,2023-04-29,1091,0.6982422739891901,8,1,124,830.2454500725635,veteran,1
U-00795,2023-04-29,403,0.18145445530144066,7,0,98,285.2625366460016,established,0
U-03591,2023-04-29,1316,0.9057282306308553,6,3,177,1097.0459174242062,veteran,0
U-01861,2023-04-29,1200,0.030666978464029993,6,4,17,741.1792410124423,veteran,1
U-00637,2023-04-29,1007,0.6897519659404748,3,1,51,576.8007882439439,veteran,1
U-01906,2023-04-29,952,0.6354292727910835,2,0,85,603.2480349898159,veteran,1
U-01238,2023-04-30,1830,0.4376118906550508,8,2,163,369.0045414156556,veteran,0
U-01399,2023-04-30,1745,0.040835597341881136,2,3,179,736.8224561366534,veteran,0
U-00262,2023-04-30,604,0.2831350763875111,9,0,121,1160.400859311793,established,0
U-03474,2023-04-30,965,0.3873066053206454,4,2,131,667.9913037536536,veteran,0
U-01315,2023-04-30,1143,0.39605894478365467,5,1,109,733.9228663155133,veteran,0
U-00970,2023-04-30,1715,0.626655182003354,7,1,46,1648.3471473335383,veteran,1
U-00352,2023-04-30,1115,0.6559531101246859,7,0,141,939.5247525705074,veteran,0
U-03204,2023-04-30,38,0.6065058323730488,3,2,147,482.47727257498843,new,0
U-01402,2023-04-30,1356,0.3842080032044929,3,1,109,689.8214237194184,veteran,0
U-02996,2023-05-01,699,0.7349430985905412,7,2,9,1665.713423536427,established,1
U-00927,2023-05-01,1196,0.484960250243615,8,2,59,637.2170261953129,veteran,1
U-01600,2023-05-01,693,0.5316564284688854,2,1,111,551.5926273227823,established,1
U-02775,2023-05-01,1890,0.38517202891602154,8,0,44,399.6433188409139,veteran,1
U-00801,2023-05-01,1204,0.20872688343696055,5,0,29,583.7523921590026,veteran,1
U-02832,2023-05-01,887,0.2574698932285242,8,2,22,739.1920808602914,veteran,1
U-01475,2023-05-01,1073,0.12829142437711005,4,2,84,1820.1899355768464,veteran,0
U-03843,2023-05-01,1737,0.5998678448275786,5,1,41,1027.278104003349,veteran,1
U-00189,2023-05-01,1803,0.4932448747446174,1,3,48,712.3793785815875,veteran,1
U-02051,2023-05-01,308,0.5450347457431102,5,2,11,668.0918118296128,established,0
U-00441,2023-05-01,729,0.3146878632891922,3,1,13,944.3362130545751,established,1
U-01366,2023-05-01,200,0.42785096732832373,3,0,24,475.60259103303287,established,1
U-01822,2023-05-01,1748,0.7209181900786765,3,1,142,350.81376070245886,veteran,0
U-02466,2023-05-01,751,0.24952264697243898,7,0,48,644.313053470621,veteran,1
U-00306,2023-05-01,1486,0.5535141849869538,5,1,179,279.0636878590143,veteran,1
U-03429,2023-05-01,1708,0.9289404358713399,1,1,60,341.5638894373459,veteran,1
U-02707,2023-05-02,678,0.5315802109973148,7,2,10,2599.7914027880815,established,0
U-00951,2023-05-02,129,0.7418209135729177,3,0,29,842.5538221392505,new,0
U-01154,2023-05-02,1608,0.06276327793060288,6,2,81,1206.1143352151435,veteran,1
U-03741,2023-05-02,760,0.45784219349337685,1,3,89,464.4067576871308,veteran,1
U-02020,2023-05-02,538,0.9789762586504105,7,3,47,793.4588778934524,established,1
U-03105,2023-05-02,707,0.044769489988415345,6,1,102,465.2009285736431,established,0
U-01837,2023-05-02,97,0.5126132480536286,8,1,131,235.5817151431056,new,0
U-00135,2023-05-02,1943,0.020368473684377664,4,1,73,264.70559712920755,veteran,1
U-03898,2023-05-02,1717,0.9584248037464674,2,0,100,1029.8066900573137,veteran,0
U-02594,2023-05-03,1914,0.9995181101809494,7,2,59,259.8100028503883,veteran,1
U-01104,2023-05-03,244,0.8254688332656196,3,4,101,518.1627841148254,established,1
U-02088,2023-05-03,796,0.34862642335951877,1,2,122,840.1863016069564,veteran,0
U-02186,2023-05-03,798,0.7194586063320303,9,1,73,1450.346924674555,veteran,0
U-01390,2023-05-03,382,0.5618778348930105,6,1,111,1751.9154722398125,established,0
U-00225,2023-05-03,380,0.8727502584378894,9,1,59,509.6184843213809,established,1
U-03341,2023-05-03,739,0.2850529729614175,3,2,39,117.56756363857343,veteran,0
U-01185,2023-05-04,1315,0.8661704308177439,8,1,28,541.9019654037854,veteran,1
U-02354,2023-05-04,1484,0.2736065184654841,1,2,48,477.24904409469184,veteran,0
U-03583,2023-05-04,669,0.7906494627008573,2,1,154,1145.412640395338,established,0
U-00332,2023-05-04,1726,0.06762000762929499,8,1,147,447.7121499404043,veteran,0
U-03696,2023-05-04,1045,0.31777144253950307,4,0,119,535.4671880976282,veteran,0
U-03061,2023-05-04,125,0.012336164449205822,5,2,86,381.99789588266384,new,0
U-03548,2023-05-04,954,0.11236987409269117,5,5,24,925.2875858656986,veteran,0
U-00238,2023-05-04,1526,0.5369999384184994,4,1,60,1281.0471911129314,veteran,1
U-02126,2023-05-04,354,0.2449808589901623,2,0,121,642.3821350493204,established,1
U-01778,2023-05-04,1422,0.7239272795530837,5,1,63,951.9614758686574,veteran,1
U-02308,2023-05-04,809,0.34939642508239954,7,1,167,603.9006007838168,veteran,1
U-03372,2023-05-04,1201,0.5362355350220966,5,1,171,1415.92703521393,veteran,1
U-03502,2023-05-05,1496,0.18822537189633282,9,2,121,886.4622292168586,veteran,0
U-03941,2023-05-05,1909,0.36270635917989036,7,3,12,207.46754690139346,veteran,1
U-01059,2023-05-05,1273,0.05548598652431469,3,1,4,649.6309873369471,veteran,1
U-00087,2023-05-05,1860,0.6170229101605608,5,2,60,1492.5858768036426,veteran,1
U-03986,2023-05-05,1685,0.9449541361107224,5,1,118,886.958852898394,veteran,1
U-00525,2023-05-05,933,0.557886678499744,8,2,164,732.604919385795,veteran,1
U-02780,2023-05-05,1761,0.3806629277016409,4,3,28,1684.1993047287565,veteran,1
U-00399,2023-05-05,1335,0.7783025947510613,2,0,9,662.2736701035185,veteran,1
U-02807,2023-05-05,1817,0.9500531556754879,5,2,92,525.3012753702731,veteran,1
U-01033,2023-05-06,317,0.5247951503334181,9,1,97,908.3533444255804,established,1
U-01013,2023-05-06,1882,0.7262286969850658,6,2,92,565.2174132284516,veteran,1
U-00748,2023-05-06,1733,0.8688852333918029,3,2,100,445.6250353597314,veteran,0
U-02433,2023-05-06,728,0.916659960195734,9,1,17,659.6390314432624,established,1
U-01461,2023-05-06,35,0.11069488330549448,3,2,100,917.2861645288071,new,0
U-03097,2023-05-06,255,0.33543587412796105,5,1,85,838.1024387733514,established,1
U-01820,2023-05-06,1236,0.6959336024021688,8,0,61,1054.019304135015,veteran,1
U-03163,2023-05-06,1590,0.7980427344855086,1,4,153,587.3865277583966,veteran,0
U-00747,2023-05-06,524,0.617128577684646,4,5,167,786.0772281216393,established,0
U-00446,2023-05-06,636,0.3813489015876391,1,0,109,651.6176148928278,established,1
U-00967,2023-05-07,696,0.31825055461840324,5,0,178,419.8166920035758,established,0
U-01603,2023-05-07,1000,0.9104123398316256,3,6,108,1006.7129645546621,veteran,1
U-00987,2023-05-07,1848,0.18964638154812463,8,2,5,433.09258611517555,veteran,1
U-03789,2023-05-07,1851,0.23903974215135615,5,1,108,928.4518535713449,veteran,0
U-00367,2023-05-07,309,0.5887707829895721,1,3,73,208.40699099655114,established,1
U-00308,2023-05-07,1611,0.9399825937049925,3,2,87,410.8742009554838,veteran,1
U-00337,2023-05-07,675,0.02494771870665069,2,2,135,898.6587122064909,established,1
U-02166,2023-05-07,625,0.6024819979535042,9,2,13,433.2641099350873,established,0
U-00798,2023-05-07,800,0.8426492406705349,8,1,88,426.2974424415975,veteran,1
U-01176,2023-05-07,424,0.19211422424921132,6,2,119,797.2615038227951,established,1
U-02866,2023-05-07,912,0.5176070950188872,6,0,118,1026.435502253317,veteran,1
U-01585,2023-05-08,1487,0.9505883840490933,3,1,160,544.9339037836555,veteran,1
U-01438,2023-05-08,862,0.9439476095247226,9,1,43,727.952235752525,veteran,1
U-01755,2023-05-08,820,0.609488887089519,7,6,68,709.9399498470735,veteran,0
U-00524,2023-05-08,1606,0.7333448483633508,7,2,117,1386.216366552635,veteran,0
U-01434,2023-05-08,1066,0.7316727834677892,6,2,129,1000.2405029151913,veteran,1
U-00553,2023-05-08,1125,0.6757485115605695,4,2,140,2844.980715573229,veteran,0
U-01575,2023-05-08,1092,0.1281622706457105,6,2,89,2006.652429461243,veteran,0
U-02271,2023-05-08,1529,0.22129128968065181,7,5,3,629.2824383144973,veteran,1
U-02015,2023-05-08,248,0.05866713233254106,5,1,110,737.9980175455106,established,0
U-01526,2023-05-08,1187,0.3063462371777058,2,2,138,409.5601289674042,veteran,0
U-03755,2023-05-09,1907,0.9090002020927456,8,2,166,402.8877579426001,veteran,1
U-00594,2023-05-09,1245,0.21133979326197827,1,3,129,361.1766391651187,veteran,0
U-02551,2023-05-09,1645,0.24028456335798487,1,1,77,456.8250723021982,veteran,0
U-02129,2023-05-09,766,0.11664591474418606,2,3,15,716.1169470887028,veteran,0
U-00166,2023-05-09,940,0.019406150494017504,6,1,100,623.5205315121439,veteran,1
U-01403,2023-05-09,1079,0.146538972560332,5,2,34,323.54556105072214,veteran,1
U-02927,2023-05-09,597,0.9121370048998244,2,1,158,438.7280208848288,established,0
U-02151,2023-05-09,1816,0.7209621638267112,2,2,48,1125.2264058200305,veteran,0
U-00402,2023-05-09,817,0.019422788058740426,2,3,12,549.2386266903866,veteran,1
U-01949,2023-05-09,1026,0.6520484832048667,3,0,120,1087.1881464315431,veteran,1
U-00320,2023-05-09,1328,0.8242389461001263,7,1,26,1008.4535903097409,veteran,1
U-02483,2023-05-09,1139,0.7349255887776993,5,2,97,1799.9771439253975,veteran,1
U-01503,2023-05-09,1456,0.6260488772454097,4,0,29,1374.2527611748533,veteran,1
U-02587,2023-05-09,998,0.966737574672076,1,2,50,1333.2413381392107,veteran,1
U-02291,2023-05-09,1289,0.9285281358522389,7,2,124,1146.087091257546,veteran,1
U-03446,2023-05-09,322,0.6422581371750993,1,1,150,679.6149750989852,established,0
U-02270,2023-05-09,1026,0.4613157517310297,4,1,41,583.7422029667445,veteran,0
U-03734,2023-05-09,40,0.8233299858567095,3,0,109,443.7630403944588,new,0
U-02525,2023-05-10,171,0.9994894042945859,7,3,172,550.3482295103158,new,0
U-02282,2023-05-10,1202,0.38954595819974824,1,2,103,881.5906620481668,veteran,1
U-00606,2023-05-10,503,0.8571585954487491,6,1,26,482.7052173695236,established,0
U-02082,2023-05-10,494,0.5727041359331937,2,0,148,650.8157172537307,established,1
U-01387,2023-05-11,1974,0.19076095246666414,1,1,55,675.588230182262,veteran,0
U-00631,2023-05-11,596,0.44719896492353517,5,1,57,955.2688587341019,established,1
U-01248,2023-05-11,1804,0.10293904704739976,7,1,91,625.5230788689543,veteran,0
U-03606,2023-05-11,1027,0.7786078026260798,1,1,64,207.8442600985416,veteran,1
U-03693,2023-05-11,1472,0.22479110186807127,8,0,88,596.8740542889678,veteran,1
U-03858,2023-05-11,217,0.84158859675307,5,1,43,2089.92039835953,established,1
U-02346,2023-05-11,1131,0.9547049119060317,3,2,16,432.13715781990743,veteran,0
U-02091,2023-05-11,1951,0.11648061593320991,1,1,176,1128.210593220577,veteran,0
U-02920,2023-05-11,537,0.7511751401719279,4,0,91,336.81548325493475,established,0
U-02306,2023-05-11,1620,0.693097778846711,2,1,177,1312.8817738025298,veteran,0
U-02536,2023-05-11,708,0.12294465640212127,5,2,60,414.3733045400117,established,0
U-00065,2023-05-11,709,0.7891420398689263,6,2,7,492.843374527891,established,1
U-00645,2023-05-12,824,0.9948034245919716,1,0,173,512.8374044921904,veteran,1
U-01914,2023-05-12,1063,0.2641406635814547,7,2,85,845.5641536471197,veteran,1
U-02150,2023-05-12,52,0.8047085885811869,6,1,44,866.8540212388086,new,1
U-03042,2023-05-12,1231,0.08529657553990788,8,0,165,831.8733070098393,veteran,0
U-00253,2023-05-12,697,0.5307564019360695,4,2,118,558.1634126830998,established,0
U-02575,2023-05-12,859,0.6247640101304504,6,1,170,1507.0577735310178,veteran,1
U-01094,2023-05-12,905,0.9948231734142234,9,2,61,665.6629895307236,veteran,1
U-03521,2023-05-13,1976,0.3517982616417863,8,2,20,407.7943259314476,veteran,1
U-03622,2023-05-13,1685,0.10648989757868688,4,0,120,558.5482533268073,veteran,0
U-01144,2023-05-13,1291,0.33117824496213244,9,0,161,111.73964674561783,veteran,1
U-02649,2023-05-13,1220,0.31138274426865564,5,1,99,1160.5777447986898,veteran,1
U-01776,2023-05-13,813,0.7078253041698377,8,0,95,323.39499578027676,veteran,1
U-02068,2023-05-13,325,0.2888010668157799,3,0,170,1363.1743442361962,established,0
U-00076,2023-05-13,1960,0.6492090265819204,9,0,22,301.09252407096733,veteran,1
U-03771,2023-05-13,107,0.09262780874197363,8,2,96,1548.146239898872,new,0
U-01513,2023-05-13,1743,0.32711225602116145,3,2,167,518.321503552963,veteran,1
U-00293,2023-05-13,215,0.5898927472909519,3,2,118,383.42265568444964,established,1
U-03573,2023-05-13,1921,0.35927834599623976,2,2,119,544.8778879814174,veteran,0
U-01029,2023-05-14,488,0.02553183713845031,4,1,178,793.6893425752182,established,0
U-00486,2023-05-14,1100,0.7758308035152388,3,3,105,1429.595357244675,veteran,0
U-01493,2023-05-14,436,0.32341925796080806,7,5,160,442.5155434913803,established,0
U-00168,2023-05-14,1028,0.5364864895582901,7,1,73,909.2701536419867,veteran,0
U-01904,2023-05-14,400,0.464871123857891,5,1,172,509.4168463353836,established,0
U-00737,2023-05-14,752,0.04953494206687581,4,4,44,521.1505050076711,veteran,0
U-01510,2023-05-14,829,0.10114321332760312,8,2,108,1381.733228929543,veteran,1
U-03769,2023-05-14,1949,0.6914175930297486,3,2,70,574.2562381893603,veteran,1
U-01068,2023-05-14,99,0.27624614103391154,1,1,75,1024.4369118975385,new,0
U-03658,2023-05-14,1282,0.14238792498827013,7,4,77,858.7814100558711,veteran,0
U-02159,2023-05-14,556,0.9314989394746928,4,0,151,1585.7056055754954,established,0
U-00370,2023-05-15,1129,0.284005816335823,2,0,131,1270.1746100447406,veteran,1
U-02203,2023-05-15,414,0.1860043703327412,5,1,64,389.5018240423717,established,0
U-03826,2023-05-15,588,0.7902752670742368,3,0,69,399.533595987236,established,0
U-03394,2023-05-15,1197,0.8554336896370037,3,3,98,900.2852650986495,veteran,1
U-02366,2023-05-15,1657,0.4325784299581542,7,0,167,1437.358535264828,veteran,0
U-02636,2023-05-15,220,0.12204779975345414,9,1,36,1008.8221468165304,established,0
U-03995,2023-05-15,922,0.3391070522180205,2,2,3,853.986531725043,veteran,0
U-03433,2023-05-15,1468,0.1342056267053643,3,0,45,603.668995356865,veteran,0
U-01781,2023-05-16,318,0.994348566947032,8,2,30,451.91948741709933,established,1
U-01770,2023-05-16,682,0.8013173262158622,8,3,76,1480.0296706219287,established,1
U-01175,2023-05-16,357,0.04849458227196646,4,1,163,1449.15306690741,established,0
U-01141,2023-05-16,61,0.5629578537862915,6,4,89,595.2026564633768,new,1
U-03985,2023-05-16,188,0.20198882994138034,4,1,82,1661.3850506241938,established,0
U-03596,2023-05-16,1300,0.2992783721220704,9,1,140,1085.2879766358324,veteran,1
U-00198,2023-05-16,1906,0.1750049622898383,3,2,152,700.1402666639295,veteran,0
U-02322,2023-05-16,267,0.865240350071502,8,3,125,623.1432442512097,established,1
U-03084,2023-05-16,1094,0.6325823773952418,3,1,65,372.93450246556796,veteran,1
U-00626,2023-05-16,35,0.8494618186441611,2,0,130,337.693984392307,new,1
U-01899,2023-05-16,1754,0.06112940236009179,2,3,119,483.0292680073277,veteran,0
U-03250,2023-05-16,702,0.5348112978078347,2,2,7,500.0890876305032,established,1
U-02326,2023-05-17,137,0.846539597923372,9,2,124,454.3652219935016,new,0
U-03728,2023-05-17,464,0.6000294417429484,7,2,6,409.509347031352,established,1
U-02073,2023-05-17,1247,0.18298893352686874,9,1,52,821.3308109856819,veteran,1
U-01977,2023-05-17,345,0.34495183182006595,1,0,116,1341.3434681667864,established,0
U-01973,2023-05-17,149,0.9954090615445003,3,2,12,602.9454280189993,new,1
U-01159,2023-05-17,1854,0.3017692985194961,2,2,4,547.451574286147,veteran,1
U-02490,2023-05-17,1767,0.26100610880259656,2,1,34,273.7344544367985,veteran,0
U-03212,2023-05-17,1016,0.6587426904453371,4,2,176,706.8980124031904,veteran,1
U-03486,2023-05-17,1615,0.2643216129849856,9,1,29,835.9569481306642,veteran,1
U-02460,2023-05-17,361,0.22496824779572533,9,1,86,818.6993900862007,established,1
U-01329,2023-05-17,998,0.34380644819385064,1,2,156,408.8258394550792,veteran,0
U-00196,2023-05-18,1120,0.11747968591054436,4,1,178,446.6606345915212,veteran,0
U-03090,2023-05-18,1316,0.4798444803773918,1,0,140,600.4807474056009,veteran,0
U-02484,2023-05-18,1435,0.974014150445425,6,0,48,477.24885018842434,veteran,1
U-01646,2023-05-18,1760,0.5804068361804202,7,1,159,505.79108262668075,veteran,1
U-01792,2023-05-18,802,0.13245139814420437,6,1,69,1969.1958516387253,veteran,1
U-03173,2023-05-18,799,0.6494847902069917,3,1,140,2725.3934728072322,veteran,1
U-01356,2023-05-18,1398,0.59563741801024,8,1,57,589.3541174450094,veteran,1
U-02739,2023-05-18,898,0.33189413985090344,7,0,104,748.5769835407453,veteran,0
U-01371,2023-05-18,1486,0.9970263616391729,2,1,51,2810.2259421989793,veteran,1
U-00990,2023-05-18,1308,0.006878011034333054,6,1,6,1368.6177097149703,veteran,0
U-02029,2023-05-18,578,0.17382664913450452,9,3,167,646.2839630108128,established,0
U-01710,2023-05-18,569,0.7722674032074582,6,2,90,559.7936883746607,established,0
U-02589,2023-05-19,989,0.5136986184699268,2,4,152,826.961254593453,veteran,1
U-03557,2023-05-19,1523,0.3215591093867818,7,2,26,787.2982456941567,veteran,0
U-00138,2023-05-19,1765,0.7092740111422482,3,0,8,1478.6502681973507,veteran,1
U-01591,2023-05-19,1171,0.7911331233595482,6,1,16,890.0672548298513,veteran,1
U-01382,2023-05-19,795,0.7834134858339759,6,0,92,551.2544571637355,veteran,1
U-01235,2023-05-19,1725,0.626922015704689,7,1,43,1247.5211543702364,veteran,1
U-00267,2023-05-19,1859,0.8155027559254567,8,0,133,318.1561005861871,veteran,0
U-01406,2023-05-19,1469,0.35465557605636466,7,2,172,922.6105767943321,veteran,1
U-02909,2023-05-20,1982,0.370327474936179,5,1,47,386.89696164920366,veteran,0
U-01756,2023-05-20,681,0.14286961854085745,6,1,18,457.3115369743188,established,0
U-02424,2023-05-20,1941,0.08014720987054169,7,0,179,469.7497861578506,veteran,0
U-03453,2023-05-20,1924,0.6031790299115898,3,0,74,1073.6255508748463,veteran,0
U-02997,2023-05-20,802,0.39138512442057194,9,1,35,637.5083320754343,veteran,1
U-03020,2023-05-20,1052,0.9867119790312812,2,0,47,826.1193639224078,veteran,1
U-03509,2023-05-20,945,0.5836406748348093,6,6,99,406.9657436196357,veteran,1
U-01311,2023-05-20,1856,0.2509129289525647,2,2,174,283.22438003020625,veteran,1
U-03716,2023-05-20,1354,0.5399188106009101,4,1,54,327.4180276837364,veteran,0
U-01362,2023-05-21,1178,0.1421860130150272,4,0,138,334.7534347422157,veteran,0
U-03853,2023-05-21,1087,0.48344721177377836,6,1,60,328.7944558823711,veteran,0
U-03405,2023-05-21,1160,0.01367864427367782,9,1,113,548.3738201978648,veteran,1
U-00978,2023-05-21,1849,0.811881500707928,2,2,141,1021.4857153848897,veteran,0
U-02584,2023-05-21,1465,0.47901845731392256,8,2,99,361.861806783566,veteran,1
U-02281,2023-05-22,627,0.26842121796128604,4,2,136,1491.428377453239,established,0
U-01830,2023-05-22,680,0.6709392749216151,9,1,32,333.199198050455,established,1
U-00043,2023-05-22,244,0.9246502196584624,3,1,121,758.484924443791,established,0
U-02884,2023-05-23,122,0.9373113039713239,5,1,79,364.29863018995604,new,1
U-03406,2023-05-23,1974,0.9594000852714745,1,0,53,539.1847424825605,veteran,1
U-02489,2023-05-23,256,0.9911067244295982,4,2,158,365.49146415996324,established,1
U-01684,2023-05-24,1101,0.4205680100373125,4,3,176,827.1443020010822,veteran,1
U-03130,2023-05-24,662,0.45054028438750005,9,1,58,372.9422527281474,established,1
U-03847,2023-05-24,1848,0.2863596223572976,1,2,32,446.26291850977884,veteran,0
U-01926,2023-05-24,1494,0.8193995071343285,5,0,169,1436.772573375049,veteran,0
U-03464,2023-05-24,912,0.9527841495754501,8,4,28,696.1174063940277,veteran,0
U-03053,2023-05-24,243,0.4293708757001783,5,3,137,555.9921994821797,established,0
U-03856,2023-05-24,225,0.19687100856436723,2,2,145,1502.5122490489684,established,0
U-01698,2023-05-24,1446,0.854088746632211,2,4,35,1420.0951334821732,veteran,1
U-00520,2023-05-24,1981,0.08477474277224473,5,0,18,359.42951200427484,veteran,0
U-03710,2023-05-24,548,0.43482172349648607,5,6,147,427.91046862794104,established,1
U-02561,2023-05-24,1339,0.35273440426033775,9,2,109,647.4555506351127,veteran,0
U-02758,2023-05-24,615,0.41366027069371947,2,0,131,551.4818408736735,established,1
U-02849,2023-05-25,333,0.9535010148281706,6,1,68,207.84321921230804,established,1
U-02826,2023-05-25,1090,0.014975605936593972,6,1,109,1285.2182404166147,veteran,0
U-01571,2023-05-25,1393,0.018750586736279162,3,2,19,394.79622705951726,veteran,0
U-02052,2023-05-25,797,0.8490656486374066,2,3,13,1887.4409787258712,veteran,1
U-02440,2023-05-25,1676,0.49489581439354347,2,1,159,905.1875046427226,veteran,1
U-00193,2023-05-25,106,0.8358850175531424,1,1,102,1007.0874975462456,new,0
U-00997,2023-05-25,1644,0.4711491351387228,6,0,19,912.2275269254997,veteran,1
U-01924,2023-05-25,1825,0.5614935332701865,3,2,26,395.1676915010507,veteran,1
U-00764,2023-05-25,890,0.4384070905301488,3,1,10,833.966774185817,veteran,0
U-02485,2023-05-25,1840,0.8885037667898433,1,2,47,428.4172248725659,veteran,1
U-03085,2023-05-25,1775,0.7567498124509318,4,2,155,955.6589297196975,veteran,1
U-03114,2023-05-26,1085,0.806533247646205,3,1,48,478.7380226781004,veteran,1
U-01051,2023-05-26,327,0.42168855478359224,8,1,13,2383.550814751752,established,1
U-02144,2023-05-26,166,0.612082254901896,7,2,167,315.555844134078,new,1
U-02892,2023-05-26,70,0.06375173641730303,2,0,8,600.25856415265,new,1
U-00745,2023-05-26,631,0.0364319473098611,2,1,52,484.36837631121773,established,0
U-02190,2023-05-26,1806,0.8397876238561816,8,1,150,1368.4642737197094,veteran,1
U-00300,2023-05-26,574,0.47178572016302656,6,2,109,831.3678724433919,established,1
U-00052,2023-05-26,1536,0.5471662709441008,7,1,141,152.6740496557226,veteran,0
U-01772,2023-05-26,836,0.24280093024527727,7,0,73,382.7067491445025,veteran,0
U-03236,2023-05-26,1687,0.3645762477430684,2,1,112,536.9020654503498,veteran,0
U-02762,2023-05-26,303,0.9098694905624992,4,1,35,1341.2543824770707,established,1
U-02200,2023-05-27,1878,0.5059200134248644,4,0,140,397.15893508057894,veteran,1
U-03100,2023-05-27,935,0.3394619705706906,9,3,63,221.62630133497464,veteran,1
U-01359,2023-05-27,702,0.8190788410807225,7,0,116,335.93040212131814,established,1
U-00062,2023-05-27,1275,0.16155072645119373,7,1,97,554.6685336119237,veteran,0
U-00392,2023-05-27,54,0.5189304352421411,7,3,98,2087.314351700731,new,1
U-03676,2023-05-27,1528,0.26536654943357985,1,0,175,973.5934944488374,veteran,0
U-02055,2023-05-27,1723,0.038225445282740744,8,2,147,511.1207062595632,veteran,0
U-00629,2023-05-27,723,0.26502130580561967,2,4,3,1154.8972011047967,established,1
U-00200,2023-05-27,1366,0.2050505985231833,8,1,63,235.52167610984827,veteran,1
U-01137,2023-05-27,1320,0.03988560271314401,7,1,60,1026.417030737778,veteran,0
U-03010,2023-05-28,88,0.07361189381638022,8,0,178,911.6554454356693,new,1
U-02586,2023-05-28,1104,0.003494981109347095,1,2,50,498.35935719425953,veteran,0
U-03947,2023-05-28,418,0.4138792483163356,4,2,83,498.6912135034838,established,0
U-02766,2023-05-28,1340,0.8320684074480255,5,6,158,1143.077185578652,veteran,1
U-02695,2023-05-28,1191,0.2794399727194734,8,1,26,1055.4821468810544,veteran,1
U-02355,2023-05-28,748,0.4998816647295913,5,1,172,831.7252710029658,veteran,1
U-01150,2023-05-28,342,0.6584334261832758,2,0,41,695.6120774230225,established,1
U-00627,2023-05-28,385,0.33092077981446666,3,1,147,1446.7051543051628,established,0
U-01270,2023-05-28,394,0.9563399400734179,1,1,11,683.869890392619,established,0
U-03107,2023-05-28,1052,0.5681895585686249,1,1,159,591.6737326026503,veteran,1
U-02278,2023-05-28,106,0.7499221615007585,9,3,57,536.4638235293631,new,0
U-02406,2023-05-29,1490,0.9622138556176058,3,0,37,3542.5498148102706,veteran,0
U-00331,2023-05-29,562,0.9397202480228001,7,1,124,629.8733312985064,established,1
U-00908,2023-05-29,1603,0.6824892860020683,5,0,135,623.7826876311101,veteran,1
U-03492,2023-05-29,430,0.7622302636195206,3,1,138,337.6910379525866,established,0
U-01966,2023-05-29,1444,0.7727961684751686,9,2,125,1333.8460446987938,veteran,0
U-03005,2023-05-29,31,0.45446172816419683,6,1,70,225.71844634079972,new,0
U-03253,2023-05-29,1773,0.6108727889034485,3,1,39,2110.8778213525793,veteran,1
U-01043,2023-05-29,1139,0.3979505662702747,4,3,104,679.3580188324153,veteran,1
U-01863,2023-05-29,439,0.7344338301788308,3,2,109,486.2180520498112,established,1
U-02414,2023-05-29,489,0.5342858821434056,9,2,28,529.397622796749,established,1
U-00067,2023-05-29,859,0.6952148230600186,3,1,11,468.3967812824404,veteran,1
U-00021,2023-05-29,123,0.1933853598265559,9,0,161,648.1231670902829,new,1
U-01267,2023-05-30,1271,0.8698567147115758,6,0,54,313.4294457774621,veteran,1
U-00373,2023-05-30,1641,0.16563308101234542,4,5,116,1369.3544937141617,veteran,0
U-00575,2023-05-30,1535,0.1906427566059925,9,1,45,235.48441336347864,veteran,0
U-03024,2023-05-30,274,0.1004558057978161,2,4,172,578.3109327828319,established,0
U-02679,2023-05-30,1055,0.4573383331533264,3,0,45,775.372286795743,veteran,0
U-00497,2023-05-30,794,0.49390974315439906,4,3,12,649.5075314365235,veteran,1
U-01936,2023-05-30,343,0.23981054430377957,7,0,92,842.3554344210303,established,0
U-01856,2023-05-30,965,0.5814069762923163,8,3,108,1310.5933888585387,veteran,1
U-02653,2023-05-30,830,0.52509479585618,5,0,145,653.7936082530574,veteran,0
U-02723,2023-05-31,712,0.12930925215377032,5,2,174,1746.9833870484565,established,0
U-01771,2023-05-31,466,0.875844593429381,2,2,159,2009.0026439566338,established,0
U-00769,2023-05-31,123,0.7094129150613248,2,4,53,994.135198042503,new,0
U-00912,2023-05-31,79,0.3873929297643537,3,3,47,935.8869501862705,new,1
U-01747,2023-05-31,521,0.9539781822670841,7,0,74,2136.8403565129843,established,1
U-03950,2023-05-31,1262,0.655289615264387,9,1,68,297.0549427026608,veteran,1
U-02568,2023-06-01,345,0.616577623556849,2,1,152,481.4750096834915,established,1
U-03227,2023-06-01,1783,0.3192902424458711,3,6,148,520.7509331418283,veteran,0
U-03963,2023-06-01,898,0.7101524378859926,1,4,54,464.2427174936835,veteran,1
U-03736,2023-06-01,355,0.7384792656062277,3,5,22,343.2367453978914,established,1
U-00633,2023-06-01,373,0.2712740727079913,9,2,163,542.0471805805433,established,0
U-02919,2023-06-01,1589,0.5945687051169751,9,1,18,2238.705078475587,veteran,1
U-00378,2023-06-01,357,0.8962851007761495,4,3,155,1983.523320055789,established,0
U-02591,2023-06-01,1933,0.6929752101992367,4,2,36,747.1523461001296,veteran,1
U-01717,2023-06-01,1503,0.9967566731443,3,5,42,1262.4435993104103,veteran,0
U-03062,2023-06-02,1958,0.2733433034899002,1,1,47,342.48951025506625,veteran,0
U-03530,2023-06-02,868,0.11090838506346923,1,1,150,411.45779237469173,veteran,0
U-02543,2023-06-02,1201,0.5179917725540955,7,1,88,393.8178285916068,veteran,1
U-00187,2023-06-02,451,0.13391564365355846,9,2,89,383.74696177583166,established,0
U-01944,2023-06-02,529,0.037274887993038686,9,3,155,657.1247958679287,established,0
U-01284,2023-06-02,1984,0.19972349702103287,2,1,25,974.1260858998197,veteran,0
U-03423,2023-06-03,1523,0.49640580445979965,4,1,87,392.7208109215292,veteran,1
U-01016,2023-06-03,140,0.5065447783230054,3,1,169,1462.0772169127126,new,1
U-01467,2023-06-03,688,0.141393428077766,5,1,141,965.4929025150616,established,0
U-02580,2023-06-03,942,0.8207357864249805,9,1,175,737.3717075779145,veteran,1
U-03814,2023-06-03,934,0.5540710968913485,9,1,149,919.6512286711366,veteran,1
U-00757,2023-06-03,293,0.9894399066997448,4,1,146,559.9507119554054,established,1
U-01760,2023-06-03,275,0.08001942552660957,2,2,118,762.4560782232645,established,0
U-01158,2023-06-03,301,0.45523034765115733,1,1,105,794.156873621903,established,0
U-01592,2023-06-03,1069,0.5846132122158377,5,2,117,1204.6139957481437,veteran,1
U-02874,2023-06-03,903,0.2264351900997762,5,1,143,244.60478367453393,veteran,0
U-02404,2023-06-03,1631,0.19468169686195091,7,2,153,300.296733794919,veteran,1
U-01880,2023-06-03,336,0.31155813839396085,6,1,3,383.782133748955,established,1
U-00093,2023-06-04,906,0.18645529319457765,7,0,87,865.1907434178238,veteran,1
U-03022,2023-06-04,1217,0.3372729722892658,3,2,18,902.0196076551574,veteran,0
U-02427,2023-06-04,1192,0.394996310172563,1,1,60,371.83989511038635,veteran,0
U-01384,2023-06-04,149,0.23798648763260277,2,2,63,1198.9667745073766,new,0
U-00613,2023-06-04,1057,0.4670183574131995,7,0,62,922.6115785676627,veteran,1
U-02847,2023-06-04,823,0.4175402359284922,2,2,17,684.3001050287381,veteran,0
U-02834,2023-06-05,156,0.4007200075476651,4,3,91,206.04712804026204,new,0
U-01628,2023-06-05,904,0.05897577038996116,6,2,166,474.2708962133377,veteran,0
U-02778,2023-06-05,311,0.3549120380081954,9,2,48,337.577939685613,established,1
U-03058,2023-06-05,1935,0.5840219508261872,1,2,168,1518.2294253140062,veteran,0
U-02599,2023-06-05,82,0.3940461965001554,1,3,88,577.6760193138551,new,0
U-01065,2023-06-05,1390,0.5129544505113007,2,1,15,2793.285128959602,veteran,1
U-02682,2023-06-05,1491,0.5937862269331757,8,2,87,506.2774593920589,veteran,1
U-03091,2023-06-06,957,0.5737807470636765,3,1,71,792.8303617650663,veteran,1
U-00808,2023-06-06,798,0.43624652094621763,7,1,46,1205.27508303193,veteran,1
U-02851,2023-06-06,1071,0.37093592012166543,8,1,116,1091.974781688791,veteran,0
U-02573,2023-06-06,1268,0.6063942805090216,8,2,176,657.8330445847049,veteran,1
U-01172,2023-06-06,1738,0.8372102148616549,5,0,65,169.46632390851377,veteran,1
U-02621,2023-06-06,1868,0.2733396571920127,3,0,161,865.1949107178358,veteran,0
U-01351,2023-06-06,1016,0.7531580190208763,7,5,83,416.5774567239893,veteran,0
U-02215,2023-06-06,1303,0.15539966623207313,5,1,41,816.7832276079059,veteran,0
U-03404,2023-06-06,860,0.5420829197907506,2,0,56,772.3257557691281,veteran,1
U-02341,2023-06-07,1973,0.9055926492427656,2,3,41,1311.3868962363115,veteran,1
U-03328,2023-06-07,802,0.2767927439746457,5,1,169,506.6164863908456,veteran,0
U-00551,2023-06-07,101,0.6832766145179413,4,1,156,343.864093388987,new,0
U-01282,2023-06-07,1657,0.9861613239556271,5,0,34,717.63007057968,veteran,1
U-02011,2023-06-07,1555,0.7032393969061393,7,2,40,492.6799112085073,veteran,1
U-01093,2023-06-07,1940,0.36435707133517936,7,1,98,595.4027616073994,veteran,1
U-02290,2023-06-07,829,0.7196878810646042,9,2,150,335.759215275108,veteran,0
U-01773,2023-06-07,77,0.5270220492923754,1,0,146,302.01668801697,new,0
U-01753,2023-06-07,570,0.7528858036578309,8,0,103,442.2720023594918,established,1
U-02058,2023-06-07,1291,0.8081848100379248,6,0,177,475.0028885837345,veteran,1
U-01920,2023-06-07,318,0.4657513817150738,4,1,32,539.5349297825328,established,0
U-02383,2023-06-07,82,0.7531091965344227,3,4,89,367.7580244598626,new,0
U-01477,2023-06-07,1422,0.45094964888337064,8,2,111,435.95482582168694,veteran,1
U-01665,2023-06-08,941,0.696040961424093,1,1,128,427.30276451275165,veteran,0
U-03379,2023-06-08,781,0.3505206448973178,2,2,111,728.1466732974193,veteran,0
U-01319,2023-06-08,474,0.3281435160347943,4,3,151,817.0586629893552,established,0
U-01693,2023-06-08,488,0.855605460596945,8,2,7,364.5477485718473,established,1
U-03459,2023-06-08,1521,0.6531246675539409,9,1,11,276.94468062249524,veteran,1
U-02799,2023-06-08,1306,0.1581017889436298,7,0,155,273.33596929184523,veteran,0
U-03040,2023-06-08,1069,0.6601758143197008,8,0,13,719.4546668919587,veteran,1
U-03249,2023-06-08,1346,0.6009512443497661,8,2,64,1467.2995723726297,veteran,1
U-03694,2023-06-08,1286,0.24732327353976746,5,0,91,921.2797418513702,veteran,1
U-01167,2023-06-09,413,0.7462818127353477,1,0,170,1278.83568059278,established,0
U-02133,2023-06-09,837,0.26345562685602253,4,1,62,345.71481996391543,veteran,1
U-00439,2023-06-09,649,0.3017854337456115,8,1,170,257.87924966491556,established,0
U-02002,2023-06-09,1291,0.5691734267387764,2,2,22,660.5593860651662,veteran,1
U-02373,2023-06-09,1462,0.7038177420203567,7,3,58,410.876238150361,veteran,1
U-03317,2023-06-09,1762,0.9708326498571355,9,1,34,534.9858380074922,veteran,1
U-02545,2023-06-09,1294,0.8457858381026093,9,2,115,849.4207468440865,veteran,1
U-02523,2023-06-10,1401,0.21958489946633264,2,3,52,521.3713208383193,veteran,1
U-03311,2023-06-10,193,0.28004079208673793,8,4,137,736.0057069705899,established,1
U-03690,2023-06-10,1781,0.03171715281088772,6,2,146,152.12573963318286,veteran,0
U-03732,2023-06-10,577,0.3343895008205219,6,1,88,1016.7690422160459,established,0
U-01955,2023-06-10,1428,0.6410643631152027,9,1,126,1552.4954274104364,veteran,0
U-02224,2023-06-10,770,0.50974917331858,7,2,83,462.6860934097321,veteran,1
U-01301,2023-06-10,1986,0.6133592364083679,3,3,71,263.9879488592096,veteran,1
U-02139,2023-06-10,913,0.445035295831532,4,2,39,404.90001902007293,veteran,0
U-00956,2023-06-10,346,0.8586731204838641,1,2,147,205.90322157544347,established,0
U-00026,2023-06-10,443,0.6519623460330854,1,1,116,1287.1166563689042,established,0
U-03165,2023-06-10,821,0.41741582519855813,3,2,95,1618.110035691887,veteran,0
U-02072,2023-06-11,1443,0.012846248555894224,5,2,82,1091.3930818432127,veteran,0
U-03187,2023-06-11,200,0.3249300112112118,6,2,95,542.7061012049883,established,1
U-01865,2023-06-11,1139,0.33211751831222025,2,2,87,768.5531527444239,veteran,1
U-02059,2023-06-11,774,0.8868059392806316,1,4,25,2409.8639577953522,veteran,1
U-02745,2023-06-11,1714,0.0984095941200468,7,1,73,579.5721163165797,veteran,1
U-03314,2023-06-11,1781,0.31138731220771176,5,0,79,618.1957443493286,veteran,0
U-03273,2023-06-11,1649,0.2394278377525315,6,2,87,1448.2380222838142,veteran,0
U-03290,2023-06-11,1353,0.3683839375588025,7,1,134,701.6365092776572,veteran,0
U-00941,2023-06-11,909,0.053350982345181874,5,0,27,734.2947422174278,veteran,0
U-01846,2023-06-11,267,0.9413439770471609,1,1,51,937.1534442252138,established,1
U-02162,2023-06-11,472,0.34110203942305783,6,1,177,649.1457527311953,established,0
U-00584,2023-06-11,1185,0.6720157222995868,1,1,175,651.1502609483996,veteran,0
U-02914,2023-06-12,421,0.7497313169463148,1,2,83,298.95153030990423,established,1
U-03141,2023-06-12,1531,0.7128807220926188,2,1,3,880.5248125227113,veteran,0
