entity_id,as_of_date,tenure_days,usage_score,product_breadth,support_ticket_count,last_purchase_days_ago,current_spend,tenure_band,upsell_converted
U-01481,2023-01-01,213,0.00031441964408696066,1,0,46,888.5230072630783,established,1
U-03673,2023-01-01,1380,0.40157095380329677,2,1,133,502.0956251840792,veteran,1
U-01408,2023-01-01,1132,0.22650558193117554,4,1,173,217.07228529427178,veteran,0
U-02441,2023-01-01,570,0.9108854030955976,9,0,143,348.277416250624,established,1
U-01948,2023-01-01,1871,0.3683710825935145,2,0,72,898.8418534327603,veteran,1
U-02315,2023-01-01,142,0.5058310965565258,1,3,97,257.1874939576986,new,1
U-01995,2023-01-01,443,0.3762807443485312,5,6,30,346.9230134934471,established,0
U-01487,2023-01-01,1536,0.14317875048604778,7,0,70,2768.8895198029313,veteran,0
U-02258,2023-01-01,1474,0.4821927896583025,2,2,124,818.3426608700363,veteran,1
U-02788,2023-01-02,516,0.758255782004861,2,2,24,693.3222754361253,established,0
U-02627,2023-01-02,1244,0.5830142662212422,6,3,13,1417.52518322038,veteran,1
U-03233,2023-01-02,750,0.3738529048034903,1,1,107,582.0235019338517,veteran,0
U-01236,2023-01-02,1129,0.18414018669340915,8,1,29,406.38743376755895,veteran,0
U-01621,2023-01-02,118,0.311771458777917,8,1,7,289.0439990943751,new,1
U-00772,2023-01-02,379,0.00440092190355057,2,0,106,791.0196136307046,established,0
U-00900,2023-01-02,710,0.49882892442682103,9,1,150,454.32087452685084,established,1
U-01912,2023-01-02,1386,0.5290106000735676,2,1,154,751.7032119986206,veteran,0
U-03190,2023-01-02,966,0.5266309332452249,2,0,1,888.8109895132079,veteran,1
U-01738,2023-01-02,472,0.9140605803264515,5,1,21,618.5086116770747,established,1
U-01549,2023-01-02,1515,0.4547927573170498,7,2,91,713.8402831319763,veteran,1
U-01293,2023-01-02,1466,0.6681664768591647,7,0,53,999.8204655380554,veteran,1
U-00464,2023-01-03,908,0.17491695277071884,6,0,104,1119.7515876401849,veteran,0
U-00845,2023-01-03,1537,0.301461667988017,6,1,171,777.1332438510666,veteran,0
U-02400,2023-01-03,1088,0.16108701142418524,5,0,74,705.0498346303211,veteran,1
U-00103,2023-01-03,61,0.3058372404125671,7,1,52,1462.7816069166329,new,1
U-00574,2023-01-03,1431,0.8486686871473293,4,0,50,604.6764071486132,veteran,1
U-02645,2023-01-03,1424,0.09995471921130272,2,4,76,913.7388354178449,veteran,0
U-00844,2023-01-03,1509,0.3948408927006323,5,1,166,1053.6303734670785,veteran,1
U-00380,2023-01-03,1881,0.521997387045736,2,3,178,362.56147056618,veteran,0
U-03216,2023-01-03,1236,0.6908867964312853,6,3,17,773.1348248981813,veteran,1
U-01189,2023-01-03,611,0.5724895757887801,1,1,152,343.5312412485987,established,0
U-00302,2023-01-04,292,0.9973107425466341,2,2,10,1327.249145953819,established,1
U-01278,2023-01-04,774,0.17778610758077462,2,3,154,1504.5298749483393,veteran,0
U-00706,2023-01-04,956,0.08644741326880623,7,0,13,679.9631398669461,veteran,1
U-02201,2023-01-04,1907,0.49832382412209053,3,1,14,425.90129957000426,veteran,0
U-03398,2023-01-04,106,0.9998608482078876,3,2,23,211.69851586308633,new,1
U-01174,2023-01-04,433,0.17439171782304852,3,2,21,907.2123462967646,established,0
U-01531,2023-01-04,1891,0.841431851143876,4,1,163,626.8643614067852,veteran,0
U-03724,2023-01-04,1778,0.8566151423839511,3,1,40,514.2058066699598,veteran,1
U-01806,2023-01-04,872,0.7052645499070364,7,2,67,868.909348700627,veteran,1
U-02442,2023-01-04,1092,0.8379796982340677,8,5,124,1038.077646808768,veteran,1
U-01681,2023-01-05,1580,0.37301476707773407,2,2,86,551.5911329269852,veteran,0
U-00789,2023-01-05,1202,0.6845514243787411,1,1,158,519.3943588941075,veteran,0
U-03903,2023-01-05,1919,0.662688239103272,9,2,85,1509.642582453761,veteran,1
U-00800,2023-01-05,1235,0.4368520075377743,4,1,156,716.6322679347553,veteran,1
U-01762,2023-01-05,413,0.7446459642015341,3,2,5,1197.070715646633,established,1
U-03798,2023-01-05,1105,0.379551107074678,3,1,131,529.3701136500448,veteran,0
U-03821,2023-01-05,1037,0.5780392479199319,1,2,105,398.3391694974736,veteran,1
U-01069,2023-01-05,1917,0.503177170232213,7,2,23,554.3102946052028,veteran,1
U-00838,2023-01-06,1705,0.12297077263205258,1,1,130,427.99831279188226,veteran,1
U-03102,2023-01-06,1304,0.5719023269668166,3,3,107,1779.5392433714246,veteran,0
U-01120,2023-01-06,1637,0.6226296740807937,9,1,158,356.2787461894509,veteran,0
U-01037,2023-01-06,1110,0.190095771748375,5,2,149,460.5074983728853,veteran,0
U-00409,2023-01-06,666,0.16342928813683655,3,2,86,919.9329499671395,established,1
U-02974,2023-01-07,631,0.5612175227827881,1,1,162,764.9863903030624,established,0
U-00888,2023-01-07,695,0.3938347561850223,9,1,73,376.5012241065112,established,1
U-03135,2023-01-07,981,0.676774305864818,8,0,33,281.5005343675353,veteran,1
U-03504,2023-01-07,1522,0.5325301291849333,4,1,29,451.0375565261493,veteran,1
U-01623,2023-01-07,1750,0.6145639412952608,9,0,36,984.1831932355059,veteran,1
U-01593,2023-01-08,1264,0.009435727627650548,5,1,41,877.3618355292094,veteran,1
U-00414,2023-01-08,997,0.2570200156484578,7,1,48,600.5269786041808,veteran,1
U-01651,2023-01-08,1485,0.4449008179668318,8,2,38,494.71162074231063,veteran,0
U-01365,2023-01-08,332,0.9518324486974689,7,0,177,278.7563322224637,established,1
U-00232,2023-01-08,1222,0.7323184221678151,3,2,6,560.3932564192023,veteran,1
U-00477,2023-01-08,755,0.23783538488179112,7,0,114,537.4658813673904,veteran,1
U-03857,2023-01-08,303,0.24222841097316028,8,1,146,706.1886422263127,established,0
U-03897,2023-01-08,1755,0.07404268746793197,6,0,174,834.2241671640929,veteran,1
U-02089,2023-01-08,1506,0.7292409788431715,3,1,161,186.2244820120632,veteran,0
U-03787,2023-01-09,1060,0.8466142061905151,9,1,99,545.2017544023871,veteran,1
U-00368,2023-01-09,1855,0.14662314286435274,5,1,146,655.3698679109901,veteran,0
U-03803,2023-01-09,1626,0.48339902788793465,2,1,97,783.0299129643148,veteran,0
U-01166,2023-01-09,1452,0.3663721549094904,3,1,5,224.59300557218577,veteran,1
U-02170,2023-01-09,1092,0.9809809410158142,1,1,61,1675.9134396534344,veteran,1
U-03804,2023-01-09,1523,0.22281982356387564,6,1,27,734.191414223318,veteran,1
U-01528,2023-01-09,82,0.9545678468728145,8,1,54,577.8794409668886,new,1
U-00299,2023-01-09,213,0.6880617331012702,1,3,127,456.43207525572996,established,0
U-00539,2023-01-09,1742,0.36610566221644936,4,0,75,591.6608093437975,veteran,1
U-03946,2023-01-10,1442,0.9327148731652056,6,3,77,946.4163943414882,veteran,1
U-00169,2023-01-10,1359,0.4595471512617503,2,2,65,988.758594624503,veteran,0
U-02137,2023-01-10,1471,0.19051972698740283,7,0,100,447.97597888693775,veteran,1
U-01782,2023-01-10,1770,0.4649998255035127,1,3,168,585.6040335979085,veteran,0
U-02260,2023-01-10,275,0.8849156631844819,1,1,47,2276.6738008364587,established,1
U-00820,2023-01-10,1092,0.7145520982700821,9,2,153,411.69870733194585,veteran,0
U-03441,2023-01-10,1287,0.8189428485310084,7,3,64,1195.3087176520537,veteran,1
U-00271,2023-01-10,1077,0.4785124609413839,4,0,134,148.8096390717877,veteran,1
U-02711,2023-01-10,731,0.856348715633756,3,1,101,147.7924656228546,veteran,0
U-00453,2023-01-10,1419,0.6604522384933692,7,1,0,536.3940226931535,veteran,1
U-01743,2023-01-10,931,0.8969427918333073,8,2,6,2010.789618057702,veteran,1
U-03118,2023-01-10,873,0.22988748454639696,5,3,47,910.8019224869898,veteran,1
U-03308,2023-01-10,1531,0.12641174364183894,1,2,73,1258.4020567714454,veteran,0
U-01179,2023-01-10,822,0.5283143955682554,6,1,124,1504.882136037128,veteran,1
U-00428,2023-01-11,1548,0.23686060312728807,3,2,7,887.3660337066374,veteran,0
U-03996,2023-01-11,1444,0.13532564261526192,2,1,95,1428.56482016476,veteran,1
U-02468,2023-01-11,1043,0.9539667171468871,7,2,124,367.54116328245567,veteran,0
U-02409,2023-01-11,1858,0.21183446145851137,1,3,39,318.9536663500797,veteran,0
U-01398,2023-01-11,1873,0.6878370599294981,3,3,65,1191.0644740112887,veteran,0
U-02328,2023-01-11,183,0.4030487826702711,4,2,150,937.0380613977292,established,0
U-02222,2023-01-11,1371,0.565049446252131,1,2,79,702.633465065343,veteran,1
U-03485,2023-01-11,1717,0.7904134900444079,6,0,149,657.7801025801947,veteran,0
U-02635,2023-01-11,230,0.2629140721288442,4,1,114,917.935011095679,established,0
U-01299,2023-01-12,1697,0.09255893873833287,6,1,97,592.0428360546169,veteran,1
U-01492,2023-01-12,378,0.237142863191092,7,2,41,714.6725900965406,established,0
U-00829,2023-01-12,989,0.9089730055498839,1,2,139,1340.7125435515852,veteran,0
U-01589,2023-01-12,1697,0.6137138167259192,6,1,80,948.4086716747669,veteran,1
U-00384,2023-01-13,785,0.8420195363242607,1,1,112,830.5670007985759,veteran,1
U-01943,2023-01-13,1312,0.8161156015412826,4,3,153,651.648503350188,veteran,0
U-02950,2023-01-13,1387,0.5953927794432744,3,0,149,662.0699634157761,veteran,0
U-03681,2023-01-13,1374,0.669800095180972,6,4,159,462.59754191889357,veteran,1
U-03457,2023-01-13,1427,0.8070011023955532,6,1,77,257.21826670195946,veteran,1
U-02498,2023-01-13,624,0.3740907132587359,2,1,67,540.3039606164516,established,0
U-02558,2023-01-13,1909,0.8754382397942415,9,1,146,422.9682617329459,veteran,1
U-01535,2023-01-13,1360,0.7521650668644404,9,1,57,771.6773424684465,veteran,1
U-03536,2023-01-13,467,0.5075046156100387,4,1,85,533.3124965462893,established,0
U-01868,2023-01-13,1851,0.12829732292427787,6,1,178,897.531951199365,veteran,0
U-00137,2023-01-13,539,0.8559708001741249,2,2,123,524.203382293196,established,0
U-00786,2023-01-13,1135,0.31889851884048703,1,1,80,287.98716738311464,veteran,1
U-02262,2023-01-13,490,0.05431027586070736,1,1,45,1366.8963523330192,established,0
U-00146,2023-01-14,844,0.031240978990649815,4,4,64,298.3627736228245,veteran,1
U-02321,2023-01-14,1964,0.3785065964886303,3,1,38,527.0715199167497,veteran,0
U-00843,2023-01-15,420,0.42907511598681936,8,1,40,561.6961861000115,established,1
U-03319,2023-01-15,142,0.3270197123445858,4,0,43,1560.0527541710835,new,0
U-01908,2023-01-15,1597,0.29223510613201487,7,1,66,813.7260151253142,veteran,0
U-00662,2023-01-15,335,0.4547692924755936,1,2,5,212.93100015573154,established,0
U-02763,2023-01-15,1736,0.6778880255203257,4,0,145,2839.7818482679877,veteran,1
U-03544,2023-01-15,819,0.5507877563307355,1,2,106,344.15480492489155,veteran,1
U-03632,2023-01-15,1982,0.8869311692981873,2,2,116,221.2973623239598,veteran,1
U-02865,2023-01-15,1969,0.3545126561783568,6,2,179,716.4791223134372,veteran,0
U-00327,2023-01-15,867,0.7414468065877132,3,0,114,291.59784880099113,veteran,1
U-00969,2023-01-15,1636,0.6212331782136635,7,5,106,610.8942490706565,veteran,1
U-01445,2023-01-15,729,0.27053962868541603,7,1,15,1027.2829535125773,established,1
U-01682,2023-01-15,780,0.1733087598959161,4,2,82,612.7002236252498,veteran,0
U-01265,2023-01-15,1778,0.049738765521068484,1,2,107,422.81061263049816,veteran,0
U-00116,2023-01-15,66,0.5895063304034679,9,0,51,1004.3848035770119,new,1
U-03754,2023-01-16,336,0.42448676748251024,7,3,118,290.2198554435365,established,0
U-02202,2023-01-16,466,0.5587935837241681,9,0,140,2541.3871324121924,established,0
U-03239,2023-01-16,1929,0.8464953462533984,7,3,34,200.10243662880228,veteran,1
U-02629,2023-01-16,605,0.6999461854286363,2,0,29,684.0857020428097,established,1
U-02037,2023-01-17,672,0.2845630692721185,7,1,65,1202.924286120934,established,1
U-01451,2023-01-17,1489,0.5744621935391577,9,0,47,789.5996233511235,veteran,1
U-00901,2023-01-17,1324,0.2884926031419477,9,0,161,733.4742456131369,veteran,0
U-00249,2023-01-17,775,0.8001999430365032,9,3,122,865.840854700291,veteran,1
U-02727,2023-01-17,1204,0.27513075532634,5,1,85,645.2043369670271,veteran,0
U-02771,2023-01-17,1379,0.582988625878554,5,3,154,565.4553441211326,veteran,1
U-02880,2023-01-17,651,0.06289124231952858,2,1,99,2219.917301796938,established,0
U-01018,2023-01-17,1567,0.6008493764070294,5,1,80,503.7156282693463,veteran,0
U-01098,2023-01-17,1877,0.8279241471565723,7,0,137,750.7417003061508,veteran,1
U-01239,2023-01-17,1807,0.564828363162763,7,2,152,183.05771847849402,veteran,1
U-00869,2023-01-17,1403,0.6353342430475842,7,1,74,1019.13823079595,veteran,1
U-00561,2023-01-18,857,0.2426253685256229,5,0,20,681.8440534603952,veteran,0
U-00055,2023-01-18,774,0.8496572024460699,7,2,58,433.21563996405115,veteran,1
U-02521,2023-01-18,186,0.4486706201548839,9,1,149,228.77631332435374,established,1
U-00396,2023-01-18,610,0.1803420983749422,5,0,34,653.8285304736864,established,0
U-00351,2023-01-18,1144,0.06834789039562739,9,2,139,232.0263582640121,veteran,1
U-03879,2023-01-18,213,0.9484069616377143,7,3,28,783.5537967468974,established,0
U-02370,2023-01-18,1982,0.8811653206259396,2,1,158,454.9402085449352,veteran,0
U-01870,2023-01-18,1580,0.6371084131782386,5,0,14,380.962062028701,veteran,1
U-02338,2023-01-18,1610,0.1509197553293914,7,1,82,807.2013416110003,veteran,1
U-00816,2023-01-18,1749,0.23637353540898454,8,0,68,278.83132521585236,veteran,0
U-01109,2023-01-18,591,0.8366812189776666,8,2,114,353.81776149378965,established,0
U-00810,2023-01-18,430,0.5175052443935492,9,3,119,573.9486399371192,established,1
U-03851,2023-01-19,1133,0.8397612482502805,9,0,24,443.5763632765021,veteran,1
U-01525,2023-01-19,228,0.9152457760303804,3,3,7,1211.2716879876848,established,1
U-03362,2023-01-19,32,0.8971098439566533,3,1,45,662.3433427468761,new,1
U-03012,2023-01-19,1493,0.005501174039798773,5,2,43,787.4058612496776,veteran,1
U-02779,2023-01-19,558,0.722906601964936,1,2,150,713.3534910955982,established,0
U-03870,2023-01-19,166,0.033428312711904384,2,0,135,262.62337627919715,new,0
U-01780,2023-01-19,411,0.995526179061942,3,0,176,366.22531718966775,established,0
U-01805,2023-01-19,323,0.7269007026541818,8,1,18,203.79057034047509,established,1
U-01517,2023-01-20,1358,0.19274289079074547,4,1,36,359.04154476294394,veteran,1
U-01462,2023-01-20,1423,0.10621744837643532,1,2,107,753.9635742158954,veteran,0
U-02883,2023-01-20,400,0.8018250365493811,9,1,104,444.76699385454197,established,1
U-01269,2023-01-20,1056,0.4903984172596335,1,1,106,575.0689452537117,veteran,1
U-01285,2023-01-20,1162,0.11228622980023839,1,0,111,454.0813539663861,veteran,0
U-02411,2023-01-20,850,0.7585541942145848,8,1,91,680.8280727507491,veteran,1
U-00573,2023-01-20,1779,0.3641947095058605,4,1,74,852.0559604264954,veteran,1
U-00583,2023-01-21,1425,0.9812622507439888,9,1,27,329.87407384182757,veteran,0
U-02971,2023-01-21,1506,0.36156992984263436,3,2,44,394.91546446163585,veteran,0
U-01463,2023-01-21,618,0.7399435631818133,5,2,140,457.2908507679723,established,1
U-03463,2023-01-21,1816,0.9062157365473852,4,1,81,805.5436203237695,veteran,0
U-02277,2023-01-21,1560,0.6564171236607336,3,1,97,710.8444750055951,veteran,1
U-03337,2023-01-21,778,0.48825189028129945,9,1,138,234.16676544354337,veteran,0
U-00698,2023-01-21,622,0.5249103799549136,1,2,108,187.70388094258976,established,0
U-01452,2023-01-21,1690,0.747505887763953,8,2,130,906.5111684377958,veteran,1
U-02504,2023-01-21,844,0.7729953951013782,6,2,90,545.4559120979548,veteran,1
U-00847,2023-01-21,220,0.6559154619738806,9,2,9,284.7454906629109,established,0
U-01641,2023-01-21,596,0.7969713919154653,4,0,36,2759.011982152837,established,1
U-01975,2023-01-21,1111,0.22102219394416822,9,3,140,313.4807861491834,veteran,0
U-01652,2023-01-21,142,0.5907737486375348,1,0,61,383.715615553239,new,1
U-03616,2023-01-21,1245,0.2937802917650709,1,3,50,1190.9318860829571,veteran,1
U-00897,2023-01-22,1178,0.5063740694865626,1,2,45,1322.7679120650475,veteran,1
U-01982,2023-01-22,1858,0.8273926622355084,9,3,28,865.6674257367209,veteran,1
U-00545,2023-01-22,1516,0.2748770766250189,9,0,94,416.4516042019254,veteran,0
U-00886,2023-01-22,1391,0.1090543064824313,5,1,165,707.0153137994556,veteran,0
U-02617,2023-01-22,1211,0.8516495023344659,4,3,6,869.9826552294991,veteran,1
U-02313,2023-01-22,168,0.1526936934997769,5,1,142,454.62319812279986,new,0
U-03799,2023-01-22,408,0.2711367178927484,9,1,148,532.7361161833035,established,0
U-01978,2023-01-23,435,0.16027248018309148,2,1,129,925.860084839221,established,0
U-00857,2023-01-23,1274,0.6302354949729884,9,2,148,593.9819714887494,veteran,1
U-02487,2023-01-23,620,0.6590592328025533,3,3,97,598.542515188833,established,0
U-01020,2023-01-23,1764,0.9194733085100913,3,2,70,542.0758988783269,veteran,0
U-01266,2023-01-23,1100,0.3278809207797838,9,2,162,1172.1357683601507,veteran,1
U-03780,2023-01-23,1038,0.763324361545346,2,1,103,506.620463240374,veteran,1
U-03356,2023-01-23,616,0.7084201459833853,5,0,67,347.813634674123,established,0
U-01800,2023-01-23,275,0.4139318081761838,1,0,144,1495.462553272245,established,1
U-01025,2023-01-23,265,0.6091986837159487,5,0,119,1369.8046736859592,established,0
U-00541,2023-01-23,1269,0.029631885976391104,5,2,160,651.1200500597089,veteran,0
U-03451,2023-01-23,1604,0.3141666119075859,8,2,61,340.107569331888,veteran,1
U-02656,2023-01-24,1778,0.5997796559550853,5,1,164,349.9708170129417,veteran,0
U-01135,2023-01-24,226,0.5000362149376396,5,4,50,236.5928822464124,established,0
U-02787,2023-01-24,85,0.7192529907079513,2,0,84,402.175326099385,new,1
U-02459,2023-01-24,982,0.7128717219670092,4,1,151,377.35650608951374,veteran,0
U-03112,2023-01-24,1880,0.6791133665720679,7,3,12,1999.690011395257,veteran,1
U-00149,2023-01-24,798,0.4156781931122342,9,0,154,1598.6362330358736,veteran,0
U-03508,2023-01-24,1273,0.6215184202299502,9,1,1,805.3179577773816,veteran,1
U-03183,2023-01-24,676,0.35682767265797366,1,4,133,1557.429245760344,established,0
U-03188,2023-01-24,545,0.16295724578730442,9,6,125,3019.755627430313,established,0
U-01614,2023-01-25,1155,0.627125975312123,1,3,99,2648.1148258854055,veteran,1
U-03500,2023-01-25,1720,0.5015409120998952,3,4,89,754.0493257705245,veteran,1
U-01888,2023-01-25,1337,0.8427622848520179,8,2,77,1356.6568383579636,veteran,1
U-03918,2023-01-25,145,0.9297664996274883,2,1,174,543.2658719375578,new,1
U-01350,2023-01-25,476,0.9132160585086049,5,0,156,910.0596538229761,established,1
U-02372,2023-01-25,1880,0.9733319096993783,5,2,144,895.039133699611,veteran,1
U-01410,2023-01-25,72,0.2676487350598524,2,2,110,259.71082538176677,new,0
U-02524,2023-01-25,616,0.34243508966183767,7,6,39,1433.7924683647727,established,0
U-01469,2023-01-25,565,0.09662549096894235,7,3,122,1682.6292964567106,established,0
U-03532,2023-01-25,1672,0.3912792508993721,9,2,96,654.7724414023751,veteran,1
U-02981,2023-01-25,1188,0.9655793015945262,4,2,60,627.6384682874371,veteran,1
U-02001,2023-01-25,1663,0.11885798957022997,8,0,80,540.3124411158904,veteran,1
U-00618,2023-01-25,1277,0.4465966901175078,1,2,159,1358.6847082719876,veteran,0
U-00278,2023-01-26,1474,0.28910328119451023,3,3,61,743.4847067681361,veteran,1
U-03797,2023-01-26,292,0.8759973393493311,7,5,34,1622.4830822284266,established,1
U-00035,2023-01-26,93,0.39272541391242954,7,5,3,3469.6754257814596,new,1
U-02887,2023-01-26,747,0.2643272242750323,3,2,166,631.3482058435478,veteran,0
U-02803,2023-01-26,1673,0.37959153667218126,6,0,108,261.5101638161062,veteran,1
U-02128,2023-01-26,659,0.5348019131804018,3,0,133,682.2494215513052,established,0
U-00517,2023-01-27,145,0.2985422487521395,7,1,128,774.8110253130097,new,1
U-02710,2023-01-27,620,0.1547238990088764,2,0,167,433.9538575449444,established,1
U-02439,2023-01-27,681,0.5750150415685037,2,1,78,187.70690366713055,established,0
U-01361,2023-01-27,1607,0.07726603025365364,2,0,74,569.0939704960471,veteran,0
U-01455,2023-01-27,299,0.5303995394185038,4,0,163,722.7381897382973,established,0
U-01034,2023-01-27,71,0.6149877629496451,3,4,3,781.9893601307823,new,0
U-03916,2023-01-27,1345,0.8848475922643815,1,0,53,740.1330447408337,veteran,1
U-02963,2023-01-27,1419,0.39599259138036935,4,2,151,381.936791884599,veteran,0
U-02330,2023-01-27,157,0.4368446991896344,2,2,39,1524.4941475202384,new,1
U-00044,2023-01-28,844,0.48055989079891825,3,2,127,413.29044875976285,veteran,0
U-03069,2023-01-28,1419,0.7078013985918528,9,1,80,240.8309332532233,veteran,1
U-02794,2023-01-28,1467,0.6318015463518166,8,2,6,1489.5053176926874,veteran,1
U-01768,2023-01-28,955,0.3515593869713336,2,1,73,631.6006459997602,veteran,1
U-02311,2023-01-28,683,0.8459490014528787,9,1,0,1113.5951628408977,established,1
U-03560,2023-01-28,1331,0.9140365668297785,4,0,121,1051.7248343310334,veteran,0
U-03154,2023-01-28,861,0.808717871762248,2,1,156,747.6750816911081,veteran,0
U-02231,2023-01-28,1275,0.48993559995646274,8,5,69,389.6405441067097,veteran,0
U-02704,2023-01-28,1792,0.45848501062532776,7,3,88,567.1827564258881,veteran,1
U-00386,2023-01-28,542,0.30324861814784576,6,1,8,489.71478553936106,established,0
U-03651,2023-01-29,1103,0.22244541739167467,1,5,168,956.3414695184496,veteran,0
U-03276,2023-01-29,548,0.3924168502170541,6,3,96,778.6063876621012,established,0
U-03987,2023-01-29,667,0.9471414668162196,2,2,167,1531.5531580341917,established,1
U-03410,2023-01-29,189,0.7649871788012479,3,1,171,1273.76111229762,established,1
U-01021,2023-01-29,941,0.8399340941971882,3,2,7,348.0265214875523,veteran,1
U-00898,2023-01-29,1521,0.8887877663650384,3,1,24,454.7432610475627,veteran,1
U-03334,2023-01-29,688,0.38904719882716354,9,2,114,2886.595259117252,established,1
U-00658,2023-01-29,858,0.5742972879655516,7,4,163,628.6346141165501,veteran,0
U-02590,2023-01-29,49,0.2541522881190068,5,2,97,613.1395614260558,new,0
U-01952,2023-01-29,412,0.45796101016618085,1,4,126,1250.849055084296,established,1
U-03815,2023-01-29,1766,0.3183862470428127,8,1,33,866.9119743662942,veteran,1
U-03531,2023-01-29,1586,0.08712931204717322,5,3,9,1006.4907069894488,veteran,1
U-01833,2023-01-29,510,0.6533642866030318,5,5,94,1363.1023579669886,established,1
U-03535,2023-01-30,693,0.9615332425411374,6,0,116,837.124584770171,established,0
U-01910,2023-01-30,417,0.9611723908966826,7,2,177,385.3044558217679,established,0
U-02024,2023-01-30,992,0.8386371347886453,1,3,94,1887.3027774183288,veteran,0
U-01214,2023-01-30,1613,0.4047432486712671,1,3,136,306.28996208447705,veteran,0
U-03613,2023-01-30,1342,0.4152638496323835,7,2,25,602.2324611051655,veteran,1
U-01252,2023-01-30,1436,0.258121499649558,8,0,108,534.4162066675603,veteran,1
U-00068,2023-01-31,1483,0.9100896741301989,5,1,61,1198.5852261551058,veteran,1
U-02668,2023-01-31,917,0.19228397614227433,4,2,178,1324.3005010549268,veteran,0
U-02855,2023-01-31,1760,0.33692684770210857,4,3,43,359.07999647774596,veteran,0
U-01054,2023-01-31,127,0.8168200674791013,3,4,139,1063.2936175240457,new,0
U-03931,2023-01-31,208,0.5572993462144499,1,2,85,1534.5537737198795,established,0
U-00216,2023-02-01,992,0.6789856609149371,2,2,142,561.4509867567723,veteran,1
U-01570,2023-02-01,1530,0.1480332201025618,2,2,89,527.0593028460216,veteran,1
U-02478,2023-02-01,1443,0.24681289062919443,6,1,94,703.3271078513075,veteran,1
U-01026,2023-02-01,530,0.4348841544214562,3,1,118,768.6128062080726,established,0
U-03579,2023-02-01,1405,0.36696949410636615,9,0,88,279.363722602173,veteran,1
U-00126,2023-02-01,120,0.518770583216309,6,3,159,494.877158027565,new,0
U-01587,2023-02-01,1977,0.29462110578767353,7,1,171,317.52481979015556,veteran,1
U-03915,2023-02-01,1895,0.9803821015597741,2,3,4,567.0660299961679,veteran,1
U-03758,2023-02-02,1637,0.34786682559405435,3,4,142,446.03458811991294,veteran,0
U-03133,2023-02-02,1725,0.4223503686917177,3,2,97,614.7171217405653,veteran,0
U-02751,2023-02-02,865,0.2709834814157309,2,1,105,481.7632483735797,veteran,1
U-01095,2023-02-02,370,0.555614525690352,5,1,178,1968.5823044058932,established,0
U-01850,2023-02-02,363,0.994861403638609,6,3,20,524.5222972052068,established,1
U-01360,2023-02-02,1318,0.6446053398343335,2,0,16,405.34078082756895,veteran,0
U-00438,2023-02-02,708,0.29638748879301235,8,1,26,1165.5680518042484,established,1
U-00430,2023-02-03,1844,0.30812696203626844,1,1,29,596.1214304420944,veteran,1
U-01121,2023-02-03,1246,0.3068338398728402,3,1,81,1148.0377162509662,veteran,0
U-03886,2023-02-03,668,0.29803454754690695,3,1,14,1209.0620299445268,established,0
U-00279,2023-02-03,1693,0.7000101540674241,3,2,149,1122.6163367103381,veteran,1
U-01327,2023-02-03,514,0.9212305027183688,9,0,118,879.6779661760409,established,1
U-00245,2023-02-03,580,0.2633423587356264,7,0,101,1800.313875718165,established,1
U-00677,2023-02-03,1148,0.1323852912543504,4,1,88,528.707665978447,veteran,0
U-01255,2023-02-03,704,0.8758166328973778,9,2,1,476.36811738373376,established,1
U-02634,2023-02-03,1740,0.7924668810386102,8,1,36,657.8328824817789,veteran,0
U-03638,2023-02-03,1606,0.5726218716131959,1,0,163,584.9648357393501,veteran,1
U-00006,2023-02-04,525,0.495300616385842,4,0,169,1589.4793366760478,established,1
U-03542,2023-02-04,759,0.6484061284483223,6,2,62,293.42142429390276,veteran,0
U-03619,2023-02-04,1602,0.8445559893615288,7,0,149,525.7154431217532,veteran,1
U-00880,2023-02-04,778,0.14973420826677053,7,1,110,1993.8656176063291,veteran,1
U-02864,2023-02-04,1805,0.5284498945026354,7,2,77,432.7023430432485,veteran,0
U-03280,2023-02-04,1301,0.7186584277451218,8,1,169,481.9085869051315,veteran,0
U-03320,2023-02-04,464,0.047482077778229326,6,0,18,630.6805976529463,established,0
U-02528,2023-02-04,1685,0.512921577555336,4,1,146,268.22857617153176,veteran,1
U-02365,2023-02-04,998,0.3590128321437984,4,1,5,302.63347282190216,veteran,1
U-00752,2023-02-04,1618,0.36410836224197507,2,1,52,1051.7611300282467,veteran,1
U-02316,2023-02-04,1571,0.5314993318323786,3,2,76,674.7705464660721,veteran,0
U-02853,2023-02-05,200,0.40777073066324054,2,1,165,392.2233382545192,established,1
U-01542,2023-02-05,620,0.5984326016657832,3,0,96,557.8017257592095,established,1
U-01720,2023-02-05,1960,0.7633870541432835,6,0,31,922.5448855121531,veteran,1
U-00727,2023-02-05,1776,0.2592848009081554,4,5,70,1183.2810136687358,veteran,1
U-01530,2023-02-05,1194,0.34313762484346555,7,0,173,1748.3690427067856,veteran,0
U-01808,2023-02-05,979,0.06255178627729441,4,2,158,630.663337152186,veteran,0
U-01930,2023-02-05,1856,0.9924587097750137,2,4,58,620.5972195114484,veteran,1
U-00000,2023-02-05,655,0.7160999706587471,9,2,131,1228.1656113978518,established,0
U-03981,2023-02-05,1959,0.896183667971543,3,1,106,651.5310927692437,veteran,1
U-03247,2023-02-05,1675,0.19695466966549147,7,1,87,1113.304628913502,veteran,0
U-03534,2023-02-05,468,0.333635037126335,9,3,28,1921.525385857159,established,1
U-00195,2023-02-05,1004,0.5191407841611407,5,3,147,538.0788267385901,veteran,1
U-02911,2023-02-06,1571,0.6027845671019829,2,2,73,614.5846729406708,veteran,0
U-00909,2023-02-06,1260,0.21671231241323197,2,0,174,469.7254616622721,veteran,1
U-00032,2023-02-06,559,0.6403750099176652,5,2,128,372.29785832890735,established,0
U-00825,2023-02-06,851,0.40216909914632204,6,0,140,677.7478947686859,veteran,1
U-00358,2023-02-06,1348,0.48615830920162084,3,1,120,323.771889316866,veteran,0
U-00171,2023-02-06,549,0.7068391738460283,8,1,122,339.1350334487643,established,0
U-03527,2023-02-06,519,0.7712878409517714,3,1,61,514.9887791821828,established,1
U-02032,2023-02-06,1545,0.12444252782956444,2,1,126,1370.4493026620148,veteran,0
U-02081,2023-02-06,778,0.033059200545114686,1,2,97,764.7871052927486,veteran,0
U-00694,2023-02-06,1423,0.39995123106749086,7,0,101,900.2786055157533,veteran,1
U-00132,2023-02-06,1468,0.4274291908485037,1,1,104,2974.7302202900973,veteran,0
U-01632,2023-02-06,1057,0.4207338711650098,5,2,68,728.5551936248489,veteran,0
U-00009,2023-02-07,258,0.6122233770420157,7,1,52,1094.1594994652867,established,1
U-02339,2023-02-07,1220,0.7138092142026506,3,2,131,616.2696471945275,veteran,0
U-02815,2023-02-07,525,0.19226013412649567,2,1,89,1098.1489560705747,established,0
U-02593,2023-02-07,1519,0.8033495334226994,1,1,158,706.4702387727216,veteran,1
U-00580,2023-02-07,412,0.6779035850615143,9,0,169,298.2103199194371,established,0
U-01689,2023-02-07,442,0.8920395160337483,8,2,107,1259.9855232361524,established,1
U-00242,2023-02-07,1654,0.47628454308368107,9,5,87,1887.7324768084466,veteran,1
U-00375,2023-02-07,1180,0.16969693224186544,4,5,110,924.8465313503513,veteran,0
U-00950,2023-02-07,680,0.22781115108638406,4,1,154,513.9221560031204,established,0
U-03413,2023-02-07,682,0.5949943722599202,7,2,160,970.139695507188,established,1
U-01841,2023-02-08,1998,0.3328248623150991,4,1,108,220.67888590383058,veteran,0
U-02452,2023-02-08,1963,0.4908315662581837,9,3,159,858.0300199856893,veteran,1
U-00217,2023-02-08,702,0.0711688225478937,6,2,130,495.34822194530386,established,0
U-03418,2023-02-08,1767,0.46148107170759567,4,3,149,1567.0210542523953,veteran,1
U-00976,2023-02-08,1159,0.4651019284640959,3,3,129,1253.822334681684,veteran,0
U-02305,2023-02-08,727,0.08886716418023977,5,2,109,669.2267298210855,established,0
U-03671,2023-02-08,896,0.17387254006549147,1,2,62,1568.2721950258217,veteran,0
U-02741,2023-02-08,1788,0.3621225308474483,8,1,118,1230.8714444006314,veteran,0
U-00673,2023-02-08,1740,0.2812459668742413,8,2,24,324.1236698333569,veteran,1
U-02265,2023-02-08,223,0.8383648876030845,4,0,3,352.31216219292804,established,1
U-00699,2023-02-08,76,0.7757258140222779,1,2,179,804.3015618280573,new,0
U-00790,2023-02-08,418,0.49108182649458043,1,1,113,1131.6040457603901,established,0
U-03974,2023-02-08,294,0.7799292605482002,5,2,24,853.4133106204354,established,1
U-00086,2023-02-08,560,0.5392759822535824,8,1,143,489.5886629861561,established,1
U-02956,2023-02-09,370,0.28820838645693647,6,3,160,698.0350935143547,established,1
U-03283,2023-02-09,89,0.132727147259316,2,2,131,170.60752362892947,new,0
U-01787,2023-02-09,1232,0.8146662660807785,3,0,47,374.7330217400306,veteran,1
U-01737,2023-02-09,1863,0.6680350440934276,4,1,70,370.68309541469705,veteran,0
U-03342,2023-02-09,1695,0.8779268918167041,3,0,39,813.4652518641868,veteran,1
U-02501,2023-02-09,1943,0.3269891143002891,3,0,72,790.4215493445374,veteran,1
U-00587,2023-02-09,636,0.9127369011811262,1,0,11,616.2199174087656,established,0
U-02471,2023-02-09,291,0.6072077329881385,3,4,88,1036.1585287644007,established,0
U-03034,2023-02-09,1702,0.16610121273710188,4,1,136,2265.283931141414,veteran,0
U-02320,2023-02-09,1559,0.2309010194113772,1,2,15,635.0952591601925,veteran,0
U-00890,2023-02-09,1681,0.2250236296846524,7,0,58,836.9210755693287,veteran,1
U-03958,2023-02-09,1935,0.10480589988155764,8,1,133,1525.5838654991935,veteran,1
U-01435,2023-02-10,1982,0.09184801608002957,1,2,163,390.926067569714,veteran,0
U-01288,2023-02-10,551,0.30713129366202885,2,2,156,1538.1171138986338,established,0
U-01879,2023-02-10,52,0.28101260750152846,9,4,115,338.09408477097804,new,1
U-02681,2023-02-10,700,0.8877110870419853,1,1,145,457.863574508901,established,1
U-00579,2023-02-10,605,0.07533066244570341,3,1,113,353.7346049006485,established,0
U-01358,2023-02-11,159,0.3637339795594162,7,0,160,686.3192577765727,new,0
U-03806,2023-02-11,493,0.7810334075524223,9,1,28,1096.2017818189972,established,1
U-02474,2023-02-11,506,0.11502760243036658,2,0,142,513.0687753723478,established,0
U-02622,2023-02-11,1617,0.0028713110948129783,7,1,46,410.20932446496005,veteran,0
U-00257,2023-02-11,206,0.46516813583684313,6,2,97,842.0353889631652,established,0
U-03871,2023-02-11,549,0.04333175346050033,3,1,71,698.2810242342828,established,0
U-02614,2023-02-11,435,0.9852959232362493,6,2,14,415.51834730327647,established,1
U-01449,2023-02-11,360,0.4456000297013287,5,2,14,286.0244109146746,established,1
U-01165,2023-02-11,181,0.7334907975299367,5,1,134,768.518730806491,established,0
U-02555,2023-02-11,1080,0.38098458390190815,1,0,33,1095.5907609433316,veteran,0
U-03496,2023-02-11,1533,0.3322445154020879,4,1,41,415.2513295300338,veteran,0
U-03782,2023-02-11,1690,0.5049147371706423,7,2,166,372.87616814402503,veteran,1
U-02422,2023-02-11,373,0.6694801882130285,7,2,75,398.97621168768717,established,0
U-02514,2023-02-11,1625,0.14950475241162509,2,3,111,543.2311303316404,veteran,0
U-01729,2023-02-11,847,0.2987235249744318,1,2,0,605.3099887337379,veteran,1
U-03852,2023-02-11,520,0.5812395946554776,7,2,155,607.4680484031794,established,0
U-00170,2023-02-12,764,0.96201436381886,5,0,160,603.894108219598,veteran,0
U-01226,2023-02-12,643,0.13763478513236937,8,0,167,656.5547604463187,established,0
U-00582,2023-02-12,354,0.8498585482468028,9,1,166,465.8637655404617,established,0
U-02176,2023-02-12,1498,0.7067782575093406,1,1,153,858.0579285226667,veteran,1
U-00515,2023-02-12,1593,0.3003196691230158,3,5,171,756.8250651668205,veteran,0
U-02503,2023-02-12,1119,0.8774625257433228,4,1,43,1534.7606103325368,veteran,0
U-03352,2023-02-12,765,0.9529465140248118,2,1,132,671.7679458665367,veteran,0
U-01826,2023-02-12,330,0.6867241995580513,7,0,95,1579.8835458705134,established,1
U-02945,2023-02-12,1118,0.7738955250878552,1,1,51,179.09732104125257,veteran,1
U-00459,2023-02-12,1317,0.8245025676918739,6,1,22,638.6804147314319,veteran,1
U-02264,2023-02-12,1093,0.4532860749681529,1,1,100,538.1308720579516,veteran,1
U-00817,2023-02-12,679,0.500606858106656,8,2,28,354.02456560092827,established,0
U-03686,2023-02-12,169,0.49728602421100665,9,0,156,498.49673206314884,new,0
U-01854,2023-02-12,841,0.04334227704126392,7,0,136,341.77914599650103,veteran,0
U-01271,2023-02-13,874,0.875241809211976,5,0,134,367.4471243899631,veteran,0
U-03076,2023-02-13,1629,0.22774153617552728,3,4,46,880.2129056484644,veteran,1
U-00309,2023-02-13,1216,0.627446090107383,6,1,53,939.0376641543943,veteran,0
U-03726,2023-02-13,45,0.11787547075695992,4,2,161,745.2693083326718,new,0
U-03490,2023-02-13,250,0.9470626418914286,1,2,80,338.9526257748009,established,0
U-03149,2023-02-13,664,0.6008912265083856,1,0,139,835.6165832081596,established,1
U-00321,2023-02-13,912,0.5508316650302666,4,2,174,426.3853122199302,veteran,1
U-00479,2023-02-13,1088,0.9701365112382403,4,2,60,551.999014897077,veteran,1
U-01815,2023-02-14,143,0.7937989776497628,8,0,11,266.4672740390699,new,1
U-01537,2023-02-14,1687,0.6066785152579738,6,2,105,1445.6245274670791,veteran,1
U-02910,2023-02-14,1279,0.7470912629357731,1,2,100,362.15532302673586,veteran,1
U-00807,2023-02-14,1788,0.5947026719176003,8,3,65,267.78018151113145,veteran,0
U-01866,2023-02-14,1444,0.8262629151275427,5,0,87,1323.5548940933622,veteran,1
U-02243,2023-02-14,684,0.791688145177316,9,2,152,875.3487468935623,established,1
U-03033,2023-02-14,1230,0.12388620303382702,8,2,18,1201.4224689856214,veteran,1
U-01483,2023-02-14,1693,0.3661563678024199,6,2,59,364.43703261357723,veteran,1
U-03590,2023-02-14,264,0.37112755655273166,2,2,19,235.02862645142207,established,0
U-01488,2023-02-14,1725,0.41210483518107344,8,1,60,1120.4004921614335,veteran,1
U-03790,2023-02-14,1901,0.7128798566671936,9,1,88,496.7984495268728,veteran,1
U-01465,2023-02-14,1123,0.8097691790479546,4,1,61,1114.3113489531477,veteran,1
U-02722,2023-02-15,381,0.4183930979091578,2,3,128,441.158183625598,established,1
U-01320,2023-02-15,650,0.0864841962453845,3,1,65,494.05828878141006,established,0
U-01578,2023-02-15,924,0.8506906319481564,8,1,103,1123.7287231453267,veteran,1
U-00500,2023-02-15,1394,0.018851579037953314,5,2,95,327.04334834843286,veteran,0
U-02852,2023-02-15,1364,0.7092289860771986,5,3,63,279.22750578605616,veteran,0
U-01215,2023-02-15,488,0.4487315194162592,7,2,114,485.5322295731586,established,1
U-03026,2023-02-15,512,0.5997015990482731,1,0,151,1318.087933076592,established,0
U-00119,2023-02-15,131,0.4835499824307432,8,0,101,642.7532035250829,new,1
U-00872,2023-02-15,146,0.6958787682282754,3,0,134,403.892280489304,new,1
U-02214,2023-02-16,1429,0.24767800069016233,5,1,21,436.98893934365094,veteran,0
U-02505,2023-02-16,563,0.040733264805495994,7,2,128,897.9408553246766,established,0
U-02680,2023-02-16,399,0.6605319663852102,2,2,37,494.07686691711757,established,0
U-00364,2023-02-16,1169,0.7447032942423848,9,1,26,523.3156566127931,veteran,1
U-00725,2023-02-16,970,0.3366070335655168,5,3,121,703.30936273882,veteran,1
U-02213,2023-02-16,683,0.5986878105046501,2,1,154,860.4669149950357,established,0
U-00537,2023-02-16,1455,0.8656870353545201,7,1,168,425.87723969074267,veteran,1
U-01019,2023-02-16,1295,0.43744460049991696,8,1,114,508.8608968120978,veteran,1
U-00312,2023-02-17,715,0.25858987104909514,3,0,12,1352.3510331983205,established,1
U-01049,2023-02-17,1827,0.9802446252759475,2,2,88,1066.2673139017004,veteran,1
U-00496,2023-02-17,679,0.47891840781000505,5,1,127,1004.4852480256985,established,0
U-02785,2023-02-17,1948,0.5049722171586871,5,4,46,381.36018720354576,veteran,1
U-01342,2023-02-17,1146,0.8687457758035334,1,1,176,377.3583603989145,veteran,1
U-02268,2023-02-17,570,0.037334752844158325,1,3,33,783.2721785879147,established,0
U-03304,2023-02-17,1824,0.5313214828122292,3,1,81,1085.0032185736518,veteran,0
U-00945,2023-02-17,1454,0.8006718199594207,4,2,173,254.98511830958742,veteran,0
U-00777,2023-02-17,1503,0.0819198841853277,4,1,69,1002.1900091813782,veteran,1
U-00723,2023-02-17,131,0.6124455153398519,9,1,127,384.3891343101936,new,1
U-02363,2023-02-17,536,0.12904892289825654,1,2,48,360.31331530809246,established,0
U-03369,2023-02-17,393,0.9254488677038575,2,2,97,237.47689187628666,established,1
U-01945,2023-02-17,282,0.2641916632353021,8,1,58,714.6765437125359,established,1
U-00197,2023-02-17,274,0.8846100026502804,5,0,12,440.8924224444947,established,1
U-03160,2023-02-17,119,0.5863518284149009,3,2,128,997.0293647115425,new,0
U-02699,2023-02-17,803,0.5566698565548577,1,1,33,678.4211999858475,veteran,1
U-02509,2023-02-18,103,0.5753536203151648,8,1,13,1227.474022216139,new,1
U-03529,2023-02-18,145,0.17236438158439582,5,3,143,607.8069428420604,new,0
U-01618,2023-02-18,1809,0.6055916435947739,9,1,20,461.26248842688346,veteran,1
U-01875,2023-02-18,199,0.4777909068183822,1,3,90,535.0126910398045,established,0
U-01156,2023-02-18,1860,0.32475211644080837,3,0,122,457.0016587662198,veteran,1
U-00862,2023-02-18,1787,0.2714394175643763,2,1,3,873.7796057115465,veteran,1
U-00783,2023-02-18,1519,0.5853099045855237,4,1,137,254.33649031139223,veteran,1
U-00417,2023-02-18,337,0.013972719418462565,6,0,1,726.4059911961928,established,1
U-03650,2023-02-18,754,0.8197824956598391,5,3,20,1311.4795257440226,veteran,1
U-03348,2023-02-18,1851,0.2643162523309839,1,1,83,1236.5892468618013,veteran,1
U-01237,2023-02-19,1651,0.10768912229586136,2,1,165,1045.1157680356876,veteran,1
U-00385,2023-02-19,1450,0.9152772055266487,2,0,155,406.33884733664087,veteran,0
U-00435,2023-02-19,1861,0.5673605590140585,6,2,152,484.1500492844346,veteran,0
U-03498,2023-02-19,1172,0.6617593412619689,6,1,107,509.6169814084999,veteran,1
U-00782,2023-02-19,706,0.9163020339149811,2,1,17,537.98913793471,established,0
U-00873,2023-02-19,1187,0.5844710947114898,4,0,14,653.694058972757,veteran,1
U-03972,2023-02-19,885,0.5249490457332999,6,2,23,1433.1016976052153,veteran,1
U-01604,2023-02-19,1229,0.5480596098426327,7,1,13,167.22837958074618,veteran,0
U-02922,2023-02-19,958,0.42012450298912274,4,2,129,440.8945439338936,veteran,0
U-01609,2023-02-20,264,0.7090436302344373,8,2,68,596.3397837144362,established,1
U-03063,2023-02-20,62,0.06182896069800192,6,1,133,785.2429140620218,new,0
U-02818,2023-02-20,1454,0.12350625733927534,9,3,110,383.8259452020482,veteran,1
U-01629,2023-02-20,85,0.30365841710986896,9,1,57,820.0641063866645,new,1
U-03773,2023-02-20,1974,0.9526222598919437,7,3,136,3283.315935334199,veteran,0
U-02079,2023-02-20,1282,0.8561581624921681,1,1,62,1091.2089157515336,veteran,1
U-01927,2023-02-20,1196,0.8172722192782778,6,3,135,447.5055299599818,veteran,0
U-00156,2023-02-20,1422,0.9076959035384226,5,2,162,702.3746533801908,veteran,0
U-02822,2023-02-20,1995,0.48988779199323196,7,0,44,329.60967400035884,veteran,0
U-03820,2023-02-20,340,0.6482160402713806,4,2,28,644.2357620672058,established,0
U-02829,2023-02-20,620,0.7446911693761461,8,3,13,598.2537092130362,established,1
U-00220,2023-02-21,250,0.18172956781192617,6,3,140,719.4110273599741,established,0
U-02698,2023-02-21,678,0.7217897413057226,7,2,93,1777.8265837006647,established,1
U-02908,2023-02-21,343,0.987340163627656,1,2,12,499.5353136694078,established,0
U-01004,2023-02-21,1552,0.04385828341791598,8,1,109,2543.4851832769873,veteran,1
U-00073,2023-02-21,1886,0.17481894162471523,4,1,122,1454.1065298576325,veteran,0
U-03512,2023-02-21,977,0.059362880258923556,9,0,18,2159.763764440799,veteran,1
U-02005,2023-02-21,512,0.4986678334288609,5,1,27,900.244572252857,established,0
U-00017,2023-02-21,330,0.4527717451128178,8,0,152,1420.003969456462,established,0
U-00704,2023-02-21,1477,0.13388906937518164,7,2,100,994.6949305860715,veteran,1
U-02696,2023-02-21,1768,0.34292060642653055,9,3,63,284.5597050496095,veteran,1
U-03164,2023-02-21,1264,0.9317144800492464,9,1,152,207.7469136711135,veteran,1
U-02549,2023-02-21,1417,0.27997768715614324,6,2,140,1411.0229950908006,veteran,1
U-00944,2023-02-21,100,0.5315047318427486,8,1,101,368.5575716170617,new,1
U-01804,2023-02-21,635,0.5087608822191797,2,1,67,1533.497302771556,established,1
U-03347,2023-02-21,711,0.47673425537885783,5,0,90,1010.9103124680078,established,1
U-02103,2023-02-21,222,0.8351614957838297,6,0,82,345.5720402815573,established,1
U-00758,2023-02-21,920,0.06521566989953631,4,1,44,1254.1492788843004,veteran,0
U-03944,2023-02-22,1982,0.5972808707754839,8,1,158,538.8578661398277,veteran,0
U-01775,2023-02-22,1884,0.03755582342034114,6,3,170,769.2812615863886,veteran,0
U-01925,2023-02-22,228,0.1693002820194507,7,0,99,839.1128107472458,established,0
U-03101,2023-02-22,1731,0.2561162677146215,9,0,118,768.7651795091489,veteran,1
U-00442,2023-02-22,1375,0.877913776588007,9,1,69,424.9259707140924,veteran,1
U-00433,2023-02-22,254,0.3720037567196589,8,1,48,780.8101690642947,established,1
U-00669,2023-02-22,873,0.27370040763478487,2,3,111,260.72645327597644,veteran,0
U-03021,2023-02-22,1919,0.9797735350457194,6,0,27,380.1916493665888,veteran,1
U-01644,2023-02-22,1231,0.6227140140877143,7,4,20,451.08736727944256,veteran,1
U-03286,2023-02-22,1326,0.79741226959697,9,1,87,950.9080090598851,veteran,0
U-02084,2023-02-22,1355,0.09576185185983421,7,2,137,2255.124963725317,veteran,0
U-02430,2023-02-22,1709,0.4111531378996053,8,0,87,801.0622675750752,veteran,0
U-00413,2023-02-22,1444,0.15065275743291295,4,2,56,868.2907443319781,veteran,1
U-00947,2023-02-23,1053,0.7830883149229926,1,1,123,1571.6390975559673,veteran,1
U-00603,2023-02-23,1520,0.6516987589111125,4,1,176,603.908597646085,veteran,0
U-01894,2023-02-23,1091,0.02754762129145616,9,3,28,325.1075991868486,veteran,0
U-02760,2023-02-23,95,0.04397166822294529,8,2,146,2486.4480546804566,new,1
U-03537,2023-02-23,1334,0.822644656835189,7,0,91,468.6043419152585,veteran,1
U-01357,2023-02-23,1498,0.4166694109625484,7,2,97,572.5571769777649,veteran,0
U-03526,2023-02-23,647,0.7805133395762727,9,2,117,334.6606017445118,established,1
U-02479,2023-02-23,664,0.347672030660947,9,0,22,509.06512020475424,established,1
U-02206,2023-02-23,1421,0.3957668099057702,3,2,6,643.8528622486629,veteran,1
U-03268,2023-02-23,960,0.9129130838821744,3,1,122,488.37012163343996,veteran,0
U-00681,2023-02-24,365,0.046561151728786276,2,2,171,773.9782017364571,established,0
U-02726,2023-02-24,1731,0.03457166331823147,6,3,168,683.5104012727136,veteran,0
U-03605,2023-02-24,645,0.985635712513855,7,6,40,1231.0013165215978,established,1
U-03307,2023-02-24,430,0.7870701269273584,7,2,75,319.7636749457019,established,0
U-02377,2023-02-24,312,0.8757257516664424,7,0,84,773.6414769470152,established,0
U-01818,2023-02-24,804,0.3507339517432785,7,5,107,323.93248837133564,veteran,1
U-00822,2023-02-24,1819,0.6649036790414772,2,0,43,337.3737655561244,veteran,1
U-01341,2023-02-24,1240,0.04233945060917599,1,0,73,586.1408356236615,veteran,0
U-00619,2023-02-25,1799,0.5121864202999443,9,2,16,1469.6440657754451,veteran,1
U-01444,2023-02-25,525,0.9605304639047046,8,1,36,566.6898721096181,established,1
U-01527,2023-02-25,652,0.19817903082285326,6,2,31,385.35810197471795,established,0
U-02735,2023-02-25,1305,0.9770063680159924,8,2,90,602.8611270351897,veteran,0
U-01835,2023-02-25,1713,0.09639348747004439,2,3,20,670.6385579923349,veteran,0
U-00720,2023-02-25,1157,0.44679634469056895,8,3,124,2132.586694018182,veteran,1
U-00117,2023-02-25,287,0.8651834547878755,7,2,122,899.476054676642,established,0
U-03888,2023-02-25,1667,0.7061307547303153,4,1,139,886.3935523994302,veteran,1
U-02107,2023-02-25,1572,0.1292510889476195,8,0,118,726.387163070728,veteran,0
U-02209,2023-02-25,1292,0.8460504971784825,7,4,92,394.59071814686877,veteran,1
U-00768,2023-02-25,253,0.21434543694778307,6,5,130,853.7677536128602,established,0
U-00099,2023-02-25,692,0.9051927562134626,7,2,9,420.14983280809895,established,1
U-02233,2023-02-25,344,0.22565239291171524,2,0,80,501.8080025085112,established,0
U-00328,2023-02-26,125,0.8400570085219016,9,1,176,265.47623500196096,new,1
U-01089,2023-02-26,1069,0.29047033442889747,4,2,77,709.0962169981519,veteran,1
U-03513,2023-02-26,545,0.698296394588205,7,0,140,1259.9603360575993,established,1
U-01186,2023-02-26,1730,0.022653987707937362,4,0,146,823.7011315534784,veteran,0
U-03248,2023-02-26,823,0.7867558721562373,7,0,27,241.15312501749284,veteran,1
U-03203,2023-02-26,286,0.9822048746373078,2,0,9,776.4684063175911,established,1
U-03992,2023-02-26,1347,0.09393639659209119,1,1,47,309.1530524390908,veteran,1
U-03834,2023-02-26,1843,0.6036207627815519,3,2,105,721.954303590347,veteran,0
U-00305,2023-02-26,1547,0.12562504555165477,6,1,96,635.7857860475743,veteran,1
U-00240,2023-02-26,691,0.7830128354568426,4,2,76,1113.7323159148507,established,1
U-00461,2023-02-26,697,0.4147542241619748,3,2,58,907.7023762768539,established,0
U-01962,2023-02-27,1664,0.4975596573165595,8,0,80,304.37249864875156,veteran,1
U-00255,2023-02-27,676,0.0706507157711106,7,3,75,1109.5263360927522,established,0
U-02518,2023-02-27,413,0.21060418611309517,6,2,130,862.0136042492114,established,0
U-01062,2023-02-27,1244,0.30205125941585187,4,1,84,758.6731071687348,veteran,0
U-00407,2023-02-27,396,0.3756059721287023,6,0,76,970.767690977691,established,1
U-03670,2023-02-27,185,0.9919294092179923,4,3,174,730.2118068739532,established,1
U-00527,2023-02-27,212,0.6813895353038614,9,1,38,414.1449977539345,established,1
U-02301,2023-02-27,31,0.499575378358439,4,2,44,1773.6208025142503,new,1
U-01611,2023-02-27,512,0.7108876827294898,5,1,148,1303.187188572678,established,0
U-00833,2023-02-27,496,0.7401462086960039,9,4,128,624.6969229725225,established,0
U-00923,2023-02-28,1367,0.8797764560608707,6,2,88,591.6688282666775,veteran,1
U-03057,2023-02-28,1680,0.14036100145675845,8,1,136,526.3190055483591,veteran,0
U-02329,2023-02-28,1213,0.24982467365181793,5,0,124,558.3279181945167,veteran,0
U-00521,2023-02-28,1405,0.41379980988414755,4,1,37,441.4470136346717,veteran,0
U-01934,2023-02-28,1680,0.2675326983665324,4,1,156,299.1087394256136,veteran,1
U-01574,2023-03-01,1435,0.32599104541562474,1,2,139,221.1180647961743,veteran,1
U-02890,2023-03-01,322,0.6223449360758967,4,0,152,631.7175851510133,established,0
U-02662,2023-03-01,981,0.1357858256265938,4,2,8,744.4852124021095,veteran,1
U-02888,2023-03-01,230,0.608613738742478,5,0,148,1795.5983101880222,established,1
U-00974,2023-03-01,1608,0.5821670682445784,7,4,120,3069.496350660736,veteran,0
U-03068,2023-03-01,1266,0.42701541733706916,1,2,168,740.7194654412177,veteran,0
U-01606,2023-03-01,918,0.05755603594395453,9,1,178,1908.1512556842752,veteran,0
U-00456,2023-03-01,1194,0.1489778241795211,1,3,58,1470.6254222855798,veteran,0
U-00937,2023-03-01,1194,0.7243600948428013,5,1,155,485.62390787693874,veteran,0
U-00751,2023-03-01,325,0.5298006109074711,6,2,91,322.66923230779287,established,1
U-02062,2023-03-01,774,0.15451470815614743,5,1,90,434.94970969164825,veteran,0
U-01697,2023-03-01,1541,0.900681699762243,8,1,88,1196.1924569619082,veteran,1
U-01676,2023-03-01,1059,0.16491540860861353,9,3,14,976.370926043152,veteran,1
U-03829,2023-03-02,809,0.18572844298954805,3,1,43,676.9078802602145,veteran,0
U-01523,2023-03-02,1840,0.6735218510617179,1,4,173,492.36429173745927,veteran,1
U-02638,2023-03-02,1589,0.7938826862551621,2,1,64,395.3560873173855,veteran,1
U-00356,2023-03-02,1931,0.952200725408912,7,0,148,1816.4784089455104,veteran,1
U-02007,2023-03-02,1498,0.854147306406393,1,2,35,760.4830711821018,veteran,1
U-00272,2023-03-02,1868,0.8069229778199158,3,1,106,659.9233167008929,veteran,1
U-00181,2023-03-02,741,0.12738612172475006,4,3,1,551.3093855396822,veteran,1
U-03979,2023-03-02,1992,0.44401801829036525,4,0,88,1856.6124601569818,veteran,1
U-01103,2023-03-02,1013,0.6144032510643201,6,1,86,2045.965516225872,veteran,1
U-01480,2023-03-02,1979,0.025926228090944137,4,1,128,754.9832158473839,veteran,0
U-01969,2023-03-03,160,0.7992163802511801,6,0,177,1214.2301507777668,new,1
U-01536,2023-03-03,139,0.2978748426431058,1,3,14,647.8452423506699,new,1
U-02012,2023-03-03,1324,0.010137569140699632,8,2,60,523.8328989842462,veteran,1
U-00960,2023-03-03,781,0.15874858019476323,1,3,62,745.8263237546547,veteran,0
U-02307,2023-03-03,273,0.8486154962906369,9,1,113,394.0265220000641,established,1
U-02221,2023-03-03,624,0.2159791490794628,9,1,47,2866.825373522905,established,0
U-03567,2023-03-03,475,0.6338804696362723,3,1,81,1353.076210784167,established,1
U-01228,2023-03-03,199,0.19297444176784384,6,0,145,548.1320849061649,established,0
U-00535,2023-03-03,1030,0.09005503778215973,2,1,68,1028.1564673717585,veteran,1
U-00389,2023-03-03,1207,0.5819987254559883,9,2,145,1192.7671103576376,veteran,1
U-00057,2023-03-03,1074,0.9534202486534301,9,0,27,483.6068759691817,veteran,1
U-03685,2023-03-03,1315,0.8344040447135034,2,1,82,405.2477823046583,veteran,1
U-03700,2023-03-03,1072,0.16004472713910234,7,2,14,744.8474144411017,veteran,0
U-03927,2023-03-03,569,0.440376801584787,9,3,158,1156.969095206529,established,1
U-02885,2023-03-03,109,0.957040453732577,7,2,31,616.5985091904246,new,0
U-01045,2023-03-03,755,0.9988915487544232,9,2,117,666.4272792891582,veteran,1
U-03037,2023-03-03,1100,0.7385316090207217,3,0,132,351.03488562853875,veteran,1
U-02248,2023-03-04,153,0.6162572916024947,2,1,124,617.4051548571529,new,0
U-01405,2023-03-04,794,0.7293504449521396,2,1,125,1078.2278716454775,veteran,0
U-00532,2023-03-04,1417,0.6539731467169314,6,1,115,563.0446670704962,veteran,0
U-03252,2023-03-04,1557,0.853411142782429,9,2,37,401.6948121803195,veteran,1
U-00846,2023-03-04,1680,0.13789958241196532,6,1,153,600.6569658864331,veteran,1
U-01946,2023-03-04,544,0.05705891693196119,8,1,37,524.2197215523554,established,0
U-03602,2023-03-04,568,0.5126190164674482,5,2,114,583.3747873796613,established,1
U-00883,2023-03-04,345,0.34030064366652835,3,1,37,1111.715372428903,established,1
U-02791,2023-03-04,1856,0.3270376922533811,7,2,113,879.7945699460524,veteran,1
U-01654,2023-03-04,512,0.2887410352398029,5,3,123,305.7975141697542,established,0
U-03706,2023-03-04,1696,0.18095261608129332,7,2,177,745.2682468793203,veteran,0
U-03402,2023-03-04,202,0.3213054528851047,6,1,179,485.23595473997085,established,0
U-03807,2023-03-04,1074,0.3394252489533416,5,2,142,535.9610863415662,veteran,0
U-02426,2023-03-05,1951,0.11445269716988982,4,1,166,1782.655082654942,veteran,0
U-03350,2023-03-05,1574,0.03685413861685172,6,3,49,1172.2722703550648,veteran,0
U-00936,2023-03-05,1922,0.36379698216463674,7,0,162,352.85365891879377,veteran,0
U-00749,2023-03-05,749,0.11080439503263928,6,0,109,624.1489883232977,veteran,1
U-02867,2023-03-05,518,0.04342006023435396,5,2,16,598.3911203899304,established,0
U-03884,2023-03-06,1645,0.05980120927253929,6,2,27,573.6214632950835,veteran,1
U-01907,2023-03-06,1829,0.623528754370408,9,1,47,2019.5944413829172,veteran,1
U-01694,2023-03-06,1187,0.7494776291225896,3,1,176,675.3099209090544,veteran,1
U-01853,2023-03-06,1377,0.251263550706466,7,2,89,973.2933850162642,veteran,1
U-00177,2023-03-06,1442,0.9858532004423277,5,1,134,963.6167816379418,veteran,1
U-03364,2023-03-06,1981,0.18420771426073201,9,1,171,366.33392975823836,veteran,1
U-02094,2023-03-06,649,0.9724621845353718,1,2,142,2358.075921480717,established,1
U-02432,2023-03-06,530,0.10908996367748669,9,1,76,2381.349019611237,established,1
U-03326,2023-03-06,514,0.968046425182061,4,1,103,1151.8974593892892,established,0
U-02932,2023-03-06,168,0.5739032935718357,9,1,5,971.168684895428,new,1
U-00286,2023-03-06,1437,0.9097935450039947,7,1,10,813.9747770489257,veteran,1
U-02368,2023-03-06,81,0.5533982076178892,3,1,68,437.8660555088982,new,0
U-03321,2023-03-06,448,0.036851540610053135,4,1,124,800.9498564854507,established,0
U-02659,2023-03-06,469,0.4242266170332375,6,2,115,211.15431902283018,established,1
U-03162,2023-03-06,1262,0.5707226929191692,3,1,173,956.9191067885896,veteran,0
U-00082,2023-03-06,1546,0.7292712438603892,1,1,179,897.6903207476217,veteran,1
U-01935,2023-03-07,588,0.5526613561036466,3,0,47,2906.1986527199397,established,1
U-01777,2023-03-07,243,0.5489812739351246,7,2,84,658.5485185255413,established,1
U-01486,2023-03-07,449,0.8805249763593188,7,2,106,656.5411181197783,established,1
U-01555,2023-03-07,1042,0.8790038848027194,8,3,108,825.832595531784,veteran,0
U-01075,2023-03-07,773,0.2233225881619405,9,1,19,393.01344830718125,veteran,1
U-03270,2023-03-07,630,0.8600237828834533,3,0,46,437.3863128872447,established,0
U-00349,2023-03-07,723,0.8323193042175333,1,1,7,356.3820706927453,established,1
U-02719,2023-03-07,1343,0.449457160513994,1,2,8,646.4762436965178,veteran,0
U-01940,2023-03-07,532,0.6927415002668795,5,0,12,1193.8439786019453,established,1
U-00040,2023-03-08,677,0.44238959390094557,6,2,79,229.47636165117274,established,1
U-00531,2023-03-08,279,0.3171206618751382,9,1,47,1141.4994231025973,established,1
U-00466,2023-03-08,1604,0.16553150154503016,3,0,27,553.6647563956993,veteran,0
U-01636,2023-03-08,531,0.262572461160155,2,3,89,531.610028220114,established,0
U-01849,2023-03-08,148,0.7853375514877494,4,1,170,386.42093664402876,new,1
U-00186,2023-03-08,553,0.10413468760722522,8,2,137,371.4622414880538,established,0
U-01077,2023-03-08,54,0.14951173948933894,2,0,125,491.43668224135973,new,0
U-02296,2023-03-08,321,0.8044943549475032,1,3,5,1130.0613646144425,established,0
U-01595,2023-03-08,725,0.633603785941861,6,3,118,1436.2061317841767,established,0
U-00167,2023-03-08,387,0.4041545356132761,6,0,18,615.6535368558572,established,1
U-03689,2023-03-08,1919,0.3686231538668159,2,1,24,4543.239315593164,veteran,1
U-02595,2023-03-08,1009,0.3490826074898701,9,1,97,223.41101916730474,veteran,1
U-00622,2023-03-08,1658,0.6385911963305415,3,2,98,3066.3631192627518,veteran,0
U-03516,2023-03-09,54,0.870387605402543,8,2,84,257.7395451573569,new,1
U-00684,2023-03-09,1048,0.9969094246100404,4,0,155,224.3012196953505,veteran,1
U-03561,2023-03-09,197,0.2931542080066948,2,0,10,910.3538838832669,established,1
U-03523,2023-03-09,674,0.16687111950842504,1,2,89,762.4765380592078,established,0
U-00702,2023-03-09,1101,0.3423150062476059,4,3,37,1365.8384395042028,veteran,0
U-02939,2023-03-09,1934,0.27082543444689955,3,3,97,2167.506463224634,veteran,0
U-03558,2023-03-09,235,0.8542407251937729,3,2,103,805.0232056863904,established,0
U-02199,2023-03-09,364,0.9897692333824446,9,1,16,749.9552014218201,established,1
U-02327,2023-03-09,1438,0.5790439538535498,6,1,11,768.1887952996105,veteran,1
U-03179,2023-03-09,606,0.32509316308114533,2,2,29,861.0727116329329,established,0
U-03048,2023-03-09,1604,0.5100105822590654,9,1,152,728.4703936022433,veteran,1
U-00703,2023-03-10,1711,0.3735910064723913,8,2,175,399.24876243949853,veteran,0
U-00261,2023-03-10,428,0.8876811765900013,6,3,121,1964.7169883117592,established,0
U-01192,2023-03-10,1007,0.12240884773046701,9,1,2,1400.426185077636,veteran,1
U-02449,2023-03-10,303,0.7606272321111164,1,1,59,1295.7592881758458,established,1
U-02050,2023-03-10,847,0.43184800113469735,2,0,69,686.3131860935171,veteran,1
U-02804,2023-03-10,897,0.8849700014156061,4,1,140,737.0058278484978,veteran,1
U-02102,2023-03-10,991,0.8447300578810684,4,1,48,1338.9525654363997,veteran,1
U-01432,2023-03-10,685,0.6580323103841129,4,2,26,403.36111075719685,established,1
U-02533,2023-03-10,401,0.05066662928287036,5,3,155,353.59939787805746,established,0
U-02930,2023-03-11,211,0.24147808521538172,2,4,22,477.9962229599894,established,0
U-03096,2023-03-11,347,0.47888049893494333,4,4,81,986.9472011007618,established,1
U-03949,2023-03-11,180,0.9043261840584723,6,1,4,306.45730140539985,new,0
U-03288,2023-03-11,894,0.5742714699195859,9,3,113,195.59058000332416,veteran,1
U-00543,2023-03-11,1236,0.49347150830638464,2,1,107,683.8715690433578,veteran,0
U-01615,2023-03-11,1470,0.22684148463223253,8,0,116,457.22483970822645,veteran,1
U-00410,2023-03-11,267,0.37128048750862697,9,2,120,631.6721818416214,established,1
U-03760,2023-03-11,733,0.3514426145328662,9,0,78,312.1045350221245,veteran,1
U-03256,2023-03-11,1831,0.4483028697585574,3,1,21,682.5678702273891,veteran,1
U-00907,2023-03-11,1586,0.12169028737408949,9,1,46,901.2484452207848,veteran,1
U-01031,2023-03-11,1678,0.8516418262967486,6,3,149,632.3288895155308,veteran,1
U-02247,2023-03-12,924,0.9635213640591765,4,1,96,230.23213909896555,veteran,0
U-02477,2023-03-12,729,0.42362832540184614,8,3,140,683.118290641966,established,1
U-02369,2023-03-12,143,0.702055062428583,7,4,22,353.2934997649047,new,0
U-02367,2023-03-12,372,0.2056670566635791,9,1,58,731.023245288582,established,0
U-03791,2023-03-12,1251,0.5005679607905664,8,1,95,267.9845666049703,veteran,1
U-03887,2023-03-12,1228,0.2193456358189767,6,3,13,206.3946650741468,veteran,1
U-03051,2023-03-12,881,0.2212213900245774,6,4,72,246.81522902050034,veteran,0
U-01404,2023-03-12,78,0.5527510440724698,5,2,4,798.2244075065756,new,1
U-00660,2023-03-12,1669,0.6861293100027828,3,0,117,923.8339312428701,veteran,1
U-03786,2023-03-12,1432,0.6931380346544302,7,4,105,1267.3990960846977,veteran,1
U-03195,2023-03-12,1769,0.9559842693402016,4,0,78,1013.385334360679,veteran,1
U-00760,2023-03-12,1935,0.501661842065483,6,2,165,534.8807716676008,veteran,0
U-03087,2023-03-12,473,0.2715653705440776,5,1,96,1296.1622129350822,established,1
U-00258,2023-03-12,1220,0.9561874150536347,9,1,145,959.4510788969714,veteran,1
U-02031,2023-03-12,1426,0.45598484949406026,8,2,80,494.72445615427284,veteran,1
U-00229,2023-03-12,57,0.25578065342499323,2,2,66,522.234028907503,new,1
U-02146,2023-03-12,1092,0.7733000080093962,2,1,138,263.0590471265368,veteran,0
U-02380,2023-03-13,602,0.7057380542422326,6,1,140,776.6028617734966,established,0
U-00391,2023-03-13,1637,0.7602957880874366,5,3,29,367.33909063356947,veteran,1
U-03823,2023-03-13,964,0.25306413169772035,6,1,107,882.531629570008,veteran,1
U-01885,2023-03-13,1635,0.0420306414319922,1,0,90,286.81527617415094,veteran,0
U-01882,2023-03-13,1671,0.785206135943191,2,2,151,2046.8871220491412,veteran,1
U-03878,2023-03-13,1602,0.9705166637521067,4,2,46,1793.7755741174258,veteran,1
U-01173,2023-03-13,688,0.04685702266715508,2,2,57,377.42781293316807,established,0
U-01701,2023-03-13,779,0.09721263778493949,4,1,87,541.053833791184,veteran,0
U-00250,2023-03-13,853,0.34025821189267225,1,3,158,390.31989583533294,veteran,0
U-02274,2023-03-13,1138,0.03538954236297853,8,2,120,543.2933569902525,veteran,0
U-03667,2023-03-14,956,0.3678577280304026,7,2,130,406.8658671589614,veteran,0
U-02482,2023-03-14,1893,0.8684994925258765,9,2,94,1730.4349556034783,veteran,1
U-00348,2023-03-14,1540,0.5195860575716703,2,1,108,739.8153722845364,veteran,0
U-00468,2023-03-14,1780,0.9918953187295984,9,0,3,350.0225174204669,veteran,1
U-00563,2023-03-14,400,0.8135265495805395,6,3,109,612.7521616107368,established,1
U-01638,2023-03-14,243,0.048108528016667984,7,1,125,519.2788265319496,established,1
U-02612,2023-03-14,1846,0.5094986051377748,5,2,167,1851.5953592086564,veteran,0
U-01105,2023-03-14,1298,0.4505398055116595,8,2,140,816.1207207844553,veteran,0
U-03086,2023-03-14,910,0.7456857921016514,5,1,171,554.6697310402743,veteran,1
U-03098,2023-03-15,511,0.23492817955053413,5,1,28,702.7620147810526,established,1
U-00911,2023-03-15,1088,0.46560851000693315,1,1,13,383.63425354004664,veteran,0
U-02925,2023-03-15,43,0.1690363465396305,3,2,136,1411.9564681999484,new,0
U-01928,2023-03-15,252,0.8774529147529555,6,1,110,1976.1435297325806,established,1
U-02384,2023-03-15,512,0.1733267962959556,9,2,100,1435.4658441560227,established,1
U-00022,2023-03-15,1098,0.31487847827750304,6,0,100,514.1081535627447,veteran,1
U-00634,2023-03-15,229,0.6485122984051379,1,3,162,133.4536586807455,established,0
U-03934,2023-03-15,1337,0.6228591700219328,6,3,93,456.11354126298136,veteran,1
U-01662,2023-03-16,1725,0.528367320376222,6,1,96,1228.4498576977728,veteran,1
U-03528,2023-03-16,1612,0.3829389854137788,9,1,53,311.4150064117072,veteran,1
U-01959,2023-03-16,1753,0.30886275491526094,6,0,73,1141.5762204685586,veteran,1
U-02928,2023-03-16,1469,0.30896954240931596,4,0,171,3826.560154086283,veteran,1
U-03289,2023-03-16,132,0.18723062608985142,8,1,26,415.9092427949661,new,1
U-01344,2023-03-16,591,0.2981222918836933,6,1,161,319.39648555591515,established,0
U-03358,2023-03-16,1758,0.27612986765266345,2,2,34,594.2062058790862,veteran,0
U-01431,2023-03-16,476,0.4429140631136037,1,1,161,641.9431778555816,established,0
U-02740,2023-03-16,34,0.5985697922971579,2,2,23,724.6618741039639,new,0
U-01797,2023-03-16,1257,0.9072617908488282,3,2,157,1525.8196946305166,veteran,0
U-01890,2023-03-16,1496,0.9664762406883838,5,2,153,652.3865563171115,veteran,0
U-02070,2023-03-17,283,0.9185854490691312,1,2,144,616.0631696492208,established,0
U-00071,2023-03-17,1572,0.6471187880735663,8,1,114,252.128137715294,veteran,1
U-01533,2023-03-17,907,0.3467524982610628,8,1,31,1259.4983296006765,veteran,1
U-00252,2023-03-17,1961,0.18675475571140332,4,2,14,477.3610571144897,veteran,1
U-02809,2023-03-17,1759,0.788072927588106,7,2,23,1307.5401602264885,veteran,1
U-02673,2023-03-17,1063,0.4350862411039177,4,3,46,393.35545233715715,veteran,1
U-02737,2023-03-17,296,0.5968380379296185,7,0,161,397.00596205522106,established,0
U-03255,2023-03-17,1354,0.048859906758049076,4,0,25,226.70073325864172,veteran,1
U-03393,2023-03-17,619,0.7383189369523997,5,0,0,859.0336219168075,established,1
U-01650,2023-03-17,1859,0.8833811820915227,6,1,56,556.9865384500782,veteran,0
U-03775,2023-03-17,1703,0.4276060072889357,7,2,44,160.71366663828155,veteran,1
U-03044,2023-03-17,1688,0.9619571857850425,8,2,47,601.5237806076333,veteran,1
U-02943,2023-03-17,910,0.5965804553802915,1,1,139,547.7074878405634,veteran,0
U-01325,2023-03-17,806,0.14638982888620733,9,2,169,528.299414858985,veteran,0
U-03294,2023-03-18,496,0.6461791686100757,1,1,47,572.4620533949007,established,1
U-03193,2023-03-18,1742,0.49270784716723803,2,0,105,559.888516785096,veteran,0
U-00522,2023-03-18,1091,0.773379288138484,1,1,178,340.1268699150096,veteran,0
U-01522,2023-03-18,1509,0.42942338302152816,1,3,19,1060.4453507260805,veteran,1
U-03912,2023-03-18,427,0.41092952752865664,2,2,13,950.8211545511705,established,0
U-02391,2023-03-18,794,0.6260209001017866,2,0,105,471.44173695431294,veteran,1
U-01177,2023-03-18,918,0.004282810632935008,5,3,51,353.7758619869509,veteran,0
U-00887,2023-03-19,1092,0.6950383878099182,4,4,103,282.53684168193615,veteran,1
U-01114,2023-03-19,499,0.11670369167885941,8,2,179,559.842425588059,established,0
U-02850,2023-03-19,725,0.9955975267446494,9,1,28,364.51680551172024,established,1
U-02553,2023-03-19,982,0.07854496383245724,8,1,116,434.0248799224013,veteran,1
U-01112,2023-03-19,1985,0.7533686139505454,4,1,163,672.9536231508464,veteran,1
U-02860,2023-03-19,1462,0.2174284293624129,3,0,99,723.8366533052708,veteran,1
U-00542,2023-03-19,1855,0.9896584966717438,4,3,112,617.2696042150526,veteran,0
U-00051,2023-03-19,806,0.6690374301236321,5,1,178,1138.5256199462274,veteran,1
U-02992,2023-03-19,485,0.9069552232425624,8,1,123,749.0399564629379,established,0
U-02219,2023-03-19,1877,0.4363589474325642,4,2,30,404.996043921563,veteran,1
U-00397,2023-03-20,539,0.756515867645341,5,4,130,1492.282940871514,established,1
U-03692,2023-03-20,766,0.40835419541933005,9,4,17,693.5002998730305,veteran,1
U-02889,2023-03-20,1761,0.6281929259282364,7,1,29,616.5962225480941,veteran,1
U-03257,2023-03-20,1296,0.9080415620455077,9,2,57,1394.642548041197,veteran,1
U-03152,2023-03-20,306,0.9992599017054545,6,1,5,776.6876111087872,established,1
U-03908,2023-03-20,250,0.5090244682548472,3,1,53,461.08233697902176,established,1
U-03181,2023-03-20,1613,0.4364162936900374,7,3,22,1061.4489333250772,veteran,1
U-00992,2023-03-20,1983,0.7037698077660497,1,0,52,1600.2820638637759,veteran,1
U-01769,2023-03-20,1110,0.7462732339820062,5,2,142,830.9986673267169,veteran,1
U-02465,2023-03-20,1051,0.8553116678744016,6,0,95,398.5915054163781,veteran,1
U-03836,2023-03-20,792,0.26073599775671463,4,4,88,512.7810753575108,veteran,0
U-01703,2023-03-21,879,0.7586008971462594,2,3,111,803.1175630274747,veteran,0
U-01786,2023-03-21,1301,0.8792258568135658,2,1,155,2559.8570553071445,veteran,1
U-00425,2023-03-21,1748,0.3792659505862729,7,1,35,202.68769726947838,veteran,1
U-00101,2023-03-21,1975,0.6587589892067757,4,1,152,810.515565225384,veteran,1
U-02744,2023-03-21,1739,0.09486203011118832,1,1,17,347.0926726738838,veteran,1
U-02510,2023-03-21,573,0.7863902307023161,2,0,47,604.1830144381216,established,1
U-03039,2023-03-21,1537,0.926587724178369,2,2,110,349.0650757091229,veteran,0
U-03964,2023-03-21,133,0.16076870460259396,4,0,31,411.552645619305,new,0
U-02093,2023-03-21,938,0.6069717344671073,3,1,96,743.9864169570736,veteran,0
U-03023,2023-03-21,1423,0.48270364918889697,4,1,22,946.4316507222386,veteran,1
U-02812,2023-03-21,842,0.33808558133395483,7,0,150,590.417713760848,veteran,0
U-02814,2023-03-21,756,0.5018048150760679,7,2,139,1243.601585806103,veteran,0
U-00837,2023-03-21,162,0.010753717600025525,4,1,12,354.5860011595883,new,0
U-00008,2023-03-22,403,0.16157862437152193,8,2,34,407.55768668031425,established,0
U-01084,2023-03-22,1053,0.9330752414784446,3,0,176,725.5442791817173,veteran,0
U-02348,2023-03-22,971,0.49484856159015655,4,6,78,1495.99057868216,veteran,0
U-00871,2023-03-22,1915,0.24453657575180598,8,0,58,1289.6888495244787,veteran,1
U-02899,2023-03-22,1648,0.9474737957401368,4,0,42,715.592621329314,veteran,1
U-00663,2023-03-22,772,0.0830827746920515,6,2,140,896.202819381898,veteran,0
U-03503,2023-03-22,1037,0.44379057347933304,9,1,127,388.9523167383754,veteran,0
U-03893,2023-03-22,443,0.14968922447813082,8,0,120,706.8988154665658,established,0
U-01795,2023-03-22,431,0.6254640887729238,3,2,138,704.9997248076373,established,0
U-00223,2023-03-22,1080,0.1528132640522074,3,2,136,801.2920676801218,veteran,0
U-03287,2023-03-22,377,0.11671856067595932,1,2,84,2511.613265670193,established,0
U-00652,2023-03-22,682,0.12624143656628217,8,2,28,1098.821319680683,established,1
U-01363,2023-03-22,1711,0.9001858951048464,6,5,66,1020.7476170387359,veteran,1
U-02642,2023-03-23,1946,0.20609390633044067,2,2,7,637.4105537182497,veteran,0
U-01739,2023-03-23,101,0.38075297469462865,6,0,63,472.81782721922923,new,0
U-00338,2023-03-23,1488,0.5112702394360336,2,2,10,366.74700429643303,veteran,1
U-03735,2023-03-23,537,0.39667394746340157,8,1,161,1108.1925484780163,established,0
U-02772,2023-03-23,1931,0.46468641769448127,8,1,17,1361.3569821761291,veteran,1
U-02115,2023-03-23,328,0.7626708585475125,9,3,30,1497.316611728475,established,1
U-03831,2023-03-23,630,0.6859876565745173,3,4,170,1118.510980295722,established,0
U-02764,2023-03-23,980,0.31724859789473436,9,0,66,846.6220933646007,veteran,1
U-02473,2023-03-24,1909,0.5684374113757185,4,0,173,1190.024992946351,veteran,1
U-02495,2023-03-24,1609,0.012245665790822424,4,2,10,1062.1949099279213,veteran,0
U-01871,2023-03-24,959,0.28941613355602613,9,1,133,374.2537255849316,veteran,0
U-03582,2023-03-24,1382,0.1604844032718623,8,0,96,599.4290811339876,veteran,1
U-01473,2023-03-24,387,0.20773073536958164,5,3,178,1037.5346153290802,established,0
U-02869,2023-03-24,179,0.5634788015560602,7,0,123,1069.0101336540185,new,0
U-03078,2023-03-24,484,0.11557880635366846,2,1,73,763.7840539902421,established,0
U-03432,2023-03-24,781,0.7154929967908985,3,0,73,773.458168177429,veteran,0
U-01071,2023-03-25,1183,0.34364592572976427,3,1,85,113.47155178145299,veteran,1
U-03241,2023-03-25,1254,0.28989167187910014,2,1,103,228.80997755138463,veteran,1
U-03240,2023-03-25,1028,0.5690417771584352,1,1,124,872.7453456554387,veteran,0
U-02522,2023-03-25,342,0.04445747643638054,4,2,31,610.4135713409499,established,1
U-02359,2023-03-25,1029,0.4720563359640083,1,3,14,586.2582368092004,veteran,0
U-00734,2023-03-25,1660,0.9093013156402705,3,0,23,278.99781672258945,veteran,1
U-01939,2023-03-25,391,0.8360262035777268,5,0,54,961.6759556408243,established,1
U-02276,2023-03-25,170,0.21016516249231165,7,0,33,922.2318343101448,new,0
U-02443,2023-03-26,1629,0.8128018914258494,3,1,56,664.6131625622417,veteran,1
U-01744,2023-03-26,63,0.6800608554300946,3,2,106,844.4719187780922,new,0
U-01709,2023-03-26,1523,0.6160872419411724,5,2,95,487.0530547251522,veteran,0
U-03525,2023-03-26,204,0.2302113587793363,7,1,98,740.9155999558815,established,0
U-01988,2023-03-26,1738,0.9500344632041346,1,1,96,324.49315610753683,veteran,1
U-03327,2023-03-26,1368,0.4287579032557307,8,3,146,1091.284432867419,veteran,1
U-01987,2023-03-26,1111,0.3780151073363489,4,2,78,379.2598916610655,veteran,1
U-03296,2023-03-26,566,0.6870545832536334,3,2,49,725.4006860337112,established,1
U-03231,2023-03-27,1398,0.22206408602551375,4,1,174,1277.808817484892,veteran,0
U-00141,2023-03-27,1723,0.5289732369129581,4,3,67,360.80780518459676,veteran,1
U-02664,2023-03-27,1395,0.25507676134233237,9,2,178,818.8337174684546,veteran,0
U-02601,2023-03-27,1886,0.1143955574012756,8,1,109,335.63355518909356,veteran,1
U-02469,2023-03-27,353,0.8662419197575649,2,2,101,248.7804032871859,established,0
U-02733,2023-03-27,1397,0.7960670996017167,7,2,138,381.6112256971197,veteran,0
U-01394,2023-03-28,1099,0.43373497368748204,5,1,176,506.61672469577826,veteran,1
U-03959,2023-03-28,1314,0.94107417024669,2,2,33,1846.6662164631907,veteran,1
U-01581,2023-03-28,1676,0.3845640671309203,8,4,143,594.8938766477477,veteran,0
U-03178,2023-03-28,795,0.9223331583153058,9,0,32,470.5367359979575,veteran,1
U-02552,2023-03-28,383,0.8398742827317391,7,2,53,231.38393609993247,established,0
U-02838,2023-03-28,157,0.9833798511764558,4,1,23,1055.5507366431405,new,1
U-03585,2023-03-28,75,0.3773917714049878,1,0,106,508.2846825168743,new,1
U-02461,2023-03-28,895,0.738843045933042,1,1,15,137.57991417126306,veteran,0
U-03475,2023-03-28,1457,0.5213802064412295,2,3,139,575.5815212905709,veteran,0
U-03682,2023-03-28,1728,0.4516854958057447,8,0,164,1038.5256673606511,veteran,1
U-03669,2023-03-28,601,0.5117021723736607,8,0,133,501.69799950861216,established,1
U-03017,2023-03-28,1372,0.02728342626386515,7,2,27,928.9491841739483,veteran,1
U-01354,2023-03-29,1574,0.9043577000916412,3,1,61,394.0598384585683,veteran,1
U-00963,2023-03-29,492,0.24369675423272685,2,1,0,1077.887986277644,established,0
U-00902,2023-03-29,1254,0.17988646470252778,6,2,98,416.97496700672264,veteran,1
U-03951,2023-03-29,428,0.6139458631384505,1,1,10,784.613080231259,established,1
U-02873,2023-03-29,677,0.35014154229408245,3,3,46,838.0327510509998,established,0
U-02193,2023-03-29,194,0.48596950376780523,5,0,164,1136.636360400388,established,0
U-02357,2023-03-29,38,0.942764592687814,7,0,147,938.5002504958273,new,1
U-02298,2023-03-30,613,0.278860958238202,2,3,150,4897.515779962757,established,0
U-02393,2023-03-30,1123,0.1333492051804933,6,1,34,341.50810914466655,veteran,1
U-01838,2023-03-30,577,0.4733610131974654,9,1,52,240.5041491996154,established,1
U-01256,2023-03-30,147,0.6020878260016921,3,2,107,464.7962995941349,new,0
U-02702,2023-03-30,1065,0.9792302142549747,4,2,177,495.109582034232,veteran,1
U-03443,2023-03-30,1044,0.154071929104027,9,2,57,500.1496012666448,veteran,1
U-03412,2023-03-30,1331,0.09515797340476406,4,0,161,1675.53375206414,veteran,0
U-03621,2023-03-30,1148,0.7418892668382021,3,1,165,638.4982420643807,veteran,1
U-03868,2023-03-30,1224,0.5887666996202181,3,0,42,492.78664400167827,veteran,1
U-03740,2023-03-31,305,0.507687779735764,8,3,77,1802.7831968100402,established,1
U-03849,2023-03-31,438,0.7031854149056544,1,2,77,1095.4008537066966,established,0
U-03470,2023-03-31,1467,0.17733366329673173,6,2,5,476.2422804709673,veteran,0
U-02240,2023-03-31,1312,0.6400726695930785,6,2,117,1816.765393362473,veteran,1
U-00362,2023-03-31,1008,0.6594672750054781,9,4,87,1136.3352058814512,veteran,1
U-03028,2023-03-31,908,0.6121144359151738,5,3,97,298.18194077070757,veteran,0
U-02746,2023-03-31,53,0.6108897773937499,2,0,65,823.5165889166211,new,1
U-03881,2023-03-31,173,0.029409602623172826,9,1,4,932.823175780512,new,1
U-03180,2023-03-31,907,0.2588529399238877,7,1,66,1264.7188515857624,veteran,0
U-03713,2023-03-31,1614,0.23577117297395866,6,2,135,682.8762258058975,veteran,0
U-03313,2023-03-31,342,0.6180091103824286,4,1,95,296.09016094562287,established,0
U-03196,2023-04-01,642,0.13067050897865595,7,0,83,1556.5063715369688,established,1
U-02913,2023-04-01,1877,0.7398739048329345,2,0,124,933.9958411089056,veteran,1
U-00077,2023-04-01,1214,0.5739842081524886,1,0,177,1003.1341344474858,veteran,1
U-00975,2023-04-01,1611,0.41197472401198787,1,1,58,375.74087439698957,veteran,1
U-02314,2023-04-01,1709,0.6918594739723322,2,2,173,1234.0780770668762,veteran,0
U-03151,2023-04-01,792,0.7347034888995855,5,1,26,294.0584301432991,veteran,1
U-00031,2023-04-01,1058,0.35506007079502466,3,1,7,1471.2553300185255,veteran,1
U-02935,2023-04-02,623,0.7067485835975892,6,1,47,1187.8370085891993,established,1
U-00411,2023-04-02,1187,0.052282010821323,4,2,165,633.51747845237,veteran,0
U-00566,2023-04-02,1417,0.7550263775005784,1,2,70,836.2437844272697,veteran,1
U-02967,2023-04-02,1139,0.1731970866331951,6,0,105,838.8650854540402,veteran,0
U-03335,2023-04-02,283,0.9017314179639625,9,1,63,854.2229018713364,established,0
U-01502,2023-04-02,99,0.11271606632786002,5,1,71,1527.8925664348637,new,1
U-03781,2023-04-02,310,0.2946560888554083,6,3,6,324.5320042641727,established,0
U-01511,2023-04-02,1601,0.5371871543270333,3,1,179,521.624979349888,veteran,0
U-03810,2023-04-02,1026,0.13294310327404035,1,1,144,442.9582313010718,veteran,0
U-03483,2023-04-03,402,0.7688172932641588,4,3,82,566.0956820107796,established,1
U-01655,2023-04-03,463,0.20291978306153358,9,0,41,1502.2435762595755,established,1
U-03701,2023-04-03,865,0.5282406269206588,3,1,38,468.68524481554954,veteran,0
U-01478,2023-04-03,213,0.5730961413415162,8,1,22,344.48309082112326,established,1
U-00325,2023-04-03,803,0.5509644155135526,3,2,43,629.8367139633763,veteran,0
U-03088,2023-04-03,299,0.18111938776368142,1,0,65,801.4608767371936,established,0
U-01544,2023-04-03,461,0.5506414608194028,6,1,87,544.0621718119869,established,1
U-00485,2023-04-04,756,0.28020090530999753,9,1,142,529.2312665648819,veteran,0
U-00625,2023-04-04,787,0.6228509658561748,1,1,50,656.3952960189381,veteran,1
U-03910,2023-04-04,121,0.9847585300318772,6,1,10,557.1143698434198,new,1
U-02174,2023-04-04,945,0.4255439680497215,6,0,88,2105.523145326393,veteran,0
U-02208,2023-04-04,602,0.031391619919897584,6,1,113,810.2881779526072,established,0
U-01111,2023-04-04,1394,0.6121498757095142,2,2,167,872.0982696182995,veteran,0
U-01816,2023-04-04,832,0.3002481086293015,8,1,165,715.8274992027682,veteran,0
U-01290,2023-04-04,1662,0.33210118784100473,9,1,157,2015.14684804429,veteran,0
U-01287,2023-04-04,1729,0.5548254003765684,3,2,93,877.8671485500641,veteran,0
U-00147,2023-04-04,1715,0.6904081087789521,5,0,26,667.614727150991,veteran,1
U-01876,2023-04-04,1831,0.6073854534294973,6,2,81,1459.6085666473052,veteran,0
U-03434,2023-04-05,838,0.00966305376024823,6,1,36,830.6316838894379,veteran,0
U-01385,2023-04-05,1755,0.7791037387343669,1,1,139,883.0027524001202,veteran,1
U-03254,2023-04-05,438,0.5377059850537337,1,5,147,374.4294241215695,established,0
U-00636,2023-04-05,1654,0.34036377813972996,7,0,84,1076.6677272607271,veteran,1
U-03109,2023-04-05,606,0.1473346004355438,2,1,65,396.1639676158801,established,1
U-03627,2023-04-05,151,0.9018958105093605,1,0,171,2134.0974810683097,new,0
U-00326,2023-04-05,1705,0.05880105782349765,3,2,113,1092.6979252680987,veteran,1
U-00565,2023-04-05,697,0.6605836755045515,4,0,143,647.9668638092566,established,1
U-00509,2023-04-05,1933,0.3214006801424768,7,2,169,387.04743680272946,veteran,1
U-02292,2023-04-05,96,0.9078020527624597,5,0,71,1640.8291801311682,new,0
U-02881,2023-04-05,550,0.6521786052913653,6,2,129,625.4835398125617,established,1
U-03209,2023-04-05,1873,0.6233599249634025,2,1,142,586.7601223831557,veteran,1
U-01608,2023-04-05,1226,0.42915178987916247,4,1,76,636.5259744834265,veteran,0
U-00718,2023-04-05,820,0.5066111397598535,1,1,2,506.90382918361416,veteran,0
U-01307,2023-04-06,1496,0.2945493537899925,2,2,120,699.2984104515924,veteran,0
U-00188,2023-04-06,112,0.06961100179860558,4,0,174,549.389227963043,new,0
U-02640,2023-04-06,673,0.02369227531631124,2,1,150,533.4525159880076,established,0
U-01046,2023-04-06,1549,0.22965233623958103,5,2,57,150.37275766655833,veteran,0
U-01264,2023-04-06,1671,0.36846820331059704,4,1,82,1354.6873956181234,veteran,1
U-00853,2023-04-06,165,0.12532600977445074,8,3,55,779.022012970741,new,0
U-03371,2023-04-06,216,0.8403413780135583,1,0,149,614.0797731685092,established,1
U-00592,2023-04-06,173,0.729818921063804,8,5,155,904.2223718132053,new,1
U-00096,2023-04-06,1086,0.5910776169538354,3,3,0,1492.5495340588948,veteran,1
U-03292,2023-04-06,578,0.8289309814874659,5,0,33,414.5681966348427,established,0
U-02966,2023-04-07,1810,0.5378464111657014,2,1,19,2224.723172050772,veteran,1
U-02666,2023-04-07,187,0.80622058077483,1,1,160,623.5525436531584,established,0
U-01505,2023-04-07,1679,0.3625188818037357,8,0,90,387.841811492834,veteran,1
U-00831,2023-04-07,241,0.2993703433542988,8,4,102,1338.670390793222,established,0
U-01401,2023-04-07,1386,0.20120449812587282,3,0,28,419.0398296441923,veteran,0
U-02181,2023-04-07,1753,0.52781640202125,6,3,26,360.7683697011064,veteran,1
U-03093,2023-04-07,975,0.769034227704616,7,2,5,916.2693904481653,veteran,1
U-03072,2023-04-07,1227,0.3035825052326585,5,3,23,356.05836727500554,veteran,1
U-01541,2023-04-07,348,0.5496290760728367,1,3,143,472.3108714098613,established,0
U-03967,2023-04-07,491,0.8484566781151089,6,2,96,536.9555388084667,established,1
U-03083,2023-04-07,1101,0.208170941304622,9,2,13,300.14712179311056,veteran,0
U-03744,2023-04-07,351,0.786778675211034,4,1,20,679.171660343754,established,0
U-01250,2023-04-07,324,0.4793046827177857,8,2,43,293.1774044378076,established,0
U-00383,2023-04-07,1140,0.47160277916514803,8,2,179,622.6831576066899,veteran,1
U-01708,2023-04-08,1086,0.057623471547056604,4,1,16,671.0927985542561,veteran,0
U-01123,2023-04-08,1366,0.554298135279598,3,2,46,186.46317348813983,veteran,0
U-03274,2023-04-08,174,0.7098622992274988,7,0,51,358.2272279158258,new,1
U-00856,2023-04-08,1696,0.4630468067525807,6,1,153,793.3025601185283,veteran,1
U-01905,2023-04-08,321,0.8813887043548337,3,2,148,269.6693203445619,established,0
U-02486,2023-04-08,1579,0.25454721178600914,7,0,73,476.9589990380287,veteran,1
U-01106,2023-04-08,1523,0.1647061404908643,6,0,133,145.85047014076073,veteran,1
U-02686,2023-04-08,408,0.9421322739280427,4,1,71,1595.6932024712703,established,1
U-00314,2023-04-08,1511,0.003061104864092945,6,4,2,368.7953526924224,veteran,0
U-02161,2023-04-08,467,0.5618469470659689,5,0,135,1901.0785910220618,established,1
U-02252,2023-04-08,572,0.4293923274296819,7,1,168,423.7508665774205,established,1
U-01810,2023-04-08,1343,0.51376045095169,7,4,47,707.6097363946625,veteran,0
U-01785,2023-04-08,1246,0.737566161223297,7,0,104,687.5881885815396,veteran,1
U-03277,2023-04-09,1614,0.656754612772855,6,0,19,1394.1233516412378,veteran,1
U-03385,2023-04-09,211,0.7896515154818492,7,2,8,623.9839194792473,established,1
U-01012,2023-04-09,1209,0.2043656937491969,3,1,149,1019.8563149412926,veteran,0
U-00118,2023-04-09,438,0.3179845046165125,6,5,4,442.3350926930906,established,1
U-03569,2023-04-09,1063,0.976670366806066,5,0,8,345.9849058496914,veteran,1
U-03877,2023-04-09,1010,0.777225319307587,7,2,14,633.0723724389552,veteran,1
U-00988,2023-04-09,1865,0.9193969243677436,9,0,70,434.84397007342204,veteran,1
U-02099,2023-04-09,519,0.13960278578624907,4,4,16,410.63488215188625,established,0
U-01453,2023-04-09,1575,0.17455238357527125,9,2,144,630.2959306487372,veteran,0
U-01514,2023-04-09,1032,0.11016059605332329,5,0,118,1025.7671074875002,veteran,0
U-00830,2023-04-09,716,0.5936131913179654,3,1,84,308.82277560456964,established,0
U-03481,2023-04-09,446,0.9163864104223756,5,4,38,1363.9750326509145,established,0
U-02750,2023-04-09,1459,0.016826137012448394,8,2,165,435.2822588874081,veteran,0
U-01891,2023-04-09,854,0.588513776624626,7,2,158,795.0321448223176,veteran,0
U-03332,2023-04-10,699,0.3611733104176903,3,2,56,1870.6526115878976,established,0
U-03060,2023-04-10,984,0.17053672611745474,4,1,31,719.0457781116667,veteran,1
U-03862,2023-04-10,1588,0.12725761828472648,8,1,143,540.0456159638635,veteran,0
U-00507,2023-04-10,1187,0.18771592244975877,8,1,25,965.2022076347721,veteran,1
U-00616,2023-04-10,606,0.13602744522090648,6,0,10,1265.8980190630075,established,0
U-02236,2023-04-10,1628,0.4207477948214936,9,1,170,2529.398457923091,veteran,1
U-00924,2023-04-10,682,0.474382132911368,5,2,66,746.1255447700227,established,0
U-03702,2023-04-10,1027,0.5525458869503187,4,1,101,3610.0818707036447,veteran,1
U-01562,2023-04-10,1580,0.10119944592677466,4,1,178,641.5718438388649,veteran,0
U-03430,2023-04-10,1798,0.8325074228768271,6,1,21,472.17372695346984,veteran,1
U-01903,2023-04-10,1560,0.7978245238266289,5,1,140,406.29606654024656,veteran,0
U-03594,2023-04-10,998,0.6161984729623928,2,3,80,698.3892580052935,veteran,1
U-00567,2023-04-10,1416,0.03716066181935718,5,0,145,1889.3427208944008,veteran,1
U-01817,2023-04-11,1848,0.20190721853143612,4,1,48,488.89666465456264,veteran,1
U-01412,2023-04-11,1030,0.33119940680621107,6,0,90,964.0335783060897,veteran,0
U-02398,2023-04-11,1150,0.5568670679399422,7,3,157,347.62752802113386,veteran,1
U-00482,2023-04-11,1676,0.7904132683455726,1,1,137,484.69475996391844,veteran,0
U-03717,2023-04-11,1421,0.8308808839003218,5,1,38,358.33118555677413,veteran,0
U-01851,2023-04-12,1191,0.8636000698541542,5,1,74,396.8283301971449,veteran,1
U-00695,2023-04-12,1675,0.6685854458209842,2,3,112,493.90875889360285,veteran,0
U-01561,2023-04-12,260,0.36384678102548307,6,2,141,1254.6776521399402,established,1
U-01306,2023-04-12,805,0.9986954925203827,4,3,110,469.38635122434135,veteran,1
U-01941,2023-04-12,954,0.5943228447873232,8,1,79,687.1791594138692,veteran,1
U-03305,2023-04-12,639,0.4524473992179535,2,1,105,469.43688664929465,established,1
U-03221,2023-04-12,1322,0.19814086343199422,9,3,22,1434.7647469620304,veteran,1
U-01659,2023-04-12,1480,0.7467248762917983,9,3,72,783.377870815163,veteran,1
U-03390,2023-04-12,1982,0.2608107377102711,4,1,7,2375.3316739894594,veteran,1
U-00918,2023-04-12,1693,0.9204004729600596,7,4,101,695.0135708950583,veteran,1
U-02607,2023-04-13,1998,0.22111450371095287,6,2,39,270.63974837493726,veteran,1
U-03318,2023-04-13,1085,0.4585838238763206,5,1,89,1040.2610952739267,veteran,1
U-00932,2023-04-13,1801,0.7875625625397042,1,1,152,652.1657894397763,veteran,1
U-02125,2023-04-13,511,0.3178400337341488,5,1,88,817.4184089975017,established,1
U-00345,2023-04-13,1020,0.9496353881767499,6,3,148,710.1582204127467,veteran,1
U-01424,2023-04-13,622,0.9324720513360747,4,3,76,631.1612550346498,established,1
U-02345,2023-04-13,1430,0.6379237496008234,1,1,137,1649.2514339466056,veteran,0
U-03792,2023-04-13,1492,0.1768488681070587,5,0,113,2091.180748287444,veteran,0
U-02187,2023-04-14,1930,0.26253921564899707,3,0,174,231.79185281286564,veteran,0
U-02420,2023-04-14,1264,0.3412388046547036,1,0,125,649.7275600033998,veteran,0
U-01803,2023-04-14,1864,0.5643533069491241,9,3,136,634.561915136148,veteran,0
U-03973,2023-04-14,463,0.01410875928450872,8,2,156,1520.9086695741946,established,0
U-01178,2023-04-14,201,0.5042103016788663,9,0,130,415.5178251321993,established,1
U-03467,2023-04-14,1170,0.18019417370894997,2,2,78,1351.057638896085,veteran,0
U-02078,2023-04-14,1166,0.06867798554917004,3,0,22,1233.389226494522,veteran,0
U-03565,2023-04-15,1867,0.8838666668118358,6,3,129,275.066044712101,veteran,1
U-00210,2023-04-15,327,0.699270809013938,5,0,42,775.2283462962378,established,1
U-02417,2023-04-15,245,0.2028917948060165,3,3,100,1531.043302312841,established,0
U-02894,2023-04-15,1407,0.15441942802223374,7,2,94,308.76274208266693,veteran,0
U-00379,2023-04-15,1861,0.02620935654880885,8,3,110,702.6960203330892,veteran,1
U-01501,2023-04-15,473,0.5068269662175497,7,1,128,648.4463311656216,established,0
U-01620,2023-04-16,73,0.4429088313208297,9,1,147,500.8962630326176,new,0
U-03215,2023-04-16,515,0.06826310555190063,5,2,152,836.7928916201182,established,1
U-01296,2023-04-16,39,0.991398048885621,4,0,56,346.9126642177284,new,1
U-03514,2023-04-16,586,0.716336800129603,1,0,68,2062.188343596828,established,0
U-01458,2023-04-16,1049,0.191922708515344,9,1,14,638.4116613567705,veteran,0
U-02491,2023-04-16,1125,0.664795093623584,6,2,84,685.3744860924652,veteran,1
U-00208,2023-04-16,475,0.4488063837722176,3,3,37,271.8274307048871,established,1
U-01881,2023-04-16,1973,0.22349862107410756,2,2,134,608.9078443021291,veteran,1
U-03719,2023-04-16,190,0.4377894663384714,5,1,82,284.4723586675053,established,1
U-03199,2023-04-16,893,0.6925535452979048,5,4,87,377.423656763712,veteran,1
U-01428,2023-04-17,88,0.9278382180832169,4,1,95,825.3071526815031,new,0
U-00291,2023-04-17,1860,0.06527723447865985,6,2,123,1249.520351864597,veteran,0
U-00617,2023-04-17,1208,0.5493180822758392,4,3,11,465.649606530869,veteran,1
U-00205,2023-04-17,1619,0.7510811604828711,7,2,8,761.8751242100834,veteran,1
U-01260,2023-04-17,1986,0.6507989615178819,3,0,76,175.52155715129905,veteran,1
U-03301,2023-04-17,615,0.6596924785411186,8,1,44,331.81695219032963,established,1
U-02300,2023-04-17,693,0.20442213789020958,2,2,170,1673.0028461070997,established,0
U-01700,2023-04-17,1257,0.8236744898245643,3,1,63,433.53814502729,veteran,1
U-01122,2023-04-18,1241,0.43165020810125265,4,1,177,955.6225934765237,veteran,0
U-03753,2023-04-18,33,0.8487327239916674,8,3,145,465.3114227856605,new,1
U-03167,2023-04-18,1453,0.19679918784140937,8,1,21,945.4271500960419,veteran,1
U-01672,2023-04-18,1907,0.3616846750221502,6,2,172,459.64152463701623,veteran,0
U-01010,2023-04-18,1694,0.23494554525306988,4,1,14,1313.9988800722601,veteran,0
U-02332,2023-04-18,486,0.5092092897436206,9,3,172,588.1950346893304,established,0
U-00508,2023-04-18,553,0.7563071144709534,1,0,62,1324.507301692276,established,1
U-02576,2023-04-19,104,0.4435698001641636,9,1,11,304.4194829936565,new,1
U-02429,2023-04-19,318,0.13646163021384838,1,0,90,1215.3246489147061,established,0
U-00215,2023-04-19,1985,0.1855241896319073,8,2,152,618.2220948931038,veteran,1
U-02657,2023-04-19,1027,0.9587913895457043,1,1,72,283.4294840457987,veteran,1
U-00743,2023-04-19,673,0.28592494883694264,5,1,163,445.7329332818874,established,0
U-00778,2023-04-19,240,0.27566543378716624,6,2,15,1000.4856489790831,established,1
U-00889,2023-04-19,978,0.9997148510628928,8,0,31,249.52192689855332,veteran,1
U-02237,2023-04-19,563,0.668699887074931,6,2,26,1478.9077716838367,established,1
U-01639,2023-04-20,1848,0.5627030530435029,9,0,48,875.1691418201068,veteran,1
U-00504,2023-04-20,63,0.13064525602570232,8,0,70,683.248105864248,new,1
U-03099,2023-04-20,1708,0.010245360383479452,2,2,62,897.873992771676,veteran,1
U-01321,2023-04-20,1686,0.6341832153951836,3,1,118,454.247370082481,veteran,0
U-03031,2023-04-20,1518,0.22893377430794448,9,2,148,932.8588087290028,veteran,1
U-01490,2023-04-20,963,0.3126110677842414,7,3,19,3402.6638068833063,veteran,1
U-03059,2023-04-20,984,0.4066371380600168,3,1,50,912.6594492156518,veteran,1
U-03303,2023-04-20,444,0.4771272279152493,8,1,41,607.8226985952143,established,1
U-00038,2023-04-21,633,0.37884255697310876,6,3,116,335.50256752125256,established,0
U-00142,2023-04-21,351,0.03348356899710048,2,1,80,443.5589737411648,established,0
U-03306,2023-04-21,1094,0.07259142632366522,5,1,155,743.8908570763193,veteran,0
U-03795,2023-04-21,818,0.7353318566822382,8,3,95,789.2084584826442,veteran,1
U-00110,2023-04-21,36,0.3216223382192459,1,3,152,266.01796995460194,new,0
U-03082,2023-04-21,1473,0.7949175830914994,8,5,113,907.18159431283,veteran,0
U-00280,2023-04-21,973,0.007348139064262682,2,1,166,522.3701638682861,veteran,1
U-02105,2023-04-21,1307,0.966743190512804,9,1,160,757.7511945386518,veteran,1
U-03211,2023-04-21,37,0.7870748229276331,9,0,88,559.6701868137516,new,1
U-02954,2023-04-21,875,0.7169265459357955,9,2,146,660.667369923914,veteran,1
U-02848,2023-04-22,711,0.20181849356304526,3,0,130,342.5355984457149,established,0
U-00949,2023-04-22,755,0.6911320145375287,3,1,167,334.6844371774225,veteran,1
U-01191,2023-04-22,1829,0.6816108483374057,7,3,179,418.4742394189876,veteran,1
U-00412,2023-04-22,686,0.7424892910556222,7,1,24,538.9416508833394,established,1
U-02044,2023-04-22,1197,0.5286908701020894,6,1,168,430.4200693601035,veteran,0
U-01793,2023-04-22,1949,0.11418440406452013,3,1,170,804.7032379351233,veteran,0
U-02310,2023-04-23,981,0.1567740081478498,1,1,29,236.10658804549794,veteran,0
U-01916,2023-04-23,670,0.7979341171788689,6,3,115,921.2291680077931,established,1
U-02110,2023-04-23,1733,0.08483780958144438,4,0,179,607.6185962187142,veteran,0
U-02108,2023-04-23,1226,0.36771380483246763,3,2,149,156.5281625184196,veteran,0
U-01998,2023-04-23,1513,0.8612373420184543,8,3,46,743.5193222511617,veteran,1
U-01550,2023-04-23,1216,0.28786140049078257,1,0,106,342.27890085889265,veteran,1
U-01999,2023-04-23,223,0.8188438849424412,6,0,140,357.9173452997094,established,1
U-00151,2023-04-23,1075,0.5378303989980171,5,2,60,407.46663231942205,veteran,1
U-00313,2023-04-23,222,0.8197385402823597,8,0,164,694.6127742323307,established,0
U-01027,2023-04-23,220,0.3221060010672626,9,2,59,500.3551579873396,established,1
U-00398,2023-04-23,167,0.15701132415179186,9,1,129,983.8612870233005,new,1
U-00572,2023-04-23,1004,0.16274971929985638,2,2,118,544.5353064257862,veteran,0
U-02705,2023-04-24,106,0.4941588209221267,4,3,157,1286.1333982863944,new,0
U-03598,2023-04-24,60,0.4044477423918925,2,2,40,676.5379730075193,new,0
U-01409,2023-04-24,1427,0.8181129185255726,5,3,94,1480.3198792053572,veteran,1
U-01381,2023-04-24,1898,0.6967060290760775,5,0,122,473.9115361341919,veteran,1
U-02786,2023-04-24,1309,0.45302611428664163,2,0,74,568.1782529722752,veteran,1
U-03419,2023-04-24,1476,0.09652361930564479,6,3,164,703.1090384707306,veteran,0
U-02870,2023-04-24,327,0.6809662658546916,2,2,82,1146.7625267966419,established,0
U-00813,2023-04-24,1125,0.9406109981675586,2,2,12,1448.9582300505344,veteran,1
U-02978,2023-04-24,1246,0.7860363176458435,7,0,79,305.6705603697576,veteran,0
U-01208,2023-04-24,996,0.07296134116013575,5,2,126,587.6251314456082,veteran,1
U-03038,2023-04-24,1625,0.8870225905583834,9,1,150,431.93486398757886,veteran,0
U-02109,2023-04-24,1240,0.6003214700466446,8,1,18,699.2268655026044,veteran,1
U-00298,2023-04-24,101,0.5330406047863557,9,1,38,313.8857486906786,new,1
U-00533,2023-04-24,1510,0.4814804275187985,9,3,86,556.4222698775501,veteran,1
U-01992,2023-04-25,1654,0.9633793497185212,2,1,146,548.8666988045234,veteran,1
U-02218,2023-04-25,76,0.19549329494514656,9,2,108,580.9015691301328,new,0
U-00449,2023-04-25,1799,0.02025876001774607,3,1,135,204.3719388028678,veteran,0
U-02811,2023-04-25,1630,0.28579247711059697,6,3,17,710.8856316536753,veteran,1
U-02192,2023-04-25,552,0.19483850451152274,8,1,66,841.6208451574536,established,0
U-03715,2023-04-25,891,0.04528522509163657,6,0,164,719.310575922,veteran,1
U-03993,2023-04-25,217,0.8639636964847707,3,0,53,660.0677985990772,established,1
U-00659,2023-04-26,1011,0.1556751971251129,5,2,52,1283.5272386808838,veteran,1
U-02397,2023-04-26,333,0.15551260101227238,3,2,98,428.44676419918295,established,0
U-03388,2023-04-26,498,0.03446013677833637,9,2,20,179.61394330657038,established,0
U-02806,2023-04-26,1010,0.526290785000375,6,2,105,996.569478571711,veteran,0
U-02228,2023-04-26,39,0.452246292081535,1,1,18,652.3305173008843,new,1
U-00480,2023-04-26,950,0.4591960956920653,9,2,152,173.38336518898015,veteran,0
U-00494,2023-04-26,635,0.27138813282503704,8,1,81,832.3474029066938,established,1
U-03367,2023-04-26,989,0.7835306916002306,3,4,73,537.4526671425303,veteran,0
U-02185,2023-04-26,1705,0.7280342413783699,2,1,20,1288.839995659019,veteran,1
U-01229,2023-04-26,564,0.23589225418204074,2,0,59,789.505677710051,established,1
U-02418,2023-04-26,1962,0.8780292726865745,3,5,28,390.7558819216457,veteran,0
U-03595,2023-04-26,1563,0.8879565826958018,3,3,122,3017.7036729444676,veteran,1
U-01482,2023-04-26,624,0.350367094714948,7,0,86,675.868636688187,established,0
U-02540,2023-04-26,1878,0.8923062282318597,3,0,44,975.660250256403,veteran,1
U-03293,2023-04-26,719,0.14445139951927322,4,4,146,948.1188783439313,established,1
U-02040,2023-04-26,814,0.45331936897800684,5,2,138,1045.0576101785375,veteran,1
U-00840,2023-04-26,1533,0.8789290329477213,3,1,102,883.0693130549506,veteran,0
U-03698,2023-04-26,174,0.11138510685706648,1,0,38,928.8432537892048,new,0
U-00095,2023-04-26,1107,0.3232072894927829,9,4,2,1135.791893743262,veteran,1
U-00854,2023-04-26,139,0.08674576828800407,6,4,91,1130.4118855137738,new,0
U-01113,2023-04-27,79,0.9360475203348232,7,2,0,879.9118696319093,new,1
U-02196,2023-04-27,1249,0.7882190419997233,2,3,140,1180.2837341247816,veteran,0
U-03524,2023-04-27,825,0.1893283064226321,1,1,177,417.7585089949016,veteran,0
U-01560,2023-04-27,967,0.9294374266776991,3,3,142,1905.5400373485866,veteran,0
U-00341,2023-04-27,852,0.12461025407954063,9,2,177,605.5124445190136,veteran,0
U-02582,2023-04-27,1251,0.7493319880707405,1,1,95,421.0419135925444,veteran,1
U-03041,2023-04-27,1056,0.19739641063361602,9,0,108,542.1445310606678,veteran,1
U-01450,2023-04-28,531,0.005850022673607236,4,4,19,795.1532621356631,established,0
U-01819,2023-04-28,1148,0.4100505132959775,3,0,162,694.4002058858752,veteran,0
U-01645,2023-04-28,136,0.2275488688194881,6,3,49,357.91866982309466,new,1
U-00270,2023-04-28,1603,0.9982559512152959,1,3,143,517.0244082196316,veteran,0
U-03436,2023-04-28,1626,0.08951892633830305,6,0,84,1037.2203844916867,veteran,1
U-00153,2023-04-28,1953,0.47398447302909097,1,1,172,595.9121031632012,veteran,1
U-02272,2023-04-29,1155,0.5937187070065306,1,1,72,313.9702666303242,veteran,0
U-01337,2023-04-29,1162,0.6658537063562052,6,0,139,698.4926755322815,veteran,0
U-00418,2023-04-29,1434,0.002235204747397135,3,1,69,1687.899934424309,veteran,1
U-03177,2023-04-29,1565,0.9730606535174523,7,0,53,1890.3153680744147,veteran,1
U-02254,2023-04-29,528,0.9126999907416816,4,3,126,627.7829170897705,established,1
U-01580,2023-04-29,1091,0.6982422739891901,8,1,124,830.2454500725635,veteran,1
U-00795,2023-04-29,403,0.18145445530144066,7,0,98,285.2625366460016,established,0
U-03591,2023-04-29,1316,0.9057282306308553,6,3,177,1097.0459174242062,veteran,0
U-01861,2023-04-29,1200,0.030666978464029993,6,4,17,741.1792410124423,veteran,1
U-00637,2023-04-29,1007,0.6897519659404748,3,1,51,576.8007882439439,veteran,1
U-01906,2023-04-29,952,0.6354292727910835,2,0,85,603.2480349898159,veteran,1
U-01238,2023-04-30,1830,0.4376118906550508,8,2,163,369.0045414156556,veteran,0
U-01399,2023-04-30,1745,0.040835597341881136,2,3,179,736.8224561366534,veteran,0
U-00262,2023-04-30,604,0.2831350763875111,9,0,121,1160.400859311793,established,0
U-03474,2023-04-30,965,0.3873066053206454,4,2,131,667.9913037536536,veteran,0
U-01315,2023-04-30,1143,0.39605894478365467,5,1,109,733.9228663155133,veteran,0
U-00970,2023-04-30,1715,0.626655182003354,7,1,46,1648.3471473335383,veteran,1
U-00352,2023-04-30,1115,0.6559531101246859,7,0,141,939.5247525705074,veteran,0
U-03204,2023-04-30,38,0.6065058323730488,3,2,147,482.47727257498843,new,0
U-01402,2023-04-30,1356,0.3842080032044929,3,1,109,689.8214237194184,veteran,0
U-02996,2023-05-01,699,0.7349430985905412,7,2,9,1665.713423536427,established,1
U-00927,2023-05-01,1196,0.484960250243615,8,2,59,637.2170261953129,veteran,1
U-01600,2023-05-01,693,0.5316564284688854,2,1,111,551.5926273227823,established,1
U-02775,2023-05-01,1890,0.38517202891602154,8,0,44,399.6433188409139,veteran,1
U-00801,2023-05-01,1204,0.20872688343696055,5,0,29,583.7523921590026,veteran,1
U-02832,2023-05-01,887,0.2574698932285242,8,2,22,739.1920808602914,veteran,1
U-01475,2023-05-01,1073,0.12829142437711005,4,2,84,1820.1899355768464,veteran,0
U-03843,2023-05-01,1737,0.5998678448275786,5,1,41,1027.278104003349,veteran,1
U-00189,2023-05-01,1803,0.4932448747446174,1,3,48,712.3793785815875,veteran,1
U-02051,2023-05-01,308,0.5450347457431102,5,2,11,668.0918118296128,established,0
U-00441,2023-05-01,729,0.3146878632891922,3,1,13,944.3362130545751,established,1
U-01366,2023-05-01,200,0.42785096732832373,3,0,24,475.60259103303287,established,1
U-01822,2023-05-01,1748,0.7209181900786765,3,1,142,350.81376070245886,veteran,0
U-02466,2023-05-01,751,0.24952264697243898,7,0,48,644.313053470621,veteran,1
U-00306,2023-05-01,1486,0.5535141849869538,5,1,179,279.0636878590143,veteran,1
U-03429,2023-05-01,1708,0.9289404358713399,1,1,60,341.5638894373459,veteran,1
U-02707,2023-05-02,678,0.5315802109973148,7,2,10,2599.7914027880815,established,0
U-00951,2023-05-02,129,0.7418209135729177,3,0,29,842.5538221392505,new,0
U-01154,2023-05-02,1608,0.06276327793060288,6,2,81,1206.1143352151435,veteran,1
U-03741,2023-05-02,760,0.45784219349337685,1,3,89,464.4067576871308,veteran,1
U-02020,2023-05-02,538,0.9789762586504105,7,3,47,793.4588778934524,established,1
U-03105,2023-05-02,707,0.044769489988415345,6,1,102,465.2009285736431,established,0
U-01837,2023-05-02,97,0.5126132480536286,8,1,131,235.5817151431056,new,0
U-00135,2023-05-02,1943,0.020368473684377664,4,1,73,264.70559712920755,veteran,1
U-03898,2023-05-02,1717,0.9584248037464674,2,0,100,1029.8066900573137,veteran,0
U-02594,2023-05-03,1914,0.9995181101809494,7,2,59,259.8100028503883,veteran,1
U-01104,2023-05-03,244,0.8254688332656196,3,4,101,518.1627841148254,established,1
U-02088,2023-05-03,796,0.34862642335951877,1,2,122,840.1863016069564,veteran,0
U-02186,2023-05-03,798,0.7194586063320303,9,1,73,1450.346924674555,veteran,0
U-01390,2023-05-03,382,0.5618778348930105,6,1,111,1751.9154722398125,established,0
U-00225,2023-05-03,380,0.8727502584378894,9,1,59,509.6184843213809,established,1
U-03341,2023-05-03,739,0.2850529729614175,3,2,39,117.56756363857343,veteran,0
U-01185,2023-05-04,1315,0.8661704308177439,8,1,28,541.9019654037854,veteran,1
U-02354,2023-05-04,1484,0.2736065184654841,1,2,48,477.24904409469184,veteran,0
U-03583,2023-05-04,669,0.7906494627008573,2,1,154,1145.412640395338,established,0
U-00332,2023-05-04,1726,0.06762000762929499,8,1,147,447.7121499404043,veteran,0
U-03696,2023-05-04,1045,0.31777144253950307,4,0,119,535.4671880976282,veteran,0
U-03061,2023-05-04,125,0.012336164449205822,5,2,86,381.99789588266384,new,0
U-03548,2023-05-04,954,0.11236987409269117,5,5,24,925.2875858656986,veteran,0
U-00238,2023-05-04,1526,0.5369999384184994,4,1,60,1281.0471911129314,veteran,1
U-02126,2023-05-04,354,0.2449808589901623,2,0,121,642.3821350493204,established,1
U-01778,2023-05-04,1422,0.7239272795530837,5,1,63,951.9614758686574,veteran,1
U-02308,2023-05-04,809,0.34939642508239954,7,1,167,603.9006007838168,veteran,1
U-03372,2023-05-04,1201,0.5362355350220966,5,1,171,1415.92703521393,veteran,1
U-03502,2023-05-05,1496,0.18822537189633282,9,2,121,886.4622292168586,veteran,0
U-03941,2023-05-05,1909,0.36270635917989036,7,3,12,207.46754690139346,veteran,1
U-01059,2023-05-05,1273,0.05548598652431469,3,1,4,649.6309873369471,veteran,1
U-00087,2023-05-05,1860,0.6170229101605608,5,2,60,1492.5858768036426,veteran,1
U-03986,2023-05-05,1685,0.9449541361107224,5,1,118,886.958852898394,veteran,1
U-00525,2023-05-05,933,0.557886678499744,8,2,164,732.604919385795,veteran,1
U-02780,2023-05-05,1761,0.3806629277016409,4,3,28,1684.1993047287565,veteran,1
U-00399,2023-05-05,1335,0.7783025947510613,2,0,9,662.2736701035185,veteran,1
U-02807,2023-05-05,1817,0.9500531556754879,5,2,92,525.3012753702731,veteran,1
U-01033,2023-05-06,317,0.5247951503334181,9,1,97,908.3533444255804,established,1
U-01013,2023-05-06,1882,0.7262286969850658,6,2,92,565.2174132284516,veteran,1
U-00748,2023-05-06,1733,0.8688852333918029,3,2,100,445.6250353597314,veteran,0
U-02433,2023-05-06,728,0.916659960195734,9,1,17,659.6390314432624,established,1
U-01461,2023-05-06,35,0.11069488330549448,3,2,100,917.2861645288071,new,0
U-03097,2023-05-06,255,0.33543587412796105,5,1,85,838.1024387733514,established,1
U-01820,2023-05-06,1236,0.6959336024021688,8,0,61,1054.019304135015,veteran,1
U-03163,2023-05-06,1590,0.7980427344855086,1,4,153,587.3865277583966,veteran,0
U-00747,2023-05-06,524,0.617128577684646,4,5,167,786.0772281216393,established,0
U-00446,2023-05-06,636,0.3813489015876391,1,0,109,651.6176148928278,established,1
U-00967,2023-05-07,696,0.31825055461840324,5,0,178,419.8166920035758,established,0
U-01603,2023-05-07,1000,0.9104123398316256,3,6,108,1006.7129645546621,veteran,1
U-00987,2023-05-07,1848,0.18964638154812463,8,2,5,433.09258611517555,veteran,1
U-03789,2023-05-07,1851,0.23903974215135615,5,1,108,928.4518535713449,veteran,0
U-00367,2023-05-07,309,0.5887707829895721,1,3,73,208.40699099655114,established,1
U-00308,2023-05-07,1611,0.9399825937049925,3,2,87,410.8742009554838,veteran,1
U-00337,2023-05-07,675,0.02494771870665069,2,2,135,898.6587122064909,established,1
U-02166,2023-05-07,625,0.6024819979535042,9,2,13,433.2641099350873,established,0
U-00798,2023-05-07,800,0.8426492406705349,8,1,88,426.2974424415975,veteran,1
U-01176,2023-05-07,424,0.19211422424921132,6,2,119,797.2615038227951,established,1
U-02866,2023-05-07,912,0.5176070950188872,6,0,118,1026.435502253317,veteran,1
U-01585,2023-05-08,1487,0.9505883840490933,3,1,160,544.9339037836555,veteran,1
U-01438,2023-05-08,862,0.9439476095247226,9,1,43,727.952235752525,veteran,1
U-01755,2023-05-08,820,0.609488887089519,7,6,68,709.9399498470735,veteran,0
U-00524,2023-05-08,1606,0.7333448483633508,7,2,117,1386.216366552635,veteran,0
U-01434,2023-05-08,1066,0.7316727834677892,6,2,129,1000.2405029151913,veteran,1
U-00553,2023-05-08,1125,0.6757485115605695,4,2,140,2844.980715573229,veteran,0
U-01575,2023-05-08,1092,0.1281622706457105,6,2,89,2006.652429461243,veteran,0
U-02271,2023-05-08,1529,0.22129128968065181,7,5,3,629.2824383144973,veteran,1
U-02015,2023-05-08,248,0.05866713233254106,5,1,110,737.9980175455106,established,0
U-01526,2023-05-08,1187,0.3063462371777058,2,2,138,409.5601289674042,veteran,0
U-03755,2023-05-09,1907,0.9090002020927456,8,2,166,402.8877579426001,veteran,1
U-00594,2023-05-09,1245,0.21133979326197827,1,3,129,361.1766391651187,veteran,0
U-02551,2023-05-09,1645,0.24028456335798487,1,1,77,456.8250723021982,veteran,0
U-02129,2023-05-09,766,0.11664591474418606,2,3,15,716.1169470887028,veteran,0
U-00166,2023-05-09,940,0.019406150494017504,6,1,100,623.5205315121439,veteran,1
U-01403,2023-05-09,1079,0.146538972560332,5,2,34,323.54556105072214,veteran,1
U-02927,2023-05-09,597,0.9121370048998244,2,1,158,438.7280208848288,established,0
U-02151,2023-05-09,1816,0.7209621638267112,2,2,48,1125.2264058200305,veteran,0
U-00402,2023-05-09,817,0.019422788058740426,2,3,12,549.2386266903866,veteran,1
U-01949,2023-05-09,1026,0.6520484832048667,3,0,120,1087.1881464315431,veteran,1
U-00320,2023-05-09,1328,0.8242389461001263,7,1,26,1008.4535903097409,veteran,1
U-02483,2023-05-09,1139,0.7349255887776993,5,2,97,1799.9771439253975,veteran,1
U-01503,2023-05-09,1456,0.6260488772454097,4,0,29,1374.2527611748533,veteran,1
U-02587,2023-05-09,998,0.966737574672076,1,2,50,1333.2413381392107,veteran,1
U-02291,2023-05-09,1289,0.9285281358522389,7,2,124,1146.087091257546,veteran,1
U-03446,2023-05-09,322,0.6422581371750993,1,1,150,679.6149750989852,established,0
U-02270,2023-05-09,1026,0.4613157517310297,4,1,41,583.7422029667445,veteran,0
U-03734,2023-05-09,40,0.8233299858567095,3,0,109,443.7630403944588,new,0
U-02525,2023-05-10,171,0.9994894042945859,7,3,172,550.3482295103158,new,0
U-02282,2023-05-10,1202,0.38954595819974824,1,2,103,881.5906620481668,veteran,1
U-00606,2023-05-10,503,0.8571585954487491,6,1,26,482.7052173695236,established,0
U-02082,2023-05-10,494,0.5727041359331937,2,0,148,650.8157172537307,established,1
U-01387,2023-05-11,1974,0.19076095246666414,1,1,55,675.588230182262,veteran,0
U-00631,2023-05-11,596,0.44719896492353517,5,1,57,955.2688587341019,established,1
U-01248,2023-05-11,1804,0.10293904704739976,7,1,91,625.5230788689543,veteran,0
U-03606,2023-05-11,1027,0.7786078026260798,1,1,64,207.8442600985416,veteran,1
U-03693,2023-05-11,1472,0.22479110186807127,8,0,88,596.8740542889678,veteran,1
U-03858,2023-05-11,217,0.84158859675307,5,1,43,2089.92039835953,established,1
U-02346,2023-05-11,1131,0.9547049119060317,3,2,16,432.13715781990743,veteran,0
U-02091,2023-05-11,1951,0.11648061593320991,1,1,176,1128.210593220577,veteran,0
U-02920,2023-05-11,537,0.7511751401719279,4,0,91,336.81548325493475,established,0
U-02306,2023-05-11,1620,0.693097778846711,2,1,177,1312.8817738025298,veteran,0
U-02536,2023-05-11,708,0.12294465640212127,5,2,60,414.3733045400117,established,0
U-00065,2023-05-11,709,0.7891420398689263,6,2,7,492.843374527891,established,1
U-00645,2023-05-12,824,0.9948034245919716,1,0,173,512.8374044921904,veteran,1
U-01914,2023-05-12,1063,0.2641406635814547,7,2,85,845.5641536471197,veteran,1
U-02150,2023-05-12,52,0.8047085885811869,6,1,44,866.8540212388086,new,1
U-03042,2023-05-12,1231,0.08529657553990788,8,0,165,831.8733070098393,veteran,0
U-00253,2023-05-12,697,0.5307564019360695,4,2,118,558.1634126830998,established,0
U-02575,2023-05-12,859,0.6247640101304504,6,1,170,1507.0577735310178,veteran,1
U-01094,2023-05-12,905,0.9948231734142234,9,2,61,665.6629895307236,veteran,1
U-03521,2023-05-13,1976,0.3517982616417863,8,2,20,407.7943259314476,veteran,1
U-03622,2023-05-13,1685,0.10648989757868688,4,0,120,558.5482533268073,veteran,0
U-01144,2023-05-13,1291,0.33117824496213244,9,0,161,111.73964674561783,veteran,1
U-02649,2023-05-13,1220,0.31138274426865564,5,1,99,1160.5777447986898,veteran,1
U-01776,2023-05-13,813,0.7078253041698377,8,0,95,323.39499578027676,veteran,1
U-02068,2023-05-13,325,0.2888010668157799,3,0,170,1363.1743442361962,established,0
U-00076,2023-05-13,1960,0.6492090265819204,9,0,22,301.09252407096733,veteran,1
U-03771,2023-05-13,107,0.09262780874197363,8,2,96,1548.146239898872,new,0
U-01513,2023-05-13,1743,0.32711225602116145,3,2,167,518.321503552963,veteran,1
U-00293,2023-05-13,215,0.5898927472909519,3,2,118,383.42265568444964,established,1
U-03573,2023-05-13,1921,0.35927834599623976,2,2,119,544.8778879814174,veteran,0
U-01029,2023-05-14,488,0.02553183713845031,4,1,178,793.6893425752182,established,0
U-00486,2023-05-14,1100,0.7758308035152388,3,3,105,1429.595357244675,veteran,0
U-01493,2023-05-14,436,0.32341925796080806,7,5,160,442.5155434913803,established,0
U-00168,2023-05-14,1028,0.5364864895582901,7,1,73,909.2701536419867,veteran,0
U-01904,2023-05-14,400,0.464871123857891,5,1,172,509.4168463353836,established,0
U-00737,2023-05-14,752,0.04953494206687581,4,4,44,521.1505050076711,veteran,0
U-01510,2023-05-14,829,0.10114321332760312,8,2,108,1381.733228929543,veteran,1
U-03769,2023-05-14,1949,0.6914175930297486,3,2,70,574.2562381893603,veteran,1
U-01068,2023-05-14,99,0.27624614103391154,1,1,75,1024.4369118975385,new,0
U-03658,2023-05-14,1282,0.14238792498827013,7,4,77,858.7814100558711,veteran,0
U-02159,2023-05-14,556,0.9314989394746928,4,0,151,1585.7056055754954,established,0
U-00370,2023-05-15,1129,0.284005816335823,2,0,131,1270.1746100447406,veteran,1
U-02203,2023-05-15,414,0.1860043703327412,5,1,64,389.5018240423717,established,0
U-03826,2023-05-15,588,0.7902752670742368,3,0,69,399.533595987236,established,0
U-03394,2023-05-15,1197,0.8554336896370037,3,3,98,900.2852650986495,veteran,1
U-02366,2023-05-15,1657,0.4325784299581542,7,0,167,1437.358535264828,veteran,0
U-02636,2023-05-15,220,0.12204779975345414,9,1,36,1008.8221468165304,established,0
U-03995,2023-05-15,922,0.3391070522180205,2,2,3,853.986531725043,veteran,0
U-03433,2023-05-15,1468,0.1342056267053643,3,0,45,603.668995356865,veteran,0
U-01781,2023-05-16,318,0.994348566947032,8,2,30,451.91948741709933,established,1
U-01770,2023-05-16,682,0.8013173262158622,8,3,76,1480.0296706219287,established,1
U-01175,2023-05-16,357,0.04849458227196646,4,1,163,1449.15306690741,established,0
U-01141,2023-05-16,61,0.5629578537862915,6,4,89,595.2026564633768,new,1
U-03985,2023-05-16,188,0.20198882994138034,4,1,82,1661.3850506241938,established,0
U-03596,2023-05-16,1300,0.2992783721220704,9,1,140,1085.2879766358324,veteran,1
U-00198,2023-05-16,1906,0.1750049622898383,3,2,152,700.1402666639295,veteran,0
U-02322,2023-05-16,267,0.865240350071502,8,3,125,623.1432442512097,established,1
U-03084,2023-05-16,1094,0.6325823773952418,3,1,65,372.93450246556796,veteran,1
U-00626,2023-05-16,35,0.8494618186441611,2,0,130,337.693984392307,new,1
U-01899,2023-05-16,1754,0.06112940236009179,2,3,119,483.0292680073277,veteran,0
U-03250,2023-05-16,702,0.5348112978078347,2,2,7,500.0890876305032,established,1
U-02326,2023-05-17,137,0.846539597923372,9,2,124,454.3652219935016,new,0
U-03728,2023-05-17,464,0.6000294417429484,7,2,6,409.509347031352,established,1
U-02073,2023-05-17,1247,0.18298893352686874,9,1,52,821.3308109856819,veteran,1
U-01977,2023-05-17,345,0.34495183182006595,1,0,116,1341.3434681667864,established,0
U-01973,2023-05-17,149,0.9954090615445003,3,2,12,602.9454280189993,new,1
U-01159,2023-05-17,1854,0.3017692985194961,2,2,4,547.451574286147,veteran,1
U-02490,2023-05-17,1767,0.26100610880259656,2,1,34,273.7344544367985,veteran,0
U-03212,2023-05-17,1016,0.6587426904453371,4,2,176,706.8980124031904,veteran,1
U-03486,2023-05-17,1615,0.2643216129849856,9,1,29,835.9569481306642,veteran,1
U-02460,2023-05-17,361,0.22496824779572533,9,1,86,818.6993900862007,established,1
U-01329,2023-05-17,998,0.34380644819385064,1,2,156,408.8258394550792,veteran,0
U-00196,2023-05-18,1120,0.11747968591054436,4,1,178,446.6606345915212,veteran,0
U-03090,2023-05-18,1316,0.4798444803773918,1,0,140,600.4807474056009,veteran,0
U-02484,2023-05-18,1435,0.974014150445425,6,0,48,477.24885018842434,veteran,1
U-01646,2023-05-18,1760,0.5804068361804202,7,1,159,505.79108262668075,veteran,1
U-01792,2023-05-18,802,0.13245139814420437,6,1,69,1969.1958516387253,veteran,1
U-03173,2023-05-18,799,0.6494847902069917,3,1,140,2725.3934728072322,veteran,1
U-01356,2023-05-18,1398,0.59563741801024,8,1,57,589.3541174450094,veteran,1
U-02739,2023-05-18,898,0.33189413985090344,7,0,104,748.5769835407453,veteran,0
U-01371,2023-05-18,1486,0.9970263616391729,2,1,51,2810.2259421989793,veteran,1
U-00990,2023-05-18,1308,0.006878011034333054,6,1,6,1368.6177097149703,veteran,0
U-02029,2023-05-18,578,0.17382664913450452,9,3,167,646.2839630108128,established,0
U-01710,2023-05-18,569,0.7722674032074582,6,2,90,559.7936883746607,established,0
U-02589,2023-05-19,989,0.5136986184699268,2,4,152,826.961254593453,veteran,1
U-03557,2023-05-19,1523,0.3215591093867818,7,2,26,787.2982456941567,veteran,0
U-00138,2023-05-19,1765,0.7092740111422482,3,0,8,1478.6502681973507,veteran,1
U-01591,2023-05-19,1171,0.7911331233595482,6,1,16,890.0672548298513,veteran,1
U-01382,2023-05-19,795,0.7834134858339759,6,0,92,551.2544571637355,veteran,1
U-01235,2023-05-19,1725,0.626922015704689,7,1,43,1247.5211543702364,veteran,1
U-00267,2023-05-19,1859,0.8155027559254567,8,0,133,318.1561005861871,veteran,0
U-01406,2023-05-19,1469,0.35465557605636466,7,2,172,922.6105767943321,veteran,1
U-02909,2023-05-20,1982,0.370327474936179,5,1,47,386.89696164920366,veteran,0
U-01756,2023-05-20,681,0.14286961854085745,6,1,18,457.3115369743188,established,0
U-02424,2023-05-20,1941,0.08014720987054169,7,0,179,469.7497861578506,veteran,0
U-03453,2023-05-20,1924,0.6031790299115898,3,0,74,1073.6255508748463,veteran,0
U-02997,2023-05-20,802,0.39138512442057194,9,1,35,637.5083320754343,veteran,1
U-03020,2023-05-20,1052,0.9867119790312812,2,0,47,826.1193639224078,veteran,1
U-03509,2023-05-20,945,0.5836406748348093,6,6,99,406.9657436196357,veteran,1
U-01311,2023-05-20,1856,0.2509129289525647,2,2,174,283.22438003020625,veteran,1
U-03716,2023-05-20,1354,0.5399188106009101,4,1,54,327.4180276837364,veteran,0
U-01362,2023-05-21,1178,0.1421860130150272,4,0,138,334.7534347422157,veteran,0
U-03853,2023-05-21,1087,0.48344721177377836,6,1,60,328.7944558823711,veteran,0
U-03405,2023-05-21,1160,0.01367864427367782,9,1,113,548.3738201978648,veteran,1
U-00978,2023-05-21,1849,0.811881500707928,2,2,141,1021.4857153848897,veteran,0
U-02584,2023-05-21,1465,0.47901845731392256,8,2,99,361.861806783566,veteran,1
U-02281,2023-05-22,627,0.26842121796128604,4,2,136,1491.428377453239,established,0
U-01830,2023-05-22,680,0.6709392749216151,9,1,32,333.199198050455,established,1
U-00043,2023-05-22,244,0.9246502196584624,3,1,121,758.484924443791,established,0
U-02884,2023-05-23,122,0.9373113039713239,5,1,79,364.29863018995604,new,1
U-03406,2023-05-23,1974,0.9594000852714745,1,0,53,539.1847424825605,veteran,1
U-02489,2023-05-23,256,0.9911067244295982,4,2,158,365.49146415996324,established,1
U-01684,2023-05-24,1101,0.4205680100373125,4,3,176,827.1443020010822,veteran,1
U-03130,2023-05-24,662,0.45054028438750005,9,1,58,372.9422527281474,established,1
U-03847,2023-05-24,1848,0.2863596223572976,1,2,32,446.26291850977884,veteran,0
U-01926,2023-05-24,1494,0.8193995071343285,5,0,169,1436.772573375049,veteran,0
U-03464,2023-05-24,912,0.9527841495754501,8,4,28,696.1174063940277,veteran,0
U-03053,2023-05-24,243,0.4293708757001783,5,3,137,555.9921994821797,established,0
U-03856,2023-05-24,225,0.19687100856436723,2,2,145,1502.5122490489684,established,0
U-01698,2023-05-24,1446,0.854088746632211,2,4,35,1420.0951334821732,veteran,1
U-00520,2023-05-24,1981,0.08477474277224473,5,0,18,359.42951200427484,veteran,0
U-03710,2023-05-24,548,0.43482172349648607,5,6,147,427.91046862794104,established,1
U-02561,2023-05-24,1339,0.35273440426033775,9,2,109,647.4555506351127,veteran,0
U-02758,2023-05-24,615,0.41366027069371947,2,0,131,551.4818408736735,established,1
U-02849,2023-05-25,333,0.9535010148281706,6,1,68,207.84321921230804,established,1
U-02826,2023-05-25,1090,0.014975605936593972,6,1,109,1285.2182404166147,veteran,0
U-01571,2023-05-25,1393,0.018750586736279162,3,2,19,394.79622705951726,veteran,0
U-02052,2023-05-25,797,0.8490656486374066,2,3,13,1887.4409787258712,veteran,1
U-02440,2023-05-25,1676,0.49489581439354347,2,1,159,905.1875046427226,veteran,1
U-00193,2023-05-25,106,0.8358850175531424,1,1,102,1007.0874975462456,new,0
U-00997,2023-05-25,1644,0.4711491351387228,6,0,19,912.2275269254997,veteran,1
U-01924,2023-05-25,1825,0.5614935332701865,3,2,26,395.1676915010507,veteran,1
U-00764,2023-05-25,890,0.4384070905301488,3,1,10,833.966774185817,veteran,0
U-02485,2023-05-25,1840,0.8885037667898433,1,2,47,428.4172248725659,veteran,1
U-03085,2023-05-25,1775,0.7567498124509318,4,2,155,955.6589297196975,veteran,1
U-03114,2023-05-26,1085,0.806533247646205,3,1,48,478.7380226781004,veteran,1
U-01051,2023-05-26,327,0.42168855478359224,8,1,13,2383.550814751752,established,1
U-02144,2023-05-26,166,0.612082254901896,7,2,167,315.555844134078,new,1
U-02892,2023-05-26,70,0.06375173641730303,2,0,8,600.25856415265,new,1
U-00745,2023-05-26,631,0.0364319473098611,2,1,52,484.36837631121773,established,0
U-02190,2023-05-26,1806,0.8397876238561816,8,1,150,1368.4642737197094,veteran,1
U-00300,2023-05-26,574,0.47178572016302656,6,2,109,831.3678724433919,established,1
U-00052,2023-05-26,1536,0.5471662709441008,7,1,141,152.6740496557226,veteran,0
U-01772,2023-05-26,836,0.24280093024527727,7,0,73,382.7067491445025,veteran,0
U-03236,2023-05-26,1687,0.3645762477430684,2,1,112,536.9020654503498,veteran,0
U-02762,2023-05-26,303,0.9098694905624992,4,1,35,1341.2543824770707,established,1
U-02200,2023-05-27,1878,0.5059200134248644,4,0,140,397.15893508057894,veteran,1
U-03100,2023-05-27,935,0.3394619705706906,9,3,63,221.62630133497464,veteran,1
U-01359,2023-05-27,702,0.8190788410807225,7,0,116,335.93040212131814,established,1
U-00062,2023-05-27,1275,0.16155072645119373,7,1,97,554.6685336119237,veteran,0
U-00392,2023-05-27,54,0.5189304352421411,7,3,98,2087.314351700731,new,1
U-03676,2023-05-27,1528,0.26536654943357985,1,0,175,973.5934944488374,veteran,0
U-02055,2023-05-27,1723,0.038225445282740744,8,2,147,511.1207062595632,veteran,0
U-00629,2023-05-27,723,0.26502130580561967,2,4,3,1154.8972011047967,established,1
U-00200,2023-05-27,1366,0.2050505985231833,8,1,63,235.52167610984827,veteran,1
U-01137,2023-05-27,1320,0.03988560271314401,7,1,60,1026.417030737778,veteran,0
U-03010,2023-05-28,88,0.07361189381638022,8,0,178,911.6554454356693,new,1
U-02586,2023-05-28,1104,0.003494981109347095,1,2,50,498.35935719425953,veteran,0
U-03947,2023-05-28,418,0.4138792483163356,4,2,83,498.6912135034838,established,0
U-02766,2023-05-28,1340,0.8320684074480255,5,6,158,1143.077185578652,veteran,1
U-02695,2023-05-28,1191,0.2794399727194734,8,1,26,1055.4821468810544,veteran,1
U-02355,2023-05-28,748,0.4998816647295913,5,1,172,831.7252710029658,veteran,1
U-01150,2023-05-28,342,0.6584334261832758,2,0,41,695.6120774230225,established,1
U-00627,2023-05-28,385,0.33092077981446666,3,1,147,1446.7051543051628,established,0
U-01270,2023-05-28,394,0.9563399400734179,1,1,11,683.869890392619,established,0
U-03107,2023-05-28,1052,0.5681895585686249,1,1,159,591.6737326026503,veteran,1
U-02278,2023-05-28,106,0.7499221615007585,9,3,57,536.4638235293631,new,0
U-02406,2023-05-29,1490,0.9622138556176058,3,0,37,3542.5498148102706,veteran,0
U-00331,2023-05-29,562,0.9397202480228001,7,1,124,629.8733312985064,established,1
U-00908,2023-05-29,1603,0.6824892860020683,5,0,135,623.7826876311101,veteran,1
U-03492,2023-05-29,430,0.7622302636195206,3,1,138,337.6910379525866,established,0
U-01966,2023-05-29,1444,0.7727961684751686,9,2,125,1333.8460446987938,veteran,0
U-03005,2023-05-29,31,0.45446172816419683,6,1,70,225.71844634079972,new,0
U-03253,2023-05-29,1773,0.6108727889034485,3,1,39,2110.8778213525793,veteran,1
U-01043,2023-05-29,1139,0.3979505662702747,4,3,104,679.3580188324153,veteran,1
U-01863,2023-05-29,439,0.7344338301788308,3,2,109,486.2180520498112,established,1
U-02414,2023-05-29,489,0.5342858821434056,9,2,28,529.397622796749,established,1
U-00067,2023-05-29,859,0.6952148230600186,3,1,11,468.3967812824404,veteran,1
U-00021,2023-05-29,123,0.1933853598265559,9,0,161,648.1231670902829,new,1
U-01267,2023-05-30,1271,0.8698567147115758,6,0,54,313.4294457774621,veteran,1
U-00373,2023-05-30,1641,0.16563308101234542,4,5,116,1369.3544937141617,veteran,0
U-00575,2023-05-30,1535,0.1906427566059925,9,1,45,235.48441336347864,veteran,0
U-03024,2023-05-30,274,0.1004558057978161,2,4,172,578.3109327828319,established,0
U-02679,2023-05-30,1055,0.4573383331533264,3,0,45,775.372286795743,veteran,0
U-00497,2023-05-30,794,0.49390974315439906,4,3,12,649.5075314365235,veteran,1
U-01936,2023-05-30,343,0.23981054430377957,7,0,92,842.3554344210303,established,0
U-01856,2023-05-30,965,0.5814069762923163,8,3,108,1310.5933888585387,veteran,1
U-02653,2023-05-30,830,0.52509479585618,5,0,145,653.7936082530574,veteran,0
U-02723,2023-05-31,712,0.12930925215377032,5,2,174,1746.9833870484565,established,0
U-01771,2023-05-31,466,0.875844593429381,2,2,159,2009.0026439566338,established,0
U-00769,2023-05-31,123,0.7094129150613248,2,4,53,994.135198042503,new,0
U-00912,2023-05-31,79,0.3873929297643537,3,3,47,935.8869501862705,new,1
U-01747,2023-05-31,521,0.9539781822670841,7,0,74,2136.8403565129843,established,1
U-03950,2023-05-31,1262,0.655289615264387,9,1,68,297.0549427026608,veteran,1
U-02568,2023-06-01,345,0.616577623556849,2,1,152,481.4750096834915,established,1
U-03227,2023-06-01,1783,0.3192902424458711,3,6,148,520.7509331418283,veteran,0
U-03963,2023-06-01,898,0.7101524378859926,1,4,54,464.2427174936835,veteran,1
U-03736,2023-06-01,355,0.7384792656062277,3,5,22,343.2367453978914,established,1
U-00633,2023-06-01,373,0.2712740727079913,9,2,163,542.0471805805433,established,0
U-02919,2023-06-01,1589,0.5945687051169751,9,1,18,2238.705078475587,veteran,1
U-00378,2023-06-01,357,0.8962851007761495,4,3,155,1983.523320055789,established,0
U-02591,2023-06-01,1933,0.6929752101992367,4,2,36,747.1523461001296,veteran,1
U-01717,2023-06-01,1503,0.9967566731443,3,5,42,1262.4435993104103,veteran,0
U-03062,2023-06-02,1958,0.2733433034899002,1,1,47,342.48951025506625,veteran,0
U-03530,2023-06-02,868,0.11090838506346923,1,1,150,411.45779237469173,veteran,0
U-02543,2023-06-02,1201,0.5179917725540955,7,1,88,393.8178285916068,veteran,1
U-00187,2023-06-02,451,0.13391564365355846,9,2,89,383.74696177583166,established,0
U-01944,2023-06-02,529,0.037274887993038686,9,3,155,657.1247958679287,established,0
U-01284,2023-06-02,1984,0.19972349702103287,2,1,25,974.1260858998197,veteran,0
U-03423,2023-06-03,1523,0.49640580445979965,4,1,87,392.7208109215292,veteran,1
U-01016,2023-06-03,140,0.5065447783230054,3,1,169,1462.0772169127126,new,1
U-01467,2023-06-03,688,0.141393428077766,5,1,141,965.4929025150616,established,0
U-02580,2023-06-03,942,0.8207357864249805,9,1,175,737.3717075779145,veteran,1
U-03814,2023-06-03,934,0.5540710968913485,9,1,149,919.6512286711366,veteran,1
U-00757,2023-06-03,293,0.9894399066997448,4,1,146,559.9507119554054,established,1
U-01760,2023-06-03,275,0.08001942552660957,2,2,118,762.4560782232645,established,0
U-01158,2023-06-03,301,0.45523034765115733,1,1,105,794.156873621903,established,0
U-01592,2023-06-03,1069,0.5846132122158377,5,2,117,1204.6139957481437,veteran,1
U-02874,2023-06-03,903,0.2264351900997762,5,1,143,244.60478367453393,veteran,0
U-02404,2023-06-03,1631,0.19468169686195091,7,2,153,300.296733794919,veteran,1
U-01880,2023-06-03,336,0.31155813839396085,6,1,3,383.782133748955,established,1
U-00093,2023-06-04,906,0.18645529319457765,7,0,87,865.1907434178238,veteran,1
U-03022,2023-06-04,1217,0.3372729722892658,3,2,18,902.0196076551574,veteran,0
U-02427,2023-06-04,1192,0.394996310172563,1,1,60,371.83989511038635,veteran,0
U-01384,2023-06-04,149,0.23798648763260277,2,2,63,1198.9667745073766,new,0
U-00613,2023-06-04,1057,0.4670183574131995,7,0,62,922.6115785676627,veteran,1
U-02847,2023-06-04,823,0.4175402359284922,2,2,17,684.3001050287381,veteran,0
U-02834,2023-06-05,156,0.4007200075476651,4,3,91,206.04712804026204,new,0
U-01628,2023-06-05,904,0.05897577038996116,6,2,166,474.2708962133377,veteran,0
U-02778,2023-06-05,311,0.3549120380081954,9,2,48,337.577939685613,established,1
U-03058,2023-06-05,1935,0.5840219508261872,1,2,168,1518.2294253140062,veteran,0
U-02599,2023-06-05,82,0.3940461965001554,1,3,88,577.6760193138551,new,0
U-01065,2023-06-05,1390,0.5129544505113007,2,1,15,2793.285128959602,veteran,1
U-02682,2023-06-05,1491,0.5937862269331757,8,2,87,506.2774593920589,veteran,1
U-03091,2023-06-06,957,0.5737807470636765,3,1,71,792.8303617650663,veteran,1
U-00808,2023-06-06,798,0.43624652094621763,7,1,46,1205.27508303193,veteran,1
U-02851,2023-06-06,1071,0.37093592012166543,8,1,116,1091.974781688791,veteran,0
U-02573,2023-06-06,1268,0.6063942805090216,8,2,176,657.8330445847049,veteran,1
U-01172,2023-06-06,1738,0.8372102148616549,5,0,65,169.46632390851377,veteran,1
U-02621,2023-06-06,1868,0.2733396571920127,3,0,161,865.1949107178358,veteran,0
U-01351,2023-06-06,1016,0.7531580190208763,7,5,83,416.5774567239893,veteran,0
U-02215,2023-06-06,1303,0.15539966623207313,5,1,41,816.7832276079059,veteran,0
U-03404,2023-06-06,860,0.5420829197907506,2,0,56,772.3257557691281,veteran,1
U-02341,2023-06-07,1973,0.9055926492427656,2,3,41,1311.3868962363115,veteran,1
U-03328,2023-06-07,802,0.2767927439746457,5,1,169,506.6164863908456,veteran,0
U-00551,2023-06-07,101,0.6832766145179413,4,1,156,343.864093388987,new,0
U-01282,2023-06-07,1657,0.9861613239556271,5,0,34,717.63007057968,veteran,1
U-02011,2023-06-07,1555,0.7032393969061393,7,2,40,492.6799112085073,veteran,1
U-01093,2023-06-07,1940,0.36435707133517936,7,1,98,595.4027616073994,veteran,1
U-02290,2023-06-07,829,0.7196878810646042,9,2,150,335.759215275108,veteran,0
U-01773,2023-06-07,77,0.5270220492923754,1,0,146,302.01668801697,new,0
U-01753,2023-06-07,570,0.7528858036578309,8,0,103,442.2720023594918,established,1
U-02058,2023-06-07,1291,0.8081848100379248,6,0,177,475.0028885837345,veteran,1
U-01920,2023-06-07,318,0.4657513817150738,4,1,32,539.5349297825328,established,0
U-02383,2023-06-07,82,0.7531091965344227,3,4,89,367.7580244598626,new,0
U-01477,2023-06-07,1422,0.45094964888337064,8,2,111,435.95482582168694,veteran,1
U-01665,2023-06-08,941,0.696040961424093,1,1,128,427.30276451275165,veteran,0
U-03379,2023-06-08,781,0.3505206448973178,2,2,111,728.1466732974193,veteran,0
U-01319,2023-06-08,474,0.3281435160347943,4,3,151,817.0586629893552,established,0
U-01693,2023-06-08,488,0.855605460596945,8,2,7,364.5477485718473,established,1
U-03459,2023-06-08,1521,0.6531246675539409,9,1,11,276.94468062249524,veteran,1
U-02799,2023-06-08,1306,0.1581017889436298,7,0,155,273.33596929184523,veteran,0
U-03040,2023-06-08,1069,0.6601758143197008,8,0,13,719.4546668919587,veteran,1
U-03249,2023-06-08,1346,0.6009512443497661,8,2,64,1467.2995723726297,veteran,1
U-03694,2023-06-08,1286,0.24732327353976746,5,0,91,921.2797418513702,veteran,1
U-01167,2023-06-09,413,0.7462818127353477,1,0,170,1278.83568059278,established,0
U-02133,2023-06-09,837,0.26345562685602253,4,1,62,345.71481996391543,veteran,1
U-00439,2023-06-09,649,0.3017854337456115,8,1,170,257.87924966491556,established,0
U-02002,2023-06-09,1291,0.5691734267387764,2,2,22,660.5593860651662,veteran,1
U-02373,2023-06-09,1462,0.7038177420203567,7,3,58,410.876238150361,veteran,1
U-03317,2023-06-09,1762,0.9708326498571355,9,1,34,534.9858380074922,veteran,1
U-02545,2023-06-09,1294,0.8457858381026093,9,2,115,849.4207468440865,veteran,1
U-02523,2023-06-10,1401,0.21958489946633264,2,3,52,521.3713208383193,veteran,1
U-03311,2023-06-10,193,0.28004079208673793,8,4,137,736.0057069705899,established,1
U-03690,2023-06-10,1781,0.03171715281088772,6,2,146,152.12573963318286,veteran,0
U-03732,2023-06-10,577,0.3343895008205219,6,1,88,1016.7690422160459,established,0
U-01955,2023-06-10,1428,0.6410643631152027,9,1,126,1552.4954274104364,veteran,0
U-02224,2023-06-10,770,0.50974917331858,7,2,83,462.6860934097321,veteran,1
U-01301,2023-06-10,1986,0.6133592364083679,3,3,71,263.9879488592096,veteran,1
U-02139,2023-06-10,913,0.445035295831532,4,2,39,404.90001902007293,veteran,0
U-00956,2023-06-10,346,0.8586731204838641,1,2,147,205.90322157544347,established,0
U-00026,2023-06-10,443,0.6519623460330854,1,1,116,1287.1166563689042,established,0
U-03165,2023-06-10,821,0.41741582519855813,3,2,95,1618.110035691887,veteran,0
U-02072,2023-06-11,1443,0.012846248555894224,5,2,82,1091.3930818432127,veteran,0
U-03187,2023-06-11,200,0.3249300112112118,6,2,95,542.7061012049883,established,1
U-01865,2023-06-11,1139,0.33211751831222025,2,2,87,768.5531527444239,veteran,1
U-02059,2023-06-11,774,0.8868059392806316,1,4,25,2409.8639577953522,veteran,1
U-02745,2023-06-11,1714,0.0984095941200468,7,1,73,579.5721163165797,veteran,1
U-03314,2023-06-11,1781,0.31138731220771176,5,0,79,618.1957443493286,veteran,0
U-03273,2023-06-11,1649,0.2394278377525315,6,2,87,1448.2380222838142,veteran,0
U-03290,2023-06-11,1353,0.3683839375588025,7,1,134,701.6365092776572,veteran,0
U-00941,2023-06-11,909,0.053350982345181874,5,0,27,734.2947422174278,veteran,0
U-01846,2023-06-11,267,0.9413439770471609,1,1,51,937.1534442252138,established,1
U-02162,2023-06-11,472,0.34110203942305783,6,1,177,649.1457527311953,established,0
U-00584,2023-06-11,1185,0.6720157222995868,1,1,175,651.1502609483996,veteran,0
U-02914,2023-06-12,421,0.7497313169463148,1,2,83,298.95153030990423,established,1
U-03141,2023-06-12,1531,0.7128807220926188,2,1,3,880.5248125227113,veteran,0
U-00686,2023-06-12,1898,0.2855089916904162,9,0,50,377.6187072141837,veteran,1
U-02508,2023-06-12,1359,0.5887584743743296,3,4,125,212.00132244616663,veteran,1
U-00163,2023-06-12,424,0.39635983396242025,6,2,102,405.44710372755617,established,1
U-01130,2023-06-12,666,0.2996468963520691,5,2,74,506.1613207511975,established,0
U-00162,2023-06-13,1139,0.8600064980626039,7,4,25,823.9344131735305,veteran,1
U-02075,2023-06-13,39,0.5234667866310813,6,2,156,535.4609821740769,new,0
U-01687,2023-06-13,513,0.19527718020659002,6,2,121,181.19616931711232,established,1
U-03478,2023-06-13,1594,0.4245560374938403,3,0,161,290.1362577580119,veteran,1
U-00143,2023-06-13,913,0.3829979421693436,5,1,11,867.1588370183617,veteran,1
U-03652,2023-06-13,593,0.5282310697764423,8,0,140,889.342820693367,established,0
U-03484,2023-06-13,83,0.2935913096597129,2,3,177,653.0084657458447,new,0
U-02563,2023-06-13,96,0.9443097395191401,9,2,140,896.3032252269344,new,0
U-03765,2023-06-13,1434,0.0038638823417082024,6,3,91,506.8795843854297,veteran,1
U-03546,2023-06-13,1333,0.5319484559520623,4,2,4,741.9569523207185,veteran,1
U-00961,2023-06-13,1025,0.15907175482750224,1,2,152,755.111370239264,veteran,0
U-03617,2023-06-13,1873,0.6848318727009735,4,3,43,517.4145032889805,veteran,1
U-01761,2023-06-13,348,0.9108929497299082,7,0,79,833.433583630753,established,1
U-02191,2023-06-13,123,0.13607231183344126,6,1,170,775.8481125550265,new,0
U-01874,2023-06-13,1432,0.16561718054040064,8,1,76,221.65972012017613,veteran,0
U-01339,2023-06-13,950,0.27713031234139374,9,1,14,1023.9247313128974,veteran,1
U-00372,2023-06-14,476,0.5120419334634545,9,4,120,453.21000513688256,established,1
U-00064,2023-06-14,1520,0.11877712309557842,2,1,115,1162.439440455741,veteran,1
U-03415,2023-06-14,1350,0.8355681745738773,9,4,6,1226.6186248116896,veteran,1
U-03259,2023-06-14,403,0.050953978056153426,6,1,156,1336.4642169202198,established,0
U-03271,2023-06-14,151,0.9183610104005163,1,0,148,2075.8149069012306,new,0
U-03697,2023-06-14,495,0.8302519090172897,4,0,175,676.9149236442437,established,1
U-01494,2023-06-14,1555,0.8604296493484839,8,0,141,506.9786463562067,veteran,1
U-01834,2023-06-14,532,0.5494677493399441,9,0,119,362.10351220106645,established,0
U-00959,2023-06-14,1889,0.714640161179027,8,0,142,424.9750286205248,veteran,0
U-02356,2023-06-14,1404,0.3281779446054718,6,0,25,583.283257660522,veteran,1
U-01251,2023-06-14,862,0.0621391841338772,1,1,2,290.7752253606324,veteran,1
U-00906,2023-06-14,592,0.8794346459536684,3,1,94,666.3219621244963,established,0
U-03554,2023-06-15,1248,0.6830766011577799,3,1,15,324.0439021036473,veteran,0
U-02472,2023-06-15,913,0.9917701342527039,4,4,49,516.2030875196926,veteran,0
U-03885,2023-06-15,406,0.3597126576714287,8,1,95,518.5504628161589,established,0
U-02748,2023-06-15,746,0.45546330017314207,5,1,53,691.6226583686263,veteran,1
U-01718,2023-06-15,43,0.0983392668723897,3,2,73,568.7534722308803,new,1
U-03284,2023-06-15,254,0.932480069842819,8,3,118,218.07972917685126,established,0
U-00495,2023-06-15,1265,0.3575982102230758,1,1,14,520.9466543452376,veteran,0
U-01887,2023-06-15,362,0.15805029111884605,7,2,20,295.05324422283655,established,1
U-01484,2023-06-15,1081,0.8838372360986316,7,1,28,902.5017903360012,veteran,1
U-01583,2023-06-15,178,0.7169585958944741,8,4,98,477.2595674167282,new,0
U-03764,2023-06-15,951,0.6348276125448551,9,1,174,946.2867166157125,veteran,1
U-02016,2023-06-15,683,0.1564121521056554,8,2,71,534.6492074374381,established,1
U-03460,2023-06-16,1102,0.4821107202544245,7,4,145,902.1559317144659,veteran,0
U-01042,2023-06-16,814,0.3162327101862351,3,2,33,377.87857152582603,veteran,0
U-01190,2023-06-16,1474,0.60841674654393,3,2,31,560.9535500341464,veteran,1
U-00424,2023-06-16,649,0.5922071496849479,7,1,80,551.7781445831223,established,0
U-03923,2023-06-16,285,0.5759192763227661,5,4,169,1818.4953397498405,established,1
U-03988,2023-06-16,44,0.6661313639129715,4,2,156,380.99822690442363,new,0
U-02289,2023-06-16,1659,0.890779286476696,1,0,164,509.54261779556435,veteran,0
U-01479,2023-06-16,1163,0.998863240391683,6,0,91,1202.6210291179964,veteran,1
U-00623,2023-06-16,185,0.8996006573833368,3,2,174,728.5867329552908,established,0
U-00247,2023-06-16,410,0.02078682447584157,2,1,69,524.6354410098655,established,1
U-01224,2023-06-16,1070,0.48051371481934857,7,1,165,1796.903496625394,veteran,1
U-01308,2023-06-16,162,0.18393445246901974,2,3,75,350.0334862939856,new,0
U-00571,2023-06-16,214,0.8763446693975172,2,1,40,1424.8158965586713,established,1
U-01634,2023-06-16,1540,0.11321728300705158,5,5,162,1029.3780897235742,veteran,0
U-01677,2023-06-17,762,0.5780607631866924,2,3,119,1046.2753161769938,veteran,0
U-02697,2023-06-17,1554,0.12316058587288947,7,1,68,462.6584015055896,veteran,1
U-00971,2023-06-17,785,0.07080047177365889,8,1,53,389.0238056661871,veteran,1
U-02419,2023-06-17,217,0.6909031808875248,7,2,21,563.5810547434958,established,1
U-02069,2023-06-17,1971,0.136470164542689,5,1,73,215.84022652329335,veteran,1
U-00274,2023-06-17,95,0.21160258145368394,1,5,142,430.6821950062367,new,0
U-02494,2023-06-17,584,0.8478793428104792,9,2,74,377.3418101684296,established,1
U-00928,2023-06-17,388,0.7166653704645288,3,2,95,643.199707710531,established,1
U-01078,2023-06-17,1619,0.3499992327079726,2,1,164,750.068578269755,veteran,0
U-00164,2023-06-17,1437,0.6387555557684373,3,0,73,267.5305559327937,veteran,1
U-00731,2023-06-17,1379,0.9161316879100269,9,3,19,388.5594273578433,veteran,1
U-00463,2023-06-17,1321,0.9693538886985864,2,1,33,551.5724014926332,veteran,0
U-01184,2023-06-18,1567,0.05429108774791258,4,1,148,835.8263636179375,veteran,0
U-01373,2023-06-18,500,0.597335918711443,8,1,149,249.18056476992075,established,1
U-02961,2023-06-18,901,0.17570699270212908,9,1,77,579.6863916717064,veteran,1
U-03208,2023-06-18,897,0.17365095529166885,8,2,106,348.5339820170589,veteran,1
U-03562,2023-06-18,998,0.1203125675963489,7,3,36,430.63128894027045,veteran,0
U-03566,2023-06-18,854,0.036634941803544874,7,0,30,753.5564311086046,veteran,0
U-02340,2023-06-19,615,0.8730309138836237,3,0,41,571.9968928211987,established,1
U-03070,2023-06-19,617,0.6653417221020202,8,2,25,754.9317232666555,established,1
U-03368,2023-06-19,208,0.9138310894927105,6,2,172,864.5460559666377,established,0
U-02223,2023-06-19,532,0.14593568678170066,4,1,166,513.3492954160623,established,0
U-01058,2023-06-19,532,0.602640652325785,7,0,88,1478.1018900770378,established,0
U-01332,2023-06-19,800,0.24675613927720963,4,1,2,2983.3650021427848,veteran,1
U-00776,2023-06-19,690,0.4306099024808341,6,0,122,1235.1198045528458,established,0
U-02924,2023-06-19,717,0.33384985117017285,1,1,51,793.1975374288224,established,1
U-02693,2023-06-19,1597,0.8181495084153355,4,4,29,641.2022515634106,veteran,0
U-02275,2023-06-19,141,0.7271484961719404,6,2,18,371.2012439845752,new,1
U-02249,2023-06-19,405,0.3786372726872934,8,2,77,1122.6446909656293,established,1
U-02475,2023-06-19,591,0.04543075477876091,7,3,20,823.0212096622326,established,1
U-03770,2023-06-19,476,0.052214955082343084,6,0,71,745.4909333524821,established,0
U-03668,2023-06-20,592,0.6325084961536467,1,2,65,903.4683353723161,established,1
U-01840,2023-06-20,1562,0.3769938189705373,5,1,13,735.5400784272899,veteran,0
U-00499,2023-06-20,710,0.7705593027850998,1,0,45,537.4633005425052,established,0
U-01436,2023-06-20,826,0.8299866489848887,1,2,172,666.2155432188379,veteran,0
U-03007,2023-06-20,1300,0.05384636044480773,2,2,95,1098.1887808370932,veteran,1
U-00953,2023-06-21,311,0.9806402751425881,8,0,82,1547.3764840214023,established,1
U-00546,2023-06-21,1193,0.9800126449449591,7,2,38,1292.3668031329141,veteran,0
U-02989,2023-06-21,284,0.05776401459480951,1,1,130,1827.7524692028676,established,0
U-01686,2023-06-21,1524,0.06983859249350322,9,1,46,414.1704166078502,veteran,1
U-02759,2023-06-21,1909,0.24335525392027701,2,2,103,1266.1446860931264,veteran,0
U-03217,2023-06-21,421,0.7155907132890155,9,0,27,337.4827546319866,established,1
U-01495,2023-06-22,397,0.2505090360889951,8,3,136,194.7541005667813,established,0
U-02565,2023-06-22,573,0.6903312613561945,5,2,91,263.69648826965204,established,1
U-02761,2023-06-22,594,0.591082821894856,5,3,15,698.0081564980954,established,1
U-03172,2023-06-22,1984,0.7354453357783313,1,0,85,749.1209135474868,veteran,1
U-00993,2023-06-22,1117,0.3553598703559985,2,3,159,1311.2438945819788,veteran,0
U-03675,2023-06-22,108,0.528601883689979,5,1,148,914.4873233259544,new,1
U-00794,2023-06-22,810,0.3158314850884807,7,1,3,1029.9595729633677,veteran,0
U-01740,2023-06-22,1507,0.7195749946958622,7,0,123,854.3576758610211,veteran,1
U-03774,2023-06-22,200,0.6840515412175877,6,1,72,1048.8728987055592,established,1
U-01152,2023-06-22,545,0.4739342140923939,7,0,0,827.5243341758198,established,1
U-00472,2023-06-22,991,0.6478999201253002,9,0,125,652.1441771966666,veteran,1
U-00237,2023-06-22,243,0.8681548265290678,4,3,90,669.7297982835814,established,0
U-00434,2023-06-23,1181,0.5758336185818038,2,4,56,260.0490116304633,veteran,0
U-02660,2023-06-23,162,0.33244482903253325,1,1,47,634.4695159120233,new,1
U-02716,2023-06-23,1141,0.7398946312315234,6,1,165,426.83617118601666,veteran,1
U-02006,2023-06-23,583,0.655373450046628,5,2,148,457.20147116688213,established,0
U-00632,2023-06-23,571,0.32596360277933156,4,2,100,439.1400727302968,established,0
U-01923,2023-06-23,1940,0.30234311214228304,4,1,169,239.41983616626393,veteran,0
U-01443,2023-06-23,1620,0.7387594198812473,5,0,20,1430.0336390714376,veteran,1
U-01099,2023-06-23,609,0.861825099441743,6,1,103,758.6846335438547,established,1
U-02998,2023-06-23,849,0.8638593938409828,4,1,154,2872.011459791993,veteran,0
U-00620,2023-06-23,1247,0.21535716747940448,8,1,169,1248.9628984671892,veteran,0
U-00004,2023-06-23,1607,0.5383934900866247,9,2,130,288.29039052585813,veteran,0
U-02933,2023-06-23,1250,0.6968700495247986,2,0,158,949.2542604801439,veteran,1
U-00154,2023-06-23,476,0.580871348436382,8,2,39,1058.0047064627636,established,0
U-00406,2023-06-23,539,0.9192220993690502,7,1,110,787.2728146061497,established,0
U-03219,2023-06-23,474,0.19564963648739442,4,0,49,822.8314398439837,established,1
U-03324,2023-06-23,969,0.7307085434015644,6,2,3,736.374332795322,veteran,1
U-01038,2023-06-24,1989,0.8845149873666747,1,0,140,1106.4986009247502,veteran,1
U-03618,2023-06-24,533,0.7262085234239566,3,3,28,524.3771817077344,established,0
U-00139,2023-06-24,1023,0.7957086221250048,9,3,67,787.7007848384287,veteran,1
U-00081,2023-06-24,591,0.27420240229339987,2,1,174,1960.222938830875,established,0
U-00090,2023-06-24,1482,0.10095119929811347,7,0,89,680.6281255476849,veteran,0
U-03260,2023-06-24,429,0.8839922821510423,9,7,177,1081.7248383808353,established,1
U-00353,2023-06-24,844,0.051952503758055935,6,1,69,343.21273887317017,veteran,1
U-03892,2023-06-24,664,0.10313885273027246,7,0,15,650.9106265779113,established,1
U-02317,2023-06-24,1834,0.7064897186006882,3,1,167,616.6150465398498,veteran,0
U-02953,2023-06-24,1658,0.6319589765938644,5,0,82,233.76765305256845,veteran,1
U-03743,2023-06-25,431,0.9108513490430293,8,0,95,383.97973697292,established,0
U-00297,2023-06-25,1547,0.589287703664628,8,1,95,734.2512425459665,veteran,1
U-03103,2023-06-25,1119,0.0623017702837122,2,0,73,758.992588118121,veteran,1
U-00120,2023-06-25,1460,0.9510448541728894,1,3,177,459.6181236737463,veteran,0
U-01991,2023-06-25,961,0.6878268293762259,9,4,74,167.45960029962413,veteran,1
U-02915,2023-06-25,1807,0.8857451492948196,2,1,141,1016.7125391993256,veteran,1
U-00003,2023-06-25,909,0.24097716026311733,9,2,25,571.4656299468876,veteran,1
U-03080,2023-06-25,702,0.8090462884304888,2,2,80,229.43743646696228,established,1
U-03859,2023-06-25,1822,0.7411925257292111,5,0,131,602.771157037954,veteran,1
U-00755,2023-06-25,1216,0.5448916538646872,8,3,42,811.6178888067641,veteran,1
U-03550,2023-06-25,730,0.8842100415650043,2,2,73,647.071684598003,established,1
U-02564,2023-06-25,97,0.4381782907522135,5,4,145,959.2212742563709,new,1
U-01417,2023-06-25,365,0.9599424193443986,1,2,109,903.7086406367227,established,1
U-02840,2023-06-25,588,0.7021045674864136,1,2,155,1257.1904459314562,established,0
U-02134,2023-06-26,1312,0.329193671065234,3,2,43,491.7516676308494,veteran,0
U-03124,2023-06-26,179,0.2908365503460284,5,4,86,1695.220216097148,new,0
U-00284,2023-06-26,270,0.8966069121474339,4,1,147,264.12656496972585,established,1
U-00799,2023-06-26,1123,0.7580017651333465,8,2,74,2042.0485962226778,veteran,0
U-03623,2023-06-26,300,0.13806172895190472,4,1,29,840.954754700573,established,0
U-02077,2023-06-26,393,0.3577316754157348,4,0,117,852.0750340044656,established,1
U-03355,2023-06-26,1155,0.38432383930570857,7,2,173,805.1180751301555,veteran,1
U-01219,2023-06-26,721,0.12267346961198411,2,2,87,619.226620026055,established,0
U-03813,2023-06-27,1631,0.250682989509059,5,2,169,435.6186012795041,veteran,0
U-02156,2023-06-27,202,0.4512805015659471,7,1,171,502.3789418517038,established,0
U-02145,2023-06-27,1637,0.6501628918779663,6,2,43,429.97270369380516,veteran,1
U-03811,2023-06-27,1346,0.5887870315604908,7,2,57,2814.922618480493,veteran,0
U-01262,2023-06-27,1189,0.1548644114288359,3,4,163,622.229504689571,veteran,1
U-01728,2023-06-27,847,0.9063131903327911,1,2,34,1283.536186599397,veteran,0
U-02520,2023-06-27,38,0.968974903241041,4,1,84,1824.317596614223,new,1
U-01292,2023-06-27,698,0.8626641257530911,6,1,37,908.3009019463925,established,1
U-00029,2023-06-27,846,0.9051863233669755,1,0,147,410.07843471696833,veteran,0
U-03488,2023-06-27,58,0.16072894317769304,7,1,125,383.99352929501083,new,0
U-00934,2023-06-27,778,0.6310281447330454,1,1,159,718.1667324040053,veteran,0
U-03600,2023-06-28,288,0.9981530006126929,3,0,136,1561.0562812841706,established,1
U-00185,2023-06-28,1156,0.8068344471904552,3,1,105,178.88632405036074,veteran,1
U-00868,2023-06-28,1845,0.4425275875732855,8,2,150,1414.9640441100112,veteran,1
U-03615,2023-06-28,1270,0.808932487590801,1,2,76,861.789530063383,veteran,1
U-00688,2023-06-28,45,0.8565751771491905,5,3,103,460.69684151081,new,1
U-00218,2023-06-28,1067,0.9758945922813234,4,2,29,817.4990498313516,veteran,0
U-03779,2023-06-28,531,0.7066792164758174,9,4,145,923.988796700367,established,0
U-03555,2023-06-28,184,0.9195320647852825,6,3,73,606.0511417754126,established,0
U-02859,2023-06-28,1648,0.1123451190582464,8,1,25,354.8390942509536,veteran,0
U-00922,2023-06-28,1123,0.27576207549506915,5,2,27,266.3235471869375,veteran,1
U-01642,2023-06-28,1359,0.7839515802055619,1,0,120,543.6157496577043,veteran,1
U-02734,2023-06-28,678,0.09828457014224712,4,0,30,422.0542080292203,established,0
U-00266,2023-06-28,721,0.4229161430428747,2,0,61,162.58699900573396,established,1
U-02801,2023-06-28,165,0.6639938234160748,6,3,28,353.7923747882964,new,1
U-00046,2023-06-28,920,0.24148960636480687,1,1,63,899.5853389520655,veteran,0
U-00213,2023-06-29,1435,0.11348493310171182,3,0,155,632.7933162972589,veteran,0
U-03079,2023-06-29,628,0.9558889074913278,1,0,65,1066.384249007066,established,1
U-01091,2023-06-29,769,0.7588642402592863,5,0,65,582.2050128919883,veteran,1
U-01472,2023-06-29,1604,0.9444808563227473,7,1,19,880.5751302100708,veteran,0
U-01183,2023-06-29,1789,0.6738911544076371,1,0,18,2394.2689949060923,veteran,1
U-00882,2023-06-29,1011,0.6026644105465065,7,2,99,285.59980519245335,veteran,1
U-01056,2023-06-29,1896,0.5492699016016638,9,1,143,697.9874084598697,veteran,1
U-02381,2023-06-29,414,0.8719898637238855,5,3,66,805.2203324984221,established,0
U-03746,2023-06-29,1638,0.5414499605548907,3,0,0,675.6134125806341,veteran,1
U-02039,2023-06-29,492,0.4258665581754266,8,0,130,2121.2733464049093,established,1
U-01889,2023-06-29,588,0.08485398743320516,8,1,38,693.5854811577406,established,0
U-01330,2023-06-29,1139,0.7658406855966913,5,2,91,1485.9189739091514,veteran,1
U-03499,2023-06-29,424,0.024050475673271232,2,2,29,596.1555529792071,established,0
U-01372,2023-06-29,739,0.0302192037513499,4,1,84,1326.6158711724972,veteran,0
U-01318,2023-06-29,1532,0.40688595991485366,8,2,33,807.3047750794573,veteran,1
U-03816,2023-06-30,1069,0.5540892456215902,5,1,32,694.4284515117854,veteran,1
U-03452,2023-06-30,1714,0.4183895546635016,1,1,107,683.3906965816598,veteran,0
U-02644,2023-06-30,1600,0.6282310077771303,4,2,50,739.629206842521,veteran,0
U-01918,2023-06-30,1371,0.8688016891935535,6,2,54,1279.9122250613623,veteran,1
U-03142,2023-06-30,1997,0.7654683844300053,1,2,54,587.5351923755928,veteran,1
U-02434,2023-06-30,1233,0.5991459275877076,9,2,47,751.7820839846845,veteran,0
U-03665,2023-06-30,845,0.45087327310022907,7,3,133,2113.185422211041,veteran,0
U-03980,2023-06-30,1766,0.3983482084436466,4,2,134,349.05750735343446,veteran,0
U-03586,2023-06-30,1658,0.14571976173337875,8,0,159,307.95279686724695,veteran,0
U-00019,2023-06-30,1384,0.7212701459238856,6,1,6,242.23052254165628,veteran,0
U-02577,2023-06-30,207,0.7576143778719123,4,1,158,1572.6741155871728,established,1
U-00030,2023-06-30,1097,0.510877149270329,6,2,26,430.86082541129434,veteran,1
U-02216,2023-06-30,894,0.5333880008349474,3,2,95,381.872711326254,veteran,1
U-01367,2023-07-01,1177,0.7840609076407071,8,1,85,706.7814810277872,veteran,1
U-03883,2023-07-01,395,0.7084801187126533,3,1,24,761.6413460483238,established,0
U-00832,2023-07-01,797,0.6822897186597314,6,3,97,237.65504913633717,veteran,0
U-03396,2023-07-01,982,0.3899140326435434,1,3,4,363.22492627030937,veteran,1
U-02204,2023-07-01,136,0.14716388268594427,2,1,126,830.4565086344584,new,0
U-01852,2023-07-01,533,0.023697402118734723,3,2,150,1603.8802022910324,established,0
U-02046,2023-07-01,252,0.3927518932212033,4,1,148,800.5037636626521,established,0
U-01565,2023-07-01,1286,0.24711928836901997,9,1,65,1694.404588588912,veteran,0
U-00791,2023-07-01,1982,0.016825939252824718,5,2,141,689.7138372889557,veteran,0
U-02336,2023-07-01,1095,0.427423949880794,9,1,41,932.1952226904655,veteran,1
U-00505,2023-07-01,776,0.3974740836906482,7,1,179,314.5662160481958,veteran,1
U-02242,2023-07-01,1839,0.037206038233439376,3,2,29,1202.0913313535507,veteran,1
U-01802,2023-07-01,891,0.7602752846863484,4,1,44,547.4782432470442,veteran,1
U-02390,2023-07-01,1527,0.13665197007797647,2,1,49,411.12428784971723,veteran,1
U-03442,2023-07-02,1145,0.7139442984139875,8,1,133,263.3777788222899,veteran,0
U-01457,2023-07-02,805,0.6459475709168853,2,3,138,664.4171453307888,veteran,0
U-00870,2023-07-02,405,0.43341975550850664,6,4,125,512.4842819072607,established,0
U-02179,2023-07-02,1840,0.43079692474405573,4,5,94,308.526289908497,veteran,1
U-00221,2023-07-02,1052,0.014094645461855793,3,0,22,983.3233021709976,veteran,0
U-02844,2023-07-02,568,0.6012181330601731,4,1,165,402.3816436503111,established,1
U-01742,2023-07-02,1784,0.7877527188659602,2,0,115,999.026328565714,veteran,0
U-00536,2023-07-02,189,0.6662171653053798,6,0,95,734.5819807981857,established,0
U-02845,2023-07-02,1328,0.07976664248556153,6,1,156,802.8557062146772,veteran,0
U-00204,2023-07-02,614,0.7461813006151257,5,3,119,1737.0329799220885,established,1
U-02990,2023-07-02,1155,0.1279420475317411,2,0,4,250.97298203810576,veteran,0
U-02506,2023-07-03,1898,0.9427907641276623,9,2,65,228.41047328824675,veteran,1
U-00113,2023-07-03,1956,0.5003156144194704,6,2,56,737.0715053219587,veteran,1
U-03015,2023-07-03,1625,0.9675520052720562,2,1,23,303.08857303119805,veteran,0
U-00915,2023-07-03,229,0.8149022590520024,9,0,176,759.0095828692837,established,1
U-02003,2023-07-03,1200,0.15642882803336522,3,0,97,1774.175268398905,veteran,0
U-00904,2023-07-03,402,0.7101669404986963,9,1,131,517.28795591047,established,0
U-01554,2023-07-03,1122,0.6620882682570118,2,3,12,699.9644396954981,veteran,0
U-00797,2023-07-03,274,0.479213264641949,9,2,36,433.0936239610037,established,0
U-02273,2023-07-04,1690,0.025816994211470434,5,3,139,1527.4610202198003,veteran,0
U-02581,2023-07-04,724,0.6017588970594852,4,1,91,514.7740702493899,established,0
U-00938,2023-07-04,612,0.6316683855799359,7,3,82,1207.4088436431696,established,1
U-01212,2023-07-04,940,0.9626938521724977,9,3,113,303.1860390035738,veteran,0
U-00646,2023-07-04,1499,0.9183962113902998,8,0,45,2309.2818050160267,veteran,1
U-02019,2023-07-04,1509,0.9487724052052123,1,2,64,473.0658652926048,veteran,1
U-03131,2023-07-04,1630,0.6655871671232555,6,2,35,358.8277051953945,veteran,1
U-00175,2023-07-04,717,0.5555584675466139,2,2,46,478.2551518444263,established,0
U-02729,2023-07-04,649,0.5779455714096253,7,1,176,479.43071625993696,established,0
U-00334,2023-07-04,1836,0.8402510206278118,5,3,123,795.9447120798667,veteran,0
U-01519,2023-07-04,1064,0.5701930386989381,2,1,177,1159.1161563223561,veteran,0
U-02188,2023-07-04,284,0.6228746568569351,1,3,3,180.07644627748533,established,1
U-02464,2023-07-05,289,0.555970991040175,8,1,55,517.6516164585287,established,1
U-03291,2023-07-05,1519,0.26709127663741294,5,1,89,1681.2690588457574,veteran,0
U-00230,2023-07-05,174,0.9762008643580892,7,3,71,1309.0641662991577,new,1
U-02715,2023-07-05,976,0.839170875582635,6,1,90,215.11311534857288,veteran,0
U-03953,2023-07-05,137,0.05854028627138441,7,3,165,1602.761531915445,new,0
U-03630,2023-07-05,640,0.5088741740900253,4,0,52,492.54604442949096,established,0
U-02076,2023-07-05,624,0.6258432873769864,8,1,55,503.282660816881,established,0
U-01247,2023-07-05,1865,0.2014565622473442,7,2,68,252.89491465414116,veteran,1
U-00611,2023-07-05,669,0.30364513453813335,2,3,88,969.7893949509934,established,0
U-02408,2023-07-05,1064,0.6490970117635326,1,7,142,831.8730659791134,veteran,1
U-00484,2023-07-05,953,0.8644503819287854,2,3,175,539.13682642177,veteran,0
U-00072,2023-07-05,1672,0.41965859280950113,7,0,28,1045.5176998882732,veteran,1
U-02353,2023-07-05,1738,0.4331905556359056,5,1,29,356.1319274181178,veteran,1
U-01498,2023-07-06,1980,0.023528109823277354,8,0,82,1143.2628349228394,veteran,1
U-01074,2023-07-06,312,0.9843140117818387,3,1,129,611.8400376184547,established,1
U-03089,2023-07-06,680,0.3281229839145492,6,3,74,688.0581398269411,established,1
U-00276,2023-07-06,163,0.40474840218857966,4,1,46,358.71020265327013,new,0
U-02643,2023-07-06,885,0.3390319418974882,3,0,58,619.3168999253854,veteran,0
U-00053,2023-07-06,1626,0.44859780801713467,4,2,62,1033.690037725788,veteran,0
U-01953,2023-07-06,1318,0.0455806536675446,1,3,23,587.3664292793444,veteran,1
U-00473,2023-07-06,298,0.04049895193336772,9,0,124,650.7494900425827,established,1
U-00709,2023-07-06,869,0.3464067459744087,5,0,44,1766.891791970764,veteran,0
U-01801,2023-07-07,786,0.6052443608175849,2,2,93,1168.6688689815478,veteran,1
U-01967,2023-07-07,1224,0.28647718139397993,8,2,133,1946.4517087619638,veteran,0
U-01767,2023-07-07,678,0.61630709605209,1,0,21,384.84706386179823,established,1
U-02453,2023-07-07,1364,0.27354931352649736,9,0,151,590.3287591411575,veteran,1
U-01101,2023-07-07,1100,0.29455607496639935,6,3,165,601.8371447690625,veteran,1
U-03285,2023-07-07,1637,0.9135426483529893,9,1,169,252.38689065032952,veteran,0
U-00069,2023-07-07,227,0.1810098506701724,1,4,129,1349.1297916341637,established,0
U-01696,2023-07-07,178,0.12389060928835782,7,1,31,799.4611194161314,new,0
U-02526,2023-07-07,58,0.3026915474769186,2,2,63,878.8140485717793,new,0
U-02975,2023-07-07,1499,0.027139958884180304,5,3,57,587.5486599210815,veteran,0
U-03559,2023-07-07,1924,0.8933758158837523,8,1,34,431.50902971107723,veteran,1
U-03661,2023-07-07,967,0.9914862967950905,8,1,123,242.95989049829487,veteran,1
U-00366,2023-07-07,357,0.4753334513833103,3,1,38,481.5270869929864,established,1
U-03138,2023-07-07,472,0.7113762037524828,1,0,7,1258.212181043983,established,1
U-01711,2023-07-07,1880,0.5504905797749521,2,1,90,1359.8031026827232,veteran,0
U-02548,2023-07-08,1150,0.7216215350299666,7,1,170,602.7598346637316,veteran,0
U-02912,2023-07-08,612,0.6666047672211963,6,1,33,2242.816035387396,established,1
U-03122,2023-07-08,1220,0.9555278684226207,2,1,119,3353.7280524384355,veteran,1
U-00123,2023-07-08,553,0.38524706089044636,3,2,123,485.60672031099796,established,0
U-00108,2023-07-08,1039,0.9153265276899616,7,1,47,1636.4960255608194,veteran,1
U-01430,2023-07-08,1924,0.35730898287717483,7,1,85,1036.9860467845226,veteran,1
U-03937,2023-07-08,881,0.22884650080776792,2,1,39,187.3970107780773,veteran,1
U-02458,2023-07-09,711,0.5104375690707762,3,0,38,1031.4387973495232,established,0
U-00973,2023-07-09,1551,0.8728055319953978,9,1,70,386.6846818658974,veteran,1
U-02394,2023-07-09,1170,0.601121117215876,3,2,73,423.82748352950404,veteran,1
U-03450,2023-07-09,1563,0.23992813274650637,9,1,83,1834.8638598212692,veteran,0
U-03409,2023-07-09,149,0.2114711337538192,3,2,170,301.7947002811353,new,0
U-02025,2023-07-09,1531,0.8710858598596973,9,0,129,1003.9468657416234,veteran,1
U-02462,2023-07-09,498,0.7151240234570178,6,2,161,208.98031481899378,established,0
U-00289,2023-07-09,637,0.6047487132955909,6,6,61,835.3727371811415,established,0
U-00943,2023-07-09,1732,0.9838205002316063,8,2,172,867.5147600116314,veteran,1
U-03635,2023-07-09,581,0.0025786104865862525,1,3,37,225.75882281741386,established,0
U-01788,2023-07-09,1101,0.8117740782411574,2,1,114,449.5306154571073,veteran,1
U-03873,2023-07-10,705,0.08350169538656493,3,2,174,1165.302157052147,established,0
U-00708,2023-07-10,1542,0.16735726931104888,5,2,106,624.2787570854829,veteran,0
U-00518,2023-07-10,1430,0.7631870823952438,1,2,112,1260.1398041734446,veteran,0
U-01419,2023-07-10,1296,0.3534069764530914,4,0,57,841.811050416919,veteran,1
U-02238,2023-07-10,1995,0.8381670341093962,8,0,6,2132.716251170999,veteran,1
U-03989,2023-07-10,498,0.8572802663494847,4,0,70,605.1500592949064,established,0
U-02455,2023-07-10,413,0.7467304458807168,7,0,57,804.837161413641,established,0
U-00075,2023-07-10,73,0.4065981437019629,5,3,41,2181.748357835746,new,0
U-01540,2023-07-10,590,0.9618157414002794,9,0,87,735.5413960194877,established,1
U-03497,2023-07-10,639,0.5022779118089321,8,1,76,313.623157487524,established,1
U-03970,2023-07-10,459,0.6369903814943497,7,4,132,770.3269237474517,established,1
U-02979,2023-07-10,1011,0.7051624271559648,9,1,61,148.71624926182227,veteran,1
U-03845,2023-07-10,711,0.27666406426648527,6,1,77,815.3870131188639,established,0
U-00972,2023-07-10,1677,0.31704156290945307,5,1,37,1576.4771175419628,veteran,1
U-03137,2023-07-10,1679,0.2327314791009374,1,3,81,324.5516890357751,veteran,0
U-01100,2023-07-11,1113,0.5632561324703096,4,0,89,579.2519839512374,veteran,1
U-00784,2023-07-11,1693,0.9669471386349304,4,1,14,266.6268532370629,veteran,1
U-01201,2023-07-11,840,0.17215788496970297,5,1,145,1419.5766117233704,veteran,1
U-01507,2023-07-11,189,0.400024995784413,8,1,57,370.64881245713616,established,1
U-03261,2023-07-11,239,0.8266672213770541,8,1,144,406.6038080026263,established,0
U-03055,2023-07-11,332,0.38282482677012986,1,6,46,216.57901437989463,established,1
U-02959,2023-07-11,1141,0.9091240710678165,7,4,117,1256.2532987030995,veteran,0
U-00767,2023-07-11,46,0.5696450909797616,3,4,6,459.2215802408306,new,0
U-02768,2023-07-11,1049,0.8197484899978386,1,0,72,649.8300217399459,veteran,1
U-01794,2023-07-11,825,0.7719221359346399,6,3,121,203.22988767316386,veteran,0
U-01798,2023-07-11,1138,0.6595903568712186,8,0,85,1186.5134818646138,veteran,1
U-00621,2023-07-11,1990,0.9386106707732477,9,0,33,596.8484973957123,veteran,1
U-00643,2023-07-12,161,0.038958789416123185,5,0,9,472.2742698758118,new,1
U-02177,2023-07-12,1107,0.35918444921059167,5,1,135,1140.0190139499216,veteran,1
U-03071,2023-07-12,1596,0.21704630315825957,4,3,146,1606.1959977702963,veteran,0
U-01931,2023-07-12,1099,0.24777941443969453,2,2,166,399.42943467847823,veteran,0
U-03922,2023-07-12,1071,0.8136680766135487,7,1,170,686.7639286272018,veteran,1
U-01807,2023-07-12,1994,0.830346840613561,4,4,9,1281.832253063646,veteran,1
U-03655,2023-07-12,675,0.761761605322083,5,2,142,571.5759313870371,established,1
U-02685,2023-07-12,340,0.35280943622785954,8,0,150,355.8338549104548,established,0
U-03854,2023-07-12,1502,0.2612563516107882,7,3,67,288.62919218228024,veteran,1
U-03426,2023-07-12,1168,0.9926517944995366,4,0,121,902.3509020292241,veteran,1
U-00275,2023-07-12,1554,0.04206644205306098,1,0,162,1107.7236890994755,veteran,1
U-01145,2023-07-13,1509,0.8349444126529467,8,0,157,1137.7507945250447,veteran,1
U-01516,2023-07-13,1065,0.1760433198932556,2,0,11,568.0905762920327,veteran,0
U-02843,2023-07-13,704,0.33925112340139596,1,2,152,1580.2241001609561,established,0
U-02957,2023-07-14,1866,0.550037452711099,3,1,141,292.80485433907876,veteran,0
U-02415,2023-07-14,153,0.15748286897568398,4,1,72,424.5320857650509,new,0
U-00281,2023-07-14,1794,0.35536443232023773,3,3,19,1604.117825485362,veteran,1
U-01030,2023-07-15,654,0.007456431423803034,1,1,36,619.9119994196536,established,1
U-00443,2023-07-15,921,0.911987647571481,8,0,139,1137.6904480012258,veteran,1
U-01243,2023-07-15,1920,0.261298201024164,6,1,173,482.509793000075,veteran,0
U-02155,2023-07-15,1233,0.09703036053335845,7,3,85,539.5836713231467,veteran,0
U-03014,2023-07-15,875,0.24338469578622068,7,1,54,737.3481530805407,veteran,1
U-00650,2023-07-15,812,0.8444135466592435,7,1,48,1663.28111452755,veteran,0
U-01491,2023-07-15,1572,0.6632380285105512,4,3,102,837.7706061310138,veteran,1
U-00728,2023-07-15,250,0.6051768500030782,4,2,167,1162.199122104233,established,0
U-01476,2023-07-16,536,0.20959644832677649,1,2,90,888.8749827968002,established,0
U-03643,2023-07-16,1266,0.7047774013150961,9,1,135,517.5246928580033,veteran,1
U-01917,2023-07-16,518,0.7771794828312787,1,5,133,607.4986989686338,established,1
U-02297,2023-07-16,1721,0.6443735281784868,4,0,41,771.23061539733,veteran,1
U-03708,2023-07-16,903,0.37303038909429054,5,1,65,211.2051903289036,veteran,1
U-00283,2023-07-16,885,0.12975719007233688,3,0,86,277.98485662498456,veteran,0
U-01115,2023-07-16,546,0.9263916341645574,7,0,162,2034.4061400787025,established,1
U-02738,2023-07-16,763,0.7925115093167623,1,3,157,1142.5541764792415,veteran,0
U-00717,2023-07-16,1978,0.590369207184066,9,1,54,500.1990393788795,veteran,1
U-03140,2023-07-16,384,0.4220192622398897,6,1,130,940.313332870227,established,1
U-01017,2023-07-17,1078,0.48670993414349495,9,0,30,621.8677115728665,veteran,1
U-02976,2023-07-17,1588,0.8207116841117432,2,1,173,1515.2259983843308,veteran,0
U-00234,2023-07-17,539,0.06716276395770027,8,0,3,713.5775102817208,established,1
U-00251,2023-07-17,788,0.14983283269230596,4,1,173,470.52830771812086,veteran,0
U-03139,2023-07-17,634,0.1562243697241148,6,2,50,667.8001291532244,established,0
U-00562,2023-07-17,70,0.27423857222533854,1,5,95,778.9709662792378,new,0
U-02539,2023-07-17,306,0.7428665843155082,8,3,129,878.6859954859877,established,0
U-01548,2023-07-17,462,0.6709213605539615,1,1,72,790.9289074173328,established,1
U-01518,2023-07-17,1147,0.14558269210223584,2,1,127,277.4890959201658,veteran,0
U-03659,2023-07-17,1259,0.5510347274684173,5,2,162,381.1884684531844,veteran,0
U-03841,2023-07-17,459,0.26882721888849126,2,2,113,750.1321240829188,established,1
U-01119,2023-07-17,91,0.5061481556405951,8,1,109,1095.8320014722078,new,1
U-01352,2023-07-18,269,0.6577563235839703,1,0,1,191.86455233869728,established,0
U-02010,2023-07-18,811,0.7600687708208905,8,3,133,981.7800901769562,veteran,1
U-02641,2023-07-18,54,0.8182540246538645,7,2,60,287.60582937639145,new,1
U-00182,2023-07-18,229,0.6994237103223125,7,0,119,1175.899294545216,established,0
U-00184,2023-07-18,139,0.9187979929823424,1,0,151,781.0623205934176,new,1
U-01813,2023-07-18,1936,0.7165401940019428,4,2,172,1019.5917289623936,veteran,1
U-00202,2023-07-18,707,0.1058145276846828,7,2,141,1226.7382339419757,established,0
U-03449,2023-07-18,1644,0.48914938823798937,6,0,178,1515.3500730531428,veteran,0
U-01355,2023-07-18,1641,0.9283071330971238,7,1,4,971.3934277537471,veteran,1
U-02663,2023-07-18,571,0.8495852569643018,1,2,27,510.8238435656053,established,1
U-03115,2023-07-19,1853,0.8963800495481213,6,1,64,189.7378291520121,veteran,1
U-02537,2023-07-19,1904,0.587065413348802,9,0,152,518.1153942770645,veteran,1
U-00054,2023-07-19,41,0.8281944670376165,9,3,85,433.6089640556435,new,0
U-01161,2023-07-19,81,0.9395250399796778,6,0,13,794.0700870225002,new,1
U-00404,2023-07-19,544,0.4683377427918137,8,1,158,764.3285575075358,established,1
U-02947,2023-07-19,836,0.7142994121931139,1,2,159,1348.1279225142075,veteran,0
U-00452,2023-07-19,970,0.6534048120036423,8,2,22,1217.400318374488,veteran,1
U-03637,2023-07-19,1381,0.9492321321243601,4,2,124,543.2607609773531,veteran,0
U-02253,2023-07-20,1097,0.35701729900060175,3,0,29,775.6693731342134,veteran,1
U-03926,2023-07-20,1980,0.18498309475490227,2,0,163,1111.0763676816566,veteran,0
U-03705,2023-07-20,752,0.5094746851292544,4,0,168,490.447641565534,veteran,0
U-01052,2023-07-20,1926,0.5585640667679065,1,2,72,300.21205316390746,veteran,1
U-02596,2023-07-20,1727,0.24440304347804775,2,2,75,1644.831019618822,veteran,0
U-00179,2023-07-20,949,0.8988168923369179,1,2,40,1044.8515190428764,veteran,1
U-00405,2023-07-20,1792,0.5955443787167958,3,3,11,2920.51501377996,veteran,1
U-00020,2023-07-20,291,0.2216971483768232,3,3,108,651.1952928825689,established,1
U-01151,2023-07-21,1251,0.08796374852438626,5,2,110,916.6247713179916,veteran,0
U-01007,2023-07-21,1663,0.6507798355741427,6,0,179,1996.6019130054997,veteran,0
U-01090,2023-07-21,1777,0.41223064968769685,5,1,66,412.99738055653637,veteran,1
U-03373,2023-07-21,715,0.8227918483482073,8,0,159,590.408308405014,established,0
U-01378,2023-07-21,987,0.21639956328126553,1,0,66,483.5954458346817,veteran,1
U-00555,2023-07-21,456,0.7461042320715012,7,3,80,1387.9919021020712,established,0
U-00666,2023-07-21,634,0.8108987523339602,7,1,149,2341.2551347122585,established,1
U-02349,2023-07-21,1365,0.6888085745134482,9,0,12,920.8198131220283,veteran,1
U-03128,2023-07-21,607,0.8512590261744171,8,2,53,392.69735351409525,established,1
U-01736,2023-07-21,620,0.6127421567003271,5,0,147,1346.407314902529,established,1
U-00875,2023-07-21,1338,0.5544195974459784,8,1,68,1043.9712120649808,veteran,1
U-01766,2023-07-21,638,0.3584072925020956,2,1,117,905.2732178159338,established,0
U-02900,2023-07-22,103,0.3600531274941279,2,3,98,754.0510388541134,new,0
U-01617,2023-07-22,392,0.8356332590533245,9,1,120,905.1533547370668,established,1
U-00628,2023-07-22,1531,0.1951431691359864,9,2,163,471.8013093544167,veteran,0
U-01216,2023-07-22,1579,0.3751136530755702,6,2,150,889.8559405368944,veteran,1
U-03376,2023-07-22,1223,0.07921955107309742,5,1,105,168.7367100268691,veteran,0
U-03375,2023-07-22,1906,0.14589321977911818,8,1,18,525.9975175766251,veteran,0
U-03761,2023-07-22,1443,0.9420677336713595,3,0,63,1374.0632081770336,veteran,1
U-02684,2023-07-22,767,0.22269101895928645,6,0,158,944.2869671979648,veteran,0
U-02714,2023-07-22,1871,0.6267730756752141,1,1,34,978.493674135046,veteran,1
U-02250,2023-07-22,1376,0.833239540964052,5,1,32,785.6040936749114,veteran,1
U-00114,2023-07-22,603,0.7678573756338111,4,3,129,330.04113869278115,established,1
U-00419,2023-07-22,235,0.5106606317398971,9,3,21,581.2761246890396,established,1
U-03011,2023-07-22,1147,0.9765430134530636,6,1,126,273.62536308944397,veteran,1
U-00158,2023-07-22,423,0.4509247473159945,6,2,156,807.0260705073388,established,0
U-03902,2023-07-23,689,0.9451655174597346,6,3,110,367.1869086736254,established,1
U-01489,2023-07-23,740,0.7458851622950232,6,0,122,1159.8650554847968,veteran,0
U-00444,2023-07-23,1482,0.10963534576855039,4,1,16,250.1095631733014,veteran,1
U-01050,2023-07-23,885,0.22552345828308484,1,0,150,185.9733922019902,veteran,0
U-01240,2023-07-23,721,0.13870760315880926,1,2,175,424.60605585498655,established,0
U-00896,2023-07-23,1705,0.22087883484954018,3,3,150,966.9113324122517,veteran,0
U-03939,2023-07-23,312,0.6228509494305482,5,1,91,393.16423769626596,established,1
U-02951,2023-07-23,881,0.9670721994969583,9,4,170,590.2654295993149,veteran,1
U-02065,2023-07-23,530,0.8700258808571377,4,1,136,397.3432463406904,established,1
U-00939,2023-07-23,697,0.18786072533752196,4,1,51,289.8626872337329,established,1
U-03994,2023-07-24,1697,0.055503629037139346,7,2,77,721.725430150726,veteran,1
U-02742,2023-07-24,1069,0.0606149750075019,9,3,79,1103.249539519231,veteran,1
U-02312,2023-07-24,121,0.9520316985532247,7,4,58,1258.5954158639036,new,1
U-00016,2023-07-25,563,0.2506088744030598,4,5,50,732.9067192781285,established,0
U-01441,2023-07-25,1039,0.8118761105873928,8,3,150,1914.9924877623464,veteran,0
U-01679,2023-07-25,119,0.37004976053366034,7,1,58,2357.1831792225234,new,1
U-02958,2023-07-25,609,0.3647476802907027,9,1,138,869.7010906302987,established,0
U-00999,2023-07-25,1012,0.6152300505352921,1,3,89,973.2635404583801,veteran,1
U-03664,2023-07-25,1575,0.1453503050084376,7,3,170,397.7159008028934,veteran,1
U-03310,2023-07-25,1748,0.38682284560772917,4,2,17,673.0616912363541,veteran,1
U-00607,2023-07-25,987,0.2177983352203149,5,2,12,860.573610886447,veteran,0
U-02810,2023-07-25,1638,0.16793623980141792,3,0,65,548.4290393076387,veteran,1
U-01295,2023-07-25,1603,0.5834935514695763,3,0,155,1397.642321157367,veteran,0
U-03656,2023-07-25,1612,0.7933983204890724,8,1,80,634.320984388115,veteran,1
U-01206,2023-07-26,1420,0.05208877496969,4,0,11,696.8269035153043,veteran,0
U-00802,2023-07-26,466,0.04606490010219111,6,1,18,699.9232842978691,established,0
U-01719,2023-07-26,932,0.1003293178450484,2,2,9,1195.6638551223648,veteran,1
U-02263,2023-07-26,1805,0.7044290335500782,7,0,146,783.4910953698485,veteran,1
U-03653,2023-07-26,563,0.04060834738816166,9,2,63,741.811308357672,established,0
U-02875,2023-07-26,665,0.5000677268066126,7,0,45,413.5413898985025,established,1
U-03420,2023-07-26,1441,0.10562122151087594,6,2,43,515.6194590823159,veteran,1
U-00343,2023-07-26,537,0.2342956008119237,7,0,129,762.0536755025521,established,0
U-01582,2023-07-26,1427,0.3243399932036394,3,0,20,904.392953611222,veteran,1
U-01459,2023-07-26,1789,0.06353334829533641,4,3,160,301.06736215225334,veteran,0
U-00548,2023-07-26,1063,0.7257083957377433,9,0,154,718.7634682785026,veteran,1
U-01164,2023-07-26,729,0.6488469339936108,3,2,129,1032.5054038525832,established,0
U-02132,2023-07-27,1830,0.7251156888229772,3,2,41,1123.6235723413092,veteran,1
U-01915,2023-07-27,53,0.5945862193028131,6,1,142,962.2334080176133,new,0
U-03243,2023-07-27,576,0.8200644880229958,7,1,129,966.4699040347232,established,1
U-02949,2023-07-27,1118,0.8903580016542478,4,4,160,1134.5515581856725,veteran,0
U-00365,2023-07-27,1681,0.118130850279074,5,3,53,554.8807548362129,veteran,0
U-01014,2023-07-27,1328,0.19696645595947704,6,0,39,641.4508232366494,veteran,0
U-03900,2023-07-27,254,0.35897261378309386,9,1,151,899.1635039972144,established,1
U-00716,2023-07-27,1781,0.3447661939659543,4,2,101,195.43081521375154,veteran,0
U-03808,2023-07-27,236,0.945079385371402,6,0,140,1077.7277607873223,established,1
U-00448,2023-07-28,1115,0.5547195240586772,2,0,79,358.27613013299646,veteran,0
U-02476,2023-07-28,508,0.7903145097440284,1,1,95,616.9310919535477,established,0
U-03551,2023-07-28,997,0.6712804288995956,1,1,99,364.3124392665695,veteran,0
U-00700,2023-07-28,1779,0.9775059841289311,7,2,120,1054.0876251031477,veteran,1
U-03956,2023-07-28,1383,0.35999279478012935,1,0,141,459.8761824562216,veteran,0
U-02731,2023-07-28,680,0.5426880443807649,3,1,140,864.7372347177873,established,0
U-02713,2023-07-28,1134,0.630333387078631,9,3,95,332.8684769196141,veteran,1
U-00295,2023-07-28,1988,0.40296274177050573,2,3,104,896.1635649082099,veteran,1
U-02431,2023-07-28,1503,0.4416227863618305,7,4,67,619.8524753168707,veteran,0
U-02776,2023-07-28,1059,0.39493354312853624,3,5,115,399.179726880573,veteran,0
U-03866,2023-07-28,1415,0.017293024414783087,1,2,58,700.0593057674822,veteran,0
U-03999,2023-07-28,385,0.9520723793339971,5,1,14,1303.999655081148,established,0
U-01799,2023-07-28,857,0.39614674508830017,2,0,98,256.2582010719293,veteran,0
U-01009,2023-07-28,576,0.4028393399933684,7,2,17,1212.7673036188849,established,0
U-01848,2023-07-28,1219,0.10010542876721051,7,5,86,244.40495438121422,veteran,0
U-01685,2023-07-28,893,0.015190104682004546,2,1,65,371.23574865332114,veteran,0
U-03468,2023-07-29,1810,0.7813045172798514,1,1,100,515.5503444489168,veteran,1
U-03936,2023-07-29,401,0.2147219425856337,8,1,174,423.01428656934513,established,0
U-03336,2023-07-29,1940,0.6423807517156301,4,0,159,1147.5198250279566,veteran,1
U-03391,2023-07-29,864,0.014213029574641989,4,2,128,596.0306793079782,veteran,0
U-00892,2023-07-29,144,0.4421062945557275,2,1,66,898.9733755616653,new,0
U-01310,2023-07-29,1824,0.4254154747770472,3,1,156,902.2406088523896,veteran,0
U-00577,2023-07-29,423,0.07906917736795571,4,4,19,377.7935309177591,established,1
U-00711,2023-07-29,1597,0.24592765058913602,8,1,109,2407.9272792632905,veteran,0
U-01858,2023-07-29,704,0.5544498819965276,7,0,107,1108.7076232569868,established,1
U-00678,2023-07-29,1317,0.07755167426146636,4,1,133,535.0607943166805,veteran,0
U-03359,2023-07-30,135,0.6559021196637528,4,0,2,1191.2648433741583,new,1
U-02608,2023-07-30,197,0.10859061697156769,4,0,50,1226.6684432889826,established,0
U-02028,2023-07-30,1070,0.9238088795840816,2,2,97,1055.8906463320332,veteran,1
U-01664,2023-07-30,1106,0.20993431309359467,5,1,48,1237.0354776511958,veteran,0
U-02488,2023-07-30,290,0.020543034528143878,9,2,84,644.5313229100633,established,0
U-00010,2023-07-30,725,0.26378604217576673,1,1,161,436.52442416393166,established,1
U-03264,2023-07-30,1048,0.5624296180338006,7,1,99,434.4849071098291,veteran,1
U-01073,2023-07-30,1569,0.5057336871843555,2,3,25,625.2831072652499,veteran,0
U-01194,2023-07-30,759,0.8803548820128152,8,2,56,704.4271222722738,veteran,1
U-02517,2023-07-30,1143,0.6512419287826812,4,1,106,848.422712197517,veteran,0
U-03727,2023-07-30,707,0.2659495003457961,9,2,3,446.7578395008695,established,1
U-00996,2023-07-30,1501,0.16838964864537598,1,2,98,580.5625206531912,veteran,1
U-01391,2023-07-31,356,0.3876778482082255,5,1,178,643.2655491517838,established,1
U-03772,2023-07-31,1168,0.08816810692415855,3,0,167,523.7117624378978,veteran,0
U-03737,2023-07-31,1251,0.44035519263738443,2,2,24,1017.9592709669253,veteran,1
U-03645,2023-07-31,1090,0.2538831613687479,5,1,54,323.10564964362555,veteran,1
U-01500,2023-07-31,1893,0.17120494224342575,5,2,130,718.2625917505626,veteran,0
U-03043,2023-07-31,1740,0.2320249538069996,6,2,123,389.49829876302084,veteran,0
U-01919,2023-07-31,1830,0.2929027379123671,6,2,41,569.8821225447404,veteran,1
U-01956,2023-07-31,459,0.5460522460754338,7,0,90,376.16056491710674,established,0
U-00994,2023-07-31,1295,0.595499705910118,2,4,131,579.8266244210038,veteran,0
U-03538,2023-07-31,606,0.12926594589539908,4,1,106,327.43725090948607,established,0
U-00746,2023-08-01,1538,0.4431779872452878,8,2,9,536.2578998122642,veteran,0
U-01298,2023-08-01,364,0.26229116071881475,1,1,33,779.9375898574095,established,0
U-03477,2023-08-01,1597,0.27458400266244265,6,3,144,647.5444864115864,veteran,0
U-03016,2023-08-01,1234,0.38154165062789613,5,0,160,544.4007939349095,veteran,1
U-02538,2023-08-01,670,0.5056558896402157,3,1,89,1302.993499970981,established,1
U-03776,2023-08-01,1665,0.20048268988003104,7,1,19,278.0470551841209,veteran,1
U-01957,2023-08-01,1440,0.07528376627828726,7,4,94,2227.2993480967,veteran,0
U-02047,2023-08-01,1154,0.09607713217210068,5,0,114,482.9382950546585,veteran,0
U-00487,2023-08-01,531,0.11209923242642206,4,2,71,481.2861621661301,established,1
U-02410,2023-08-01,1700,0.018006858979704,7,1,135,186.42123557865716,veteran,0
U-01163,2023-08-01,1677,0.41510742666849476,4,0,175,777.4984849809255,veteran,0
U-02606,2023-08-01,1744,0.8659941050245247,8,1,69,1493.5947303933876,veteran,1
U-00506,2023-08-01,601,0.4116556951297361,6,0,16,494.96008880031445,established,0
U-02948,2023-08-01,768,0.7153101740349447,9,4,4,243.22523925545815,veteran,0
U-03495,2023-08-01,1756,0.7437761832661044,9,2,178,1130.1460733720626,veteran,1
U-02592,2023-08-01,759,0.4348010845499275,7,5,171,937.5797869961766,veteran,0
U-01901,2023-08-01,332,0.027314117071251642,3,1,163,3979.091431013335,established,0
U-01146,2023-08-01,966,0.8959035179758841,5,1,0,504.9909359278443,veteran,1
U-01990,2023-08-01,127,0.10823043683686817,8,4,112,735.3557443959315,new,1
U-01668,2023-08-02,1523,0.6571697584241699,8,2,132,373.2445237496723,veteran,1
U-03896,2023-08-02,1737,0.5840792922454121,1,1,122,262.95187274401417,veteran,0
U-01334,2023-08-02,1226,0.35781003241535636,5,3,105,318.18803796862824,veteran,0
U-01900,2023-08-02,1862,0.8332450388013244,3,3,160,531.4987146868564,veteran,1
U-01340,2023-08-02,624,0.3396837254695101,1,5,45,540.7739669854899,established,0
U-01552,2023-08-02,1322,0.35023019656788623,5,1,42,895.5344050510308,veteran,1
U-02765,2023-08-02,1847,0.6428883242899669,5,0,172,646.2342715937069,veteran,1
U-02309,2023-08-02,396,0.7094208085992002,5,2,19,561.5430412912854,established,1
U-00655,2023-08-02,420,0.8700953896137721,6,2,82,350.2081658325131,established,1
U-00350,2023-08-02,1228,0.18290318398668237,9,4,91,709.0478516602969,veteran,1
U-02793,2023-08-02,177,0.5818048591404459,6,2,4,809.7232537961754,new,0
U-01724,2023-08-02,452,0.8004498123184509,9,2,124,276.2181720643561,established,0
U-02665,2023-08-03,81,0.7156292357759177,4,2,81,1239.1537677925535,new,0
U-00605,2023-08-03,959,0.32182916969658903,2,2,44,157.1630695765836,veteran,0
U-01635,2023-08-03,1205,0.6686947628434194,8,3,20,908.3666961847241,veteran,1
U-02895,2023-08-03,1520,0.12390034578331022,5,2,164,310.2297919832273,veteran,1
U-01921,2023-08-03,1600,0.009334573220024955,3,0,52,1579.594431679369,veteran,0
U-00647,2023-08-03,188,0.2150758081563342,9,1,72,740.8685297280307,established,1
U-00560,2023-08-03,992,0.9901456140557632,5,0,32,1105.4550942289688,veteran,0
U-03678,2023-08-04,889,0.9114872052347894,5,5,165,825.8105592272998,veteran,0
U-00930,2023-08-04,59,0.7577165208126542,6,1,154,302.79780825852845,new,0
U-00876,2023-08-04,842,0.22190064629382356,4,0,90,498.79240476749726,veteran,1
U-03344,2023-08-04,1486,0.31407691732957166,5,2,22,1579.4030729825356,veteran,1
U-02350,2023-08-04,702,0.772537912454397,9,1,56,422.17273519752086,established,1
U-03110,2023-08-04,107,0.9579198327687352,1,0,136,507.0537630255919,new,0
U-01139,2023-08-04,1991,0.8427712776094288,8,1,41,429.8520158804669,veteran,1
U-03466,2023-08-04,1330,0.21279159204151088,4,0,31,586.2691883382707,veteran,1
U-03298,2023-08-04,877,0.9078495019625249,1,4,78,699.631785239115,veteran,0
U-02138,2023-08-04,159,0.18318060363367628,2,1,34,313.6047276080548,new,0
U-02335,2023-08-04,401,0.3790470708319067,2,0,5,473.76427519429404,established,1
U-03636,2023-08-05,316,0.49692153225144653,6,0,102,1368.004737480806,established,0
U-02117,2023-08-05,454,0.13181207041883547,1,2,128,784.6197467327323,established,0
U-03978,2023-08-05,957,0.9030957546587897,6,4,149,510.55228118193105,veteran,0
U-02923,2023-08-05,1585,0.5087202232013598,1,2,113,1036.1807198601143,veteran,0
U-01258,2023-08-05,1348,0.42663499755445067,8,1,76,795.6131353287245,veteran,1
U-00926,2023-08-05,815,0.21611205508217113,4,2,55,619.6109722164895,veteran,0
U-03340,2023-08-05,1769,0.5468168682717709,5,1,142,328.70192753491006,veteran,0
U-00288,2023-08-05,1535,0.9942786739158408,7,0,16,285.39796700250383,veteran,1
U-01379,2023-08-05,1036,0.8290382557516824,8,2,118,315.245870128908,veteran,1
U-01847,2023-08-05,1358,0.21947342922809088,4,1,11,865.5953757038097,veteran,1
U-00538,2023-08-05,1673,0.1414312880258628,8,2,148,435.1734424210011,veteran,0
U-02820,2023-08-05,1584,0.6582403058111063,6,3,118,616.0447201304087,veteran,0
U-02153,2023-08-06,694,0.2830324880626349,8,1,95,1534.816962738111,established,1
U-02835,2023-08-06,1579,0.1623266213376291,7,3,166,510.0158358371674,veteran,0
U-03860,2023-08-06,1314,0.6128734889795205,7,3,81,677.7173579803035,veteran,1
U-03940,2023-08-06,1269,0.16769121446945712,8,1,52,410.6047259056476,veteran,1
U-00916,2023-08-06,236,0.7488270004683447,5,3,104,1738.7596455574987,established,1
U-00806,2023-08-06,951,0.4086007676272503,5,1,46,986.3417282056269,veteran,0
U-00304,2023-08-06,1347,0.012215462915350805,7,2,64,697.7214980866381,veteran,1
U-02136,2023-08-06,311,0.9568886003161919,7,2,114,359.8449842613683,established,0
U-00788,2023-08-06,633,0.13683178400394735,4,2,24,625.760727590235,established,0
U-00228,2023-08-07,714,0.5566594006874488,9,1,65,292.0863112377033,established,0
U-02774,2023-08-07,1879,0.5163894235281747,4,5,97,1990.5755451975288,veteran,1
U-03631,2023-08-07,798,0.7019628883735499,2,1,156,464.101523780402,veteran,1
U-00056,2023-08-07,1698,0.2930376744328186,3,0,112,2153.5698961197495,veteran,0
U-00294,2023-08-07,1856,0.8095792023273852,9,2,2,784.9771261298843,veteran,1
U-03757,2023-08-07,69,0.027986559208900363,2,0,96,609.3181202489814,new,1
U-02342,2023-08-07,1327,0.8808029380377796,4,5,72,768.3434162064035,veteran,1
U-00982,2023-08-07,398,0.3107402677764569,5,2,123,2994.5521826452637,established,0
U-00028,2023-08-07,1389,0.48003099942621696,3,1,93,323.9215860083108,veteran,0
U-02118,2023-08-07,1023,0.8631515301608474,4,0,138,2409.6841807741976,veteran,1
U-02833,2023-08-07,1251,0.9737577677686472,4,2,64,1357.3931353479732,veteran,1
U-00330,2023-08-07,394,0.10176845917980593,4,2,71,526.0765397952651,established,1
U-03827,2023-08-08,791,0.14658739102076102,3,0,129,1293.6059036203606,veteran,0
U-01576,2023-08-08,1169,0.9822308295656378,4,3,108,1160.0500123693491,veteran,0
U-00991,2023-08-08,1058,0.8549451286305332,5,0,66,706.2547950534508,veteran,0
U-03822,2023-08-08,89,0.31755489388757296,6,1,95,477.6959402776202,new,0
U-03476,2023-08-08,1919,0.48014246882872536,4,0,32,1533.8700520972245,veteran,1
U-01322,2023-08-08,1388,0.8638249502637549,4,1,151,642.0093599710736,veteran,1
U-00878,2023-08-08,1352,0.3875005355387683,2,0,5,950.2034176860761,veteran,1
U-03913,2023-08-09,1978,0.8733737525606602,7,1,57,460.3504481059313,veteran,0
U-03065,2023-08-09,962,0.8102098556993457,9,1,112,753.9940380492463,veteran,1
U-02403,2023-08-09,1847,0.5246341563952881,9,2,88,213.49423955591334,veteran,1
U-03145,2023-08-09,634,0.7239723011299664,4,0,116,549.4731093825156,established,0
U-02251,2023-08-09,410,0.20471995933541243,9,1,149,881.5507589019577,established,0
U-01496,2023-08-09,1548,0.9643240868848629,1,1,26,1068.7596006596134,veteran,1
U-01663,2023-08-10,918,0.1300464400848661,6,1,167,850.8929954979939,veteran,1
U-00307,2023-08-10,1604,0.34425778714465205,8,2,130,402.9030972931632,veteran,1
U-01221,2023-08-10,1776,0.5608615729363878,2,3,140,671.8662299798848,veteran,1
U-00654,2023-08-10,270,0.41673225389404467,1,2,15,819.7901308604988,established,1
U-03785,2023-08-10,1046,0.9651343982800088,1,2,2,1245.341284088153,veteran,0
U-00761,2023-08-10,1699,0.5037563377671381,5,0,143,1033.2552679917667,veteran,1
U-01624,2023-08-10,439,0.010398101510140534,4,6,129,412.02973725467695,established,0
U-01839,2023-08-10,1426,0.19843933663226232,7,0,111,729.8045119753355,veteran,1
U-00329,2023-08-10,1762,0.9203623612948049,4,3,164,1043.1775092096145,veteran,0
U-01364,2023-08-10,567,0.8844981481045009,6,4,101,553.1186921680189,established,1
U-00131,2023-08-10,1862,0.6268162361303028,2,3,66,566.7242938838705,veteran,0
U-03597,2023-08-10,848,0.7037061351632893,1,3,132,497.9831092247173,veteran,1
U-01937,2023-08-10,1160,0.3937713114004048,9,1,159,1074.1643295159968,veteran,0
U-02334,2023-08-10,161,0.7462738135003091,4,3,5,361.6601402272657,new,1
U-01996,2023-08-10,1713,0.5806776685092404,1,3,50,638.6086500131466,veteran,1
U-00033,2023-08-10,580,0.5461394934009635,7,3,0,378.8875239563255,established,1
U-02585,2023-08-10,1170,0.25730476499136434,7,0,147,2158.5163415759966,veteran,0
U-01128,2023-08-11,1363,0.9166950780853498,5,1,126,1270.758844890798,veteran,1
U-01083,2023-08-11,890,0.05157954440447299,1,2,106,1101.9517622356561,veteran,1
U-00455,2023-08-11,162,0.33427341171438174,2,3,36,890.2161202002849,new,1
U-03660,2023-08-11,1239,0.4227084144433829,3,1,123,1068.1947324513674,veteran,0
U-00157,2023-08-11,623,0.07108739694508126,9,2,136,411.26560195860935,established,0
U-01257,2023-08-11,598,0.422905934358055,4,1,95,524.735437556104,established,1
U-00112,2023-08-11,328,0.7708102818323926,1,1,48,892.1575388951162,established,1
U-00754,2023-08-11,447,0.9241246489842154,2,0,95,1259.844018000232,established,0
U-02030,2023-08-11,1756,0.3686217310426012,2,1,166,370.1918854561566,veteran,0
U-03175,2023-08-11,983,0.005730900713121323,5,2,108,371.9517018219853,veteran,0
U-01564,2023-08-11,212,0.9327460760074581,6,0,91,700.1799395977146,established,0
U-00133,2023-08-12,1019,0.5103259170757342,2,0,63,950.0855751098276,veteran,1
U-03610,2023-08-12,129,0.7683525058504805,2,1,143,316.4712073248002,new,0
U-01974,2023-08-12,1928,0.9689918663769136,9,0,0,907.342944446958,veteran,1
U-03842,2023-08-12,1733,0.06986442597481102,6,1,82,1047.9656302508881,veteran,0
U-01002,2023-08-12,1265,0.7668615203028132,8,1,29,563.8582372829686,veteran,1
U-01386,2023-08-13,493,0.08599897163495285,7,2,83,278.857845146804,established,1
U-01433,2023-08-13,1021,0.4269318597663363,2,2,45,459.4844497904373,veteran,1
U-02061,2023-08-13,1586,0.40314325245089344,4,2,63,174.33166369340154,veteran,1
U-03759,2023-08-13,854,0.565435698827345,4,0,3,2476.79500058794,veteran,1
U-02425,2023-08-13,1587,0.022518841995246786,2,1,32,603.569803584409,veteran,1
U-03214,2023-08-13,516,0.8152657043053134,2,0,156,543.9243557086418,established,1
U-01411,2023-08-13,952,0.7747025930112271,4,1,176,606.8917697942933,veteran,0
U-02882,2023-08-14,1530,0.39777472114235024,2,1,28,662.0806142834844,veteran,1
U-02603,2023-08-14,658,0.15986277590948073,4,2,166,752.6571864859335,established,0
U-00078,2023-08-14,516,0.15624123976064241,2,0,66,360.6352951467789,established,0
U-00705,2023-08-14,492,0.29693873781772273,8,0,21,1894.7943047034041,established,1
U-02687,2023-08-14,233,0.8859751130926863,2,2,30,944.6960113919616,established,0
U-02633,2023-08-14,1482,0.5794133629298055,8,5,130,409.7284780033531,veteran,1
U-03447,2023-08-14,879,0.36942428475448097,4,2,102,881.3428138049402,veteran,1
U-03258,2023-08-14,311,0.711736729344619,5,5,4,1068.99379613221,established,1
U-02435,2023-08-14,55,0.3885355304562821,9,0,35,543.5294743216667,new,1
U-03032,2023-08-14,1835,0.20991956332393813,8,0,95,439.4043283653965,veteran,1
U-02655,2023-08-15,1702,0.3769171484555517,1,2,32,203.30434015521584,veteran,1
U-02797,2023-08-15,1393,0.19004088849215317,8,3,132,784.3968687383386,veteran,0
U-00125,2023-08-15,1023,0.15256560468381297,5,2,123,785.7895821011329,veteran,0
U-00979,2023-08-15,1229,0.9140047054509676,7,2,80,649.1637263688596,veteran,1
U-01188,2023-08-15,1641,0.8949178823855207,2,3,21,450.12911171114496,veteran,1
U-01671,2023-08-15,1297,0.8688495910220159,1,2,54,502.13854268429975,veteran,0
U-00130,2023-08-15,46,0.7311393769080597,4,2,162,733.3346099636572,new,0
U-02401,2023-08-15,1530,0.2076822517706749,2,0,175,1029.4832050854989,veteran,0
U-00436,2023-08-15,1319,0.8287375391937123,2,0,162,829.1589625369446,veteran,0
U-01028,2023-08-15,1413,0.5920028874488703,6,2,2,362.62745181362556,veteran,1
U-03890,2023-08-15,449,0.5354940940343433,2,3,107,212.0606930564529,established,1
U-02302,2023-08-16,355,0.5214871128191862,4,0,174,916.1301827023733,established,0
U-02579,2023-08-16,883,0.9598653574972292,1,0,159,733.2024930485162,veteran,0
U-01543,2023-08-16,1605,0.5998914256772949,9,3,166,963.365289842247,veteran,1
U-02646,2023-08-16,309,0.07199576613846315,3,2,103,879.5327631043054,established,0
U-03143,2023-08-16,306,0.09488117867166845,6,3,85,1203.367210624408,established,0
U-00115,2023-08-16,965,0.2678756020772608,3,0,167,671.6448701101943,veteran,0
U-02891,2023-08-16,693,0.32177861371888117,3,2,101,1084.828606445118,established,0
U-03683,2023-08-16,1296,0.8507339014963048,2,2,111,792.4086864345014,veteran,0
U-03593,2023-08-16,1308,0.8111857883682237,1,0,99,405.17758555465366,veteran,0
U-02856,2023-08-16,1393,0.2333716987156632,3,5,168,480.18482705505426,veteran,1
U-01727,2023-08-16,235,0.32253642193885845,6,3,123,794.5530185718409,established,0
U-00569,2023-08-17,432,0.5758772585358829,1,0,16,1320.0341125736009,established,1
U-00707,2023-08-17,1110,0.42789426317924717,2,1,96,580.6279256711194,veteran,0
U-01758,2023-08-17,1088,0.2396857008411215,4,1,65,599.387164848424,veteran,0
U-00287,2023-08-17,1618,0.21638930868297468,4,1,87,369.93466477862455,veteran,0
U-01454,2023-08-17,636,0.9316558618930374,7,2,97,634.254373539069,established,1
U-03234,2023-08-17,724,0.6058488953315778,7,2,158,1325.5585063488652,established,0
U-00921,2023-08-17,1749,0.16094742358150937,9,0,28,565.5941026157675,veteran,0
U-03235,2023-08-17,344,0.7819452750462824,1,1,108,957.6045024880005,established,0
U-02198,2023-08-17,342,0.4599487369365248,3,1,49,769.7999381460418,established,0
U-00977,2023-08-17,248,0.20827999443580514,8,0,80,535.1587681589342,established,0
U-03925,2023-08-17,1398,0.19377147152076724,2,3,85,447.61789282619606,veteran,0
U-00128,2023-08-18,1109,0.7984321908001345,4,0,159,336.5920018418521,veteran,0
U-02736,2023-08-18,814,0.014747446901328787,9,1,27,1150.4425027935126,veteran,0
U-01896,2023-08-18,71,0.11660404556851656,4,2,162,359.10788621761617,new,0
U-01343,2023-08-18,911,0.5824297349221781,4,0,138,1876.7418026117293,veteran,1
U-01630,2023-08-18,968,0.4212735605515239,4,3,73,1013.7861819635314,veteran,0
U-03882,2023-08-19,1856,0.32941221611176796,8,0,148,685.2848212682999,veteran,0
U-02529,2023-08-19,697,0.08360538497397707,2,2,163,2334.086580437176,established,0
U-00534,2023-08-19,88,0.50315885094502,9,2,102,600.9792392205484,new,1
U-01764,2023-08-19,649,0.4699899323335527,8,2,152,662.7178701719811,established,0
U-02246,2023-08-19,1587,0.9375623209065953,9,2,39,889.76584461403,veteran,1
U-02560,2023-08-19,1281,0.45250839859452874,6,2,152,720.9913313456102,veteran,0
U-03762,2023-08-19,1060,0.25471022905514507,7,1,31,603.3269130516672,veteran,0
U-03511,2023-08-20,707,0.5451786426597738,4,2,131,1383.8546116736184,established,1
U-00596,2023-08-20,1801,0.43461036073720605,9,0,50,1091.1578400321193,veteran,0
U-00227,2023-08-20,1237,0.17645765302889949,7,3,156,1493.2470032249214,veteran,0
U-03226,2023-08-20,60,0.026889640310256202,4,1,109,621.2546790309513,new,0
U-02718,2023-08-20,373,0.6252147896506657,8,2,71,831.654674893542,established,0
U-01626,2023-08-20,854,0.7348496539849367,1,1,112,932.1840410090438,veteran,1
U-00929,2023-08-20,466,0.2866920254570754,6,0,34,1395.1889342586257,established,1
U-02625,2023-08-20,1105,0.9097922838293668,3,3,20,1654.6549719953123,veteran,1
U-02678,2023-08-20,1808,0.03606270943972545,6,3,137,1036.677140631995,veteran,1
U-00676,2023-08-21,1124,0.11136497278658797,1,1,68,610.4468843021559,veteran,0
U-02728,2023-08-21,277,0.7519069747402168,1,2,176,451.69192568398375,established,1
U-03750,2023-08-21,1294,0.8568481776036609,4,3,6,604.5158210208708,veteran,1
U-02122,2023-08-21,1610,0.6868982555187365,5,0,70,531.5057853783759,veteran,0
U-03074,2023-08-21,1433,0.7966573190059218,3,2,69,1579.1213248578667,veteran,1
U-03801,2023-08-21,312,0.8041713344029736,3,3,176,749.7282089106867,established,0
U-00265,2023-08-21,1981,0.5118223889047572,8,0,54,504.6056119268626,veteran,1
U-03541,2023-08-21,1881,0.3835518969340236,4,0,36,210.89795786828975,veteran,1
U-03721,2023-08-21,955,0.8634844432974528,2,1,27,1497.9597908984415,veteran,1
U-00423,2023-08-21,927,0.2284364717174271,9,2,80,713.3492280283823,veteran,1
U-03136,2023-08-21,1144,0.1359693900603718,3,2,83,457.8752301284984,veteran,1
U-01759,2023-08-21,31,0.053161171734727675,5,3,163,1013.8024317760031,new,0
U-02036,2023-08-22,1177,0.9123379293506373,6,4,160,605.2655141770624,veteran,1
U-02547,2023-08-22,1428,0.5595093774729606,6,1,169,659.6388517799868,veteran,1
U-01160,2023-08-22,780,0.9912000307762511,5,1,176,1390.1294334798376,veteran,0
U-03377,2023-08-22,1241,0.9572191492093396,1,0,156,580.9578503635748,veteran,0
U-01627,2023-08-22,108,0.7687300324015754,9,2,11,322.02834665255966,new,1
U-00241,2023-08-22,569,0.82812278833752,4,1,6,358.8764990609603,established,0
U-02752,2023-08-22,1235,0.7773927312876279,6,1,31,553.6819903448768,veteran,0
U-01790,2023-08-22,1474,0.8199899477787728,5,2,144,1203.3034333032222,veteran,1
U-01857,2023-08-22,749,0.5137185411670538,4,0,177,451.35599099915356,veteran,0
U-02463,2023-08-23,250,0.26660570704917763,8,3,53,933.2900122148442,established,0
U-01117,2023-08-23,943,0.766701587432286,3,1,89,3344.0730793183075,veteran,1
U-02189,2023-08-23,947,0.6109490331219362,3,2,79,1335.759700332921,veteran,1
U-01414,2023-08-23,642,0.727308559627431,6,1,42,308.9866906909143,established,1
U-00984,2023-08-23,409,0.30720113363231316,9,2,163,113.73622518689923,established,0
U-01155,2023-08-23,1722,0.0037255080776207317,3,0,123,365.58632347877847,veteran,0
U-03672,2023-08-23,1433,0.9353486953301278,6,5,1,985.1330563105583,veteran,1
U-02064,2023-08-24,763,0.33241513390778354,5,0,48,375.85570233926336,veteran,0
U-01832,2023-08-24,1649,0.33286675061634086,7,1,47,2103.1805356651435,veteran,1
U-02234,2023-08-24,1531,0.35208279463425884,2,2,123,461.7305494129867,veteran,0
U-01422,2023-08-24,175,0.7854440223341707,5,0,50,391.38624330587487,new,1
U-00980,2023-08-24,1805,0.9106640422500436,4,1,65,345.5929974727576,veteran,0
U-02559,2023-08-24,237,0.22973152661279372,9,2,142,273.8535152754139,established,0
U-03968,2023-08-24,47,0.08728538984754453,9,2,74,431.2080611072845,new,0
U-00785,2023-08-24,737,0.8680172944325221,5,1,67,965.5151618601703,veteran,1
U-03666,2023-08-24,1144,0.7716076001058686,9,2,92,275.2268074609947,veteran,1
U-02344,2023-08-24,372,0.2840661922031963,4,2,90,380.7178623660297,established,1
U-02946,2023-08-24,952,0.7235348838965485,8,1,21,1665.962097300083,veteran,1
U-00965,2023-08-24,238,0.00923892141851268,8,3,70,824.3414689267629,established,0
U-00259,2023-08-24,79,0.2790098034141264,4,2,164,629.0076620215535,new,0
U-01317,2023-08-25,238,0.9179425016228697,6,0,118,615.8670283202265,established,0
U-01395,2023-08-25,93,0.4116443168877235,4,3,26,623.846071995871,new,1
U-00269,2023-08-25,1023,0.7569363359425592,3,2,25,625.7501990424814,veteran,1
U-00914,2023-08-25,1562,0.3239795467518164,3,3,1,751.9814422751366,veteran,0
U-01545,2023-08-25,1778,0.29004784477359347,7,1,121,747.2167277552719,veteran,1
U-00547,2023-08-25,1689,0.2522507855216837,7,1,28,498.00649887280736,veteran,0
U-00697,2023-08-25,205,0.4784934381414848,1,2,169,490.2830487278568,established,0
U-03824,2023-08-26,1632,0.9878707217447237,9,3,114,890.3111532262168,veteran,1
U-02675,2023-08-26,1769,0.13719780837266538,5,2,33,612.8562105263211,veteran,1
U-01643,2023-08-26,1367,0.37555964245750817,4,2,2,611.0867367812776,veteran,1
U-00519,2023-08-26,875,0.24526584310929966,6,0,106,676.809817481441,veteran,0
U-00687,2023-08-26,597,0.45308212080982724,4,0,94,529.7019600421609,established,1
U-02965,2023-08-26,1681,0.5648423509979084,9,3,137,769.6718255456775,veteran,0
U-03954,2023-08-26,1315,0.8376795120075803,4,2,18,249.4013259120166,veteran,1
U-01607,2023-08-26,1203,0.5979505131197568,2,4,51,338.1254525789688,veteran,0
U-00467,2023-08-27,1901,0.658527482850764,6,0,150,2087.6531904310104,veteran,0
U-00454,2023-08-27,1236,0.5279798578307084,2,1,45,1059.3480859034955,veteran,1
U-01653,2023-08-27,946,0.3603818603300104,7,1,89,476.21405066420823,veteran,0
U-03414,2023-08-27,504,0.6581937453298798,6,2,98,666.4851109570914,established,0
U-01504,2023-08-27,1079,0.8748990705564946,8,1,58,653.7108684990599,veteran,1
U-00664,2023-08-27,645,0.5792541958945455,9,0,15,1717.6618873601728,established,1
U-02613,2023-08-27,151,0.11161604667215574,8,0,109,775.1547442589901,new,0
U-01349,2023-08-27,1176,0.20378097094672953,2,0,47,365.30827398238284,veteran,0
U-02444,2023-08-28,96,0.22560920423184416,1,1,55,1171.295244427503,new,0
U-03006,2023-08-28,1233,0.8115706960288429,2,2,103,825.9949058829192,veteran,0
U-00719,2023-08-28,325,0.14861983627690378,2,1,164,768.064606956935,established,0
U-03837,2023-08-28,1331,0.7187607817481522,1,1,102,849.1793671420311,veteran,1
U-00393,2023-08-28,163,0.6533951995074075,6,2,18,265.56619590396343,new,0
U-02023,2023-08-28,1781,0.8783827409249804,7,0,49,366.26800385873105,veteran,1
U-02972,2023-08-28,460,0.2487595236636393,9,0,27,563.7434510696907,established,1
U-03018,2023-08-28,944,0.02693576540878273,1,1,10,1953.5004985014334,veteran,0
U-00530,2023-08-28,89,0.770609332638432,6,1,130,336.81686422519994,new,0
U-01187,2023-08-28,275,0.5304751232566325,5,2,95,1147.2820286340013,established,1
U-03647,2023-08-29,91,0.38500037867184356,5,3,89,1017.3475140107745,new,1
U-03302,2023-08-29,1887,0.879044330472637,9,1,34,200.10106416739643,veteran,1
U-01579,2023-08-29,789,0.7521382723289237,8,2,129,1000.4637815467556,veteran,0
U-01763,2023-08-29,214,0.9318239817729504,9,1,99,927.9459763054405,established,1
U-03422,2023-08-29,392,0.2827507059853085,5,2,148,871.5944579382073,established,1
U-01047,2023-08-29,1263,0.830634826982857,4,0,169,840.7486946051931,veteran,1
U-02413,2023-08-29,37,0.9467868615146531,6,0,152,566.408465075358,new,0
U-00966,2023-08-29,474,0.37044959119794796,8,3,22,1039.916604480963,established,0
U-01524,2023-08-30,1238,0.28170053149863017,8,3,57,602.0096589165763,veteran,1
U-03346,2023-08-30,102,0.33981433604329303,5,2,77,631.418404332226,new,0
U-01567,2023-08-30,722,0.15616522353826512,3,2,166,698.8789760025431,established,0
U-00493,2023-08-30,545,0.10721084586014062,2,0,68,763.0974121750589,established,1
U-00624,2023-08-30,802,0.10927116603275544,3,4,20,768.6485841090084,veteran,1
U-02212,2023-08-30,1171,0.381988558998581,4,3,42,1890.131174232043,veteran,0
U-00136,2023-08-30,1948,0.5030458048276777,8,2,56,844.6335234262909,veteran,1
U-01872,2023-08-30,1483,0.11943294144623695,9,1,130,588.3361487781652,veteran,1
U-03875,2023-08-30,1308,0.12370198195668047,3,1,142,644.6391081034099,veteran,0
U-02691,2023-08-31,1353,0.05878966156701604,6,2,138,839.8502019280728,veteran,1
U-00489,2023-08-31,790,0.5336199339398677,9,3,148,1524.9047102868415,veteran,0
U-00849,2023-08-31,1803,0.7754244526726743,4,1,132,866.1133481300051,veteran,1
U-02182,2023-08-31,364,0.8113809515227647,1,2,26,600.0893150857244,established,1
U-03435,2023-08-31,1609,0.43414878436037274,1,2,13,871.6321727918947,veteran,1
U-03809,2023-08-31,767,0.03061060956023609,6,1,34,1529.4404873587023,veteran,0
U-00192,2023-08-31,1490,0.5523585814504327,5,2,149,440.994871108737,veteran,0
U-03169,2023-08-31,1832,0.021804777780519924,8,3,20,727.5479217997372,veteran,1
U-03448,2023-08-31,1452,0.4726866664355971,3,6,70,620.9233369186393,veteran,0
U-01951,2023-09-01,1644,0.4557407307994942,1,1,179,2208.4050363938427,veteran,0
U-01180,2023-09-01,1713,0.6578917814059948,1,2,25,302.9390038065291,veteran,1
U-01757,2023-09-01,1072,0.49320933286779334,2,0,113,744.7720929877795,veteran,0
U-03612,2023-09-01,922,0.6679232304681411,5,2,65,1305.2000048389027,veteran,1
U-03894,2023-09-01,1494,0.3834496792194131,6,2,70,1036.912340991622,veteran,1
U-03224,2023-09-01,1049,0.6592858614193504,8,3,63,519.0557353006768,veteran,1
U-02493,2023-09-02,710,0.16046466272797144,5,1,1,626.1599867967475,established,0
U-01661,2023-09-02,467,0.015396654960569855,1,3,161,466.0781888451029,established,0
U-00268,2023-09-02,118,0.7930794326950212,8,0,63,974.4889970579715,new,1
U-00955,2023-09-02,410,0.2366840035976563,5,0,36,742.9307519157443,established,0
U-03424,2023-09-02,1916,0.7487511977445599,1,2,67,539.2164252707977,veteran,0
U-00895,2023-09-02,826,0.48090811218148055,7,3,169,902.8961850781602,veteran,0
U-02970,2023-09-02,422,0.773612623041591,9,1,151,352.4844411460276,established,1
U-02863,2023-09-02,1128,0.3247566437552345,2,1,22,756.653776071597,veteran,0
U-02143,2023-09-02,1929,0.6401712481082494,3,2,55,547.4034452703653,veteran,0
U-01304,2023-09-02,491,0.0122568018650272,8,1,137,541.1767356385338,established,0
U-03863,2023-09-02,1184,0.49995746018760967,7,0,14,325.7196557888697,veteran,1
U-03601,2023-09-02,60,0.9845247806753183,1,3,4,573.304106006673,new,1
U-02123,2023-09-02,900,0.34170429529077573,9,0,80,151.53175611726843,veteran,1
U-03330,2023-09-03,522,0.21154322698383277,8,1,162,840.2683159425811,established,0
U-00671,2023-09-03,1388,0.3064803773185799,7,1,131,718.9133418375,veteran,0
U-00322,2023-09-03,941,0.6185402365031989,6,1,31,1186.0526262832718,veteran,0
U-00952,2023-09-03,1572,0.23790988666433077,5,0,105,578.3123414988909,veteran,0
U-02026,2023-09-03,914,0.15168561711649142,1,1,9,805.2995111688234,veteran,0
U-03919,2023-09-03,810,0.4281671914067853,4,2,111,1419.5925786893777,veteran,1
U-03123,2023-09-03,1022,0.8684415455387189,2,1,168,1325.9222765673078,veteran,0
U-01134,2023-09-03,1460,0.8745055991131784,9,1,23,493.4378377283774,veteran,1
U-00766,2023-09-03,1154,0.6588167668174209,8,3,92,700.77500043159,veteran,1
U-03921,2023-09-03,651,0.3942758691671191,5,4,120,1132.2106959480834,established,0
U-01828,2023-09-03,262,0.5253869328518468,8,1,40,1113.0392802230167,established,0
U-03176,2023-09-03,1499,0.11548587362294893,9,1,46,546.4809014089523,veteran,1
U-02392,2023-09-04,535,0.3188631494960953,4,1,7,1707.3794181944957,established,1
U-00986,2023-09-04,1933,0.6331057370646355,1,0,53,1006.014731225617,veteran,0
U-01845,2023-09-04,347,0.8891976853146673,1,1,52,689.445100390625,established,1
U-02926,2023-09-04,791,0.2605174051925322,2,0,101,1023.3846290798343,veteran,0
U-03416,2023-09-04,1636,0.20609117891771067,7,2,21,763.4604287830015,veteran,0
U-00701,2023-09-04,140,0.44436616263823236,9,0,1,475.5426592861812,new,1
U-00899,2023-09-04,1182,0.7923956468500528,8,0,150,653.3508813490246,veteran,1
U-02628,2023-09-04,889,0.2015895108623631,7,2,27,3778.6706167936163,veteran,1
U-03608,2023-09-04,568,0.32263973434386395,3,2,155,321.1577344235925,established,0
U-00600,2023-09-04,1976,0.6230852574702211,9,2,143,397.58977638899677,veteran,1
U-01396,2023-09-05,1889,0.31218007260679626,5,2,162,1513.653870203881,veteran,0
U-01884,2023-09-05,287,0.4924998486780927,3,0,38,235.149698677009,established,1
U-02824,2023-09-05,1093,0.5743711704314439,1,2,33,643.6478392728748,veteran,1
U-02507,2023-09-05,993,0.04664690425861273,8,0,54,381.6144419141549,veteran,1
U-03343,2023-09-05,1233,0.0544404273944078,9,2,72,645.5679048884346,veteran,1
U-03639,2023-09-05,1686,0.3729391380882292,8,0,24,268.33022955274,veteran,1
U-01660,2023-09-05,284,0.4185307770366532,1,0,128,753.9192552563035,established,0
U-02416,2023-09-05,446,0.4497744417972779,3,2,52,369.9673371537659,established,0
U-01553,2023-09-05,1307,0.1760974292683921,5,3,127,721.7906040176218,veteran,1
U-02725,2023-09-05,1182,0.38944490720262115,6,1,73,617.4873457469083,veteran,1
U-02903,2023-09-05,1131,0.31716969465823885,3,1,60,757.4593932422019,veteran,0
U-02225,2023-09-05,1430,0.1134315113659995,5,1,179,882.447821906926,veteran,0
U-03969,2023-09-05,762,0.042829999093689675,6,1,140,273.1163669459759,veteran,0
U-00342,2023-09-06,951,0.5685468550497916,7,1,130,1259.7693857864333,veteran,1
U-01199,2023-09-06,1902,0.5428742880953146,4,2,11,361.33504250418,veteran,1
U-01289,2023-09-06,603,0.6084503697937579,3,0,168,970.1067806456706,established,0
U-03874,2023-09-06,601,0.5419462321933647,1,1,89,906.8166047650786,established,0
U-03599,2023-09-06,568,0.5999988085596921,4,0,135,1154.9652431142886,established,1
U-03366,2023-09-06,1463,0.1694406005450485,9,0,176,1105.2025220737291,veteran,1
U-01637,2023-09-06,886,0.7114058474795725,7,1,22,886.309587135325,veteran,0
U-01539,2023-09-06,1982,0.001051972560388137,1,3,179,377.8445490863882,veteran,1
U-02916,2023-09-06,90,0.3493216752360554,7,1,98,421.8576923571507,new,0
U-00674,2023-09-06,1669,0.6601176338820307,4,1,74,714.1527527604899,veteran,1
U-03120,2023-09-07,1058,0.39915562997655263,6,3,64,465.26468570741997,veteran,0
U-00824,2023-09-07,1013,0.4112807526208263,4,2,20,500.2092548482275,veteran,1
U-01210,2023-09-07,230,0.45118844553353243,6,1,64,910.7758387995063,established,0
U-03603,2023-09-07,437,0.5738634521648246,6,0,22,404.2246940101206,established,1
U-01981,2023-09-07,1588,0.5392305576556773,8,1,108,2076.3968836294457,veteran,1
U-02906,2023-09-07,89,0.7453556652802635,5,1,126,916.3158176406878,new,0
U-01754,2023-09-08,313,0.08590890494995851,1,2,91,656.2944885240096,established,0
U-03818,2023-09-08,1394,0.9728080535690574,8,1,151,774.004761594728,veteran,1
U-02897,2023-09-08,676,0.013847645973967926,3,1,30,578.8419378363274,established,0
U-02720,2023-09-08,1727,0.3935665213130747,7,6,151,2039.3921989602452,veteran,1
U-02828,2023-09-08,962,0.6199706806164247,5,2,139,2621.2476671772083,veteran,0
U-00239,2023-09-08,503,0.6553068500072905,7,2,137,816.5398997269025,established,0
U-02178,2023-09-08,1605,0.3715023738267226,7,2,147,1121.1602847713727,veteran,1
U-02127,2023-09-08,1769,0.005419799818197957,8,1,53,417.4326245661926,veteran,1
U-00995,2023-09-08,447,0.22354410083923337,9,3,142,259.2222351312007,established,0
U-03025,2023-09-08,1976,0.5221768559917317,3,1,120,971.6148891522374,veteran,0
U-03691,2023-09-08,1031,0.4237894304290133,5,1,145,798.4272185446524,veteran,1
U-02358,2023-09-08,103,0.5079658434499622,4,1,97,275.70645330699745,new,0
U-00598,2023-09-09,1912,0.331463881981506,1,0,108,587.8746032938622,veteran,0
U-03116,2023-09-09,1037,0.3827105435976298,2,1,103,384.9743884923012,veteran,1
U-01170,2023-09-09,1215,0.716433175755905,6,1,120,521.356403856716,veteran,1
U-03184,2023-09-09,482,0.06729384773115554,1,3,39,800.2618813720892,established,0
U-00244,2023-09-09,724,0.7180058570877794,9,4,107,127.87003436970042,established,0
U-01752,2023-09-09,265,0.759672703987996,9,1,173,566.3370241627914,established,1
U-00084,2023-09-09,1018,0.5401419523330292,6,1,70,495.39621292527374,veteran,0
U-03008,2023-09-09,1937,0.001289944456322134,9,4,93,789.6132509031995,veteran,1
U-03170,2023-09-09,1802,0.503750567133097,4,3,97,792.1413330851707,veteran,1
U-01171,2023-09-10,907,0.6256827902603751,4,3,96,222.287162851931,veteran,0
U-03316,2023-09-10,1358,0.8693675105072666,7,1,152,933.2071505953944,veteran,0
U-02009,2023-09-10,196,0.8572405127565482,1,3,95,677.0828370416397,established,0
U-03864,2023-09-10,493,0.746338923482891,4,1,157,263.16932055849514,established,0
U-00039,2023-09-10,766,0.8215552326388926,6,1,112,1182.6997642819006,veteran,1
U-02157,2023-09-10,1229,0.04314098309523984,1,2,169,980.7747851681544,veteran,1
U-00191,2023-09-10,705,0.723678336574694,8,1,1,789.5381609144981,established,1
U-03545,2023-09-10,1370,0.3053459492287359,7,0,33,682.6310283857765,veteran,1
U-00879,2023-09-10,1519,0.3634678197300196,2,0,170,531.0469904337621,veteran,0
U-01110,2023-09-10,1111,0.17175314606842063,8,1,77,489.2472326487472,veteran,0
U-02995,2023-09-10,1523,0.8383117521072081,1,1,14,482.5913500337565,veteran,1
U-01195,2023-09-11,831,0.9742208328353165,6,1,96,1199.6970101639606,veteran,1
U-00657,2023-09-11,1160,0.10736584968653018,8,2,121,267.4589156478013,veteran,1
U-00742,2023-09-11,873,0.7791385153436107,4,0,10,532.4780459354221,veteran,1
U-00129,2023-09-11,864,0.908617772515012,9,3,163,362.54723356166863,veteran,0
U-00474,2023-09-11,1705,0.495653974576189,3,3,124,741.8660147924622,veteran,1
U-02757,2023-09-11,926,0.8851704332727336,4,2,57,1324.6775735869755,veteran,1
U-02230,2023-09-11,966,0.9079331228185928,4,1,56,517.8983632491888,veteran,1
U-01369,2023-09-11,592,0.3156969058381931,3,0,143,845.4673334692818,established,0
U-00340,2023-09-11,132,0.12742667107259964,8,3,147,293.18136219573086,new,0
U-02567,2023-09-11,215,0.5017159168522074,2,3,68,1175.370131899125,established,0
U-02184,2023-09-11,380,0.1984208467615416,4,2,108,698.2379836809225,established,0
U-00457,2023-09-11,106,0.5840633426960506,9,4,140,643.4004089249308,new,0
U-00957,2023-09-11,765,0.24298586196281913,3,3,86,439.06252227502995,veteran,0
U-01416,2023-09-11,724,0.031277251274806406,6,0,154,790.1659395319341,established,0
U-00098,2023-09-12,1593,0.6867539585414576,5,1,62,679.8720805665042,veteran,1
U-00672,2023-09-12,444,0.03491579182274651,3,0,154,1618.6254484999333,established,0
U-01466,2023-09-12,96,0.7961487586478276,7,0,125,604.3071341551719,new,0
U-00781,2023-09-12,1196,0.9976485941215104,7,1,155,478.47099314719895,veteran,0
U-03491,2023-09-12,1442,0.9999770204176942,8,0,88,411.0562536707304,veteran,1
U-01584,2023-09-12,934,0.7167130081772302,2,2,86,350.18531875432876,veteran,0
U-03300,2023-09-12,1532,0.4563109796052035,1,1,33,1176.0565868153915,veteran,0
U-01984,2023-09-12,306,0.667094759555663,8,2,60,622.0625231366919,established,1
U-01234,2023-09-12,771,0.7124812837598667,4,0,176,999.72804899836,veteran,1
U-03763,2023-09-12,1831,0.28121339359267894,2,0,40,448.3096448453039,veteran,0
U-00919,2023-09-12,1068,0.4079245943813421,5,0,134,439.0342850474838,veteran,0
U-03756,2023-09-12,312,0.12043899381150813,5,3,31,515.9536053896323,established,1
U-01127,2023-09-13,1047,0.21381815479223087,3,1,170,487.90127217539646,veteran,0
U-03729,2023-09-13,1900,0.15203590769457087,1,0,115,251.74713994584144,veteran,0
U-03924,2023-09-13,285,0.8455446425540043,6,4,20,790.8143441703991,established,1
U-00615,2023-09-13,879,0.28677421076029486,7,1,9,508.54262078316043,veteran,1
U-02436,2023-09-13,1641,0.5069071834722066,1,2,167,728.2534363200284,veteran,0
U-02991,2023-09-13,1638,0.2576524913477737,2,2,55,638.4031539213364,veteran,1
U-03407,2023-09-13,1378,0.5756062473515635,3,2,93,608.5662125226971,veteran,0
U-03323,2023-09-13,1819,0.9302420183009658,7,3,153,616.5973481119779,veteran,0
U-03720,2023-09-13,61,0.1961203551445122,1,1,81,798.4515187249162,new,0
U-01336,2023-09-13,1486,0.6950633899149783,3,1,140,1482.9099434946181,veteran,0
U-01993,2023-09-13,1320,0.9079452465442571,8,2,157,1008.9224750558196,veteran,1
U-02688,2023-09-13,1406,0.5579529826887045,7,2,172,128.66899872981898,veteran,0
U-02969,2023-09-13,1408,0.567358973857489,7,0,179,900.9323656671671,veteran,1
U-03549,2023-09-13,1591,0.0071711050522699216,7,1,5,468.2735498844196,veteran,1
U-03501,2023-09-14,197,0.7323954332549851,9,1,150,242.39412570890636,established,1
U-03695,2023-09-14,1419,0.5841395804425117,4,1,7,727.6886254063037,veteran,1
U-03265,2023-09-14,1209,0.0545890499264261,3,2,15,740.7124197501231,veteran,1
U-00599,2023-09-14,1467,0.3973761482659256,4,2,160,1326.2934763288188,veteran,1
U-01067,2023-09-14,62,0.35748817539812083,9,1,67,671.5953119725668,new,1
U-03646,2023-09-14,1128,0.06377750646072533,7,1,59,431.444035558925,veteran,0
U-03146,2023-09-15,1781,0.33929458869331375,3,4,128,242.17342054444097,veteran,1
U-02183,2023-09-15,1834,0.6605677932075106,5,2,165,1317.9624533342453,veteran,0
U-03117,2023-09-15,1256,0.6900253122306106,5,1,79,912.9955130182881,veteran,0
U-03861,2023-09-15,1076,0.038920530786573426,1,2,30,367.01248457390085,veteran,1
U-01714,2023-09-15,1915,0.1041430126970253,1,3,118,866.5582084110601,veteran,0
U-00568,2023-09-15,639,0.5537620942652262,6,1,162,322.7479021634497,established,1
U-00025,2023-09-15,305,0.9468922911337576,7,4,120,2111.774184022089,established,1
U-03976,2023-09-15,154,0.838882761964288,6,1,161,1435.6189470810912,new,0
U-02071,2023-09-16,1421,0.05034584623646854,3,2,130,547.5792025431778,veteran,1
U-02447,2023-09-16,1400,0.4686422563413959,7,0,50,542.386249128989,veteran,0
U-03674,2023-09-16,1971,0.4679929663772945,4,1,153,613.8608736711103,veteran,1
U-03576,2023-09-16,1855,0.9027264787666992,4,3,143,394.42432414113347,veteran,1
U-01716,2023-09-16,423,0.826245621199462,9,4,116,783.2167299832914,established,1
U-00933,2023-09-17,1660,0.2509096288749123,4,1,112,942.1144277283847,veteran,0
U-00243,2023-09-17,94,0.5087931387734813,6,0,31,759.0956818450105,new,1
U-02360,2023-09-17,1261,0.3481962181548629,5,0,72,998.8586212921379,veteran,0
U-01220,2023-09-17,626,0.10237033001512275,3,0,176,559.1160457643142,established,0
U-02985,2023-09-17,1716,0.6291979388295943,8,2,10,616.4323660718059,veteran,1
U-02014,2023-09-17,1082,0.12048180413911769,8,1,59,491.06093008540626,veteran,0
U-00983,2023-09-17,822,0.1606227748095368,9,3,83,694.9323727043961,veteran,0
U-01129,2023-09-17,1219,0.9765799901233341,4,0,112,391.4009283965895,veteran,1
U-01254,2023-09-17,710,0.75172632477355,6,0,155,669.9664356151155,established,0
U-00501,2023-09-18,1081,0.4550217605831879,4,0,53,711.4780584137503,veteran,1
U-01204,2023-09-18,1059,0.17012440561565012,2,2,89,436.8563051599616,veteran,0
U-00985,2023-09-18,130,0.3328053721226003,4,2,92,797.5664578218066,new,0
U-00823,2023-09-18,1949,0.7040322731192128,5,3,137,1798.9297331490125,veteran,0
U-02753,2023-09-18,49,0.9099771065171185,9,0,39,407.3462189392598,new,1
U-03588,2023-09-18,227,0.6179861209215367,5,1,173,1589.2225693016676,established,1
U-01886,2023-09-18,1980,0.26056931642547587,3,1,152,1163.4778139200487,veteran,0
U-02480,2023-09-18,1325,0.7573728665464523,1,1,25,318.05588052772697,veteran,0
U-01088,2023-09-18,301,0.9373603215787846,8,3,19,935.3280086430676,established,1
U-00770,2023-09-18,612,0.6440868573366405,4,1,153,845.0225896081173,established,1
U-02323,2023-09-18,1929,0.1099025116483856,8,4,125,1507.0852154745958,veteran,1
U-02904,2023-09-18,1290,0.47765198770724915,6,1,135,360.4498840640281,veteran,0
U-02379,2023-09-19,597,0.4628211345572357,6,2,93,1527.9255746399779,established,1
U-00651,2023-09-19,1972,0.8026459413930911,2,2,22,713.9422119101879,veteran,1
U-01223,2023-09-19,1643,0.1029313237952636,7,0,58,292.1293795636993,veteran,1
U-01437,2023-09-19,53,0.20418863964200418,5,1,21,1575.8835016356634,new,1
U-00122,2023-09-19,1971,0.8870390203305527,2,1,115,1137.8825331627645,veteran,1
U-01811,2023-09-19,1308,0.07469312003315187,3,1,164,415.5389856499014,veteran,1
U-01397,2023-09-19,804,0.32569480973758436,2,0,25,1180.107820021973,veteran,1
U-03272,2023-09-19,1148,0.021043880457314312,9,1,40,452.319209098934,veteran,1
U-02929,2023-09-19,1510,0.9747593335456102,9,1,173,928.2078464637925,veteran,1
U-02257,2023-09-19,1387,0.11074014027269186,3,2,8,1151.611347991265,veteran,1
U-01722,2023-09-19,1377,0.06856011606484747,8,1,111,685.7834394366969,veteran,1
U-02550,2023-09-19,1123,0.8634919175632179,1,3,84,1455.8304307935898,veteran,0
U-00002,2023-09-19,99,0.8518678557465443,1,1,161,131.8486620111315,new,0
U-00841,2023-09-20,273,0.42498170222128084,3,3,129,1134.7294689993914,established,0
U-03793,2023-09-20,642,0.41242988961821025,6,2,74,391.25206603721836,established,1
U-02395,2023-09-20,215,0.7589852272222355,3,1,67,3786.1524251167307,established,1
U-02085,2023-09-20,1536,0.8003770314825251,4,0,177,575.0494120273644,veteran,0
U-02194,2023-09-20,662,0.04414514889230703,2,0,128,1123.9958595934313,established,1
U-03962,2023-09-20,1203,0.6911071795694699,7,3,137,522.4086926074197,veteran,1
U-02618,2023-09-20,661,0.24488694848040682,9,1,119,265.52680679123887,established,1
U-01276,2023-09-20,521,0.5773390030761493,1,1,125,1111.5646236473353,established,1
U-01692,2023-09-20,1775,0.534418952241846,7,0,138,785.9518148699391,veteran,1
U-02021,2023-09-21,607,0.8932839863739821,5,5,154,1239.9229823141577,established,0
U-02022,2023-09-21,655,0.13292605097699917,8,2,139,567.1084542569062,established,1
U-00315,2023-09-21,573,0.6196773621357177,2,1,155,645.509716076992,established,0
U-01596,2023-09-21,1081,0.9152612515440707,3,2,76,1038.231028284289,veteran,1
U-02583,2023-09-21,1449,0.1780482952575544,8,4,89,532.778990722144,veteran,0
U-02049,2023-09-21,648,0.5021327886346312,7,1,160,630.6152045550692,established,0
U-01980,2023-09-21,1220,0.500868729526769,2,1,101,2089.5564981080634,veteran,0
U-00729,2023-09-21,1340,0.41002971371031194,5,0,2,583.8944000866086,veteran,1
U-03437,2023-09-21,1871,0.35775256191282434,8,2,138,211.72859747298017,veteran,1
U-03408,2023-09-21,1090,0.5891582444091333,5,2,146,2802.2112199840076,veteran,1
U-03833,2023-09-21,1051,0.6931771194590108,6,0,41,883.2307171864699,veteran,1
U-02896,2023-09-22,548,0.9262833210715731,3,2,17,715.6814306377439,established,1
U-00155,2023-09-22,397,0.006324647239735359,3,1,123,460.4768289609449,established,0
U-01958,2023-09-22,1235,0.6680559856867488,3,2,7,417.8892059062024,veteran,0
U-00371,2023-09-22,364,0.11882754226202596,9,2,149,307.48716624213154,established,0
U-02770,2023-09-22,1137,0.34850567859577064,7,1,24,1863.9202145525283,veteran,1
U-00254,2023-09-22,703,0.8461815293449878,8,1,15,488.27318285766086,established,1
U-02999,2023-09-23,1712,0.7420497533209206,2,1,8,913.2092025173436,veteran,1
U-03928,2023-09-23,1865,0.004751544962480536,6,0,96,970.4450055082109,veteran,0
U-02087,2023-09-23,911,0.241508452247143,6,2,78,510.4876679102874,veteran,0
U-00478,2023-09-23,1742,0.8284969482679155,7,0,122,547.8608764585641,veteran,1
U-02876,2023-09-23,897,0.026052452377506974,3,2,41,585.9566202966842,veteran,0
U-02241,2023-09-23,349,0.17726707761694815,6,1,42,762.3192946878108,established,1
U-01647,2023-09-23,1913,0.08126469394752245,7,1,179,991.3428291434649,veteran,1
U-00161,2023-09-23,801,0.28023010879713783,2,2,43,477.89700968577307,veteran,1
U-00445,2023-09-23,849,0.4580585416184314,3,0,13,627.0046982082378,veteran,0
U-00236,2023-09-23,1891,0.38430665910395756,3,1,76,1158.1033594255173,veteran,1
U-00107,2023-09-23,1690,0.727873713022602,7,4,63,908.697284555745,veteran,0
U-00818,2023-09-24,1082,0.540571851888662,7,0,17,815.599594319339,veteran,1
U-00310,2023-09-24,1053,0.5203551859654679,3,2,30,1172.58813142662,veteran,1
U-02083,2023-09-24,1850,0.08328922038460107,2,1,46,850.6137082691668,veteran,0
U-02562,2023-09-24,964,0.11812622661452354,3,1,156,1067.925318378593,veteran,0
U-00821,2023-09-24,1373,0.2746481426175279,7,0,164,469.9598053305185,veteran,0
U-03738,2023-09-25,1348,0.09186718688677942,1,3,125,1783.8199218788989,veteran,0
U-02615,2023-09-25,80,0.1253847390699553,9,0,111,459.6370592546118,new,0
U-00858,2023-09-25,546,0.023260440121767756,6,1,177,2186.808584343707,established,1
U-00121,2023-09-25,1892,0.7982118419717367,6,2,85,1805.3268771367862,veteran,0
U-01048,2023-09-25,604,0.15911774709047277,4,3,42,1474.210616224257,established,0
U-03654,2023-09-25,285,0.2142558229334619,4,5,13,439.09156259901704,established,0
U-03158,2023-09-25,335,0.1930832074608152,6,0,127,440.2780783021074,established,1
U-02721,2023-09-25,656,0.37902976666143584,3,2,92,1705.6101441099497,established,0
U-00079,2023-09-25,1534,0.45069344386738663,8,1,100,1255.2940728063484,veteran,0
U-02101,2023-09-25,1776,0.1977671216582646,1,1,171,557.3839870104306,veteran,0
U-03374,2023-09-26,759,0.548364842380001,7,2,75,1120.128520361471,veteran,1
U-02658,2023-09-26,1170,0.7880440336983101,8,1,86,1067.4323195684847,veteran,1
U-00640,2023-09-26,1690,0.20066662541291747,9,1,57,1379.1457740693372,veteran,1
U-03192,2023-09-26,1147,0.5538624813062414,3,1,60,720.3167428315992,veteran,1
U-01305,2023-09-26,1633,0.63222953708832,9,2,168,1021.0683413829892,veteran,1
U-03001,2023-09-26,845,0.9015743271655693,7,1,170,926.6790713526718,veteran,1
U-01612,2023-09-26,1290,0.2868938238323139,8,1,87,392.66244024103315,veteran,0
U-02279,2023-09-26,771,0.05933116572496744,2,0,59,503.4981212058018,veteran,0
U-00282,2023-09-26,364,0.6155166947581512,3,3,153,308.83232536091526,established,0
U-00735,2023-09-26,854,0.7459443559358149,7,0,169,949.5061623856933,veteran,0
U-00311,2023-09-26,1718,0.7980395012720187,9,1,25,1034.7799265275617,veteran,1
U-01131,2023-09-26,810,0.17518539725105875,4,3,157,451.1419915943341,veteran,0
U-01426,2023-09-26,1659,0.9506488791489356,1,1,72,769.143853145777,veteran,1
U-03982,2023-09-26,1099,0.926938795357227,5,2,50,971.458318305027,veteran,1
U-02816,2023-09-27,1754,0.6341858894496586,4,1,167,502.7026580670652,veteran,0
U-03609,2023-09-27,69,0.8965623399203079,3,2,162,728.1770172159659,new,1
U-01423,2023-09-27,517,0.006090279675126764,2,2,99,698.0621052107796,established,0
U-02931,2023-09-27,1592,0.7230710874810448,3,1,95,752.4422396281353,veteran,1
U-02111,2023-09-27,1006,0.38265550381413704,9,1,75,1117.0715491333317,veteran,1
U-01070,2023-09-27,1821,0.2943229748348336,6,2,129,1076.620906882837,veteran,0
U-01812,2023-09-27,619,0.6790100281695197,9,5,128,409.3546886108136,established,1
U-03983,2023-09-27,863,0.972835948318037,4,1,160,698.9779056309891,veteran,1
U-03812,2023-09-27,220,0.7014068620483797,1,7,131,433.73435302579463,established,0
U-01328,2023-09-28,390,0.4377683670655096,8,2,101,1541.1968584465706,established,0
U-02437,2023-09-28,582,0.31419748646880674,8,0,88,1186.1532501924514,established,0
U-01297,2023-09-28,1339,0.24141006629089268,5,0,119,1075.29372152396,veteran,1
U-01273,2023-09-28,944,0.859710064682206,3,0,92,1722.9140636947068,veteran,1
U-03232,2023-09-28,898,0.19676982349921457,2,0,38,220.94589155659654,veteran,1
U-00256,2023-09-29,674,0.030480909124649402,2,5,133,782.6122658659878,established,0
U-00710,2023-09-29,591,0.7935777493916063,6,1,35,846.9736160413232,established,1
U-03518,2023-09-29,496,0.36266465785701696,7,3,121,1078.0565212313259,established,0
U-03205,2023-09-29,1017,0.40232862392392543,7,4,85,1575.5228411184369,veteran,1
U-01667,2023-09-29,1658,0.8918882018418166,6,1,38,863.4563254148363,veteran,1
U-00415,2023-09-29,902,0.7752332521932148,4,1,30,967.7384304835895,veteran,1
U-03766,2023-09-29,1761,0.7275570523545992,4,0,14,409.8622747967451,veteran,1
U-02467,2023-09-29,226,0.7359797840146763,9,0,149,524.4913873816278,established,1
U-00048,2023-09-29,691,0.36672417291796766,4,1,140,1210.2354981710098,established,0
U-02033,2023-09-29,1897,0.02063428803254741,6,1,88,1001.4972336405872,veteran,0
U-03389,2023-09-29,1511,0.2242343482792274,5,1,76,792.0395120219159,veteran,0
U-01326,2023-09-29,1144,0.6022748553477929,4,1,64,791.3965639997728,veteran,1
U-03191,2023-09-30,1995,0.2708631172953543,5,1,50,270.2859953725987,veteran,1
U-01972,2023-09-30,1009,0.5354455210588809,5,2,60,1482.5074096879114,veteran,0
U-00826,2023-09-30,417,0.17892478565644976,6,3,101,699.3747777857891,established,0
U-01702,2023-09-30,576,0.06328363340203702,2,0,172,2119.410603467902,established,0
U-00549,2023-09-30,1742,0.2837580958059338,3,2,48,193.21409070545747,veteran,1
U-03718,2023-09-30,885,0.7691117068175701,2,1,66,530.4731321393538,veteran,1
U-02631,2023-09-30,156,0.060463573925364944,9,2,145,437.1719520460227,new,0
U-03828,2023-09-30,1116,0.8043512693612508,9,2,163,2126.418512633781,veteran,1
U-02284,2023-09-30,948,0.8386299833648527,7,5,18,1109.2732225845386,veteran,1
U-00097,2023-09-30,319,0.6217961938000195,5,0,31,432.2133324544295,established,0
U-03611,2023-10-01,340,0.7422330710244271,8,1,130,301.242434160132,established,1
U-01695,2023-10-01,156,0.29109816369737496,6,2,154,1134.7841065162465,new,0
U-00190,2023-10-01,875,0.08077175920735302,1,0,100,730.0771365190524,veteran,0
U-02266,2023-10-01,1393,0.07462963116931176,2,1,105,768.8024748808039,veteran,0
U-01779,2023-10-01,279,0.08762291140653711,1,1,117,317.9547149089039,established,0
U-00059,2023-10-01,1199,0.8000780691915278,6,2,177,786.4639122759849,veteran,1
U-00812,2023-10-01,1067,0.507708843533124,3,0,143,352.9226823735329,veteran,0
U-01509,2023-10-01,1767,0.5914876740795956,2,0,11,896.9587918999322,veteran,1
U-00614,2023-10-02,1133,0.3231282061454709,4,1,165,835.5865065293841,veteran,0
U-00787,2023-10-02,51,0.7495962459853094,7,1,4,348.99320810433596,new,0
U-03575,2023-10-02,281,0.9811837721908184,4,1,47,1375.3874298629642,established,0
U-02135,2023-10-02,388,0.24690923812746524,6,0,112,1843.4533660980046,established,0
U-01546,2023-10-02,333,0.9715761249080562,5,1,173,1181.2911322662537,established,1
U-00635,2023-10-02,1535,0.05303237167188446,8,0,33,620.2480050361524,veteran,0
U-00074,2023-10-02,669,0.029071614168797,1,1,6,738.1403092072508,established,0
U-03796,2023-10-02,1747,0.24322079589035173,4,3,174,638.6084665824326,veteran,0
U-02255,2023-10-02,283,0.9197774153622736,6,0,159,588.7066777820211,established,0
U-03572,2023-10-03,413,0.07565946262506729,4,3,116,157.97484197459693,established,0
U-00586,2023-10-03,452,0.5057582783213294,7,3,133,717.1494659446831,established,0
U-03587,2023-10-03,332,0.997691305959671,1,2,176,333.25534654159765,established,0
U-01061,2023-10-03,1251,0.1611922429233642,6,2,54,1393.2298586791137,veteran,1
U-01148,2023-10-03,759,0.8942892694807426,4,3,143,813.6693530887944,veteran,1
U-03267,2023-10-04,848,0.6289096189027389,3,3,88,1555.5671879348333,veteran,0
U-02516,2023-10-04,569,0.7316480902109319,3,1,108,629.5218410262056,established,0
U-00940,2023-10-04,1462,0.8583426720925291,3,3,35,398.0420065359975,veteran,1
U-01182,2023-10-04,1285,0.003207690685184006,6,3,41,2050.056259664737,veteran,0
U-02717,2023-10-04,1365,0.8405764334382778,6,1,3,781.0252832103603,veteran,1
U-00665,2023-10-05,1658,0.4085166701358547,1,1,99,373.02012696431615,veteran,0
U-03975,2023-10-05,949,0.8995301701785016,8,2,77,702.1262157623288,veteran,1
U-01613,2023-10-05,677,0.651705330453108,1,4,122,816.6994149578876,established,0
U-00421,2023-10-05,1999,0.18031144599517712,4,4,135,733.7753127975022,veteran,0
U-03607,2023-10-05,381,0.0651844579586307,7,3,48,524.2225939214006,established,1
U-03876,2023-10-05,826,0.6482193349014225,7,0,69,457.4907482532221,veteran,0
U-00874,2023-10-06,405,0.5193139074156919,4,0,158,514.1246260851169,established,0
U-00183,2023-10-06,1709,0.48431558868548197,1,1,9,722.7373315905321,veteran,0
U-00174,2023-10-06,819,0.7890532796071466,2,2,32,721.867495684093,veteran,1
U-02074,2023-10-06,1825,0.8108740179106257,3,3,63,1355.76852920971,veteran,1
U-00007,2023-10-06,1312,0.1524665089783862,1,1,113,154.36441685985463,veteran,0
U-02500,2023-10-07,269,0.914842348702632,3,2,53,407.99079377802116,established,1
U-01732,2023-10-07,1690,0.6808225924932079,4,3,16,564.6579218729266,veteran,1
U-02210,2023-10-07,147,0.032328865844832744,9,3,7,917.9017662782135,new,1
U-00865,2023-10-07,1184,0.11527076780574497,8,2,89,954.4180712545367,veteran,0
U-03220,2023-10-07,733,0.21385247545599917,6,4,178,1435.5670621450543,veteran,0
U-00203,2023-10-07,287,0.6144274948381659,2,2,86,1435.224302116527,established,1
U-01471,2023-10-07,936,0.06293001297054657,3,0,103,633.5648639519206,veteran,0
U-02180,2023-10-07,799,0.036712187580449696,9,1,125,1011.4232833186521,veteran,1
U-01302,2023-10-07,379,0.7259615728988198,6,2,29,534.4935526150192,established,0
U-02374,2023-10-07,317,0.2842986844115174,7,2,5,845.3942250254942,established,1
U-00931,2023-10-07,1476,0.6297877747249184,5,0,1,2253.5938227763286,veteran,1
U-03104,2023-10-08,584,0.2705195967102011,2,1,93,699.3045849855241,established,1
U-00981,2023-10-08,1919,0.22393439169229967,2,3,91,124.20108502999503,veteran,0
U-01594,2023-10-08,1705,0.5698398882320085,6,3,13,455.16166010997233,veteran,1
U-02119,2023-10-08,561,0.00041691690310385887,8,1,5,456.2688436825262,established,0
U-00042,2023-10-08,1526,0.13528192851118992,6,3,90,428.87935702252133,veteran,0
U-02140,2023-10-08,653,0.18930635920056915,6,1,145,722.7171256839305,established,0
U-00085,2023-10-08,1275,0.9232235352696165,8,4,72,572.4318307382405,veteran,1
U-01347,2023-10-08,959,0.7487375195490611,2,1,2,659.7159265509657,veteran,1
U-01193,2023-10-09,204,0.6749271008105595,6,1,112,459.50153931226276,established,1
U-02154,2023-10-09,43,0.42251706957901414,4,1,77,359.8633522304863,new,0
U-03556,2023-10-09,1623,0.2991390910521107,8,0,171,650.2174699188107,veteran,0
U-00222,2023-10-09,1656,0.33446289220521874,6,1,15,1559.0667158413826,veteran,0
U-03004,2023-10-09,788,0.8901625575970753,6,1,7,330.09041717321463,veteran,1
U-03932,2023-10-09,863,0.07000356046084688,1,2,91,885.8343743207648,veteran,0
U-02841,2023-10-09,1725,0.9905979289928608,1,3,139,884.4905168353646,veteran,0
U-01063,2023-10-10,1289,0.14491415685833986,1,1,122,1298.550633748248,veteran,0
U-00109,2023-10-10,668,0.5185805923513536,9,2,13,655.3207915005557,established,1
U-02773,2023-10-10,1111,0.9771119204610832,8,2,19,778.7735916696952,veteran,1
U-03064,2023-10-10,81,0.3767684712967352,5,0,76,1012.7387553266598,new,0
U-01040,2023-10-10,722,0.24074295352419395,5,3,170,296.59700282281636,established,0
U-01538,2023-10-10,1638,0.3693902235197972,6,1,118,1536.113990905412,veteran,1
U-03067,2023-10-10,353,0.9473837117017669,5,2,15,441.65231993486714,established,1
U-02706,2023-10-10,76,0.16679721382380241,7,1,117,1398.7545647436411,new,1
U-01044,2023-10-11,1622,0.24578467649892344,7,3,110,893.0993698608622,veteran,0
U-03680,2023-10-11,733,0.996919572209523,5,2,105,629.335227352349,veteran,1
U-00540,2023-10-11,1208,0.04866745484083501,8,3,169,797.3803927084713,veteran,1
U-01316,2023-10-11,1088,0.040031262799263945,1,0,108,645.5953558949847,veteran,1
U-03049,2023-10-11,1026,0.2916880914674007,1,0,102,562.7085566438008,veteran,1
U-01599,2023-10-11,1547,0.47499745071437394,4,3,123,832.4686168663495,veteran,0
U-02819,2023-10-11,228,0.9690867275989246,6,1,150,426.03046251893886,established,1
U-02798,2023-10-11,971,0.5557121327413967,9,0,31,515.4454166227065,veteran,1
U-00905,2023-10-11,1293,0.5721633031474584,2,0,38,793.1533372347121,veteran,0
U-00891,2023-10-11,1155,0.2805242054144894,1,3,104,300.02070753917053,veteran,0
U-03930,2023-10-11,691,0.296053727808011,6,1,10,787.5156970333865,established,1
U-02407,2023-10-12,1309,0.20875548899907026,4,3,142,1131.773897292112,veteran,0
U-03489,2023-10-12,207,0.021652875032036834,8,2,97,1177.4191980299195,established,0
U-01521,2023-10-12,1315,0.24955718202655597,6,1,113,831.486069239234,veteran,1
U-03134,2023-10-12,61,0.3094099373616265,7,2,94,202.22369327180073,new,1
U-01893,2023-10-12,669,0.8473506224191868,1,2,26,722.5041420397293,established,0
U-02244,2023-10-12,1610,0.1670382074412864,8,0,148,541.335735895307,veteran,1
U-03869,2023-10-12,1009,0.6942170596879913,8,1,86,850.5832935424497,veteran,1
U-01076,2023-10-12,679,0.48797616488264717,7,0,93,1145.5884374275047,established,1
U-03855,2023-10-12,1662,0.7920658750912973,1,0,35,698.4667532381965,veteran,1
U-03445,2023-10-12,1706,0.6538878578546925,5,0,176,735.0498152695991,veteran,1
U-03553,2023-10-13,1417,0.2211614192073046,2,0,30,696.135895403534,veteran,0
U-03150,2023-10-13,1208,0.5584811734058444,1,1,38,697.3818685067312,veteran,0
U-01196,2023-10-13,1875,0.44305199935834705,6,2,151,1433.5445838106223,veteran,1
U-02294,2023-10-13,162,0.13167675203715756,3,3,96,740.6846820888563,new,0
U-02054,2023-10-13,1704,0.027664180906311953,1,1,69,2355.926499192636,veteran,0
U-02352,2023-10-13,281,0.7632157539721541,2,1,82,2042.5066523795301,established,0
U-01275,2023-10-13,442,0.7564689407555436,4,2,140,745.3003660245856,established,0
U-03906,2023-10-14,1509,0.618809928972935,8,1,86,308.878054400357,veteran,1
U-00211,2023-10-14,1429,0.356692799655421,1,3,71,919.1110286045506,veteran,0
U-00014,2023-10-14,587,0.5651481126958872,2,4,129,1165.122425353736,established,0
U-02940,2023-10-14,1637,0.7082189804087639,6,3,177,1075.540857339114,veteran,1
U-02980,2023-10-14,609,0.9688137242631573,6,2,48,1373.3198050648896,established,1
U-00429,2023-10-14,1847,0.02983210801298508,3,1,141,920.385474962525,veteran,1
U-00176,2023-10-14,627,0.6117603544484994,6,0,135,415.4524255653486,established,0
U-02063,2023-10-15,156,0.40141833944347904,9,0,20,199.33878271651818,new,1
U-00235,2023-10-15,107,0.17186936423135157,4,2,136,1276.2103547680229,new,0
U-00773,2023-10-15,1974,0.4465811501761877,9,5,112,328.44222479762897,veteran,0
U-01749,2023-10-15,263,0.9674133136983625,1,2,107,1173.1129850269833,established,0
U-01902,2023-10-15,214,0.1383706928936035,1,3,80,659.4013302229666,established,1
U-03092,2023-10-15,860,0.8369503623191604,3,2,170,1076.8112683609445,veteran,1
U-01674,2023-10-15,1003,0.5158904004443335,3,3,126,777.9478127320422,veteran,0
U-02130,2023-10-15,169,0.2874962887966661,4,1,121,1021.5175863557831,new,0
U-02968,2023-10-15,1108,0.5976381689598429,6,0,6,954.0281200879344,veteran,1
U-01331,2023-10-15,1617,0.7425690617556514,6,4,76,608.8443520014565,veteran,0
U-02018,2023-10-15,1523,0.7438493931000214,6,3,92,3319.2615972822255,veteran,1
U-00394,2023-10-15,1032,0.35933903396338873,7,4,144,654.5644696258145,veteran,1
U-02984,2023-10-15,1915,0.31685508577992394,2,2,52,1228.943579810215,veteran,1
U-02792,2023-10-16,1706,0.7143421014945195,4,0,175,1715.5163161540502,veteran,0
U-00224,2023-10-16,1570,0.21841133311954597,9,3,70,1243.7325650341656,veteran,0
U-01640,2023-10-16,1513,0.3914486635868403,1,0,167,882.5158307793721,veteran,0
U-03399,2023-10-16,877,0.7693404509215888,2,2,166,1095.9063228800298,veteran,0
U-03730,2023-10-16,1122,0.6549353268423558,9,1,5,691.4237908995357,veteran,1
U-03640,2023-10-16,1276,0.030922017080913355,7,1,51,893.6543473742739,veteran,1
U-00696,2023-10-16,178,0.40021202117659815,2,4,18,1143.3382988148085,new,0
U-02937,2023-10-16,641,0.5634694960624814,6,1,100,399.9983012637507,established,0
U-00173,2023-10-16,729,0.29506009031397196,9,1,149,944.8048122528726,established,0
U-01207,2023-10-16,1514,0.9298845439529657,9,2,4,641.4777456463368,veteran,1
U-00726,2023-10-16,223,0.8042768327775744,4,0,53,1762.8257025512569,established,1
U-03835,2023-10-17,1103,0.3375462466939585,4,4,3,1102.6159146377136,veteran,1
U-03938,2023-10-17,167,0.21481936472549545,2,0,68,2068.019193284661,new,0
U-01136,2023-10-17,933,0.05539206171529765,8,1,94,551.2975683639734,veteran,0
U-01118,2023-10-17,1749,0.05377470956855546,9,0,48,1401.298170230331,veteran,1
U-00680,2023-10-17,669,0.9441151154965282,5,4,45,797.553260458435,established,1
U-02854,2023-10-17,1748,0.1395092043862064,3,1,103,854.7662094278371,veteran,0
U-02597,2023-10-17,974,0.26738248879475823,6,1,151,136.88917516676582,veteran,0
U-00460,2023-10-17,232,0.42091169947061546,2,2,36,701.3944669378285,established,0
U-00792,2023-10-17,1943,0.27422982239037075,6,1,102,411.956924828569,veteran,1
U-02858,2023-10-17,873,0.21502168839771651,4,2,53,788.0689952730786,veteran,1
U-02066,2023-10-18,783,0.4867193774106072,1,1,96,679.372147334452,veteran,0
U-01878,2023-10-18,1323,0.7124966103632211,3,1,44,1411.4042333407656,veteran,1
U-01669,2023-10-18,1377,0.8322834849108091,4,2,85,1252.328332268453,veteran,0
U-00317,2023-10-18,845,0.78785995203387,3,1,111,987.045359239362,veteran,1
U-01597,2023-10-18,1368,0.41372167366418855,2,3,73,675.9348613927925,veteran,1
U-00675,2023-10-18,758,0.14228297855659233,1,5,153,667.8453513860801,veteran,0
U-02017,2023-10-18,186,0.8232921614417502,7,1,10,1633.9796449430241,established,1
U-03714,2023-10-18,314,0.2736887189585846,3,3,6,1538.272278202973,established,0
U-01784,2023-10-18,1152,0.2435685558055568,7,2,138,546.8155791034928,veteran,0
U-00712,2023-10-19,1776,0.611894621342069,2,1,78,786.4670544158906,veteran,0
U-03046,2023-10-19,1203,0.38191888391834206,8,1,44,744.3735160967018,veteran,0
U-00759,2023-10-19,1396,0.9321134483711719,4,1,116,169.20448260963752,veteran,1
U-03952,2023-10-19,1821,0.8867346521661681,5,1,24,1162.1318792702775,veteran,1
U-03279,2023-10-19,1082,0.7397749616010599,3,1,174,698.6389088233105,veteran,1
U-03244,2023-10-19,1464,0.46544065676396507,4,0,129,504.45841107094094,veteran,0
U-03353,2023-10-19,664,0.5754031333367384,6,3,51,994.7205522322779,established,1
U-02690,2023-10-19,918,0.4510673914544585,1,2,138,1241.9549454440262,veteran,0
U-02267,2023-10-19,114,0.8010761326078425,6,3,146,134.54601738609836,new,0
U-03933,2023-10-19,1010,0.17064435938269396,4,0,113,274.05874411378244,veteran,1
U-00730,2023-10-19,1839,0.3164601424152468,9,2,39,1286.232423233787,veteran,1
U-03998,2023-10-20,290,0.23224615799246995,4,1,77,680.2427402023715,established,0
U-01217,2023-10-20,1342,0.03786611664312822,3,2,91,434.1235494069181,veteran,0
U-03030,2023-10-20,1786,0.0009553334234805311,5,2,174,1093.5853786819803,veteran,0
U-01723,2023-10-20,1064,0.8888164830096625,4,1,155,1132.2378332399476,veteran,1
U-01032,2023-10-20,739,0.046424044777622187,6,0,97,778.6157863626294,veteran,1
U-02572,2023-10-20,89,0.6451859606659763,6,1,118,1258.3821867593815,new,1
U-00316,2023-10-20,1958,0.934757151045779,7,3,105,430.56476148685897,veteran,1
U-02708,2023-10-20,424,0.60597725854809,3,0,108,650.6141014985827,established,0
U-00736,2023-10-20,150,0.6817997136981974,5,2,99,1538.4430402558887,new,0
U-00661,2023-10-21,1173,0.9164332479289065,2,1,159,317.23092231690777,veteran,0
U-02086,2023-10-21,906,0.4916095893179955,7,3,166,534.4861954787464,veteran,1
U-02399,2023-10-21,1865,0.8136783706814606,5,2,136,243.80815937748042,veteran,1
U-01231,2023-10-21,1003,0.915438350527215,6,3,58,1187.8320267855197,veteran,0
U-03945,2023-10-21,1058,0.2509069794637485,9,2,142,556.2396288439264,veteran,1
U-01713,2023-10-21,1331,0.6860475046475483,8,1,17,916.3735948074516,veteran,1
U-03540,2023-10-21,1321,0.9465464445440088,8,1,15,799.9651189668942,veteran,0
U-03957,2023-10-21,1002,0.2563513425238556,1,3,115,3843.2546307217135,veteran,0
U-03472,2023-10-21,463,0.35347487180574844,6,3,117,696.9394015063591,established,1
U-02964,2023-10-21,189,0.09589814480084102,9,1,47,1057.9314098237787,established,1
U-01572,2023-10-21,500,0.5012331895262763,3,0,56,936.361191816219,established,1
U-00885,2023-10-21,428,0.8454578987154283,3,3,102,1627.9715904039265,established,1
U-03850,2023-10-21,650,0.5469993414022956,2,1,10,1013.4967248971176,established,1
U-01008,2023-10-21,1441,0.7018817204145913,4,1,178,328.7330431366884,veteran,0
U-03679,2023-10-21,587,0.9729051002113627,9,1,37,826.293026487623,established,1
U-02056,2023-10-21,38,0.13416880530685837,9,0,3,1064.4700896131824,new,1
U-01348,2023-10-21,639,0.6661786521150226,4,2,103,313.4633109325241,established,1
U-00214,2023-10-22,1379,0.5675502865481917,9,5,125,294.5059225797145,veteran,1
U-01001,2023-10-22,96,0.6629277005606187,1,0,108,914.6259025938616,new,1
U-01859,2023-10-22,1403,0.25245125869659113,4,2,143,1525.2411601409508,veteran,0
U-00376,2023-10-22,653,0.7235949236028211,5,1,40,873.1087984362637,established,1
U-00556,2023-10-22,336,0.7697501673506494,7,0,165,1111.1848417267488,established,1
U-00012,2023-10-22,1388,0.9297682501350731,4,0,41,2251.7066103229213,veteran,1
U-01590,2023-10-22,190,0.4267297995769125,4,1,126,518.506610745217,established,0
U-03013,2023-10-22,1008,0.7181496364986464,6,3,174,1465.670942946174,veteran,0
U-00630,2023-10-22,321,0.272933726749799,5,0,139,1333.7260759074438,established,0
U-00756,2023-10-22,1161,0.41512061061207595,4,2,152,452.6335846905518,veteran,0
U-03387,2023-10-22,1098,0.128536757960952,1,2,170,1271.4348532355925,veteran,0
U-02057,2023-10-23,1216,0.5704829848044025,1,1,13,528.4522629158537,veteran,1
U-03194,2023-10-23,1492,0.795974856566028,8,1,157,997.658697658477,veteran,1
U-00470,2023-10-23,822,0.9056173970674878,1,1,12,1227.5183903658021,veteran,1
U-03266,2023-10-23,1554,0.3203789596374804,7,1,54,643.0384486227138,veteran,0
U-02343,2023-10-23,1353,0.4517838024379929,7,4,142,394.1205143684385,veteran,0
U-01280,2023-10-23,1434,0.9575924341941717,2,1,9,620.3123726902475,veteran,1
U-01281,2023-10-23,1441,0.30266332238142957,3,0,172,366.5399363152663,veteran,1
U-03649,2023-10-23,1454,0.7002563988723258,4,3,143,346.22049818314775,veteran,0
U-03929,2023-10-23,709,0.6928529548962581,1,4,79,522.2987110068401,established,0
U-01860,2023-10-23,1043,0.6016383691388628,8,3,124,1379.7872212842246,veteran,0
U-01448,2023-10-23,873,0.5373986255693407,7,1,70,3149.986879284219,veteran,1
U-01601,2023-10-23,1996,0.06730407066899646,2,0,120,249.95407054597567,veteran,1
U-00431,2023-10-23,202,0.9019546901817942,1,2,20,1332.315199407716,established,1
U-00804,2023-10-23,1392,0.8147753485181917,7,4,28,436.60867546445047,veteran,1
U-00602,2023-10-23,646,0.986590075922091,2,2,27,348.09844754960307,established,1
U-03228,2023-10-23,1835,0.19185972373304105,3,1,74,836.9574275697255,veteran,1
U-00738,2023-10-23,719,0.1312049607157758,3,4,170,1698.7654326714783,established,0
U-01721,2023-10-24,846,0.06435428171653956,2,3,144,1092.9149868780466,veteran,0
U-02114,2023-10-24,419,0.4115858228314705,2,2,157,802.6337253270087,established,1
U-03262,2023-10-24,1514,0.546684211569528,7,0,143,1053.4756684415743,veteran,1
U-03848,2023-10-24,158,0.2149963424200444,1,1,144,877.1693356594117,new,0
U-01393,2023-10-24,1644,0.46371130622128853,2,2,32,446.49955489602576,veteran,0
U-01965,2023-10-24,226,0.24065347556576444,6,1,143,279.87354055756845,established,0
U-03493,2023-10-25,522,0.10812816375158762,6,2,137,960.3784843270196,established,0
U-02637,2023-10-25,198,0.7024495731867846,7,2,115,309.96798399937705,established,0
U-02171,2023-10-25,653,0.4247576935205901,1,4,77,304.7515335070198,established,0
U-03625,2023-10-25,1141,0.05522577635524728,6,1,74,695.4574889964316,veteran,0
U-01035,2023-10-25,476,0.1981712296224356,2,1,178,600.4558627902901,established,0
U-01512,2023-10-25,1815,0.4680853814555932,2,1,171,847.8558328785119,veteran,0
U-00058,2023-10-25,434,0.3951153632063821,8,2,171,1180.3293393442586,established,0
U-01741,2023-10-25,1254,0.640340621124484,5,0,151,703.7652371063112,veteran,1
U-01844,2023-10-25,1751,0.46227536028028204,3,4,104,583.4851483405686,veteran,0
U-03361,2023-10-25,1483,0.7700925389590887,6,0,152,769.0990804376819,veteran,0
U-01138,2023-10-25,188,0.22739094562284856,2,3,75,1037.467469742536,established,0
U-00061,2023-10-25,73,0.7036581008556112,6,2,41,572.3064761197413,new,0
U-02042,2023-10-26,720,0.7792531125598329,3,1,145,597.4789856577532,established,0
U-03027,2023-10-26,1943,0.25106166561132104,8,2,111,602.6020187433099,veteran,1
U-00377,2023-10-26,548,0.1952416230296704,6,0,44,875.4368233408845,established,1
U-02402,2023-10-26,640,0.00241139743167762,5,2,151,1654.5410297575488,established,0
U-03019,2023-10-26,577,0.5533733717246886,1,1,113,205.65342546185596,established,0
U-00390,2023-10-26,385,0.2010161486775599,2,3,128,368.0818902558448,established,0
U-03471,2023-10-26,1950,0.8139709553188604,6,1,80,1226.9126591283527,veteran,0
U-02324,2023-10-26,1889,0.5975752609336399,1,0,89,470.0168899182315,veteran,0
U-03251,2023-10-26,1134,0.5139385865795684,7,1,78,1666.8570283584186,veteran,0
U-00877,2023-10-26,891,0.6804310610924562,9,1,144,1048.4727601504812,veteran,1
U-03182,2023-10-26,149,0.6899400296120728,5,2,160,1225.1815363496387,new,1
U-02124,2023-10-26,303,0.06631281762097496,5,0,20,449.6958718757072,established,1
U-00511,2023-10-26,1058,0.5157301809587675,2,1,127,2144.3483039152547,veteran,1
U-01898,2023-10-26,1309,0.5291762192378618,4,3,28,357.5051682395287,veteran,1
U-01233,2023-10-27,419,0.4050267265009778,6,1,81,644.9542129482882,established,1
U-03767,2023-10-27,943,0.3774694830931572,4,1,122,1946.6903269767204,veteran,0
U-02043,2023-10-27,1492,0.9966670381420173,9,3,29,659.0349047672166,veteran,1
U-02986,2023-10-27,1072,0.5977460849545931,4,2,65,850.604144336758,veteran,0
U-02293,2023-10-27,1478,0.9910298050260696,3,4,57,345.4580956497591,veteran,1
U-03166,2023-10-27,1191,0.7179326455436245,5,1,93,205.8075554943981,veteran,1
U-03075,2023-10-27,1196,0.4618127344629326,3,0,84,439.73502741974306,veteran,1
U-00894,2023-10-27,979,0.6919933663865142,6,3,2,500.08671624411335,veteran,1
U-03365,2023-10-27,868,0.09147023552697853,9,2,122,1062.225050700637,veteran,0
U-00359,2023-10-27,1940,0.741690365045119,4,1,149,795.8687002185987,veteran,0
U-03465,2023-10-27,1159,0.003481923684611754,9,2,134,455.24160692139316,veteran,1
U-00462,2023-10-27,1189,0.32717085847590577,5,0,35,265.175157727223,veteran,1
U-01983,2023-10-28,1649,0.33654367588742307,2,2,135,277.71819959567677,veteran,0
U-02048,2023-10-28,374,0.26616181836401176,8,2,70,482.16909373809875,established,1
U-03052,2023-10-28,1367,0.3691426821827686,1,5,21,985.1849641055554,veteran,0
U-01666,2023-10-28,428,0.2571420371411961,6,1,176,290.06073068327464,established,0
U-01377,2023-10-28,532,0.7215792442988508,1,1,48,379.8773196537556,established,1
U-03095,2023-10-28,1995,0.2634892929427606,7,1,93,1399.208825929258,veteran,1
U-02098,2023-10-28,1584,0.6383468117617903,6,2,29,572.1482002379418,veteran,1
U-03614,2023-10-28,1583,0.4032413203447017,2,1,102,641.6585462250164,veteran,0
U-02347,2023-10-28,1969,0.727050648168605,2,1,73,783.3962545885607,veteran,1
U-02361,2023-10-28,1875,0.6394069902916003,4,1,92,1000.8889621210609,veteran,1
U-03456,2023-10-28,1140,0.7311639095432015,4,1,9,775.0433251018761,veteran,0
U-02351,2023-10-28,109,0.9192692613280707,9,4,50,361.616241401558,new,1
U-03722,2023-10-28,1625,0.0567810340450684,6,0,34,470.8113449922154,veteran,0
U-03584,2023-10-29,48,0.5544596999906632,3,2,43,1108.3553984893367,new,0
U-01994,2023-10-29,291,0.5719608378081387,3,2,87,431.27355523020265,established,0
U-03281,2023-10-29,574,0.08587079799036135,7,2,138,1763.3611012502658,established,0
U-01064,2023-10-29,1042,0.9219213207742897,9,1,139,937.7929359712136,veteran,1
U-02428,2023-10-29,1356,0.466706610082092,2,1,35,1025.0973139084124,veteran,1
U-00492,2023-10-29,1402,0.9961272576386072,5,2,90,1876.59654159804,veteran,1
U-02513,2023-10-29,229,0.7521069327383605,5,3,97,881.0241453791672,established,0
U-03990,2023-10-29,507,0.5611764211639523,9,2,41,2816.118248232689,established,1
U-02502,2023-10-29,1038,0.5792598871664242,1,0,157,247.76514833541876,veteran,1
U-03991,2023-10-29,57,0.9441269454117227,5,0,58,2134.01028769979,new,0
U-01789,2023-10-29,1973,0.4630266320888651,4,3,144,999.0984522310224,veteran,0
U-03568,2023-10-30,732,0.9061813657481139,2,2,52,1560.7591785069953,veteran,1
U-00246,2023-10-30,567,0.8544897363655244,8,1,85,667.1620425250917,established,1
U-01072,2023-10-30,373,0.45275087427085714,8,1,18,636.7200305670181,established,1
U-03707,2023-10-30,800,0.46301534973632963,2,0,144,741.7148321737566,veteran,1
U-01097,2023-10-30,659,0.6434622341536098,7,1,78,357.6501383597108,established,1
U-02605,2023-10-30,534,0.10560479086790031,3,3,75,719.0910816346927,established,0
U-03699,2023-10-31,588,0.5776449465750436,1,1,140,877.3296090012802,established,0
U-00050,2023-10-31,667,0.9496030429007936,8,0,78,466.72397252123125,established,1
U-00041,2023-10-31,1313,0.75350056344561,2,3,86,369.6654298370698,veteran,0
U-02364,2023-10-31,1635,0.8692078108304946,6,2,128,756.1409982803286,veteran,0
U-02421,2023-10-31,722,0.5278203228071404,9,1,10,1016.1418159430347,established,1
U-03783,2023-10-31,1336,0.22298928231839388,5,0,27,1108.927003250976,veteran,1
U-03345,2023-10-31,613,0.5368284012021476,9,2,82,604.2867968550056,established,0
U-01673,2023-10-31,1310,0.5491405768855797,6,4,143,544.8845922503589,veteran,1
U-00233,2023-10-31,551,0.7729970261914273,6,2,74,567.2503439805848,established,0
U-01300,2023-10-31,162,0.5540195020707105,3,1,140,229.57792324896135,new,1
U-02604,2023-10-31,908,0.7321590995007252,1,2,80,3486.337538835951,veteran,0
U-00013,2023-11-01,993,0.04300325074005107,5,1,147,834.6666604020214,veteran,0
U-03633,2023-11-01,872,0.5769744870776986,1,0,64,1186.7219636960476,veteran,0
U-03047,2023-11-01,780,0.3257915410975506,5,2,157,249.78621700094774,veteran,1
U-02782,2023-11-01,812,0.6169732493768046,4,4,30,846.6467666953678,veteran,0
U-03132,2023-11-01,1577,0.13046755477242822,5,1,54,363.80542915854693,veteran,0
U-01203,2023-11-01,1344,0.45917703660615206,1,0,136,1915.5642243067284,veteran,0
U-01867,2023-11-01,1767,0.7155439971174821,9,2,142,535.2825212370282,veteran,0
U-00206,2023-11-02,1815,0.19006088660813114,1,0,166,367.034810563359,veteran,0
U-01274,2023-11-02,1241,0.3818754121688235,7,0,171,371.2537820890138,veteran,1
U-03111,2023-11-02,1604,0.5843924473886134,1,1,71,463.80915598250056,veteran,0
U-02280,2023-11-02,61,0.7697539544642392,6,1,78,662.8951178309836,new,0
U-02842,2023-11-02,1013,0.7228282620421065,5,2,75,183.84436989667918,veteran,1
U-01821,2023-11-02,1417,0.8455199378782277,4,0,16,673.2320290585329,veteran,1
U-03905,2023-11-02,1890,0.18759111882047896,8,1,93,2524.661690674426,veteran,1
U-01133,2023-11-02,111,0.47775225535295374,9,0,52,237.06279885499114,new,1
U-03144,2023-11-02,489,0.8519956094194782,4,3,29,872.4355045953256,established,1
U-00741,2023-11-02,940,0.22563798563035908,4,0,148,609.0889858090184,veteran,1
U-02175,2023-11-02,923,0.9906247733684951,8,1,109,2579.1558948710326,veteran,1
U-02173,2023-11-02,434,0.4281134723650425,3,2,57,539.65511989402,established,0
U-00713,2023-11-02,993,0.9011814192486128,7,0,6,449.31401297866785,veteran,1
U-02942,2023-11-02,1021,0.5485519826196869,9,0,72,687.8229946585702,veteran,0
U-01670,2023-11-02,725,0.6151895383301841,4,5,158,185.6804548065822,established,0
U-00127,2023-11-02,208,0.4792733822962494,7,1,1,517.5033516714913,established,1
U-00488,2023-11-03,1339,0.2883867034141697,1,1,65,992.943841359845,veteran,1
U-03186,2023-11-03,955,0.2605889944814319,3,0,65,726.5674596201184,veteran,1
U-03581,2023-11-03,466,0.8469322772425022,3,1,102,1667.3300874786141,established,0
U-02106,2023-11-03,80,0.9797738744497416,5,0,160,816.2173388264407,new,0
U-00656,2023-11-03,292,0.8820849990955023,6,0,116,776.081732810068,established,1
U-00422,2023-11-03,1535,0.6135939377161109,2,1,84,642.9680825774733,veteran,0
U-00088,2023-11-04,1966,0.0732459861675514,4,0,41,1429.9331387715388,veteran,0
U-03246,2023-11-04,321,0.8790968791913134,8,2,67,332.00180340224085,established,0
U-03202,2023-11-04,550,0.005639484822516971,7,3,102,731.1887746250295,established,1
U-02120,2023-11-04,484,0.05594087397445002,9,3,132,326.5993319755577,established,0
U-01774,2023-11-04,1000,0.22344461672983884,3,1,115,808.7018449786294,veteran,0
U-00319,2023-11-04,113,0.3969546951715005,4,2,141,626.9589259649723,new,1
U-03677,2023-11-04,1596,0.963657442610793,8,2,62,673.4755174173746,veteran,1
U-01147,2023-11-04,1658,0.4833350132161367,4,2,89,564.2401894777007,veteran,0
U-02936,2023-11-04,981,0.905547048435459,9,0,109,1119.7968968669309,veteran,1
U-00172,2023-11-05,1027,0.9956698006253952,9,0,112,453.4331810369088,veteran,1
U-01869,2023-11-05,1343,0.19514422053831504,8,2,179,921.5694019642643,veteran,0
U-00644,2023-11-05,82,0.2729398117749001,9,2,65,757.7390544870292,new,1
U-03626,2023-11-05,466,0.9476983214653384,6,2,14,565.851493721959,established,1
U-03156,2023-11-05,1465,0.8558084020338257,5,0,98,449.6938816705106,veteran,0
U-01060,2023-11-05,1090,0.16861876183156788,6,2,148,259.95532627293744,veteran,1
U-03225,2023-11-05,1241,0.10507825894876954,6,2,113,640.1026799283127,veteran,0
U-00863,2023-11-05,1445,0.7751913198587196,1,1,117,1394.1692414568852,veteran,1
U-01057,2023-11-05,1663,0.5496338106932469,7,3,64,472.6505188805316,veteran,1
U-03431,2023-11-05,1669,0.6478892016631599,5,0,168,498.6076473722836,veteran,0
U-01690,2023-11-05,760,0.5456408740142225,1,5,101,607.1278457499327,veteran,0
U-03846,2023-11-05,565,0.5071863930484379,7,1,98,405.5617797037494,established,1
U-00369,2023-11-05,1067,0.4319660569810784,4,2,20,620.7917675695111,veteran,1
U-02921,2023-11-05,918,0.7910010861616403,8,4,63,802.8495638001384,veteran,1
U-00910,2023-11-05,1894,0.120577441015987,5,1,13,746.03292778712,veteran,0
U-02994,2023-11-05,1503,0.7968917388407887,6,0,132,523.8832570804045,veteran,1
U-01277,2023-11-06,1651,0.7196840017403067,5,1,12,556.660513506649,veteran,1
U-02211,2023-11-06,1361,0.7499831240833194,7,1,175,479.70730965011614,veteran,0
U-01557,2023-11-06,541,0.33288262541404656,8,2,87,1138.3445286025437,established,1
U-00001,2023-11-06,1690,0.35711559589661857,6,0,150,661.9892777505505,veteran,0
U-03386,2023-11-06,1582,0.5494094913401387,7,1,107,425.33544948443404,veteran,1
U-02446,2023-11-06,598,0.6900965197127477,1,1,167,482.44517032964075,established,1
U-00733,2023-11-06,548,0.23667590148701834,2,1,82,561.4645614434392,established,0
U-03543,2023-11-06,1923,0.9761267791625894,7,2,144,488.01118537451373,veteran,1
U-02574,2023-11-06,299,0.4331212074863131,1,3,131,563.2188840834059,established,0
U-01824,2023-11-06,1047,0.3662170848002574,3,7,4,1237.8036390638376,veteran,1
U-02661,2023-11-06,1889,0.8835315296231214,6,3,177,1023.2276704675401,veteran,1
U-02319,2023-11-06,644,0.6003263920177168,4,4,96,698.9135809248365,established,0
U-01338,2023-11-07,797,0.8294285601632039,3,1,82,641.766644445212,veteran,0
U-00835,2023-11-07,1069,0.8265478614895467,8,2,74,1010.6547477966221,veteran,1
U-01241,2023-11-07,1758,0.29327349340844455,9,2,178,1097.5064101830897,veteran,1
U-01913,2023-11-07,339,0.27256859083478024,7,1,139,430.4434264934043,established,0
U-00401,2023-11-07,263,0.7466009640551217,1,2,36,186.49595531214499,established,0
U-03865,2023-11-07,1035,0.4641008641918233,5,2,4,329.0603700968043,veteran,1
U-03223,2023-11-07,675,0.13562631136582848,7,2,82,890.0470206954371,established,1
U-03222,2023-11-07,817,0.5237821909035946,3,0,6,2338.5637041661303,veteran,1
U-01610,2023-11-07,576,0.047124916595572386,2,0,178,1801.2698378317123,established,0
U-00597,2023-11-08,39,0.18181545292377166,1,0,154,393.13248291821054,new,0
U-00601,2023-11-08,1899,0.9230146590477525,7,2,109,876.1129066328921,veteran,1
U-01468,2023-11-08,1117,0.5183806472769689,9,2,25,295.51214025612484,veteran,0
U-02448,2023-11-08,400,0.6837127129568435,4,3,60,273.3165585175784,established,1
U-03000,2023-11-08,1803,0.7431514434050525,5,2,17,559.0319686592279,veteran,0
U-01440,2023-11-08,1048,0.12916419610239782,5,0,91,2457.0303173124676,veteran,1
U-01730,2023-11-08,1674,0.27551083945484933,5,1,137,478.9167756093128,veteran,0
U-00049,2023-11-08,929,0.7175195326756167,3,0,40,525.3313767258592,veteran,1
U-03479,2023-11-08,899,0.9083371498543001,6,0,150,897.1113064956969,veteran,1
U-00209,2023-11-08,1224,0.2024853452445461,7,0,85,265.61949274669047,veteran,1
U-03428,2023-11-08,1780,0.5993779677221475,7,0,30,307.3417290825852,veteran,1
U-00814,2023-11-08,1500,0.4280281815816862,3,2,122,1244.7310037395412,veteran,0
U-01312,2023-11-08,441,0.3469600253675299,2,2,155,423.6332997905948,established,0
U-02095,2023-11-08,1295,0.3745494812554496,4,3,131,811.5613014287206,veteran,1
U-02857,2023-11-08,1850,0.32807822040741974,7,1,108,698.6101837545754,veteran,1
U-02602,2023-11-09,965,0.2716957472726703,8,1,87,820.904263278264,veteran,0
U-00106,2023-11-09,232,0.7120010268320515,7,1,5,295.508136574296,established,0
U-00024,2023-11-09,925,0.7964666482835426,1,0,20,775.9845494725114,veteran,1
U-00111,2023-11-09,975,0.8277406698600205,6,1,176,2323.5548944971824,veteran,1
U-00805,2023-11-09,1513,0.7296819935943137,6,1,152,483.7121596484125,veteran,1
U-03564,2023-11-09,581,0.29576486514118105,4,1,116,450.8384236179626,established,0
U-00765,2023-11-09,326,0.272488592117199,1,1,111,277.9386877883417,established,0
U-02987,2023-11-09,1231,0.05454351562116466,6,2,7,779.0756045404726,veteran,1
U-03349,2023-11-09,1587,0.13008309093289716,4,1,161,434.74121256094185,veteran,1
U-01211,2023-11-09,313,0.24510028233503256,4,1,66,560.2444457457586,established,1
U-03073,2023-11-09,479,0.5298295333977603,8,1,179,1102.4375097075574,established,0
U-01497,2023-11-09,1009,0.3062595609368469,8,0,14,311.0169466758408,veteran,1
U-00612,2023-11-10,1579,0.6751707163810492,5,0,56,548.1538290419447,veteran,1
U-00475,2023-11-10,660,0.6545699662789818,5,2,10,465.575924036818,established,1
U-00917,2023-11-10,568,0.6679238700585363,6,2,139,836.2689074041281,established,1
U-01725,2023-11-10,655,0.8815631998643823,8,3,43,678.5020034975045,established,1
U-01415,2023-11-10,482,0.4685450294752067,1,1,111,344.1248839593527,established,1
U-00689,2023-11-10,1455,0.7285936425378988,8,3,97,454.8158477223232,veteran,1
U-00159,2023-11-10,91,0.20737287523938142,9,0,170,1077.3901384431942,new,0
U-03325,2023-11-10,1783,0.349269418870775,3,1,31,1848.1835547496053,veteran,1
U-00277,2023-11-10,1536,0.856736684436776,7,0,20,379.8537904762927,veteran,0
U-03966,2023-11-11,443,0.5102872691763625,4,2,114,1696.362750689384,established,1
U-03381,2023-11-11,106,0.378934411475472,5,2,5,490.8445498488775,new,0
U-02647,2023-11-11,1608,0.02570377157527426,7,0,178,419.5136832172454,veteran,0
U-03322,2023-11-11,1830,0.39288199564540205,4,2,126,587.1542263141198,veteran,0
U-02283,2023-11-11,370,0.08663919229531669,9,0,153,651.550581251006,established,0
U-00954,2023-11-11,770,0.2277871909612047,5,0,158,1158.6171161011118,veteran,1
U-00989,2023-11-11,1770,0.10309947008530995,6,1,9,657.2699992163842,veteran,1
U-00248,2023-11-11,1827,0.19577160220972467,9,1,107,462.47391755551104,veteran,1
U-00724,2023-11-11,602,0.07016009948520985,5,2,170,778.5029005784573,established,0
U-00015,2023-11-11,309,0.5482638418332653,8,0,13,894.9804108568399,established,1
U-00105,2023-11-11,921,0.0954834119592175,9,2,21,396.98483552811877,veteran,0
U-02008,2023-11-12,167,0.7828355539543036,6,1,74,564.0359191324617,new,0
U-01429,2023-11-12,1725,0.6010005509356781,1,0,19,2405.343364696463,veteran,1
U-03054,2023-11-12,1866,0.12506402308116216,1,0,122,757.6849221320185,veteran,0
U-03421,2023-11-12,1739,0.19780445367316957,8,2,161,452.0138773445032,veteran,0
U-03914,2023-11-12,291,0.9004807465059209,2,1,63,1075.6321743986532,established,0
U-00212,2023-11-12,849,0.4493539410331321,7,2,49,2153.8756654882077,veteran,0
U-02808,2023-11-13,128,0.42436528943499385,7,2,125,495.77596215484584,new,0
U-02235,2023-11-13,1356,0.07508938063319093,6,2,16,785.1698320498764,veteran,1
U-01413,2023-11-13,1788,0.18873255434296254,2,1,7,824.8145024936387,veteran,0
U-02670,2023-11-13,399,0.36750834505331476,2,4,122,652.071475549734,established,0
U-02724,2023-11-13,571,0.423958371003167,1,2,149,1914.7088801980517,established,0
U-01460,2023-11-13,1800,0.6853152424192422,1,3,163,2226.5520050940163,veteran,0
U-03129,2023-11-13,1947,0.30459635132804086,6,1,7,1998.38347432277,veteran,0
U-01979,2023-11-14,1232,0.6659147006024932,4,1,16,610.6511668434398,veteran,1
U-01985,2023-11-14,639,0.3661914669626253,2,3,35,403.61074136084966,established,0
U-00558,2023-11-14,1508,0.02448344146761039,8,1,60,590.2563907176923,veteran,1
U-02800,2023-11-14,1707,0.4072519392909919,2,3,112,823.4118668402735,veteran,0
U-00134,2023-11-14,1974,0.5093003132248218,5,0,151,333.27997121798376,veteran,1
U-01616,2023-11-14,1600,0.44045234521626675,3,2,171,660.705187023149,veteran,1
U-02701,2023-11-14,94,0.6230055720776897,7,0,14,3989.239230555504,new,1
U-03153,2023-11-14,1645,0.5785522493158853,2,0,16,746.0492838459506,veteran,0
U-00638,2023-11-14,1242,0.17584974928100594,7,3,110,466.82377203734023,veteran,1
U-01132,2023-11-14,968,0.21950415094834308,7,0,22,903.3423030462532,veteran,1
U-01253,2023-11-14,1133,0.8040337783841548,3,2,178,668.5522609740043,veteran,0
U-00260,2023-11-14,475,0.9591705390670483,9,1,175,360.6162604539937,established,0
U-02546,2023-11-14,1389,0.0355299180290225,1,1,31,562.5677470259991,veteran,1
U-00744,2023-11-15,1401,0.071587302151916,3,1,70,720.6882306042412,veteran,0
U-03395,2023-11-15,123,0.8982358297697178,4,2,142,520.5550249677641,new,0
U-03482,2023-11-15,942,0.5501270478179646,5,2,117,343.1747541464722,veteran,0
U-03563,2023-11-15,1677,0.43999757199854206,5,4,1,335.08417636455545,veteran,1
U-02831,2023-11-15,487,0.618402437908263,6,1,146,1678.6463602123445,established,0
U-00070,2023-11-15,221,0.39285783860116674,7,1,159,927.9391515718617,established,1
U-01683,2023-11-15,883,0.5840483554050317,2,1,58,544.6652165633201,veteran,0
U-00483,2023-11-15,149,0.24148906062179398,9,1,143,217.00347083224338,new,0
U-00104,2023-11-15,183,0.9074151865936734,9,1,170,1005.6469033753351,established,1
U-03295,2023-11-15,796,0.9838946637761669,5,1,154,3178.920585879067,veteran,1
U-02898,2023-11-15,1878,0.6018577392363217,4,2,162,409.35597460497615,veteran,1
U-00691,2023-11-15,160,0.2445628432858732,5,0,148,472.6161077142623,new,1
U-03392,2023-11-15,588,0.21609053833719338,8,2,166,664.0458150004325,established,0
U-02256,2023-11-15,1259,0.6508859263236664,4,2,97,442.50251284604053,veteran,0
U-00715,2023-11-16,1016,0.19379261277241266,2,1,42,690.1882312460505,veteran,1
U-01735,2023-11-16,1127,0.9522967977656314,4,2,142,287.28899231745544,veteran,0
U-02556,2023-11-16,309,0.8540555127981793,4,2,10,1155.51162017113,established,1
U-02205,2023-11-16,1919,0.6773546291151085,5,2,109,941.8815333378475,veteran,1
U-01011,2023-11-16,135,0.5317788432846094,3,0,92,274.2094710114006,new,0
U-03384,2023-11-16,1258,0.11906128738229915,4,3,134,200.7452318160557,veteran,0
U-03570,2023-11-16,1385,0.6501305992980432,1,3,6,1066.4413636467925,veteran,1
U-03751,2023-11-16,842,0.26721716318183053,4,2,48,333.2584106162658,veteran,0
U-01577,2023-11-16,1871,0.6767386294894133,3,0,14,2059.1172926748854,veteran,1
U-02004,2023-11-16,950,0.06095833389785599,1,2,124,749.8600018828962,veteran,0
U-03480,2023-11-16,1301,0.5028941364792451,3,0,153,1942.3472823361224,veteran,1
U-01283,2023-11-17,1527,0.3783760148053711,9,1,58,666.3491399250488,veteran,1
U-02570,2023-11-17,1681,0.6993123756941095,2,0,2,1080.0836252665251,veteran,1
U-02566,2023-11-17,231,0.5752676766640311,1,0,15,456.78114354946206,established,0
U-02982,2023-11-17,1985,0.27441062465575994,4,1,31,1187.7013354927712,veteran,0
U-02901,2023-11-17,1393,0.5270980891724625,9,1,108,434.44175005177095,veteran,0
U-00685,2023-11-17,1463,0.3478706617210682,7,2,69,1224.3667280695279,veteran,1
U-02295,2023-11-17,1432,0.796016392091595,5,1,83,508.0998007322366,veteran,0
U-00595,2023-11-17,115,0.9780427404056374,3,1,44,660.2579671786294,new,1
U-03036,2023-11-17,168,0.10269439015064263,3,2,37,703.9417560657268,new,0
U-00859,2023-11-17,1521,0.2787101805563399,6,4,133,428.25529760404663,veteran,1
U-01259,2023-11-17,505,0.19400004449294372,8,0,120,1403.5676619435542,established,0
U-03056,2023-11-17,775,0.8567307201019734,5,0,154,315.56353303987254,veteran,0
U-01086,2023-11-17,1665,0.7839265357511662,9,2,127,610.9807653460463,veteran,0
U-02496,2023-11-17,1236,0.4419771380854074,4,4,66,1247.1059752899223,veteran,1
U-02534,2023-11-17,1957,0.448686718591796,7,0,15,561.1430560363572,veteran,1
U-00851,2023-11-17,1459,0.7313713071333117,5,0,174,1349.5839523325585,veteran,0
U-00590,2023-11-17,1397,0.23545201701388085,8,0,161,880.9897630155633,veteran,0
U-00653,2023-11-18,441,0.12444884834835213,7,0,39,319.9527770721808,established,0
U-00471,2023-11-18,1756,0.2786165592081724,1,1,96,581.0867882308181,veteran,0
U-03817,2023-11-18,1107,0.6593276777642525,3,1,20,1086.7541110932718,veteran,0
U-01198,2023-11-18,1149,0.753309615596317,1,3,50,837.6310608038776,veteran,0
U-00550,2023-11-18,118,0.07048950535691911,6,1,110,584.5810443529315,new,0
U-01748,2023-11-18,1846,0.9686504733772262,4,3,95,986.145745213588,veteran,0
U-00427,2023-11-18,980,0.13810473786874866,6,3,167,2479.0430515135213,veteran,0
U-00102,2023-11-18,404,0.5597228457776922,4,1,153,1183.111135367038,established,0
U-03299,2023-11-18,1722,0.6430796776895962,5,2,131,518.6286203941454,veteran,0
U-00091,2023-11-18,113,0.7648129483558401,2,1,134,690.5545083091656,new,0
U-03802,2023-11-19,1477,0.35416457496606246,4,0,78,763.5836110984171,veteran,0
U-01333,2023-11-19,1793,0.16082636230788605,5,0,85,826.798762883299,veteran,0
U-03712,2023-11-19,777,0.42599209857369214,9,0,93,350.0571822176036,veteran,1
U-02531,2023-11-19,479,0.9923831760939391,7,0,158,365.37491321876337,established,0
U-02092,2023-11-19,376,0.6162620349905696,5,2,5,485.054629957918,established,1
U-02544,2023-11-19,371,0.25883491818511717,9,1,140,428.5367218694177,established,1
U-01218,2023-11-20,131,0.29284683925470867,8,1,26,1194.2395883014797,new,1
U-00836,2023-11-20,299,0.07369583213834008,2,1,78,856.4066940504036,established,0
U-03768,2023-11-20,590,0.977747867643296,4,2,106,178.27440640311897,established,0
U-03245,2023-11-20,918,0.9871972388823189,9,2,36,942.3395863259179,veteran,1
U-02160,2023-11-20,500,0.6893368605878929,8,1,65,931.7500837994215,established,1
U-02934,2023-11-20,796,0.643957946609181,8,1,126,895.7101421481635,veteran,1
U-00335,2023-11-20,869,0.07031113856445537,9,1,165,768.4676390353769,veteran,1
U-03832,2023-11-20,825,0.09011824367582888,4,0,108,2517.980083161347,veteran,1
U-01000,2023-11-20,419,0.2181491845610315,9,1,77,1116.6093267905867,established,1
U-02747,2023-11-20,351,0.5258652309625133,9,0,171,1508.3104455563391,established,1
U-00226,2023-11-20,915,0.6032046600508495,2,3,71,554.1446953307542,veteran,0
U-00290,2023-11-20,164,0.08434489443831128,6,0,136,1090.4759685594254,new,0
U-03507,2023-11-21,1510,0.8482755480042915,1,1,58,807.143293980795,veteran,1
U-02683,2023-11-21,1648,0.8244842712393285,1,2,129,573.3712782476025,veteran,0
U-03009,2023-11-21,1444,0.5282924896043568,6,2,20,995.7389326185977,veteran,0
U-03867,2023-11-21,100,0.1842699986668217,2,3,40,427.5093809414016,new,0
U-03197,2023-11-21,1904,0.8839134789079829,7,3,15,1484.0670438287148,veteran,1
U-02158,2023-11-22,1553,0.003945960027194495,9,2,4,281.32629909666434,veteran,1
U-03207,2023-11-22,463,0.04052703409626246,4,2,157,466.7159791731595,established,0
U-01425,2023-11-22,521,0.6459894602030112,8,1,44,1334.610004569122,established,1
U-01573,2023-11-22,1383,0.8627268132629347,6,0,29,425.79916377989065,veteran,1
U-00884,2023-11-22,42,0.8598500568655341,1,1,104,183.15911126196363,new,0
U-00165,2023-11-22,1369,0.24887972814787895,1,3,7,822.1458817627228,veteran,0
U-03400,2023-11-22,1498,0.5373520809075544,4,2,91,525.7999859418468,veteran,1
U-00740,2023-11-23,551,0.2094328365262602,3,0,23,324.3827215189521,established,0
U-01842,2023-11-23,1122,0.27073568282942684,6,2,163,839.4812280722907,veteran,0
U-03077,2023-11-23,334,0.9934656902803698,7,3,15,1716.0476485542567,established,1
U-00513,2023-11-23,1822,0.12201493186283818,7,3,89,702.6657814477861,veteran,1
U-02195,2023-11-23,798,0.41559419760170657,4,0,73,554.1800369759607,veteran,0
U-01964,2023-11-23,1495,0.6943830137535508,3,0,39,307.04216668981445,veteran,1
U-01534,2023-11-23,204,0.8396115895392143,9,2,145,244.30627193089532,established,0
U-00848,2023-11-24,331,0.13660440277965535,2,1,98,1178.9093122782995,established,0
U-02872,2023-11-24,1980,0.4379035824256632,9,2,116,1287.503220975935,veteran,1
U-02515,2023-11-24,638,0.46944512706563957,9,0,173,588.6740567283446,established,1
U-00866,2023-11-24,952,0.29337517279199654,5,3,30,780.0315505634204,veteran,1
U-02337,2023-11-24,180,0.33694773157161906,2,4,112,1075.8645557564523,new,0
U-01963,2023-11-24,578,0.31040165903006867,6,2,99,1146.5354900605942,established,0
U-03454,2023-11-24,1227,0.9558192060173925,3,3,160,945.0112092140652,veteran,1
U-01230,2023-11-25,296,0.8002484436088676,9,3,116,480.6557394581983,established,1
U-02287,2023-11-25,155,0.9685548109027556,7,1,136,728.273481599988,new,1
U-03168,2023-11-25,815,0.5345519493545235,9,1,117,2359.351590977986,veteran,1
U-00148,2023-11-25,1729,0.4350877508488432,8,1,179,830.4897530349534,veteran,1
U-02983,2023-11-25,34,0.7664495812234184,9,1,67,622.9367571181338,new,1
U-01024,2023-11-25,1748,0.6350079158608064,8,1,117,847.786514212827,veteran,1
U-03081,2023-11-25,1780,0.8388935193078518,9,0,88,951.7305091217667,veteran,1
U-03363,2023-11-25,366,0.8233725913706561,1,2,171,800.6797913912656,established,0
U-02944,2023-11-25,1593,0.38262927298456995,2,1,25,591.9188010115008,veteran,0
U-01586,2023-11-26,471,0.5686598178483223,5,2,124,1443.6001473081317,established,1
U-02333,2023-11-26,219,0.4694895316998602,6,0,45,1514.3761694857806,established,0
U-01263,2023-11-26,1008,0.8856629200453748,5,0,115,911.8115807358901,veteran,1
U-03889,2023-11-26,380,0.6590970050243741,3,3,10,499.6701636783913,established,1
U-02325,2023-11-26,310,0.18428706223489022,7,0,126,2573.9681334487077,established,0
U-00523,2023-11-26,1973,0.8505619435867413,1,1,43,757.9913319478683,veteran,1
U-00027,2023-11-26,898,0.6629215110320876,4,2,177,1508.4251864011383,veteran,1
U-02371,2023-11-26,188,0.05160766497226266,9,2,40,260.56213619047287,established,1
U-00432,2023-11-27,1799,0.8313621258830283,7,0,51,649.6521260450736,veteran,1
U-03539,2023-11-27,1272,0.26807878240970484,1,2,157,639.3612740584123,veteran,1
U-00301,2023-11-27,1322,0.7138606850640675,5,1,72,1643.4050076302235,veteran,0
U-00604,2023-11-27,445,0.6999223607977247,9,2,43,869.6023417814617,established,0
U-01039,2023-11-27,453,0.7629902693330352,1,0,24,515.8666268436804,established,0
U-02609,2023-11-27,1445,0.010106644431258527,1,0,16,761.8608913778344,veteran,0
U-02080,2023-11-27,1798,0.19189427212540744,9,1,168,806.8102641752936,veteran,0
U-03520,2023-11-27,327,0.059161646497680076,5,3,130,381.50573768091687,established,0
U-02423,2023-11-27,1411,0.7828577166454253,4,2,177,1196.1230488833726,veteran,0
U-00793,2023-11-27,537,0.9553822174042486,5,0,80,1191.513713418267,established,0
U-01986,2023-11-27,1830,0.04272389658042919,8,2,125,701.8418926317735,veteran,0
U-01922,2023-11-27,1322,0.7468576231363655,9,3,176,342.34541754328654,veteran,1
U-01602,2023-11-27,48,0.8972836675331015,9,2,141,1043.2484646348134,new,1
U-03066,2023-11-28,37,0.7196852608776124,3,1,30,1855.1750271563549,new,0
U-03439,2023-11-28,966,0.9163467223807427,1,2,72,927.907483927365,veteran,1
U-00333,2023-11-28,1790,0.4740562159278153,7,2,4,1150.1943739446747,veteran,1
U-01970,2023-11-28,1498,0.3855561286437489,9,0,158,1072.6803680911123,veteran,0
U-03629,2023-11-28,878,0.8383117218922788,9,2,118,1354.1036532449032,veteran,1
U-03522,2023-11-28,969,0.46210532519868286,5,3,62,823.8085308475958,veteran,1
U-00481,2023-11-28,614,0.6359192651892537,1,0,150,705.2761672884302,established,0
U-02405,2023-11-28,1835,0.7242425757268991,5,1,46,619.101760063368,veteran,1
U-00037,2023-11-28,1240,0.8468337750111318,3,0,81,914.0934507489477,veteran,0
U-00552,2023-11-28,225,0.0016308476298648733,8,1,107,369.6612102414262,established,0
U-03126,2023-11-29,1779,0.3171276745565341,5,1,164,2511.7699172527896,veteran,0
U-02285,2023-11-29,1992,0.560728786325764,3,1,83,676.2204515746876,veteran,0
U-02821,2023-11-29,1327,0.9364509147084885,4,1,130,1246.4817617962387,veteran,0
U-02454,2023-11-29,947,0.6672952760161995,1,2,62,818.1696319951106,veteran,1
U-00089,2023-11-29,1962,0.1781341437417363,9,1,135,270.9839334702545,veteran,1
U-00387,2023-11-29,145,0.15424362209507125,9,0,94,884.9305281332594,new,0
U-03380,2023-11-29,1380,0.3563030847683104,1,1,141,734.7793890190978,veteran,0
U-00544,2023-11-29,909,0.3555190186352464,3,1,6,650.8409897151591,veteran,0
U-02245,2023-11-30,682,0.09116953553275242,8,0,135,1024.232234268086,established,0
U-03739,2023-11-30,950,0.4405059751672604,9,0,9,896.9758170341901,veteran,1
U-01932,2023-11-30,696,0.30943368604734944,9,2,14,2144.824695926232,established,1
U-03189,2023-11-30,117,0.6588400694456474,5,5,139,483.1880948759498,new,0
U-00610,2023-11-30,212,0.8641386768205322,8,2,155,342.83551932325184,established,1
U-00100,2023-11-30,210,0.29504014049653815,9,1,28,767.8988681253272,established,0
U-00083,2023-11-30,1581,0.30965203002718433,4,0,29,521.9628355917865,veteran,1
U-02789,2023-11-30,1488,0.8462608634124593,7,2,7,563.3925678713687,veteran,1
U-03624,2023-11-30,1761,0.41733604017340153,7,2,11,1995.7047395801824,veteran,0
U-00581,2023-11-30,1944,0.7906014890556002,7,0,91,588.1818072945404,veteran,1
U-01079,2023-12-01,1034,0.7173107187064043,3,2,28,650.4743176083437,veteran,0
U-00588,2023-12-01,1224,0.6437583821994626,5,0,108,150.16825707808428,veteran,1
U-01864,2023-12-01,1829,0.6730262637118272,1,3,62,2955.812361143569,veteran,1
U-03050,2023-12-01,1982,0.9796624516555633,9,0,24,741.428294318859,veteran,1
U-03506,2023-12-01,341,0.9644537107931075,8,0,79,179.4832507030488,established,0
U-01015,2023-12-01,1876,0.29126326671434144,3,1,101,547.316455762314,veteran,0
U-00815,2023-12-01,615,0.015916303039710922,7,2,65,1327.1557266612228,established,0
U-01649,2023-12-01,1962,0.18272768153810914,8,0,60,794.2576515735134,veteran,1
U-02862,2023-12-01,383,0.08522167577652873,7,1,150,309.84732791861796,established,0
U-01096,2023-12-01,1242,0.6893804536701481,9,2,142,1493.7891678736341,veteran,0
U-02783,2023-12-01,1406,0.06084687269600997,8,1,24,1376.1530404894008,veteran,1
U-03229,2023-12-01,1217,0.9886620554100823,1,1,83,860.654458394548,veteran,0
U-03147,2023-12-01,908,0.76380285233024,7,1,60,909.045397742211,veteran,1
U-00867,2023-12-02,665,0.23786403643861975,6,2,121,452.69522358346745,established,0
U-01960,2023-12-02,373,0.014434802779022093,8,3,110,667.78099242878,established,0
U-00018,2023-12-02,398,0.08773778308263547,2,2,63,2086.4262699193664,established,0
U-01658,2023-12-02,1058,0.13326114443103088,7,1,43,791.2058568020323,veteran,1
U-02450,2023-12-02,1582,0.2953135073447509,9,0,141,250.82268377263094,veteran,0
U-01968,2023-12-02,409,0.6208637075844157,5,2,120,445.70287936897495,established,0
U-02207,2023-12-02,1528,0.28990662821547575,7,2,1,995.150479316764,veteran,1
U-02703,2023-12-02,258,0.1223951354761792,5,2,56,324.28777472698283,established,0
U-01085,2023-12-02,699,0.41360314029288636,3,1,7,490.9759199126448,established,1
U-00458,2023-12-03,259,0.044941403509207056,4,3,27,235.58232278146582,established,0
U-01023,2023-12-03,856,0.6295165714034375,5,2,133,713.7992603365482,veteran,1
U-01124,2023-12-03,257,0.5525479397729799,9,2,153,286.35715220384515,established,0
U-03571,2023-12-03,1857,0.9499229570223799,6,1,169,699.7341846598289,veteran,1
U-03230,2023-12-03,1161,0.3029963006172174,2,2,4,328.89728613872535,veteran,1
U-03458,2023-12-03,228,0.11350812130855359,7,2,170,657.5460982040212,established,0
U-00092,2023-12-03,751,0.8359210809168424,7,3,68,416.2236895129455,veteran,0
U-02825,2023-12-03,1037,0.5583288868357085,3,1,125,512.7353811397375,veteran,1
U-00962,2023-12-03,1971,0.48635842326661893,8,0,33,243.60670963324876,veteran,0
U-01499,2023-12-03,94,0.25490090380257047,5,0,63,648.1903413190878,new,0
U-02456,2023-12-03,611,0.47203894605324437,8,2,160,523.084622486171,established,0
U-00512,2023-12-03,272,0.8774270792163887,5,2,117,661.2547933726572,established,0
U-01092,2023-12-04,121,0.3436673152808569,8,1,12,266.2537976921366,new,0
U-01125,2023-12-04,1501,0.041861525406838074,8,1,11,824.3347981716638,veteran,1
U-00589,2023-12-04,619,0.8835514062513434,7,0,68,485.9637624060837,established,1
U-02167,2023-12-04,1568,0.46020450297167803,2,1,6,200.62592319120802,veteran,0
U-01143,2023-12-04,1128,0.9294254050461873,9,1,168,615.2460586254318,veteran,0
U-02438,2023-12-04,177,0.854331031644593,7,3,98,563.866090690169,new,1
U-00722,2023-12-05,1891,0.26733271445757245,7,0,43,209.8524254486868,veteran,1
U-01883,2023-12-05,468,0.959813832936877,2,3,40,453.0469136003844,established,0
U-00476,2023-12-05,1879,0.5363197772226286,6,0,62,514.4565311493352,veteran,1
U-03315,2023-12-05,851,0.17251193769827644,1,3,93,905.276920534226,veteran,1
U-01598,2023-12-05,1513,0.5744676592713583,3,3,58,656.5837865094427,veteran,0
U-01656,2023-12-05,1666,0.9118715826670196,5,2,6,2002.7787931388955,veteran,1
U-00864,2023-12-05,1762,0.6622129282587018,5,0,60,551.7267710867144,veteran,0
U-01843,2023-12-05,44,0.5674065746467731,7,1,78,1276.8834995814113,new,0
U-02148,2023-12-05,220,0.9184237336119215,2,3,43,1078.8424277973581,established,1
U-02620,2023-12-05,258,0.8084995158907329,7,4,73,347.4409025423845,established,1
U-03628,2023-12-05,1448,0.048933695525843146,4,1,163,1477.1664714449257,veteran,0
U-03997,2023-12-05,699,0.4791350924629122,4,2,152,2005.192709854625,established,1
U-00774,2023-12-05,560,0.006058117130251728,3,2,9,652.9815859245153,established,0
U-00360,2023-12-05,44,0.24277898546082055,8,0,72,964.1327481258471,new,1
U-02035,2023-12-05,210,0.8766572448349611,4,1,102,1919.7263267231415,established,0
U-03805,2023-12-06,1418,0.6860910711689315,7,0,67,518.0699235133009,veteran,1
U-00855,2023-12-06,1392,0.9495727706536599,3,2,164,993.4899758256353,veteran,0
U-03709,2023-12-06,1219,0.6661311046544097,1,1,22,432.68221490764046,veteran,1
U-02918,2023-12-06,185,0.28029043159685585,4,4,19,467.1655246198191,established,0
U-03155,2023-12-06,535,0.7442737173155829,7,3,168,726.470698930032,established,1
U-01862,2023-12-06,1167,0.6460117239708396,8,0,28,1408.9710967615597,veteran,1
U-01162,2023-12-06,595,0.12565330683749687,1,1,175,696.0314027567168,established,0
U-00649,2023-12-06,547,0.4637045822685515,8,1,118,516.9382700340251,established,0
U-03935,2023-12-06,341,0.3056626271110431,6,1,38,443.5634224154647,established,0
U-01547,2023-12-06,126,0.6216684125152849,7,1,157,1650.9349359621958,new,1
U-00296,2023-12-06,907,0.4448357592818618,2,2,87,500.2310306208883,veteran,1
U-03333,2023-12-06,446,0.6579689644943214,9,1,104,152.69121606543584,established,1
U-03917,2023-12-06,238,0.050957025387412536,5,2,120,136.03295369898504,established,1
U-00559,2023-12-07,1307,0.7037366196437684,3,0,147,1743.833635005933,veteran,0
U-02654,2023-12-07,212,0.5209199335172385,9,0,100,818.2453895629421,established,1
U-03777,2023-12-07,1859,0.8736397464358032,1,2,35,766.74969136839,veteran,0
U-03331,2023-12-07,857,0.8856387702007957,7,2,146,1402.8303991720802,veteran,1
U-01464,2023-12-07,419,0.05520223320807116,6,1,106,364.24673604860715,established,0
U-01855,2023-12-07,1188,0.8207793770411665,9,5,67,584.8752316906249,veteran,1
U-01149,2023-12-07,1104,0.2768032873910471,9,0,62,282.923134767393,veteran,1
U-02639,2023-12-07,643,0.3860335336192914,1,0,154,959.9392942080817,established,0
U-01895,2023-12-07,1602,0.7771527494070096,7,0,146,1494.1825661507596,veteran,1
U-02511,2023-12-07,1613,0.14844305184897766,2,0,73,937.0934140205868,veteran,0
U-00881,2023-12-07,1995,0.5968373345504464,7,5,175,425.327393564735,veteran,0
U-01006,2023-12-07,1009,0.7740240859924371,8,0,90,891.0249952742739,veteran,1
U-03965,2023-12-07,1175,0.8141311607656276,9,0,141,963.473896231525,veteran,0
U-00779,2023-12-07,171,0.6554913685589684,6,2,90,1859.5595423166953,new,1
U-02318,2023-12-07,947,0.48874049933643726,2,2,105,701.0990849436901,veteran,0
U-02672,2023-12-07,687,0.5100161823534396,4,1,122,556.1370952794533,established,0
U-01157,2023-12-07,270,0.5895305945367628,6,3,96,613.0209666427751,established,0
U-00145,2023-12-08,580,0.25520889959908166,3,2,74,729.0122650663452,established,0
U-02149,2023-12-08,1742,0.733204611068756,7,1,2,649.1939006392571,veteran,0
U-00834,2023-12-08,1954,0.33221277878066235,9,0,107,1763.8643473627706,veteran,1
U-01313,2023-12-08,807,0.6382067385793626,2,3,98,310.970433819535,veteran,0
U-01126,2023-12-08,518,0.4394817665788924,2,3,151,614.0154968515307,established,0
U-01309,2023-12-08,922,0.2817669578263532,4,3,167,795.7303490533941,veteran,0
U-01400,2023-12-08,1707,0.6818167256463189,4,1,29,332.8969443428976,veteran,0
U-00642,2023-12-08,1907,0.4737677518315727,1,2,11,2027.8871269611645,veteran,1
U-01551,2023-12-08,728,0.06434898217492935,2,1,22,1722.4088297620308,established,0
U-02376,2023-12-08,314,0.29608791865459794,4,0,94,1187.4914538555643,established,1
U-03577,2023-12-09,717,0.028052556248201355,2,1,78,932.4715188985185,established,1
U-00150,2023-12-09,678,0.2499867540285089,1,2,86,770.7355003225034,established,0
U-02152,2023-12-09,1325,0.3584556454325618,4,5,134,706.7841623189474,veteran,0
U-01041,2023-12-09,351,0.15074416627609355,6,0,106,1333.7433396577535,established,0
U-00124,2023-12-09,1583,0.9965052596345588,2,2,113,329.9424365958366,veteran,1
U-02993,2023-12-09,1442,0.5186326753466863,1,4,3,684.6941268679549,veteran,0
U-02671,2023-12-09,722,0.3206802604825193,8,1,110,202.7101023333478,established,1
U-01346,2023-12-09,1010,0.7234095031624597,5,1,23,887.0760604415211,veteran,1
U-00231,2023-12-09,1857,0.03275723026369526,9,1,9,586.0077244517979,veteran,1
U-01559,2023-12-09,296,0.14927143424123634,3,1,49,769.4016271206656,established,1
U-01705,2023-12-10,1635,0.4145480240903189,2,0,112,397.03498323136205,veteran,0
U-03338,2023-12-10,241,0.1321429691813385,8,0,93,577.0082115953344,established,1
U-01246,2023-12-10,1181,0.5093898836159924,6,1,82,965.9761353672591,veteran,1
U-00036,2023-12-10,1380,0.31332541109448,3,2,123,610.7335979564044,veteran,1
U-03731,2023-12-10,668,0.43816193119924574,4,1,115,1261.6878120847182,established,1
U-00609,2023-12-10,889,0.9732559900976508,7,1,151,486.17710408573805,veteran,1
U-03961,2023-12-10,202,0.25943853573088427,3,2,66,836.4217051381719,established,0
U-03984,2023-12-10,1448,0.7683172348427827,6,2,84,1325.6398187845584,veteran,1
U-03378,2023-12-10,720,0.42580255643157894,1,6,151,748.4873872887396,established,0
U-01291,2023-12-10,1766,0.44835775732845873,4,2,29,928.141762777642,veteran,1
U-00005,2023-12-10,1907,0.18413921714918247,3,0,25,461.38303682007927,veteran,1
U-02331,2023-12-11,1390,0.9576123259217423,4,2,38,922.5366185451969,veteran,0
U-02481,2023-12-11,1799,0.46524733563382914,3,1,131,1053.295445015817,veteran,1
U-02197,2023-12-11,537,0.14871439398399822,6,1,144,540.2954454510159,established,1
U-00667,2023-12-11,303,0.34034446392638773,6,3,82,662.5553006782429,established,0
U-02097,2023-12-11,1839,0.5375374348496279,9,4,103,285.4507129566089,veteran,0
U-03106,2023-12-11,321,0.641417904513436,1,2,8,893.9379522565567,established,0
U-01588,2023-12-11,1621,0.48952879933047744,6,2,4,320.5665853932861,veteran,0
U-03263,2023-12-11,1931,0.02240546518228148,9,3,18,703.2415076334727,veteran,1
U-02868,2023-12-11,1502,0.6485696333643778,9,1,165,1150.6119952495972,veteran,1
U-01734,2023-12-11,1313,0.1559012892539724,8,3,164,1050.062650221789,veteran,1
U-01418,2023-12-11,1130,0.14775344507210741,2,3,73,342.29662757300986,veteran,1
U-02846,2023-12-12,246,0.22168249022254083,4,1,0,741.4463878714419,established,1
U-02902,2023-12-12,1631,0.6957836634751596,3,1,170,487.2232833385064,veteran,0
U-01520,2023-12-12,890,0.4436695744827004,9,4,163,336.31899685536496,veteran,1
U-01508,2023-12-12,1147,0.785966821450627,3,1,43,261.6697533610794,veteran,1
U-02600,2023-12-12,297,0.017425052716909306,3,0,174,732.5127065102637,established,0
U-02905,2023-12-12,31,0.817102850332752,8,2,131,462.93204836968164,new,0
U-03872,2023-12-12,913,0.26131011545636296,2,3,92,1106.3761918966452,veteran,0
U-01485,2023-12-12,374,0.912582547697302,2,2,176,590.800806946209,established,1
U-03880,2023-12-12,739,0.2733651502352782,6,1,163,623.8256222576755,veteran,0
U-00828,2023-12-12,1839,0.7868162917070124,3,1,12,375.5982398998734,veteran,1
U-00426,2023-12-12,536,0.18674621766978972,8,2,67,1127.8911339378037,established,0
U-03469,2023-12-13,359,0.5980800591118203,1,2,93,673.7492871352556,established,0
U-03339,2023-12-13,1164,0.9019166628522043,8,2,86,1089.755622056355,veteran,1
U-02557,2023-12-13,667,0.14458536512678244,3,4,76,358.2945774809296,established,0
U-01324,2023-12-13,1827,0.1452724673660355,9,2,54,2290.234138090947,veteran,1
U-02817,2023-12-13,1026,0.1900923595730183,7,1,167,1373.9267792668097,veteran,0
U-03462,2023-12-13,447,0.03841693576904459,2,1,100,733.4943574099443,established,1
U-01279,2023-12-13,420,0.731393911774942,1,3,60,513.9813574006017,established,0
U-03455,2023-12-13,520,0.53848460951904,3,3,38,520.7623654896572,established,1
U-01733,2023-12-13,838,0.8956720847092428,1,3,83,906.9841439435929,veteran,1
U-01213,2023-12-13,1239,0.9109858394978042,3,2,169,357.45060577736155,veteran,0
U-00503,2023-12-13,1550,0.4603955870930234,2,1,166,886.1418854856945,veteran,0
U-03119,2023-12-13,1043,0.6518550471620385,7,0,144,450.0137152025774,veteran,0
U-01022,2023-12-14,1374,0.8791134512366384,3,1,120,501.0568488761983,veteran,0
U-00491,2023-12-14,418,0.8504311844863662,2,1,113,646.4537613042343,established,0
U-02796,2023-12-15,180,0.7726930232038545,1,2,130,467.7882885205264,new,0
U-02104,2023-12-15,1655,0.4296290959984418,1,0,46,587.2792147433697,veteran,0
U-03840,2023-12-15,993,0.8762271108395037,5,0,177,652.9009316657191,veteran,1
U-02878,2023-12-15,1201,0.6778722935645294,5,1,3,824.3896180097063,veteran,1
U-02755,2023-12-15,1833,0.08148398013846636,2,5,139,126.22947150508544,veteran,0
U-01657,2023-12-16,1630,0.7994657824269527,2,2,100,208.1965005453423,veteran,1
U-02709,2023-12-16,1006,0.1573445388184953,7,2,101,891.4362350937416,veteran,0
U-00395,2023-12-16,1039,0.439097561302376,2,3,113,2020.0757880695332,veteran,0
U-01942,2023-12-16,423,0.1477285625410687,8,0,49,1033.0174612993405,established,0
U-01407,2023-12-16,1630,0.16341657754026295,4,1,136,900.6472610207267,veteran,1
U-00920,2023-12-16,1953,0.38967118598286565,1,0,123,1076.4577763577497,veteran,0
U-02389,2023-12-16,1306,0.20163992545416098,5,1,12,579.8860654109568,veteran,0
U-03904,2023-12-16,1274,0.9547733295477041,4,1,130,562.378441494599,veteran,1
U-03159,2023-12-16,175,0.1654596363951163,1,2,73,349.0605670129498,new,1
U-01897,2023-12-16,1916,0.8407780989404321,5,2,67,865.5181811764585,veteran,1
U-00557,2023-12-17,1724,0.7241072388175379,9,2,163,1199.8426824202072,veteran,1
U-01823,2023-12-17,323,0.1739875590696015,5,2,81,888.0980356827635,established,0
U-03357,2023-12-17,577,0.14125947590609333,4,0,43,216.55556687870614,established,0
U-01244,2023-12-17,721,0.46076126629179104,2,0,134,687.6548180599074,established,1
U-02385,2023-12-17,1120,0.8774078276911388,5,0,75,956.6582550955129,veteran,0
U-02141,2023-12-17,62,0.15670845628560814,2,0,83,1016.301540266878,new,0
U-03417,2023-12-17,894,0.8776347968064059,8,2,118,1046.2562739198174,veteran,1
U-02651,2023-12-18,1698,0.9892352490177422,5,0,98,524.7619676394469,veteran,0
U-02677,2023-12-18,605,0.891701811225204,6,0,67,501.66908967142524,established,1
U-01715,2023-12-18,880,0.19829801199995345,9,0,134,327.07255416254935,veteran,1
U-00780,2023-12-18,1703,0.30861534260941903,1,4,162,545.6695218295513,veteran,0
U-02000,2023-12-18,1249,0.4554763784417377,7,2,119,624.7200593082746,veteran,1
U-01712,2023-12-18,943,0.9830054990761883,3,2,152,992.9382607078811,veteran,1
U-01892,2023-12-18,276,0.5177397870741632,9,2,15,411.3513841321412,established,0
U-00811,2023-12-18,517,0.680966600125159,8,1,85,254.85640683458857,established,0
U-02303,2023-12-18,1209,0.16182934483603884,4,2,145,680.1068999523663,veteran,0
U-01200,2023-12-18,889,0.2573046544550305,8,0,51,1228.8499219490877,veteran,0
U-02226,2023-12-18,1202,0.48554240885513744,8,3,45,453.4578762112545,veteran,1
U-03547,2023-12-19,1641,0.05463719933085931,5,2,178,618.0785662552271,veteran,1
U-01633,2023-12-19,586,0.07112953582559234,8,3,20,560.9536322536421,established,1
U-02650,2023-12-19,424,0.6606588151171319,7,0,30,480.1454504515489,established,1
U-01140,2023-12-19,773,0.621480557535144,4,1,63,915.9787555274534,veteran,1
U-01791,2023-12-19,204,0.6907048130213005,2,2,105,853.1031993638512,established,1
U-02700,2023-12-19,1783,0.23410342282489494,1,4,152,1663.6034507393385,veteran,0
U-01370,2023-12-19,1573,0.14533771122714223,7,2,150,938.6304170903937,veteran,0
U-03578,2023-12-19,1252,0.018132650459765975,7,1,18,623.7483482760574,veteran,1
U-00516,2023-12-19,722,0.43121496812583504,6,1,80,1861.3501787554399,established,1
U-03580,2023-12-19,56,0.2585379667909018,6,0,93,477.55952644600285,new,0
U-02756,2023-12-20,1066,0.798728739228488,2,0,130,491.69501750716904,veteran,0
U-03238,2023-12-20,590,0.48205989827938744,9,2,127,510.7886473192605,established,1
U-02239,2023-12-20,567,0.5659149117991552,8,1,76,473.137107607176,established,1
U-03045,2023-12-20,246,0.9623452017507121,1,1,116,375.3572596979335,established,1
U-01814,2023-12-20,1198,0.5236271695446845,1,0,29,454.21741209331117,veteran,1
U-00903,2023-12-20,1448,0.8783828771868954,1,2,132,515.7086435359148,veteran,0
U-03427,2023-12-20,1516,0.1615219317703126,8,0,145,423.5648104365258,veteran,1
U-01374,2023-12-21,1492,0.6502122741817089,7,1,151,535.8533425579478,veteran,0
U-01003,2023-12-21,1375,0.1666361430284744,7,1,86,908.622834922214,veteran,1
U-00374,2023-12-21,627,0.5905374085857233,7,2,24,793.1190343756773,established,0
U-01323,2023-12-21,811,0.04115320005240031,3,1,20,593.5723206897309,veteran,1
U-02090,2023-12-21,444,0.06635414475660184,1,1,146,613.3667095012394,established,0
U-03473,2023-12-21,532,0.46085687629310235,1,0,94,420.5719602280359,established,0
U-01691,2023-12-22,1188,0.10556546251412346,6,2,43,627.8509735934522,veteran,1
U-01751,2023-12-22,457,0.38244816794941827,3,1,0,838.929906917234,established,1
U-02497,2023-12-22,1762,0.47203762253113846,6,1,113,1264.8988736010615,veteran,0
U-00034,2023-12-22,868,0.12401981530989548,2,0,157,339.4025104694729,veteran,0
U-03161,2023-12-22,1538,0.44929506288650445,7,2,75,1166.6111366675134,veteran,0
U-03125,2023-12-22,1811,0.9977573142328605,1,3,84,1925.3348080751546,veteran,0
U-03505,2023-12-22,917,0.7355653719592322,3,1,26,1345.102797770981,veteran,1
U-01911,2023-12-22,692,0.10479768914339516,4,1,131,588.7459100411663,established,0
U-00564,2023-12-22,1797,0.16039680505608056,4,1,105,686.3196703297787,veteran,0
U-00357,2023-12-23,535,0.31388665631323565,5,0,158,248.75478049720454,established,0
U-00361,2023-12-23,1575,0.5418488201116669,3,1,140,561.1390546673078,veteran,0
U-02470,2023-12-23,60,0.40152008268027617,3,1,36,204.20114593875746,new,0
U-00388,2023-12-23,693,0.7201404475663072,8,3,147,478.57503773661483,established,0
U-02041,2023-12-23,804,0.005599438864240636,3,1,2,683.8206589512462,veteran,0
U-03794,2023-12-23,105,0.6348402190163059,9,1,128,274.9830523534743,new,0
U-02451,2023-12-23,1621,0.2846504331228087,8,2,170,1284.8383230648358,veteran,0
U-01605,2023-12-23,150,0.5565555157209455,2,2,28,903.6170791054606,new,1
U-01388,2023-12-23,1007,0.4555309061899152,1,1,69,260.04301825452154,veteran,0
U-02060,2023-12-24,954,0.6351132019749712,4,2,123,419.519931948607,veteran,1
U-03819,2023-12-24,1645,0.4556968600211837,8,1,98,2297.197540871568,veteran,1
U-00047,2023-12-24,519,0.2650772885749719,4,0,7,439.76387905080804,established,1
U-02445,2023-12-24,1527,0.15312311146835678,4,3,169,376.5284991202256,veteran,0
U-00363,2023-12-24,1936,0.9788086544470412,7,4,142,412.43039343427455,veteran,1
U-02299,2023-12-24,392,0.9651482716283151,2,1,82,555.095354452807,established,0
U-03029,2023-12-24,1840,0.8996927516962538,2,1,39,1564.5346220448257,veteran,0
U-00578,2023-12-24,571,0.48922906718999004,7,0,18,699.4747643057052,established,1
U-01556,2023-12-25,229,0.3027548582456523,3,1,87,1056.8777206910213,established,0
U-01303,2023-12-25,857,0.33544592594926104,9,1,74,276.2331056487282,veteran,0
U-00303,2023-12-25,97,0.3502978422487649,5,1,12,988.8227425994071,new,0
U-01383,2023-12-25,781,0.18894575046218876,3,1,79,326.38979518460326,veteran,0
U-01631,2023-12-25,1130,0.1797717077949118,3,1,141,481.4149538595736,veteran,1
U-02977,2023-12-25,441,0.19675806091894077,9,1,82,202.4599609944916,established,0
U-01877,2023-12-25,511,0.17640227485441495,4,5,67,317.5776527239032,established,1
U-03830,2023-12-25,380,0.967156644016167,5,2,102,1971.1313887432875,established,0
U-00827,2023-12-25,1088,0.41398737625537374,3,1,155,1291.2580724688603,veteran,1
U-00094,2023-12-26,1920,0.21927175092309104,3,0,1,1598.003797444701,veteran,1
U-02837,2023-12-26,142,0.6361719330853711,5,2,21,1272.643584465246,new,0
U-03242,2023-12-26,513,0.7035872571782559,7,2,88,403.8852822998821,established,1
U-00739,2023-12-26,1057,0.6383399638096628,2,2,125,246.27171315336275,veteran,0
U-01470,2023-12-26,1198,0.6325712197859872,1,1,31,1142.3313091651971,veteran,1
U-00178,2023-12-27,936,0.653987199751117,3,1,3,582.3132636754651,veteran,1
U-03108,2023-12-27,582,0.3374800230744732,6,1,160,1459.106979131833,established,0
U-01825,2023-12-27,1080,0.158413713447778,6,2,61,2509.454048673013,veteran,1
U-00219,2023-12-28,350,0.6845269785858117,6,2,149,320.9599928627526,established,1
U-01427,2023-12-28,304,0.8173895374164858,7,2,15,464.3037107885595,established,1
U-01731,2023-12-28,273,0.8864004191927712,5,0,129,248.77652424943244,established,0
U-03825,2023-12-28,1734,0.20685236170151533,9,3,29,752.8647668320153,veteran,1
U-01036,2023-12-28,1831,0.8957308382651483,9,1,95,411.23750456189015,veteran,0
U-01205,2023-12-28,929,0.019718944011485773,3,1,95,950.30076847361,veteran,1
U-03517,2023-12-28,1857,0.6724368027566785,1,5,39,644.4692403841307,veteran,0
U-02938,2023-12-28,1593,0.06784878290399521,6,1,97,2356.2636926986866,veteran,1
U-02777,2023-12-28,895,0.5479399506131166,3,0,70,1110.6401514596034,veteran,1
U-01314,2023-12-28,835,0.3450279868426147,6,0,172,902.8251281151056,veteran,0
U-02988,2023-12-28,757,0.005181749835357574,7,3,32,814.5406819438984,veteran,0
U-00591,2023-12-28,107,0.4967377807180643,4,0,142,351.3814793442502,new,0
U-01107,2023-12-29,1901,0.2880820729356409,7,2,98,1090.2268033431753,veteran,1
U-00066,2023-12-29,1712,0.28131517387388294,8,0,127,355.12658933423984,veteran,1
U-03703,2023-12-29,577,0.6422976865257292,7,2,166,825.2678387800046,established,1
U-03909,2023-12-29,165,0.36217367582934046,7,1,87,1115.950279767384,new,0
U-00344,2023-12-29,767,0.7302137351448739,3,0,46,510.2533954250937,veteran,0
U-02286,2023-12-29,168,0.5046652778471722,1,3,99,846.348628800788,new,0
U-03749,2023-12-29,1998,0.8118468461486851,2,1,45,818.196358768327,veteran,1
U-02067,2023-12-29,483,0.22619589995452882,8,0,90,194.46302139715706,established,0
U-00201,2023-12-30,1501,0.8062314887229814,2,0,114,277.5355065489108,veteran,1
U-03297,2023-12-30,516,0.0792334890069597,2,1,87,823.3762490001722,established,0
U-01568,2023-12-30,649,0.19410169234877772,5,1,50,734.4569228229243,established,0
U-01286,2023-12-30,595,0.7849619132881778,2,1,156,441.77584934662406,established,0
U-01389,2023-12-30,1753,0.9301819287447706,8,0,87,1488.2458680023626,veteran,1
U-01153,2023-12-30,1402,0.2173318021583479,1,3,110,464.3512403538414,veteran,0
U-00842,2023-12-30,223,0.2749316919703817,1,0,48,695.2533332967715,established,0
U-03589,2023-12-30,1137,0.43938223256799425,2,0,130,728.5399385689007,veteran,0
U-03127,2023-12-30,393,0.45884418645907477,6,1,86,554.930723679052,established,0
U-03094,2023-12-30,1950,0.6761505256665161,9,0,109,516.0454297486416,veteran,0
U-02692,2023-12-31,1662,0.8923771039565669,1,4,79,519.3590339096949,veteran,1
U-00839,2023-12-31,1864,0.15600834782750972,1,2,127,1490.1580879679127,veteran,0
U-02113,2023-12-31,1246,0.9520502209667041,6,0,35,768.5508330510468,veteran,1
U-02893,2023-12-31,1367,0.21000483882559895,5,0,165,919.2916623258585,veteran,1
U-02784,2023-12-31,504,0.6553549181151461,3,0,36,654.8822188837725,established,1
U-02163,2024-01-01,254,0.5705380146850741,4,1,92,478.0945042614196,established,0
U-01707,2024-01-01,662,0.8393035720677537,6,1,2,1022.3141915942165,established,1
U-02632,2024-01-01,409,0.8808465308105725,4,2,63,1412.2322195345532,established,0
U-00942,2024-01-01,1679,0.5952156885166495,3,1,104,883.3432606049993,veteran,1
U-03383,2024-01-01,1212,0.06270458740317586,2,2,19,338.38817837832903,veteran,0
U-02100,2024-01-01,437,0.5528619735351967,5,1,20,707.706828204662,established,1
U-01506,2024-01-01,243,0.16849271930540444,2,0,45,1157.865454083684,established,0
U-02112,2024-01-01,938,0.26117208401659076,5,0,72,1026.3685637382173,veteran,1
U-03201,2024-01-01,595,0.343908195464921,5,0,152,797.6283687162218,established,0
U-01353,2024-01-02,960,0.6509439234217875,7,1,40,838.9801052019282,veteran,1
U-02530,2024-01-02,155,0.27406759869572184,2,0,0,685.4987249181136,new,1
U-01950,2024-01-02,818,0.3470309593035903,7,1,27,976.2941351781582,veteran,1
U-02304,2024-01-02,622,0.7225288223332409,7,1,64,704.0874861200283,established,1
U-00641,2024-01-02,94,0.0009261067314049187,1,1,21,643.7951507873969,new,0
U-03329,2024-01-02,503,0.4263532447243572,1,3,141,388.0347551439651,established,0
U-01947,2024-01-02,1863,0.6674289755844626,1,1,52,900.2087682992185,veteran,1
U-00528,2024-01-02,904,0.23436663249506084,9,0,154,823.2562538017354,veteran,1
U-00323,2024-01-02,552,0.05891533933580351,5,0,102,296.3206629771585,established,0
U-01169,2024-01-02,37,0.3318126252577047,8,3,61,1003.1613920435743,new,0
U-02795,2024-01-02,247,0.5555229071058353,8,0,140,1715.2170968416845,established,0
U-03748,2024-01-03,1175,0.2878302964393745,7,3,149,495.50158055146244,veteran,0
U-01529,2024-01-03,172,0.8105606101181794,4,3,121,1431.8858021602489,new,1
U-00668,2024-01-03,1479,0.8748972004725892,2,2,100,205.36397236464435,veteran,1
U-01563,2024-01-03,233,0.1746840049206415,2,3,147,244.5881468931612,established,0
U-00803,2024-01-03,1590,0.46263031948273103,2,1,37,1123.8821292030143,veteran,1
U-00152,2024-01-03,1826,0.43802678127073147,7,0,84,1629.1326769829436,veteran,1
U-03401,2024-01-03,1770,0.2547714326893966,1,1,93,666.3740119727603,veteran,1
U-01102,2024-01-03,507,0.022800247574969457,4,1,105,537.8771315307292,established,1
U-01704,2024-01-03,644,0.536310621924958,3,0,156,741.4249582771273,established,0
U-02382,2024-01-03,1227,0.6585711623461041,2,1,26,476.046586685742,veteran,1
U-03444,2024-01-03,1362,0.048367426199151575,1,1,80,556.7810296567218,veteran,1
U-01005,2024-01-04,1902,0.43958737530133873,2,3,125,272.073503595769,veteran,1
U-01080,2024-01-04,653,0.17446214376057456,1,0,53,898.0435149105302,established,1
U-00529,2024-01-04,1137,0.5507588922031937,6,1,5,316.43592370016955,veteran,1
U-00714,2024-01-04,85,0.5669291870295469,8,1,10,468.66856719332685,new,0
U-00968,2024-01-04,103,0.031155810826670405,4,3,7,1415.6490727918522,new,0
U-02013,2024-01-04,1192,0.6261023118092105,2,0,145,496.7819504966947,veteran,1
U-00732,2024-01-04,1533,0.3432617180803835,8,1,115,1189.1292381080573,veteran,1
U-03657,2024-01-04,1873,0.7764044634518033,5,3,35,1105.1427729480124,veteran,1
U-02960,2024-01-04,588,0.3567924125332549,9,1,160,849.2884476163025,established,1
U-03200,2024-01-04,1372,0.3743008971424723,2,2,114,404.93889947298476,veteran,0
U-01971,2024-01-04,505,0.04680494181547046,7,1,145,629.6025724437727,established,0
U-03844,2024-01-04,374,0.10707057283161614,5,3,22,1043.190025704458,established,0
U-03519,2024-01-04,355,0.01969435359863425,3,2,133,218.57953138275843,established,0
U-02624,2024-01-04,1075,0.01253520967847499,1,2,67,479.67794237488505,veteran,0
U-01989,2024-01-05,1139,0.48326248208841704,4,0,97,171.1314635400187,veteran,0
U-01622,2024-01-05,426,0.6416456789116327,4,3,64,485.41819476283797,established,1
U-03604,2024-01-05,181,0.897321769137301,2,0,101,991.3773197840161,established,0
U-03275,2024-01-05,456,0.7568430430795484,8,0,153,901.4227002956541,established,1
U-00060,2024-01-05,315,0.9668198780822334,1,0,53,836.9753462939573,established,0
U-01261,2024-01-05,192,0.585068756092854,5,0,164,966.6159619553428,established,1
U-03899,2024-01-05,611,0.3050648164613915,5,2,68,758.5081719490602,established,0
U-03800,2024-01-05,875,0.1951200554537248,1,3,129,813.3300065616322,veteran,0
U-00451,2024-01-05,529,0.9736640731733385,2,0,127,912.1989958961173,established,0
U-00585,2024-01-05,1232,0.7690619138400203,5,3,105,273.3781403161288,veteran,1
U-02165,2024-01-05,1328,0.6523801339438646,2,2,77,1234.398451692573,veteran,0
U-02830,2024-01-05,1246,0.4939211061575146,8,1,91,727.7117504018174,veteran,1
U-02623,2024-01-05,1875,0.4279137204899498,6,0,125,561.7803623574924,veteran,1
U-02532,2024-01-05,1013,0.7046385189301544,2,1,127,769.4858178259996,veteran,0
U-01678,2024-01-05,1234,0.7544311942269804,6,2,86,600.0929978348972,veteran,0
U-00526,2024-01-05,67,0.7241917017491767,4,4,108,552.9850179395793,new,0
U-02569,2024-01-06,405,0.8983423062024289,5,1,133,250.5003894761134,established,0
U-03891,2024-01-06,1766,0.9107746396815976,1,2,21,370.64115099471474,veteran,1
U-00023,2024-01-06,594,0.902369920263142,7,3,175,1198.2726946437226,established,0
U-01181,2024-01-06,1542,0.38491244720104345,5,3,31,2347.4002752152824,veteran,1
U-00263,2024-01-06,1520,0.8169480642561467,9,3,144,1750.5690900389989,veteran,1
U-00576,2024-01-06,194,0.821374136327675,1,1,63,1888.2129388932453,established,0
U-03971,2024-01-06,171,0.15002379710981684,9,2,64,1390.697207651523,new,0
U-01066,2024-01-06,1067,0.6235751477026844,9,1,138,552.2593853610955,veteran,0
U-00498,2024-01-06,511,0.8561950631484166,1,0,13,221.56992702037084,established,1
U-00420,2024-01-07,1451,0.30495551374919483,7,1,110,2009.8210679699773,veteran,1
U-02492,2024-01-07,613,0.8491536211995653,5,1,42,79.97823534421906,established,1
U-00437,2024-01-07,1896,0.2362901015169656,4,0,124,1146.3371380042054,veteran,0
U-03642,2024-01-07,852,0.3271566608580422,9,1,89,646.2635987577331,veteran,1
U-03494,2024-01-07,1726,0.8989454603326495,9,0,99,709.0193269772082,veteran,1
U-03002,2024-01-07,1940,0.5986634724576837,7,1,109,710.067277268645,veteran,0
U-03895,2024-01-07,209,0.6558820518629006,3,0,3,1080.1021950922034,established,0
U-00861,2024-01-07,1661,0.8862183133894039,1,1,171,632.5027068369343,veteran,1
U-03942,2024-01-07,1158,0.6878868655934522,7,3,110,1118.627079876125,veteran,0
U-02611,2024-01-07,123,0.256616745938542,5,1,106,788.5068754922427,new,1
U-02499,2024-01-07,960,0.5863847463004997,8,2,122,336.60616356099297,veteran,0
U-03312,2024-01-07,1018,0.4025071258944184,1,2,113,288.2576914409875,veteran,1
U-03641,2024-01-07,1543,0.9149794172782003,8,1,151,898.8013258702248,veteran,0
U-02861,2024-01-08,1138,0.9057570318298428,5,2,134,844.9799098239143,veteran,1
U-02412,2024-01-08,198,0.4340046766508928,9,1,100,626.6438184098045,established,1
U-03113,2024-01-08,1011,0.5313487532694519,4,0,155,593.5613645334665,veteran,1
U-02674,2024-01-08,1138,0.6830522170387242,8,2,146,320.61224780984816,veteran,1
U-01142,2024-01-08,1327,0.3189695925826421,7,1,38,1505.1547319830265,veteran,1
U-02732,2024-01-08,1185,0.8540837654752674,4,0,125,476.9855856949495,veteran,1
U-01272,2024-01-08,505,0.8252307170992254,6,2,36,864.481645568954,established,0
U-01515,2024-01-08,1405,0.9811119356202749,2,3,134,1283.0788392204634,veteran,0
U-01750,2024-01-08,1765,0.036799400400117976,8,2,114,255.66145555863957,veteran,0
U-01976,2024-01-08,1865,0.7556965094242524,1,1,161,321.62369784189406,veteran,0
U-00692,2024-01-08,1981,0.7270157412683711,3,0,61,982.0072265776046,veteran,1
U-00721,2024-01-08,1666,0.5430666949102484,2,3,105,687.3818038209467,veteran,0
U-00490,2024-01-09,400,0.5249220957043151,4,1,53,456.30378121574483,established,0
U-03733,2024-01-09,1140,0.24092548052316387,1,5,81,1628.1440060402235,veteran,1
U-00408,2024-01-09,543,0.8750233187739541,9,2,150,1338.062432212416,established,0
U-02227,2024-01-09,1323,0.31159905487555684,5,3,43,344.891274113121,veteran,1
U-00469,2024-01-09,1504,0.2354751704017547,9,0,11,1393.9445682322844,veteran,1
U-01442,2024-01-09,1847,0.8187018277030144,3,2,2,898.4813372740758,veteran,1
U-02886,2024-01-09,1767,0.4255928538941792,4,4,81,676.2280927985682,veteran,0
U-02571,2024-01-09,1288,0.5324800794552211,1,0,16,470.42709883434975,veteran,1
U-01532,2024-01-09,1025,0.5188142491538,1,1,29,433.86222213170515,veteran,0
U-03438,2024-01-09,1188,0.22374279356973759,1,5,58,338.20965261111775,veteran,1
U-02694,2024-01-09,300,0.4562511447278671,3,0,84,740.2529624278811,established,0
U-02288,2024-01-10,564,0.3345057599406708,5,2,92,947.5391456831346,established,1
U-00763,2024-01-10,497,0.5073239795930695,6,2,154,857.5101112770608,established,1
U-02952,2024-01-10,1619,0.1191926843906379,7,1,137,893.9992221889872,veteran,0
U-00381,2024-01-10,256,0.3201047658865469,7,1,81,975.8203401335946,established,1
U-00347,2024-01-10,329,0.8771753663789165,5,2,169,692.0382373352393,established,1
U-00679,2024-01-10,166,0.8746354118429396,7,1,168,738.6228911565353,new,1
U-02147,2024-01-10,1455,0.3263580127925758,7,1,138,1034.7713619118717,veteran,1
U-02790,2024-01-10,1730,0.37480312081744727,2,1,17,488.8441302031981,veteran,1
U-02630,2024-01-10,986,0.6772546436783458,2,1,158,1637.9391451187912,veteran,0
U-00753,2024-01-10,1748,0.48253745124549463,7,1,140,1853.2139193683777,veteran,0
U-02648,2024-01-10,1114,0.9166398602394554,9,1,11,519.8305633529444,veteran,1
U-02877,2024-01-10,43,0.32824082809932575,5,4,107,631.2273952038091,new,1
U-02168,2024-01-10,1644,0.345697030650858,8,3,64,222.34734246794298,veteran,1
U-02941,2024-01-10,895,0.49407462797567336,7,0,138,680.7655886567359,veteran,0
U-02457,2024-01-10,1306,0.7237997655986432,8,0,71,795.4355995935979,veteran,0
U-01765,2024-01-10,1112,0.4132924989528043,6,2,83,190.15604603247996,veteran,0
U-02781,2024-01-10,302,0.3841443865252431,6,1,88,227.9441668296654,established,0
U-01688,2024-01-11,1524,0.7693299595181523,3,5,6,523.6397368312719,veteran,1
U-03920,2024-01-11,697,0.651619187456582,3,2,128,1009.0921177496092,established,1
U-03171,2024-01-11,1607,0.5453364591254999,8,1,23,835.1343163076579,veteran,1
U-00318,2024-01-11,1708,0.8536341921473594,3,0,172,536.2216266366734,veteran,0
U-00285,2024-01-11,1540,0.15627397711707924,3,2,122,246.82750722559751,veteran,1
U-02096,2024-01-11,1370,0.06507762717751586,5,1,27,173.54970234811208,veteran,0
U-03742,2024-01-11,1690,0.8162417117482725,9,1,70,613.6724769681113,veteran,1
U-03552,2024-01-11,1014,0.2983297651327481,4,0,46,789.0043422968312,veteran,0
U-02232,2024-01-11,328,0.8184989038768744,2,1,128,526.060928414885,established,0
U-03351,2024-01-11,1760,0.1576465649121419,1,0,74,486.3651619674324,veteran,0
U-01446,2024-01-11,1345,0.8266487389902876,3,3,160,515.8809990517809,veteran,1
U-00180,2024-01-11,1316,0.725750234719247,2,2,40,1127.323455312991,veteran,1
U-01909,2024-01-12,1050,0.13368052355173354,5,1,65,1143.719065693887,veteran,0
U-00935,2024-01-12,1199,0.1537352794888419,5,1,52,236.13079248157163,veteran,0
U-02712,2024-01-12,1142,0.31138743667004487,8,2,178,649.5036016825252,veteran,1
U-00080,2024-01-12,1810,0.3694710461812528,6,1,142,960.7521943551822,veteran,1
U-01108,2024-01-12,671,0.5099889295118646,2,2,31,1353.6404671530163,established,1
U-03687,2024-01-12,1228,0.6732200270834178,6,0,158,589.5273923282424,veteran,0
U-01836,2024-01-12,1758,0.8739915892735461,2,1,13,893.3734210896973,veteran,1
U-01873,2024-01-12,663,0.1549689931498922,2,0,155,1291.0350323553964,established,1
U-02827,2024-01-13,137,0.8612420444018316,9,2,16,410.91957035836816,new,1
U-03955,2024-01-13,304,0.6778643643051009,8,4,172,965.0327661783948,established,1
U-01680,2024-01-13,404,0.8675815246159764,1,4,151,1528.8241666177073,established,0
U-03704,2024-01-13,1877,0.4274249472728937,6,0,159,1050.979574564972,veteran,0
U-03309,2024-01-13,655,0.3945700102883103,8,1,28,983.5276777843603,established,1
U-00925,2024-01-14,208,0.34135332219071046,6,2,151,407.03394357343706,established,0
U-02220,2024-01-14,584,0.44465497029139567,7,2,47,401.9529987607058,established,0
U-02396,2024-01-14,1143,0.7931983742071566,3,1,152,1169.840439264826,veteran,1
U-02917,2024-01-14,70,0.6534813561119106,6,2,66,663.2059490732274,new,1
U-00693,2024-01-14,1729,0.8545268680421961,6,2,25,663.5745035960176,veteran,1
U-02619,2024-01-14,170,0.2669717853461734,6,1,4,905.7697134469905,new,1
U-03461,2024-01-14,1874,0.5724309422478921,3,1,0,340.5034409574964,veteran,1
U-02743,2024-01-14,101,0.008461519089330904,1,2,141,286.37131256857543,new,0
U-03960,2024-01-14,762,0.1419121033295362,4,1,21,1076.4930838795656,veteran,1
U-01726,2024-01-15,1061,0.6505134021327537,4,1,146,1020.2560627114126,veteran,0
U-00570,2024-01-15,1392,0.3034428973917942,6,3,80,533.2867701465946,veteran,0
U-02053,2024-01-15,555,0.22524230269961198,7,0,153,989.7255482913492,established,0
U-02907,2024-01-15,99,0.8084494114928407,7,0,94,655.6967311698993,new,1
U-02527,2024-01-15,969,0.026395848782544973,8,0,58,163.65540395700882,veteran,1
U-00964,2024-01-15,1891,0.23565795556903357,6,1,91,671.6075881775326,veteran,0
U-00948,2024-01-15,551,0.6555941353552872,2,4,130,540.6753632341496,established,1
U-01420,2024-01-15,1608,0.3847946349957073,6,1,122,267.9595167462307,veteran,0
U-03185,2024-01-15,1617,0.4027950924443964,9,3,159,505.6125482246428,veteran,1
U-00639,2024-01-15,1840,0.22092786221291238,4,1,148,556.3245492000884,veteran,1
U-00382,2024-01-15,725,0.2250765257745908,9,1,64,473.46074035127657,established,0
U-03440,2024-01-15,356,0.8800559990080575,1,1,114,755.0978965726273,established,0
U-00762,2024-01-15,222,0.9219643342032092,2,1,35,335.9733262627859,established,1
U-01294,2024-01-16,1847,0.7624018397047164,2,1,114,1624.4140635562371,veteran,1
U-03901,2024-01-16,868,0.6236297990434235,1,1,60,208.61438837862661,veteran,0
U-00775,2024-01-16,118,0.07499848929903985,6,1,160,412.4479648365112,new,0
U-01929,2024-01-16,536,0.04593699710672283,4,1,107,676.0847327993752,established,1
U-02027,2024-01-16,1405,0.11679182777331754,3,1,16,1588.1314890985723,veteran,0
U-01268,2024-01-17,1406,0.9169565858617845,5,2,156,718.0646018055971,veteran,1
U-01933,2024-01-17,661,0.2493357291904461,5,2,156,607.7883259187693,established,0
U-02121,2024-01-17,1207,0.36438440589704324,8,3,173,660.8303800930328,veteran,1
U-01783,2024-01-17,1963,0.866058715183836,7,1,175,1008.6649497006863,veteran,1
U-02164,2024-01-17,521,0.8915757763383317,8,2,112,986.5989789257048,established,0
U-03839,2024-01-17,878,0.32720584895253657,9,0,36,1087.575595261758,veteran,1
U-00670,2024-01-17,218,0.15751763588868595,3,2,104,1055.7107224057854,established,0
U-00339,2024-01-17,1019,0.811596744596663,4,2,72,448.0335792957448,veteran,0
U-00292,2024-01-17,1000,0.07492169625946876,9,1,126,1124.5864856997575,veteran,1
U-02386,2024-01-17,988,0.27571918361811065,6,1,137,1004.3515955808367,veteran,0
U-03574,2024-01-17,1069,0.008714697326733689,6,0,53,509.6836107264742,veteran,1
U-01831,2024-01-17,335,0.2983739906651327,3,1,52,788.6141205217368,established,0
U-00447,2024-01-18,404,0.4893591966233879,9,1,60,887.3861737564962,established,0
U-02542,2024-01-18,645,0.9229919866553971,7,3,158,1089.7563945663271,established,0
U-01439,2024-01-18,1126,0.15554579993726791,1,3,177,348.11083666235794,veteran,0
U-03035,2024-01-18,369,0.6259125453653877,4,2,59,618.4484254466892,established,1
U-02388,2024-01-18,455,0.9762442903406693,7,2,14,1762.2609638960246,established,1
U-01082,2024-01-19,30,0.4167010235680072,6,0,158,747.7452260935709,new,0
U-03644,2024-01-19,240,0.6942372021114649,7,0,139,3215.958040489442,established,1
U-02769,2024-01-19,429,0.3919096766663541,5,1,131,497.54888091297937,established,1
U-00194,2024-01-19,1142,0.27979578867131627,8,1,31,1969.5750073147972,veteran,1
U-03487,2024-01-19,1036,0.019549971642973007,6,0,169,541.0649869628387,veteran,0
U-01447,2024-01-19,838,0.35204053004342084,7,1,144,294.9338170028862,veteran,0
U-00514,2024-01-19,1826,0.11426300825346014,6,3,167,426.8212754481303,veteran,0
U-01938,2024-01-19,1985,0.6556065824432153,7,1,85,1824.2717266891214,veteran,1
U-03838,2024-01-19,1552,0.7413613729498658,8,1,10,1477.9774850049832,veteran,1
U-00682,2024-01-19,1404,0.7600717815435403,2,1,127,1371.4070085493902,veteran,0
U-01375,2024-01-19,1352,0.6817893419696484,3,3,148,566.8049406554223,veteran,1
U-01053,2024-01-19,1829,0.12028571515609332,8,2,86,348.25965068217386,veteran,1
U-00683,2024-01-19,166,0.7371517467171977,6,1,5,323.51092758941905,new,0
U-01809,2024-01-19,776,0.7549521320819789,9,2,177,981.1701479354452,veteran,0
U-00273,2024-01-19,649,0.8624783669834785,5,4,158,347.5584560993726,established,1
U-02116,2024-01-20,1692,0.38670536351217377,2,4,154,1326.3388276786843,veteran,0
U-00750,2024-01-20,110,0.1966728262882963,5,0,153,451.5456938082859,new,0
U-02362,2024-01-20,1526,0.5200512786209478,6,1,49,471.7871989393885,veteran,1
U-00998,2024-01-20,1366,0.35318782972096086,4,1,153,689.4788937588345,veteran,1
U-03634,2024-01-20,185,0.11632710028462945,8,0,158,696.5908970934307,established,1
U-03003,2024-01-20,1153,0.5285744299621766,6,1,102,1488.0168811144035,veteran,0
U-01222,2024-01-20,1844,0.09876485771356225,2,0,62,1536.2397043536137,veteran,0
U-00199,2024-01-20,499,0.102362251350405,9,2,132,485.1907605031225,established,0
U-00450,2024-01-20,1722,0.8422422479211608,4,0,98,737.1295499967864,veteran,1
U-02676,2024-01-20,1619,0.43568965404787297,1,2,86,482.2293682988854,veteran,0
U-02730,2024-01-20,1387,0.8061674967560302,1,1,39,1467.9080095811669,veteran,1
U-03752,2024-01-20,437,0.9028182081400776,2,2,172,213.07162406810073,established,1
U-03397,2024-01-20,78,0.31941372590355765,2,2,86,984.0064761957261,new,0
U-01376,2024-01-20,366,0.2556277439690897,2,3,120,939.2132469280094,established,0
U-00648,2024-01-20,607,0.31000243191393273,5,2,121,2384.7407145060124,established,0
U-01699,2024-01-20,771,0.05371536514522579,9,2,111,989.8504360143157,veteran,0
U-03210,2024-01-20,1551,0.51426172968362,6,3,158,1405.2069209742724,veteran,0
U-02142,2024-01-20,1076,0.09587953770108548,1,1,78,657.7448695492204,veteran,1
U-03382,2024-01-20,497,0.9449968278943381,1,1,112,547.7195876157163,established,1
U-03663,2024-01-20,1253,0.9352020913957291,3,5,27,335.2146167622395,veteran,1
U-01242,2024-01-21,1821,0.3059429964305749,2,2,165,660.2838858476795,veteran,1
U-00336,2024-01-21,1521,0.018231072988983632,9,2,21,329.7146947324984,veteran,1
U-02512,2024-01-21,203,0.17937039206270378,4,2,39,690.9366973703491,established,0
U-02813,2024-01-21,1046,0.10582075270452329,5,2,109,901.8384947127053,veteran,0
U-00852,2024-01-21,238,0.805586105695467,5,2,141,769.9206822215756,established,1
U-02669,2024-01-21,752,0.8447677434623754,6,1,130,845.6950156686291,veteran,1
U-01209,2024-01-21,92,0.07318069058095955,6,1,36,366.6699045923849,new,0
U-03213,2024-01-21,312,0.6014356759793872,5,1,30,990.8327130305573,established,1
U-01368,2024-01-21,1340,0.8282250273143216,5,0,109,508.9479377359888,veteran,0
U-00502,2024-01-21,1995,0.6180738382440888,2,1,158,383.71363867155327,veteran,0
U-02836,2024-01-22,1439,0.055915418374627324,6,2,68,843.9052852691128,veteran,0
U-00465,2024-01-22,215,0.15130782147521116,9,3,20,624.8731870112917,established,0
U-03688,2024-01-22,113,0.3740460613425076,5,1,43,1369.7273053746947,new,0
U-02667,2024-01-22,508,0.4769965172634726,6,3,163,173.57983892191746,established,1
U-00608,2024-01-22,1748,0.10638064931096758,7,2,67,761.6647250732931,veteran,0
U-00207,2024-01-23,1875,0.06162399837761201,7,0,166,511.41956022156006,veteran,0
U-00796,2024-01-23,1022,0.18753144657220833,8,3,138,773.8360169952002,veteran,1
U-03943,2024-01-23,315,0.5136710573476506,1,0,42,629.8496173461563,established,0
U-03282,2024-01-23,1435,0.15825018094006094,2,1,13,453.8794022745269,veteran,0
U-00416,2024-01-23,957,0.53471671742271,8,3,116,363.0525587766767,veteran,0
U-02578,2024-01-23,291,0.9689124835222855,2,2,23,453.2239629121237,established,0
U-03948,2024-01-23,1169,0.28696393661233455,6,1,170,201.6753774485102,veteran,0
U-02805,2024-01-23,1061,0.7728257144974784,5,0,140,259.18969258769437,veteran,1
U-02598,2024-01-23,290,0.09334624568067196,5,0,123,748.0060694474463,established,0
U-00063,2024-01-23,1044,0.5861369551739308,4,1,116,1663.6895477235169,veteran,0
U-00860,2024-01-23,146,0.5053976545593862,2,2,168,1040.6315874139868,new,1
U-00354,2024-01-23,982,0.8924814191396805,3,4,30,1348.2445583095132,veteran,0
U-01225,2024-01-23,1000,0.44228236512263874,6,1,17,1183.3398080226043,veteran,1
U-03662,2024-01-23,863,0.6540698690583361,2,2,92,548.8070324932353,veteran,0
U-01566,2024-01-23,464,0.6622688038312864,2,1,140,417.73285357136484,established,0
U-03907,2024-01-24,1438,0.8288788918762848,5,2,75,1699.7956971571898,veteran,1
U-02541,2024-01-24,1920,0.24668185743166193,1,1,60,654.9344859494894,veteran,0
U-03911,2024-01-24,1198,0.1409873403966605,5,1,61,712.9468608987826,veteran,0
U-02839,2024-01-24,1705,0.8957944968462817,9,1,35,997.8662654325628,veteran,1
U-00403,2024-01-24,1875,0.27313321260667356,9,3,96,764.5833947782694,veteran,1
U-03515,2024-01-24,577,0.5124803622670274,5,1,28,439.3080367233644,established,1
U-00958,2024-01-24,1839,0.36090279349128296,8,1,167,478.75386051086025,veteran,1
U-03510,2024-01-24,764,0.6031866930726707,6,1,135,508.6689476725368,veteran,1
U-00045,2024-01-24,57,0.2597982456263064,9,2,80,1659.711150782907,new,0
U-02588,2024-01-24,498,0.8638485618518413,2,2,174,1231.888670486904,established,0
U-02610,2024-01-24,691,0.7152050043221464,8,0,131,781.9909834915253,established,1
U-01954,2024-01-24,1369,0.43022652634600356,2,1,56,872.9191172031374,veteran,1
U-01232,2024-01-24,620,0.40594439748796973,7,4,3,435.13078316601553,established,0
U-02749,2024-01-25,1029,0.6919214756024176,6,1,177,1848.6626767441558,veteran,1
U-00440,2024-01-25,672,0.04086998977167433,9,6,152,274.0559095022552,established,1
U-00946,2024-01-25,758,0.5951809731891021,8,2,136,919.1375511157288,veteran,0
U-02962,2024-01-25,699,0.5763891401654528,5,1,90,3338.992393125429,established,0
U-00011,2024-01-26,1773,0.1723672265642473,7,1,116,416.9398195244554,veteran,1
U-02387,2024-01-26,1408,0.1283781640565157,3,2,173,466.64753792793965,veteran,0
U-03788,2024-01-26,1684,0.540599571466741,4,1,163,286.38424247899775,veteran,1
U-02131,2024-01-26,908,0.6411898302224145,6,3,105,452.64113392327647,veteran,0
U-03684,2024-01-26,1042,0.023804877836338556,9,1,98,190.83557063319853,veteran,0
U-00324,2024-01-26,1943,0.20155169717439214,2,0,115,799.4552680186072,veteran,0
U-02823,2024-01-26,293,0.033402463063374244,4,0,176,1135.570545057902,established,0
U-03354,2024-01-26,1852,0.4889601252779515,3,2,118,1104.4268662602483,veteran,1
U-01796,2024-01-26,1740,0.5193761171913774,9,0,112,472.20340027253906,veteran,1
U-01474,2024-01-26,142,0.6828946559486451,7,1,120,298.21409547797265,new,0
U-01648,2024-01-26,1949,0.4346042841186101,9,2,110,1035.3314736372374,veteran,1
U-02879,2024-01-26,1204,0.10871703968635926,2,1,113,409.8654253249265,veteran,0
U-02269,2024-01-26,1451,0.02807001191395697,1,0,105,803.7104245213417,veteran,1
U-02871,2024-01-26,1137,0.567257815827237,6,1,139,847.1399946302424,veteran,1
U-00593,2024-01-27,1465,0.20272175456268327,7,1,160,862.3036975415911,veteran,1
U-01745,2024-01-27,69,0.06763955450306436,1,1,33,470.5923483538309,new,0
U-03198,2024-01-27,500,0.7047969382849021,5,0,94,639.1997751767268,established,0
U-01249,2024-01-27,1155,0.8218704628987004,4,3,125,716.6347975463842,veteran,1
U-03425,2024-01-27,1984,0.1867259020194323,8,0,84,372.2101979620695,veteran,1
U-02535,2024-01-27,1533,0.1716375126288493,8,2,7,278.2247489282325,veteran,1
U-02626,2024-01-27,1578,0.6418132241792209,9,2,35,846.4986867517727,veteran,1
U-02169,2024-01-27,1529,0.6985471139217118,1,0,147,778.0812518171257,veteran,0
U-01829,2024-01-28,928,0.7918298431946843,4,2,93,775.8152038031238,veteran,1
U-02689,2024-01-28,1020,0.47548833779484523,6,3,55,700.0904497727885,veteran,1
U-01380,2024-01-28,356,0.21911667408463453,8,5,45,463.4231492186121,established,1
U-00893,2024-01-28,126,0.26871514868066315,4,0,65,553.9672165688688,new,0
U-02973,2024-01-28,1362,0.9512198869707755,6,1,115,1181.369562346942,veteran,0
U-00850,2024-01-28,1859,0.2016880132804536,3,4,6,462.31328646968154,veteran,1
U-01197,2024-01-28,1886,0.34450485167754685,4,3,141,753.8063984924675,veteran,0
U-00913,2024-01-28,1224,0.9411736093251855,9,2,21,560.4392701495874,veteran,0
U-02229,2024-01-28,919,0.43374935944317417,4,0,38,649.3803149325506,veteran,0
U-02554,2024-01-28,850,0.1599275918684313,2,1,55,388.3177361324274,veteran,0
U-01392,2024-01-29,1608,0.9783702222224766,2,1,61,398.7812016090746,veteran,1
U-00140,2024-01-29,1460,0.390484989768521,1,3,37,202.44896177938594,veteran,0
U-01456,2024-01-29,344,0.1782460031510935,1,4,167,887.0675090298741,established,0
U-03592,2024-01-29,1101,0.821191808190761,8,2,5,227.6681848647564,veteran,1
U-03360,2024-01-29,151,0.47906436458522794,5,4,51,871.1537346016866,new,0
U-03269,2024-01-29,1190,0.3577956372594787,6,1,49,474.864464184748,veteran,0
U-01827,2024-01-29,1356,0.24817187821689413,4,0,158,363.8657445258949,veteran,0
U-01675,2024-01-29,562,0.9037907080779705,7,2,5,843.6531425653966,established,1
U-01227,2024-01-29,1552,0.004449024808863,1,1,121,1352.6425612041392,veteran,0
U-03784,2024-01-29,982,0.3789296574554981,1,1,116,197.59665828454712,veteran,0
U-01569,2024-01-29,456,0.8792382188999776,7,2,66,1170.6049612961297,established,1
U-00554,2024-01-29,1426,0.2503765989898231,8,4,139,772.564530861256,veteran,0
U-01202,2024-01-29,1677,0.1702303005927437,7,3,92,216.5427865988169,veteran,0
U-03403,2024-01-29,510,0.5153643488293872,2,1,141,1569.526992227804,established,1
U-01706,2024-01-29,840,0.9038621959760219,7,0,85,629.6243090278623,veteran,1
U-03370,2024-01-30,1529,0.29821578937044557,9,1,14,741.0208403895132,veteran,1
U-03411,2024-01-30,331,0.7372645200918427,2,4,89,935.2961080503343,established,0
U-02034,2024-01-30,520,0.9940904697671161,1,1,162,594.6660743204174,established,0
U-03977,2024-01-30,1981,0.9583528131504183,4,1,75,341.710279716369,veteran,1
U-03747,2024-01-30,266,0.644616030123659,3,3,173,500.4544730177789,established,0
U-03218,2024-01-30,526,0.275163549680011,2,0,6,503.41292776385603,established,1
U-00771,2024-01-30,1531,0.3973338842065408,4,4,158,694.7523106890168,veteran,1
U-01245,2024-01-30,479,0.6530635843197385,2,5,56,674.1413478323813,established,1
U-03745,2024-01-30,249,0.5827819022109597,6,2,48,781.9605504382082,established,1
U-03778,2024-01-30,860,0.20155592767134045,1,2,24,334.84918806667747,veteran,1
U-01746,2024-01-31,883,0.18314034584978023,1,1,109,877.1178979133149,veteran,0
U-03148,2024-01-31,585,0.728298865340659,7,0,41,312.0670202342184,established,1
U-02652,2024-01-31,1865,0.6694507935619435,5,0,114,269.734610583251,veteran,1
U-03533,2024-01-31,1039,0.0455424333211194,3,2,139,580.5374712029088,veteran,1
U-02038,2024-01-31,888,0.22010157274543907,8,2,167,759.0164332689936,veteran,0
U-00264,2024-01-31,1211,0.6858673025688188,1,1,41,1237.3447754268889,veteran,1
U-02378,2024-01-31,1163,0.2913901731959504,5,1,177,1306.5438177887336,veteran,0
U-01961,2024-01-31,1238,0.15559555708424522,5,0,134,645.1227185726585,veteran,0
U-01081,2024-01-31,1029,0.5813513075500432,2,0,27,1569.600612977944,veteran,1
U-02802,2024-01-31,1069,0.4930716083141704,6,1,20,889.4310292905209,veteran,1
U-03725,2024-02-01,1361,0.3931766874041964,1,5,115,455.8771153128027,veteran,0
U-01087,2024-02-01,522,0.4163134887318003,9,3,5,561.0862130386694,established,1
U-02375,2024-02-01,1732,0.20447475501396606,6,1,73,918.3030265913411,veteran,0
U-00346,2024-02-01,127,0.7660334066004131,2,1,118,707.8048239347353,new,0
U-00355,2024-02-01,1653,0.6915541471074186,6,1,156,153.37075751780765,veteran,1
U-02259,2024-02-01,1889,0.24532836622405674,6,2,166,770.2604196172056,veteran,1
U-01619,2024-02-01,356,0.06873830197841146,8,1,90,1915.8599310827458,established,1
U-02616,2024-02-01,958,0.4119259266418782,6,2,31,1086.0217156829992,veteran,0
U-02754,2024-02-01,1327,0.4383365962375816,1,0,3,1333.6071450908564,veteran,0
U-02045,2024-02-01,964,0.38825869501245125,9,2,33,292.9430195200008,veteran,0
U-01625,2024-02-02,1396,0.607695509418463,6,4,25,797.3706549226122,veteran,1
U-01421,2024-02-02,1944,0.4894298992584133,7,2,161,967.4207935126733,veteran,1
U-03174,2024-02-02,254,0.35839673430580155,2,1,55,401.05600799454544,established,1
U-03157,2024-02-02,1498,0.9545248613841384,2,2,165,948.5793843160934,veteran,1
U-02955,2024-02-02,1820,0.4772204109543595,7,2,177,697.6298812785681,veteran,0
U-03278,2024-02-02,1024,0.6121586173620351,8,0,26,1277.9688936244386,veteran,1
U-01997,2024-02-02,1959,0.8159310621992495,9,0,138,404.57481774374554,veteran,1
U-03723,2024-02-02,85,0.399222725202494,5,4,86,696.2301939367371,new,0
U-00144,2024-02-02,283,0.474416044892644,9,2,155,353.66443579560803,established,1
U-00510,2024-02-02,619,0.5889872905686162,7,3,90,344.30768923133496,established,0
U-03237,2024-02-02,661,0.6259709800427894,6,1,31,2167.4228371074787,established,1
U-02767,2024-02-02,1126,0.4758300593494579,9,0,16,1353.6095607425877,veteran,1
U-02519,2024-02-03,114,0.30396025868608556,4,0,37,3593.4288260324074,new,0
U-01055,2024-02-03,1807,0.27468553268082985,7,1,141,872.7986349562941,veteran,0
U-00160,2024-02-03,824,0.5237823693698753,6,3,10,494.2890337659018,veteran,1
U-03620,2024-02-03,1875,0.3198855907070157,8,2,57,1272.7120018714627,veteran,1
U-01116,2024-02-03,533,0.6014675351744795,5,0,163,445.0363306378779,established,0
U-01558,2024-02-03,1069,0.6703645038290117,1,1,152,1748.4433162632827,veteran,0
U-00809,2024-02-03,1617,0.5790161097901778,9,1,146,253.88772940986786,veteran,1
U-00690,2024-02-03,33,0.47162381396750275,2,2,9,277.2838129305998,new,0
U-02172,2024-02-03,1861,0.3922052040142008,5,0,95,564.861288578599,veteran,1
U-03206,2024-02-04,1973,0.5437688218921786,9,4,87,274.89513745700106,veteran,0
U-03711,2024-02-04,463,0.7793416509802202,1,0,33,463.92640986041533,established,0
U-03121,2024-02-04,1430,0.006781599401304961,7,1,106,2030.2671022407953,veteran,1
U-02261,2024-02-04,870,0.1384027990162019,1,4,24,883.8430500748855,veteran,0
U-01335,2024-02-04,168,0.7756033922266312,7,5,123,590.9342720490605,new,0
U-01345,2024-02-04,815,0.06941653144936555,9,1,178,736.3311840575842,veteran,1
U-00819,2024-02-04,1865,0.5523847893120535,7,2,124,1021.6665996508599,veteran,0
U-02217,2024-02-04,397,0.6956176949541436,8,2,95,776.3996868789528,established,1
U-01168,2024-02-04,725,0.12415001291067829,5,1,95,714.6587277096538,established,0
U-03648,2024-02-04,1110,0.3171310138371999,2,1,5,361.8884582638426,veteran,1
U-00400,2024-02-04,776,0.798007854884586,3,3,16,614.9942038465045,veteran,1
