entity_id,as_of_date,channel,past_response_rate,prior_response_count,days_since_last_campaign,customer_segment,responded
M-01481,2023-01-01,direct_mail,0.23673459807606817,3,12,standard,0
M-03673,2023-01-01,email,0.4447874666325655,1,106,standard,1
M-01408,2023-01-01,sms,0.08213455814507263,3,33,at_risk,0
M-02441,2023-01-01,email,0.2961169175364375,1,20,standard,1
M-01948,2023-01-01,email,0.5859390023447821,0,100,at_risk,1
M-02315,2023-01-01,email,0.3846773848516447,2,102,new,0
M-01995,2023-01-01,direct_mail,0.006147114984796637,2,31,high_value,0
M-01487,2023-01-01,email,0.4694456261593743,0,17,at_risk,1
M-02258,2023-01-01,direct_mail,0.47215078757290446,1,15,standard,1
M-02788,2023-01-02,email,0.38765384718216456,1,95,standard,0
M-02627,2023-01-02,email,0.06871510011814709,0,119,new,0
M-03233,2023-01-02,push,0.05425051529959616,0,117,new,0
M-01236,2023-01-02,push,0.22362528854413938,3,106,new,1
M-01621,2023-01-02,email,0.55443809141876,0,14,new,0
M-00772,2023-01-02,sms,0.029514787188737825,4,82,new,1
M-00900,2023-01-02,direct_mail,0.3169407799702096,2,88,new,1
M-01912,2023-01-02,email,0.25333762378235053,0,70,standard,1
M-03190,2023-01-02,direct_mail,0.013363308636110186,1,27,standard,0
M-01738,2023-01-02,sms,0.09134056401227746,1,58,at_risk,1
M-01549,2023-01-02,push,0.5812525177616716,2,31,new,1
M-01293,2023-01-02,push,0.08641727041071967,2,6,new,0
M-00464,2023-01-03,sms,0.39461325062525826,1,15,new,0
M-00845,2023-01-03,email,0.21850223990987594,0,74,new,1
M-02400,2023-01-03,push,0.085286863569647,2,87,high_value,0
M-00103,2023-01-03,push,0.33581943752616505,1,27,at_risk,0
M-00574,2023-01-03,sms,0.45674259491724295,0,85,high_value,1
M-02645,2023-01-03,sms,0.29370033172607973,1,100,standard,1
M-00844,2023-01-03,email,0.30545195990414853,0,23,standard,0
M-00380,2023-01-03,email,0.13427171241368896,1,96,new,0
M-03216,2023-01-03,direct_mail,0.052798617974127306,2,12,standard,1
M-01189,2023-01-03,email,0.4156599436005552,1,47,new,0
M-00302,2023-01-04,push,0.08076135377426959,2,52,standard,1
M-01278,2023-01-04,push,0.5763287849548937,0,29,high_value,1
M-00706,2023-01-04,sms,0.5383637747957336,2,88,new,0
M-02201,2023-01-04,email,0.5767534774534626,0,75,new,1
M-03398,2023-01-04,sms,0.3328563795518638,2,104,standard,1
M-01174,2023-01-04,email,0.13962716784951254,2,60,new,0
M-01531,2023-01-04,email,0.3446246756169921,0,88,standard,1
M-03724,2023-01-04,push,0.3983604000269658,3,18,high_value,1
M-01806,2023-01-04,push,0.04074480918597317,0,100,high_value,1
M-02442,2023-01-04,email,0.1505952571686299,2,15,standard,1
M-01681,2023-01-05,email,0.14239116904308216,0,110,new,1
M-00789,2023-01-05,email,0.2343725127185127,2,5,high_value,1
M-03903,2023-01-05,email,0.13687403970599119,3,34,at_risk,1
M-00800,2023-01-05,email,0.4400637149232444,2,58,high_value,1
M-01762,2023-01-05,sms,0.5339423741601305,2,113,standard,0
M-03798,2023-01-05,email,0.113364371563453,2,82,standard,1
M-03821,2023-01-05,push,0.3114752257179596,2,77,standard,1
M-01069,2023-01-05,sms,0.27386856248121916,0,70,high_value,0
M-00838,2023-01-06,push,0.47440978509061443,1,66,at_risk,1
M-03102,2023-01-06,email,0.053280359825654024,2,93,standard,1
M-01120,2023-01-06,push,0.32195460386895286,0,111,high_value,0
M-01037,2023-01-06,sms,0.16285721054591248,0,12,at_risk,0
M-00409,2023-01-06,push,0.10972810800673151,3,94,standard,0
M-02974,2023-01-07,sms,0.2811229406781638,0,10,standard,0
M-00888,2023-01-07,email,0.11345022765462655,4,51,standard,1
M-03135,2023-01-07,email,0.042806188108289824,2,97,standard,1
M-03504,2023-01-07,email,0.21520297244810996,0,26,high_value,1
M-01623,2023-01-07,email,0.14286011562723525,1,19,standard,0
M-01593,2023-01-08,email,0.49219677602963435,2,97,new,1
M-00414,2023-01-08,email,0.181913249490653,1,57,standard,0
M-01651,2023-01-08,push,0.28724712272280173,3,112,standard,1
M-01365,2023-01-08,push,0.4698686149474643,1,107,high_value,1
M-00232,2023-01-08,sms,0.18423098794235368,3,43,high_value,0
M-00477,2023-01-08,sms,0.3151424066735618,0,15,at_risk,0
M-03857,2023-01-08,email,0.15431854593372776,2,13,at_risk,1
M-03897,2023-01-08,sms,0.4847637489660958,0,57,standard,1
M-02089,2023-01-08,sms,0.11484735285645413,1,28,standard,0
M-03787,2023-01-09,sms,0.5328133533302931,2,14,standard,1
M-00368,2023-01-09,push,0.34381089671640375,1,51,high_value,1
M-03803,2023-01-09,push,0.0654295272131455,0,41,new,0
M-01166,2023-01-09,email,0.13448119075025602,2,74,standard,0
M-02170,2023-01-09,push,0.1548793416078528,1,38,at_risk,0
M-03804,2023-01-09,direct_mail,0.21539962530920437,0,21,new,0
M-01528,2023-01-09,sms,0.21366075456692285,2,18,high_value,0
M-00299,2023-01-09,email,0.28925690953217076,0,93,new,0
M-00539,2023-01-09,email,0.09510500113221562,3,51,new,1
M-03946,2023-01-10,push,0.3035420570377035,0,114,new,0
M-00169,2023-01-10,sms,0.28573474114624015,0,25,standard,1
M-02137,2023-01-10,push,0.177550270632701,2,80,standard,1
M-01782,2023-01-10,push,0.203692877699615,2,12,at_risk,1
M-02260,2023-01-10,direct_mail,0.4817024639999942,0,75,standard,1
M-00820,2023-01-10,email,0.58777575278609,0,105,new,1
M-03441,2023-01-10,push,0.35844495808127574,1,71,standard,1
M-00271,2023-01-10,email,0.17269841212193834,0,16,standard,1
M-02711,2023-01-10,sms,0.23140743743584474,1,58,new,0
M-00453,2023-01-10,sms,0.23378672897871794,5,90,standard,1
M-01743,2023-01-10,email,0.11110941769253344,0,54,standard,1
M-03118,2023-01-10,email,0.24638314545829826,1,40,standard,1
M-03308,2023-01-10,email,0.09355167564157496,1,115,standard,0
M-01179,2023-01-10,push,0.20076809354775726,1,56,at_risk,0
M-00428,2023-01-11,direct_mail,0.019830025344645383,0,5,high_value,0
M-03996,2023-01-11,push,0.06461284393398883,2,62,standard,1
M-02468,2023-01-11,sms,0.25775629776453557,3,76,standard,1
M-02409,2023-01-11,sms,0.25591956215116474,2,89,at_risk,1
M-01398,2023-01-11,sms,0.44855646909179114,2,104,standard,1
M-02328,2023-01-11,direct_mail,0.5114387435739747,1,56,at_risk,0
M-02222,2023-01-11,sms,0.3030935084552029,1,103,standard,1
M-03485,2023-01-11,email,0.36128684550439644,1,28,at_risk,1
M-02635,2023-01-11,direct_mail,0.2544394441213805,0,15,at_risk,1
M-01299,2023-01-12,direct_mail,0.4508279716986138,2,59,at_risk,1
M-01492,2023-01-12,push,0.32698861573663035,2,14,at_risk,0
M-00829,2023-01-12,push,0.29243838283568613,0,64,at_risk,1
M-01589,2023-01-12,sms,0.19918095044329873,0,3,standard,1
M-00384,2023-01-13,push,0.4429156500963341,3,115,at_risk,1
M-01943,2023-01-13,email,0.22112013535082292,2,18,standard,0
M-02950,2023-01-13,email,0.3339218149172397,3,83,new,1
M-03681,2023-01-13,sms,0.5413239436335465,0,50,standard,0
M-03457,2023-01-13,direct_mail,0.28173175982849,1,53,new,0
M-02498,2023-01-13,direct_mail,0.3329106405438167,0,109,standard,1
M-02558,2023-01-13,sms,0.41075794614571876,0,74,new,0
M-01535,2023-01-13,push,0.11205672461153944,1,92,standard,0
M-03536,2023-01-13,email,0.40430936587042776,0,15,standard,0
M-01868,2023-01-13,push,0.07816855115561164,3,27,standard,0
M-00137,2023-01-13,push,0.16323145150466498,4,30,standard,1
M-00786,2023-01-13,push,0.19243561530079764,2,22,high_value,0
M-02262,2023-01-13,email,0.43809458382008293,0,117,standard,1
M-00146,2023-01-14,sms,0.09560479500855211,2,106,standard,1
M-02321,2023-01-14,email,0.3918457751923172,1,35,standard,1
M-00843,2023-01-15,push,0.13850913699200088,0,82,standard,1
M-03319,2023-01-15,sms,0.164634709777495,0,100,standard,1
M-01908,2023-01-15,sms,0.2819178506214718,1,119,standard,1
M-00662,2023-01-15,email,0.2238883104353132,0,82,at_risk,0
M-02763,2023-01-15,email,0.16125209338404195,1,73,high_value,1
M-03544,2023-01-15,direct_mail,0.4051961191304988,4,11,standard,0
M-03632,2023-01-15,push,0.4861715477134807,1,26,new,1
M-02865,2023-01-15,email,0.360446553215484,1,105,standard,1
M-00327,2023-01-15,email,0.34189015551057156,1,55,standard,1
M-00969,2023-01-15,push,0.45631083629492003,0,28,at_risk,1
M-01445,2023-01-15,sms,0.18456007264680818,3,83,standard,0
M-01682,2023-01-15,email,0.27777233112064104,3,94,standard,1
M-01265,2023-01-15,email,0.34447563167268763,2,64,standard,1
M-00116,2023-01-15,email,0.4404046478487442,1,29,at_risk,0
M-03754,2023-01-16,email,0.5807312061002435,1,41,standard,0
M-02202,2023-01-16,direct_mail,0.19516379601805595,1,59,standard,0
M-03239,2023-01-16,sms,0.3747389156488868,1,28,standard,0
M-02629,2023-01-16,push,0.24937905573579142,3,43,new,0
M-02037,2023-01-17,email,0.15745982302907727,1,32,at_risk,0
M-01451,2023-01-17,push,0.30679404714419345,3,31,new,1
M-00901,2023-01-17,email,0.21779760335858628,3,20,standard,0
M-00249,2023-01-17,push,0.32559684849803006,1,109,standard,1
M-02727,2023-01-17,email,0.5480493313173603,0,29,new,0
M-02771,2023-01-17,sms,0.21288253465278492,3,101,standard,0
M-02880,2023-01-17,push,0.1596262024549514,2,104,standard,1
M-01018,2023-01-17,email,0.3571529591344734,3,92,standard,1
M-01098,2023-01-17,email,0.2592399565455306,1,5,standard,0
M-01239,2023-01-17,sms,0.0720197041260592,3,119,at_risk,0
M-00869,2023-01-17,sms,0.11443792158328557,0,102,standard,0
M-00561,2023-01-18,push,0.1908807873967115,2,71,standard,0
M-00055,2023-01-18,sms,0.19077978664574907,1,97,standard,1
M-02521,2023-01-18,push,0.21500438179371095,1,35,standard,0
M-00396,2023-01-18,email,0.12927425933665798,2,13,high_value,0
M-00351,2023-01-18,direct_mail,0.2527553252446449,3,118,at_risk,0
M-03879,2023-01-18,email,0.4586004749047173,0,61,standard,1
M-02370,2023-01-18,email,0.6403725004570147,3,39,standard,1
M-01870,2023-01-18,push,0.14303663327419844,1,82,standard,0
M-02338,2023-01-18,sms,0.7396797112388273,1,102,new,1
M-00816,2023-01-18,push,0.38030198104571816,1,26,high_value,0
M-01109,2023-01-18,push,0.08548463593126393,2,28,standard,0
M-00810,2023-01-18,email,0.2645044431898606,2,79,standard,0
M-03851,2023-01-19,push,0.5800747842720089,1,61,at_risk,1
M-01525,2023-01-19,sms,0.39479409831862283,2,79,standard,0
M-03362,2023-01-19,sms,0.1346814437294502,0,114,high_value,1
M-03012,2023-01-19,push,0.42858451392396985,0,83,standard,0
M-02779,2023-01-19,direct_mail,0.26967699610944806,1,37,high_value,1
M-03870,2023-01-19,email,0.6107928408964117,2,107,standard,1
M-01780,2023-01-19,push,0.35479848272960074,3,34,standard,0
M-01805,2023-01-19,sms,0.1260562137348803,1,91,high_value,0
M-01517,2023-01-20,email,0.04594135924425566,1,78,standard,0
M-01462,2023-01-20,email,0.5003193353390223,3,39,standard,1
M-02883,2023-01-20,sms,0.2676446349208155,1,71,standard,0
M-01269,2023-01-20,direct_mail,0.1479300433786724,1,8,high_value,0
M-01285,2023-01-20,push,0.060988598222261436,0,46,standard,1
M-02411,2023-01-20,sms,0.09086485960618507,2,25,new,0
M-00573,2023-01-20,sms,0.3147018495444985,0,109,at_risk,1
M-00583,2023-01-21,email,0.29970003305480203,0,17,standard,0
M-02971,2023-01-21,email,0.09194210690677475,0,75,standard,0
M-01463,2023-01-21,push,0.3689357865525092,4,91,standard,1
M-03463,2023-01-21,push,0.5925353433343444,2,2,standard,1
M-02277,2023-01-21,push,0.5326283845489591,0,25,at_risk,0
M-03337,2023-01-21,email,0.13725097738744998,3,5,standard,0
M-00698,2023-01-21,sms,0.18112436138148047,2,114,standard,0
M-01452,2023-01-21,push,0.5642370024556095,1,89,at_risk,1
M-02504,2023-01-21,email,0.03616487999657692,2,114,new,0
M-00847,2023-01-21,email,0.2803009010771648,2,62,standard,0
M-01641,2023-01-21,email,0.332316147898867,4,31,high_value,1
M-01975,2023-01-21,sms,0.14883937426044813,1,6,new,0
M-01652,2023-01-21,push,0.11718721950182172,3,28,standard,1
M-03616,2023-01-21,push,0.12805634562619828,2,34,high_value,0
M-00897,2023-01-22,push,0.3358111999222186,3,59,standard,1
M-01982,2023-01-22,email,0.13835708814309497,3,72,high_value,1
M-00545,2023-01-22,email,0.02254082233451465,3,25,high_value,0
M-00886,2023-01-22,sms,0.45389777929401903,3,23,standard,1
M-02617,2023-01-22,email,0.24448599021257567,4,39,standard,1
M-02313,2023-01-22,email,0.042807297920397315,1,74,standard,0
M-03799,2023-01-22,push,0.3213263938888262,0,25,standard,1
M-01978,2023-01-23,direct_mail,0.5706100154358968,1,3,at_risk,0
M-00857,2023-01-23,email,0.14586092297132802,0,79,new,0
M-02487,2023-01-23,sms,0.18756953675165633,1,93,high_value,1
M-01020,2023-01-23,direct_mail,0.29424360162069874,4,93,new,1
M-01266,2023-01-23,sms,0.04220501217882686,1,111,standard,1
M-03780,2023-01-23,direct_mail,0.04934876325118024,1,77,high_value,0
M-03356,2023-01-23,push,0.3181813509867019,2,96,standard,0
M-01800,2023-01-23,email,0.15009074211235976,0,51,high_value,0
M-01025,2023-01-23,sms,0.20310383578809116,3,72,standard,1
M-00541,2023-01-23,push,0.38043225580509826,0,70,new,0
M-03451,2023-01-23,email,0.14778064234613006,1,94,new,0
M-02656,2023-01-24,push,0.3036749655879709,3,66,standard,1
M-01135,2023-01-24,push,0.22041040216002633,1,58,standard,0
M-02787,2023-01-24,sms,0.1903061825136388,0,7,standard,0
M-02459,2023-01-24,email,0.22343200049306103,1,29,standard,1
M-03112,2023-01-24,sms,0.4305249248680271,2,117,high_value,0
M-00149,2023-01-24,sms,0.25695016486236677,1,55,standard,0
M-03508,2023-01-24,sms,0.015372481964952446,3,47,standard,0
M-03183,2023-01-24,push,0.12343263445587441,1,68,high_value,0
M-03188,2023-01-24,push,0.13383112617256587,4,80,standard,0
M-01614,2023-01-25,push,0.3037350001890127,3,111,high_value,1
M-03500,2023-01-25,email,0.22369983907143356,0,84,at_risk,1
M-01888,2023-01-25,direct_mail,0.46774841460299427,2,52,high_value,1
M-03918,2023-01-25,sms,0.21406741896170456,1,83,at_risk,0
M-01350,2023-01-25,email,0.1317426906468964,1,73,standard,0
M-02372,2023-01-25,sms,0.5233640004502754,0,23,new,0
M-01410,2023-01-25,sms,0.5235148855029523,1,40,standard,1
M-02524,2023-01-25,sms,0.2900090848344059,0,23,new,1
M-01469,2023-01-25,email,0.10844207930200198,0,13,high_value,0
M-03532,2023-01-25,sms,0.5208003443680052,1,13,high_value,1
M-02981,2023-01-25,email,0.26243848456444735,0,94,high_value,1
M-02001,2023-01-25,sms,0.40487032845202103,2,13,new,0
M-00618,2023-01-25,push,0.2206808907355486,0,51,high_value,0
M-00278,2023-01-26,sms,0.48511327930512677,0,13,standard,1
M-03797,2023-01-26,email,0.3959958649613249,0,105,standard,1
M-00035,2023-01-26,email,0.2082570876853531,1,21,standard,0
M-02887,2023-01-26,direct_mail,0.26802681269974854,2,67,at_risk,1
M-02803,2023-01-26,sms,0.23312733514402306,0,23,standard,0
M-02128,2023-01-26,email,0.46799288204758155,0,42,standard,1
M-00517,2023-01-27,sms,0.07395812247236734,1,3,high_value,0
M-02710,2023-01-27,sms,0.04015243175224375,0,106,new,0
M-02439,2023-01-27,email,0.3287920664150179,1,109,new,1
M-01361,2023-01-27,email,0.2755945352301895,0,45,standard,1
M-01455,2023-01-27,sms,0.5077073977678382,1,39,standard,1
M-01034,2023-01-27,sms,0.3305956731964709,1,78,new,1
M-03916,2023-01-27,sms,0.4505514016807388,1,80,high_value,1
M-02963,2023-01-27,push,0.15636620977292054,0,93,standard,0
M-02330,2023-01-27,sms,0.5580200795609308,1,85,at_risk,1
M-00044,2023-01-28,push,0.2802718203379147,2,22,new,1
M-03069,2023-01-28,email,0.2723472500133265,1,73,standard,0
M-02794,2023-01-28,direct_mail,0.2685862913040981,0,95,standard,1
M-01768,2023-01-28,sms,0.1028693428997993,2,72,high_value,1
M-02311,2023-01-28,email,0.06339196481536637,2,49,high_value,1
M-03560,2023-01-28,sms,0.25621326746119893,0,64,new,0
M-03154,2023-01-28,email,0.27167825948671953,4,63,standard,1
M-02231,2023-01-28,direct_mail,0.4599008294032237,0,63,new,0
M-02704,2023-01-28,email,0.23855531449644435,0,48,standard,0
M-00386,2023-01-28,email,0.30534933295205074,0,39,new,0
M-03651,2023-01-29,email,0.2695715276674051,2,79,standard,1
M-03276,2023-01-29,push,0.2693787471621945,4,49,standard,1
M-03987,2023-01-29,sms,0.14372643529995946,2,16,at_risk,0
M-03410,2023-01-29,email,0.11663624230136924,4,7,high_value,0
M-01021,2023-01-29,email,0.7279274727337194,2,109,high_value,1
M-00898,2023-01-29,direct_mail,0.36224494414215164,1,3,standard,1
M-03334,2023-01-29,email,0.2721835805372247,1,85,high_value,1
M-00658,2023-01-29,email,0.06367895796386408,4,4,standard,1
M-02590,2023-01-29,push,0.40728863818445166,0,52,new,0
M-01952,2023-01-29,sms,0.05473598925461197,2,79,high_value,1
M-03815,2023-01-29,email,0.043496058780545806,2,64,at_risk,0
M-03531,2023-01-29,push,0.4439225345115596,1,99,standard,1
M-01833,2023-01-29,direct_mail,0.24963276640369605,1,16,standard,0
M-03535,2023-01-30,push,0.5157043777142918,0,36,standard,1
M-01910,2023-01-30,sms,0.31082755444579824,0,89,standard,0
M-02024,2023-01-30,sms,0.05499954257322737,1,48,high_value,1
M-01214,2023-01-30,push,0.1762986020473837,1,27,standard,0
M-03613,2023-01-30,sms,0.40282552794820875,2,44,standard,0
M-01252,2023-01-30,email,0.26443438166241723,2,98,new,1
M-00068,2023-01-31,push,0.14429307905995137,1,81,standard,1
M-02668,2023-01-31,email,0.08197263772814178,2,40,standard,0
M-02855,2023-01-31,push,0.2854023625482065,1,82,standard,1
M-01054,2023-01-31,sms,0.5006207047650334,4,52,standard,1
M-03931,2023-01-31,email,0.21461058016865525,2,74,standard,1
M-00216,2023-02-01,email,0.12998187641051404,2,38,standard,1
M-01570,2023-02-01,email,0.08173359473497784,0,58,standard,0
M-02478,2023-02-01,email,0.41440707997734366,1,33,standard,1
M-01026,2023-02-01,direct_mail,0.17742168707035763,0,10,standard,1
M-03579,2023-02-01,sms,0.3659522982549288,1,97,standard,1
M-00126,2023-02-01,email,0.4170536745549864,1,40,standard,1
M-01587,2023-02-01,sms,0.1473731414965748,1,8,standard,0
M-03915,2023-02-01,email,0.28019735517191025,2,89,high_value,0
M-03758,2023-02-02,sms,0.35373514784590204,1,38,standard,0
M-03133,2023-02-02,sms,0.5314093068599576,0,97,standard,1
M-02751,2023-02-02,push,0.28857049284138314,0,49,standard,0
M-01095,2023-02-02,push,0.05597600425839914,0,1,standard,1
M-01850,2023-02-02,sms,0.25517767663050234,1,34,new,1
M-01360,2023-02-02,direct_mail,0.6066298001609597,1,19,standard,0
M-00438,2023-02-02,email,0.36810776559971226,0,101,standard,1
M-00430,2023-02-03,direct_mail,0.3992984099604405,0,116,standard,1
M-01121,2023-02-03,email,0.2466396899430787,1,32,standard,0
M-03886,2023-02-03,direct_mail,0.45137288622878347,1,105,at_risk,1
M-00279,2023-02-03,sms,0.037388310420621684,0,104,new,1
M-01327,2023-02-03,sms,0.2727166141635703,1,10,standard,0
M-00245,2023-02-03,email,0.48934421929067307,0,111,new,1
M-00677,2023-02-03,push,0.27269932909063416,3,73,high_value,0
M-01255,2023-02-03,push,0.5566208702969193,1,104,standard,0
M-02634,2023-02-03,push,0.32367073135191493,1,25,high_value,1
M-03638,2023-02-03,push,0.13686602023857267,2,105,standard,0
M-00006,2023-02-04,sms,0.4008812319407861,1,86,standard,0
M-03542,2023-02-04,email,0.10625430164987677,4,48,high_value,0
M-03619,2023-02-04,sms,0.21013687156652625,3,55,standard,0
M-00880,2023-02-04,push,0.18531866095785812,1,102,standard,0
M-02864,2023-02-04,push,0.1844177212083073,0,67,standard,0
M-03280,2023-02-04,sms,0.4025826053128114,2,77,standard,1
M-03320,2023-02-04,sms,0.06766716696449279,3,7,standard,1
M-02528,2023-02-04,email,0.02479567500490236,2,42,new,0
M-02365,2023-02-04,email,0.17419915244869483,0,95,new,0
M-00752,2023-02-04,email,0.37243554546813606,0,72,new,1
M-02316,2023-02-04,sms,0.25745245553244844,0,26,new,1
M-02853,2023-02-05,email,0.09159116969506478,2,106,new,1
M-01542,2023-02-05,direct_mail,0.23591522033677492,1,25,standard,0
M-01720,2023-02-05,sms,0.755812198771237,3,69,at_risk,1
M-00727,2023-02-05,email,0.05133566785256825,1,55,standard,0
M-01530,2023-02-05,email,0.05688000040341697,2,108,at_risk,0
M-01808,2023-02-05,push,0.1815549304329935,3,38,standard,0
M-01930,2023-02-05,email,0.337353836323143,1,62,standard,1
M-00000,2023-02-05,sms,0.20824653001856433,1,29,new,1
M-03981,2023-02-05,email,0.5379124978304505,0,12,high_value,1
M-03247,2023-02-05,email,0.16968986046433737,0,113,standard,0
M-03534,2023-02-05,push,0.540771632585474,2,9,standard,1
M-00195,2023-02-05,push,0.5975430297910329,3,69,standard,1
M-02911,2023-02-06,push,0.12659903072608822,1,36,standard,0
M-00909,2023-02-06,push,0.19559954318434625,0,39,standard,1
M-00032,2023-02-06,email,0.07377990566733635,2,19,new,1
M-00825,2023-02-06,push,0.4314688799679405,0,25,high_value,1
M-00358,2023-02-06,direct_mail,0.16650136031077942,2,46,standard,1
M-00171,2023-02-06,push,0.2879054378265683,4,8,standard,1
M-03527,2023-02-06,push,0.09912326733633839,1,13,standard,1
M-02032,2023-02-06,sms,0.2634275447984425,2,64,standard,0
M-02081,2023-02-06,sms,0.2800405738981606,2,7,new,0
M-00694,2023-02-06,sms,0.3285257313076708,1,19,new,1
M-00132,2023-02-06,push,0.31182146239156194,0,59,at_risk,0
M-01632,2023-02-06,sms,0.1427963533264907,0,23,high_value,1
M-00009,2023-02-07,email,0.2590492560428457,3,21,standard,0
M-02339,2023-02-07,email,0.4478501561025733,1,56,high_value,1
M-02815,2023-02-07,push,0.38734048871242943,0,73,standard,0
M-02593,2023-02-07,email,0.5172299695983428,1,119,at_risk,1
M-00580,2023-02-07,email,0.43255229555479274,3,31,standard,1
M-01689,2023-02-07,email,0.23929477634621965,0,76,new,0
M-00242,2023-02-07,sms,0.1598899301665868,2,12,standard,0
M-00375,2023-02-07,push,0.43256524539044344,1,27,standard,1
M-00950,2023-02-07,sms,0.22790327069427474,1,96,at_risk,0
M-03413,2023-02-07,sms,0.07778457974051652,0,7,at_risk,0
M-01841,2023-02-08,email,0.12567216643161522,2,7,new,0
M-02452,2023-02-08,email,0.17463163905941742,0,103,standard,1
M-00217,2023-02-08,email,0.5097282352951064,4,64,at_risk,1
M-03418,2023-02-08,push,0.05233894735390443,3,33,standard,0
M-00976,2023-02-08,push,0.1085843377468173,2,56,standard,1
M-02305,2023-02-08,direct_mail,0.13278384234170149,2,81,new,0
M-03671,2023-02-08,email,0.10880762827607744,1,17,standard,0
M-02741,2023-02-08,email,0.16038092280716015,0,42,standard,0
M-00673,2023-02-08,push,0.2007513032720592,0,34,at_risk,0
M-02265,2023-02-08,direct_mail,0.16428678979283332,2,1,standard,0
M-00699,2023-02-08,direct_mail,0.0866338880377556,2,64,standard,0
M-00790,2023-02-08,sms,0.42130844945745566,2,74,standard,0
M-03974,2023-02-08,sms,0.2580822991065159,2,81,at_risk,0
M-00086,2023-02-08,push,0.3713084087408162,2,87,standard,1
M-02956,2023-02-09,email,0.25002190814403163,0,77,standard,0
M-03283,2023-02-09,sms,0.44613405897756003,0,74,standard,1
M-01787,2023-02-09,sms,0.5748492044415168,0,86,standard,0
M-01737,2023-02-09,email,0.19868865863755486,1,45,at_risk,0
M-03342,2023-02-09,push,0.5909308987147817,0,30,standard,0
M-02501,2023-02-09,sms,0.3604308653273743,1,39,standard,1
M-00587,2023-02-09,email,0.30853011055227364,2,72,new,1
M-02471,2023-02-09,sms,0.5472173189803089,0,30,at_risk,1
M-03034,2023-02-09,sms,0.47589569235351364,1,29,standard,0
M-02320,2023-02-09,email,0.09772318268500604,0,92,standard,1
M-00890,2023-02-09,sms,0.520366853660453,2,73,at_risk,1
M-03958,2023-02-09,email,0.20690350615088623,1,63,standard,0
M-01435,2023-02-10,email,0.3159842234014885,0,40,standard,0
M-01288,2023-02-10,push,0.3025375980986328,1,20,standard,0
M-01879,2023-02-10,email,0.21653773075981836,0,112,at_risk,0
M-02681,2023-02-10,email,0.06619100439670796,0,51,standard,0
M-00579,2023-02-10,push,0.12697992781805995,1,74,standard,0
M-01358,2023-02-11,email,0.31989679010542976,0,51,standard,1
M-03806,2023-02-11,email,0.2891461986813991,1,59,high_value,1
M-02474,2023-02-11,email,0.40018529276753484,1,81,new,0
M-02622,2023-02-11,sms,0.4367366523052197,1,13,standard,0
M-00257,2023-02-11,direct_mail,0.3588261792193613,1,19,at_risk,0
M-03871,2023-02-11,email,0.394313386661921,1,110,high_value,1
M-02614,2023-02-11,sms,0.46060272630464016,0,106,at_risk,1
M-01449,2023-02-11,email,0.10997326792476274,0,67,standard,1
M-01165,2023-02-11,email,0.15004485715618757,2,85,standard,1
M-02555,2023-02-11,push,0.08848799223602144,0,91,standard,1
M-03496,2023-02-11,email,0.5494748960160942,2,51,standard,1
M-03782,2023-02-11,push,0.24303506583623835,1,104,new,1
M-02422,2023-02-11,sms,0.17515669625196945,1,111,standard,0
M-02514,2023-02-11,direct_mail,0.08953250121148748,0,72,at_risk,0
M-01729,2023-02-11,push,0.1496338168956073,0,59,standard,1
M-03852,2023-02-11,push,0.3130167329789508,2,112,at_risk,1
M-00170,2023-02-12,push,0.3499528938002134,1,106,high_value,1
M-01226,2023-02-12,email,0.2732427727121851,1,60,standard,1
M-00582,2023-02-12,email,0.27630375255798767,1,12,standard,0
M-02176,2023-02-12,push,0.20290691602123334,2,101,standard,0
M-00515,2023-02-12,sms,0.18305382661385278,2,82,standard,0
M-02503,2023-02-12,push,0.28522550660632956,0,58,standard,1
M-03352,2023-02-12,email,0.1063972488545944,0,24,standard,0
M-01826,2023-02-12,email,0.5513359506408874,1,75,high_value,1
M-02945,2023-02-12,email,0.16234919219463478,2,45,high_value,1
M-00459,2023-02-12,email,0.3317653121571396,0,21,standard,0
M-02264,2023-02-12,push,0.10982237665318578,1,25,high_value,1
M-00817,2023-02-12,sms,0.03392351769310721,4,71,at_risk,0
M-03686,2023-02-12,sms,0.2718294165961068,3,47,standard,1
M-01854,2023-02-12,push,0.10718207884031851,2,84,high_value,0
M-01271,2023-02-13,sms,0.5409321130872642,0,22,standard,1
M-03076,2023-02-13,email,0.32528936838010036,1,41,standard,1
M-00309,2023-02-13,email,0.27016215700040347,0,105,new,1
M-03726,2023-02-13,email,0.28187680729427733,5,40,standard,1
M-03490,2023-02-13,push,0.2882231467260357,1,19,standard,1
M-03149,2023-02-13,email,0.2862281732536713,0,54,high_value,0
M-00321,2023-02-13,push,0.27130127822489036,1,100,at_risk,0
M-00479,2023-02-13,sms,0.19818434827239964,0,87,at_risk,1
M-01815,2023-02-14,email,0.17659177096567674,2,18,standard,1
M-01537,2023-02-14,push,0.08509023599469029,2,5,new,0
M-02910,2023-02-14,email,0.13222162081554603,1,114,standard,1
M-00807,2023-02-14,push,0.2227059817825179,5,96,high_value,1
M-01866,2023-02-14,sms,0.1795316268292681,0,38,standard,0
M-02243,2023-02-14,direct_mail,0.23132182100690504,1,28,standard,0
M-03033,2023-02-14,sms,0.7967371234477475,0,66,at_risk,0
M-01483,2023-02-14,push,0.4537991509394592,2,8,standard,1
M-03590,2023-02-14,email,0.43766116960187007,1,81,standard,1
M-01488,2023-02-14,push,0.13241331842034687,3,69,standard,1
M-03790,2023-02-14,email,0.11084606253470886,0,97,standard,1
M-01465,2023-02-14,direct_mail,0.2741064077823934,3,12,standard,0
M-02722,2023-02-15,sms,0.25824912584746174,3,19,high_value,0
M-01320,2023-02-15,sms,0.37267481853518775,1,67,standard,1
M-01578,2023-02-15,email,0.33082565651094975,2,118,new,1
M-00500,2023-02-15,email,0.16527272514934366,2,10,standard,1
M-02852,2023-02-15,push,0.5638655359195174,1,95,at_risk,1
M-01215,2023-02-15,direct_mail,0.11326527134078569,0,72,standard,0
M-03026,2023-02-15,email,0.08893897194076761,0,93,at_risk,0
M-00119,2023-02-15,email,0.3802453307196963,0,24,new,0
M-00872,2023-02-15,sms,0.31292084474048254,0,98,standard,1
M-02214,2023-02-16,push,0.2745828176394169,1,39,at_risk,0
M-02505,2023-02-16,email,0.1165728343045056,1,113,new,0
M-02680,2023-02-16,sms,0.16406617764524173,3,40,new,0
M-00364,2023-02-16,sms,0.4086047981952608,0,24,new,1
M-00725,2023-02-16,direct_mail,0.5863627422165846,1,20,at_risk,1
M-02213,2023-02-16,email,0.43987994550160875,2,28,high_value,1
M-00537,2023-02-16,email,0.09857516079896828,3,49,new,0
M-01019,2023-02-16,push,0.5154300262618537,2,37,new,1
M-00312,2023-02-17,push,0.18862027941691667,0,72,standard,0
M-01049,2023-02-17,sms,0.2748715025122262,0,21,at_risk,1
M-00496,2023-02-17,push,0.1648588595425525,2,36,standard,0
M-02785,2023-02-17,push,0.5233982121149523,1,22,new,1
M-01342,2023-02-17,push,0.22647685679201102,1,114,at_risk,1
M-02268,2023-02-17,direct_mail,0.31409733832689535,1,58,standard,0
M-03304,2023-02-17,email,0.29715363007779905,1,91,standard,0
M-00945,2023-02-17,push,0.01715243672995383,2,22,standard,0
M-00777,2023-02-17,sms,0.14664217018028275,1,16,new,1
M-00723,2023-02-17,email,0.18933186383172154,4,82,standard,1
M-02363,2023-02-17,email,0.2343335507246169,1,33,new,1
M-03369,2023-02-17,push,0.26404830072682994,2,30,standard,1
M-01945,2023-02-17,sms,0.4203275211766985,1,31,high_value,1
M-00197,2023-02-17,email,0.4229344576652335,1,87,standard,0
M-03160,2023-02-17,direct_mail,0.34068314385126897,1,111,new,1
M-02699,2023-02-17,email,0.3250126726801347,3,106,at_risk,1
M-02509,2023-02-18,sms,0.15316765233016627,2,95,high_value,0
M-03529,2023-02-18,sms,0.14752910395837346,0,3,standard,0
M-01618,2023-02-18,push,0.5351648370365738,1,84,new,1
M-01875,2023-02-18,push,0.07945789905146355,2,39,new,0
M-01156,2023-02-18,email,0.3014738599834808,0,47,high_value,0
M-00862,2023-02-18,email,0.06275481434976594,1,38,new,0
M-00783,2023-02-18,push,0.24068834963443597,2,12,standard,1
M-00417,2023-02-18,sms,0.2529554795004154,0,55,standard,0
M-03650,2023-02-18,email,0.32517908986410043,0,16,standard,1
M-03348,2023-02-18,push,0.08496549585195826,0,80,new,1
M-01237,2023-02-19,push,0.12159975077563392,1,65,at_risk,1
M-00385,2023-02-19,email,0.18164736838228268,0,56,high_value,1
M-00435,2023-02-19,push,0.19323605400053007,1,69,standard,0
M-03498,2023-02-19,push,0.2463963824257993,1,2,new,0
M-00782,2023-02-19,email,0.22005354461984536,0,57,high_value,1
M-00873,2023-02-19,sms,0.26743328539670647,0,99,at_risk,1
M-03972,2023-02-19,sms,0.5173097910432838,1,86,high_value,1
M-01604,2023-02-19,email,0.13482852582381288,1,95,high_value,0
M-02922,2023-02-19,push,0.22420128589997337,0,52,new,0
M-01609,2023-02-20,push,0.26895087254318784,0,60,high_value,1
M-03063,2023-02-20,push,0.3676819933132753,0,78,new,0
M-02818,2023-02-20,push,0.09102700194312108,1,56,at_risk,0
M-01629,2023-02-20,sms,0.28459195407091203,1,107,standard,1
M-03773,2023-02-20,email,0.710738128760125,3,116,standard,1
M-02079,2023-02-20,email,0.1782024913279482,1,89,standard,1
M-01927,2023-02-20,email,0.25193284659331106,0,25,high_value,0
M-00156,2023-02-20,sms,0.2819756102955817,1,65,high_value,0
M-02822,2023-02-20,email,0.19765671934395637,0,62,standard,0
M-03820,2023-02-20,email,0.1315006400128912,1,26,standard,0
M-02829,2023-02-20,direct_mail,0.2868153649148439,1,16,standard,1
M-00220,2023-02-21,email,0.3536633278486492,0,64,new,0
M-02698,2023-02-21,direct_mail,0.26245831866065533,2,93,standard,0
M-02908,2023-02-21,email,0.15191104507981146,0,3,new,1
M-01004,2023-02-21,sms,0.2435550459647796,1,40,standard,1
M-00073,2023-02-21,email,0.2706045883151198,2,90,standard,1
M-03512,2023-02-21,push,0.21250728842777003,1,117,high_value,1
M-02005,2023-02-21,push,0.1779734521562002,1,110,standard,1
M-00017,2023-02-21,push,0.42278769729005133,1,119,standard,1
M-00704,2023-02-21,sms,0.06991164377257506,1,50,standard,0
M-02696,2023-02-21,sms,0.0402490778893544,1,68,at_risk,1
M-03164,2023-02-21,email,0.13142730316743587,1,92,at_risk,0
M-02549,2023-02-21,sms,0.11971474352805113,2,9,at_risk,0
M-00944,2023-02-21,push,0.03672441287538968,3,24,high_value,0
M-01804,2023-02-21,email,0.6069404578920043,1,48,standard,0
M-03347,2023-02-21,email,0.37189418771537475,0,1,standard,1
M-02103,2023-02-21,direct_mail,0.05973515670197355,0,55,standard,0
M-00758,2023-02-21,email,0.37668021049653627,0,92,at_risk,0
M-03944,2023-02-22,sms,0.12974260779756652,2,36,standard,1
M-01775,2023-02-22,push,0.620852207120684,3,47,standard,1
M-01925,2023-02-22,sms,0.6530340237718656,1,63,new,1
M-03101,2023-02-22,direct_mail,0.06705244435617377,0,55,standard,0
M-00442,2023-02-22,push,0.2400491681024439,1,20,high_value,1
M-00433,2023-02-22,sms,0.13093234748941113,3,70,standard,1
M-00669,2023-02-22,push,0.24390260094330238,0,82,at_risk,0
M-03021,2023-02-22,direct_mail,0.13164111102898696,0,92,standard,1
M-01644,2023-02-22,email,0.13490366539620294,1,119,standard,1
M-03286,2023-02-22,push,0.16225108655578888,2,57,standard,1
M-02084,2023-02-22,email,0.08994199982567165,0,116,standard,1
M-02430,2023-02-22,push,0.21035004396584944,1,29,new,0
M-00413,2023-02-22,sms,0.2136583905901419,0,48,standard,0
M-00947,2023-02-23,direct_mail,0.0386633500903585,1,47,new,0
M-00603,2023-02-23,push,0.5938606372233077,0,89,new,1
M-01894,2023-02-23,sms,0.13013303232348913,3,33,new,1
M-02760,2023-02-23,email,0.29905306894469086,1,73,at_risk,0
M-03537,2023-02-23,email,0.3389921038229554,2,55,high_value,1
M-01357,2023-02-23,sms,0.2591856498359095,4,70,at_risk,1
M-03526,2023-02-23,sms,0.30078886754808437,0,114,standard,1
M-02479,2023-02-23,email,0.23210462811914256,0,75,high_value,0
M-02206,2023-02-23,email,0.15204238409340154,2,103,standard,1
M-03268,2023-02-23,push,0.10812611089468571,1,96,standard,1
M-00681,2023-02-24,email,0.4310671655368847,1,49,new,1
M-02726,2023-02-24,email,0.014439087411094462,0,25,standard,0
M-03605,2023-02-24,email,0.5217179334202571,2,106,standard,1
M-03307,2023-02-24,email,0.3274833519324436,2,54,standard,1
M-02377,2023-02-24,email,0.18683375461385002,2,13,standard,0
M-01818,2023-02-24,email,0.2833313738688373,3,115,at_risk,1
M-00822,2023-02-24,email,0.12080299574317441,1,112,high_value,1
M-01341,2023-02-24,email,0.5265805398767786,3,76,new,1
M-00619,2023-02-25,direct_mail,0.5068968230114718,2,10,standard,1
M-01444,2023-02-25,email,0.3065987361084657,2,23,high_value,1
M-01527,2023-02-25,sms,0.2557212341709215,1,84,new,0
M-02735,2023-02-25,sms,0.2631882805314802,0,76,new,0
M-01835,2023-02-25,push,0.1661926161493903,3,38,high_value,1
M-00720,2023-02-25,push,0.23886630540091314,1,113,new,0
M-00117,2023-02-25,direct_mail,0.13819524978243888,4,52,high_value,0
M-03888,2023-02-25,sms,0.27043271823463133,1,100,standard,1
M-02107,2023-02-25,push,0.258851917562462,2,104,at_risk,1
M-02209,2023-02-25,email,0.19900132555012287,3,115,standard,1
M-00768,2023-02-25,sms,0.4669461995109027,1,117,standard,0
M-00099,2023-02-25,email,0.5396547124540493,4,24,standard,1
M-02233,2023-02-25,push,0.3494761854049412,1,81,standard,1
M-00328,2023-02-26,email,0.247179021520738,3,31,new,0
M-01089,2023-02-26,push,0.34164940882835537,1,7,standard,0
M-03513,2023-02-26,email,0.2444769409694838,2,51,standard,0
M-01186,2023-02-26,push,0.15355653450731252,2,103,standard,0
M-03248,2023-02-26,direct_mail,0.2621070303175321,0,42,standard,0
M-03203,2023-02-26,email,0.2842419631348092,0,73,standard,0
M-03992,2023-02-26,email,0.45027884459241035,0,28,new,0
M-03834,2023-02-26,email,0.6846070871962361,0,93,standard,1
M-00305,2023-02-26,sms,0.060227777016006144,1,53,at_risk,1
M-00240,2023-02-26,sms,0.3666747390778982,3,81,high_value,1
M-00461,2023-02-26,email,0.2516193933947072,0,94,new,1
M-01962,2023-02-27,email,0.08928658229878327,2,103,standard,1
M-00255,2023-02-27,push,0.2673730056970982,1,18,new,1
M-02518,2023-02-27,email,0.2305153677928528,1,88,standard,1
M-01062,2023-02-27,email,0.2911260318858003,0,21,new,0
M-00407,2023-02-27,email,0.11374515495642042,0,33,high_value,1
M-03670,2023-02-27,sms,0.18722704350883654,0,92,new,0
M-00527,2023-02-27,email,0.3515977059044123,0,74,high_value,1
M-02301,2023-02-27,sms,0.17036800329509444,1,58,standard,1
M-01611,2023-02-27,push,0.4770538082529993,0,104,standard,1
M-00833,2023-02-27,sms,0.4172286247606239,1,58,standard,1
M-00923,2023-02-28,sms,0.2653096796889775,5,93,at_risk,0
M-03057,2023-02-28,push,0.1898832337954174,0,46,new,1
M-02329,2023-02-28,direct_mail,0.20820996554481264,0,83,standard,1
M-00521,2023-02-28,sms,0.35692745959170696,0,35,new,1
M-01934,2023-02-28,sms,0.26210853596758016,0,102,new,0
M-01574,2023-03-01,sms,0.253179560058904,3,101,high_value,1
M-02890,2023-03-01,email,0.41223225617662823,0,1,standard,1
M-02662,2023-03-01,email,0.45120223306113016,4,5,new,1
M-02888,2023-03-01,email,0.21944689194334735,0,93,standard,1
M-00974,2023-03-01,sms,0.35052578309385746,1,112,standard,0
M-03068,2023-03-01,sms,0.1657667815926979,4,81,at_risk,1
M-01606,2023-03-01,sms,0.2544382886290111,2,77,standard,0
M-00456,2023-03-01,email,0.11662809906980227,1,75,at_risk,0
M-00937,2023-03-01,direct_mail,0.19566529046350273,0,19,at_risk,1
M-00751,2023-03-01,email,0.4334908934707098,1,114,new,0
M-02062,2023-03-01,email,0.26889056533399747,1,76,high_value,1
M-01697,2023-03-01,email,0.19851693871059126,1,56,new,0
M-01676,2023-03-01,sms,0.19022177500194581,4,13,standard,0
M-03829,2023-03-02,email,0.3369100728579122,2,39,at_risk,0
M-01523,2023-03-02,direct_mail,0.10721331900677585,0,117,standard,0
M-02638,2023-03-02,email,0.6224811089405407,1,11,standard,1
M-00356,2023-03-02,email,0.5475617438071155,1,52,standard,1
M-02007,2023-03-02,push,0.2371026404762218,0,26,at_risk,1
M-00272,2023-03-02,email,0.5930215390601925,2,103,high_value,1
M-00181,2023-03-02,push,0.30807839685574206,1,117,new,1
M-03979,2023-03-02,push,0.21313363369199056,0,46,standard,0
M-01103,2023-03-02,sms,0.06939260134996911,1,103,standard,1
M-01480,2023-03-02,email,0.4127975267334736,0,21,new,0
M-01969,2023-03-03,direct_mail,0.1773082490307237,3,116,standard,1
M-01536,2023-03-03,email,0.1779543838135761,2,114,new,1
M-02012,2023-03-03,sms,0.22775990873297702,1,95,standard,1
M-00960,2023-03-03,email,0.48714151548778,5,31,standard,1
M-02307,2023-03-03,email,0.1362507189160158,1,30,standard,0
M-02221,2023-03-03,sms,0.259157096668327,2,89,high_value,1
M-03567,2023-03-03,email,0.25920088618084436,1,118,new,1
M-01228,2023-03-03,sms,0.4549597583539002,1,91,high_value,1
M-00535,2023-03-03,direct_mail,0.010142740231782707,0,29,at_risk,0
M-00389,2023-03-03,sms,0.33001184959157853,0,17,at_risk,0
M-00057,2023-03-03,email,0.47661273328581516,2,64,standard,0
M-03685,2023-03-03,direct_mail,0.4692943070293154,0,29,high_value,0
M-03700,2023-03-03,direct_mail,0.35862434218901906,3,51,standard,1
M-03927,2023-03-03,push,0.06870425525610536,0,1,standard,1
M-02885,2023-03-03,email,0.4218756906138857,1,55,new,1
M-01045,2023-03-03,sms,0.5068537372693329,0,37,at_risk,0
M-03037,2023-03-03,push,0.0472487238571763,1,12,standard,0
M-02248,2023-03-04,email,0.41378495693674094,1,68,high_value,0
M-01405,2023-03-04,push,0.285099793684267,1,16,standard,0
M-00532,2023-03-04,email,0.29433028139675144,1,74,new,1
M-03252,2023-03-04,email,0.13212983264185654,1,84,new,0
M-00846,2023-03-04,email,0.3517355343872916,0,32,standard,0
M-01946,2023-03-04,sms,0.34280410347808044,3,57,standard,0
M-03602,2023-03-04,push,0.28893881839016233,1,77,standard,1
M-00883,2023-03-04,direct_mail,0.20275905361659477,0,115,high_value,1
M-02791,2023-03-04,push,0.7242763489663678,2,21,standard,1
M-01654,2023-03-04,email,0.13456838299321458,0,81,standard,1
M-03706,2023-03-04,push,0.5079351014238557,1,106,at_risk,1
M-03402,2023-03-04,push,0.12181414899314409,2,119,high_value,1
M-03807,2023-03-04,sms,0.02211090229788811,2,106,at_risk,1
M-02426,2023-03-05,email,0.611355700693896,1,82,new,1
M-03350,2023-03-05,email,0.32036529058396157,3,89,standard,1
M-00936,2023-03-05,email,0.33821554578441915,2,29,standard,0
M-00749,2023-03-05,push,0.44385129253486444,0,49,new,1
M-02867,2023-03-05,push,0.3668148058396769,0,64,high_value,1
M-03884,2023-03-06,sms,0.2267935691707656,2,77,new,0
M-01907,2023-03-06,email,0.35221925037895824,2,79,new,1
M-01694,2023-03-06,direct_mail,0.41319619614439596,1,36,standard,0
M-01853,2023-03-06,push,0.4552900684957849,1,65,standard,0
M-00177,2023-03-06,email,0.10096488212591193,0,101,standard,0
M-03364,2023-03-06,email,0.07577157430826721,3,7,standard,0
M-02094,2023-03-06,sms,0.6202782539966126,0,40,at_risk,0
M-02432,2023-03-06,email,0.16140498843957166,0,13,standard,1
M-03326,2023-03-06,sms,0.37384370501847625,1,12,standard,0
M-02932,2023-03-06,email,0.2202337103291233,1,71,high_value,1
M-00286,2023-03-06,email,0.25814662229954777,2,57,new,0
M-02368,2023-03-06,email,0.33512560068799757,0,76,standard,1
M-03321,2023-03-06,push,0.2446265456909894,2,34,standard,0
M-02659,2023-03-06,email,0.020441640372939888,2,84,at_risk,1
M-03162,2023-03-06,sms,0.33170939229023527,3,76,standard,1
M-00082,2023-03-06,sms,0.2291930313814119,0,69,high_value,0
M-01935,2023-03-07,email,0.41653601967474546,0,74,at_risk,0
M-01777,2023-03-07,push,0.27500585982478304,1,4,high_value,1
M-01486,2023-03-07,email,0.1856058121071143,2,91,new,1
M-01555,2023-03-07,email,0.3051235376385552,2,105,high_value,0
M-01075,2023-03-07,email,0.4323047204188884,1,40,high_value,1
M-03270,2023-03-07,sms,0.038433720861190936,0,95,standard,0
M-00349,2023-03-07,sms,0.005733078329736931,3,69,standard,1
M-02719,2023-03-07,email,0.2044756285352785,2,50,standard,1
M-01940,2023-03-07,email,0.27246195326918504,2,59,new,1
M-00040,2023-03-08,sms,0.25362018350160304,3,76,high_value,1
M-00531,2023-03-08,sms,0.6757805322497271,0,111,new,1
M-00466,2023-03-08,email,0.3684974516119727,3,31,standard,1
M-01636,2023-03-08,email,0.12353064492166498,0,105,high_value,0
M-01849,2023-03-08,email,0.4788729104240685,3,30,standard,1
M-00186,2023-03-08,email,0.6407016515794574,2,31,standard,1
M-01077,2023-03-08,push,0.21184985038128978,2,107,at_risk,1
M-02296,2023-03-08,sms,0.04624985879413993,3,35,standard,0
M-01595,2023-03-08,push,0.4826716450748151,0,60,standard,1
M-00167,2023-03-08,direct_mail,0.361835000098504,0,1,standard,0
M-03689,2023-03-08,direct_mail,0.3302806223742499,1,115,standard,1
M-02595,2023-03-08,sms,0.16425813498514458,1,37,standard,1
M-00622,2023-03-08,email,0.28743228154119294,0,26,standard,1
M-03516,2023-03-09,email,0.21013250492589297,3,106,new,1
M-00684,2023-03-09,email,0.160062290195546,3,117,standard,1
M-03561,2023-03-09,push,0.43648845742839304,2,107,standard,1
M-03523,2023-03-09,sms,0.2385041712745012,0,62,high_value,1
M-00702,2023-03-09,email,0.263045274515234,4,6,standard,1
M-02939,2023-03-09,sms,0.13301000448451386,0,13,new,0
M-03558,2023-03-09,push,0.3341934755524544,1,30,standard,0
M-02199,2023-03-09,sms,0.36645039275410773,2,92,high_value,0
M-02327,2023-03-09,email,0.39513276075867887,0,56,new,0
M-03179,2023-03-09,email,0.05739183229994791,2,19,standard,0
M-03048,2023-03-09,push,0.300636611623187,3,94,at_risk,0
M-00703,2023-03-10,push,0.5696249460238825,1,97,standard,1
M-00261,2023-03-10,push,0.08800745960478155,0,88,standard,0
M-01192,2023-03-10,sms,0.43400559391758076,3,77,standard,1
M-02449,2023-03-10,sms,0.06866539687026318,0,66,high_value,1
M-02050,2023-03-10,email,0.3728935971829428,1,97,standard,1
M-02804,2023-03-10,email,0.5103502696833694,3,22,standard,1
M-02102,2023-03-10,push,0.6017031392303573,0,23,standard,0
M-01432,2023-03-10,push,0.28623477148662246,0,90,standard,0
M-02533,2023-03-10,sms,0.11934410372823907,1,61,standard,0
M-02930,2023-03-11,push,0.18808117131422317,2,17,standard,0
M-03096,2023-03-11,email,0.45685835621397203,3,15,standard,1
M-03949,2023-03-11,push,0.08065226515414647,0,70,new,0
M-03288,2023-03-11,email,0.20603285771512703,2,50,standard,1
M-00543,2023-03-11,push,0.133912410257092,1,45,standard,1
M-01615,2023-03-11,direct_mail,0.1542904964019108,1,18,at_risk,1
M-00410,2023-03-11,sms,0.3958714782035534,0,55,at_risk,0
M-03760,2023-03-11,email,0.2045201122386567,1,39,standard,1
M-03256,2023-03-11,email,0.224610254639932,0,24,new,0
M-00907,2023-03-11,email,0.12531999465857194,3,112,new,1
M-01031,2023-03-11,direct_mail,0.656460370922434,1,89,standard,1
M-02247,2023-03-12,direct_mail,0.29125911143847977,0,41,standard,0
M-02477,2023-03-12,sms,0.2591264671184867,2,3,at_risk,0
M-02369,2023-03-12,push,0.22076249137122889,0,117,high_value,0
M-02367,2023-03-12,email,0.21583383033119513,1,108,standard,1
M-03791,2023-03-12,push,0.3623977192063397,3,108,at_risk,1
M-03887,2023-03-12,push,0.26601339198422824,4,107,high_value,1
M-03051,2023-03-12,sms,0.3431345247528067,0,27,at_risk,1
M-01404,2023-03-12,email,0.6433121964147723,2,75,standard,1
M-00660,2023-03-12,email,0.24272045955797059,2,5,standard,1
M-03786,2023-03-12,push,0.12870624295184394,2,73,high_value,0
M-03195,2023-03-12,direct_mail,0.530390526833083,1,45,at_risk,1
M-00760,2023-03-12,sms,0.36554364487275687,1,65,new,1
M-03087,2023-03-12,push,0.10873776180309823,1,19,new,0
M-00258,2023-03-12,push,0.28514408158727717,0,9,standard,0
M-02031,2023-03-12,email,0.2598963068037861,4,73,standard,1
M-00229,2023-03-12,email,0.16034347011566155,1,61,high_value,1
M-02146,2023-03-12,email,0.35151253036250424,1,113,standard,1
M-02380,2023-03-13,email,0.46503376944092256,2,50,standard,1
M-00391,2023-03-13,push,0.11745895599922887,0,23,new,0
M-03823,2023-03-13,push,0.34988907399203406,1,33,standard,1
M-01885,2023-03-13,email,0.6120273290881079,1,55,standard,1
M-01882,2023-03-13,push,0.08129834340198362,1,53,standard,0
M-03878,2023-03-13,email,0.050001448056246824,2,93,new,0
M-01173,2023-03-13,email,0.12457263322431303,1,79,high_value,1
M-01701,2023-03-13,email,0.19074957958120312,0,64,high_value,0
M-00250,2023-03-13,sms,0.0864014064370196,1,104,standard,1
M-02274,2023-03-13,email,0.0876962741618575,1,76,standard,1
M-03667,2023-03-14,direct_mail,0.45022726569432553,2,19,high_value,0
M-02482,2023-03-14,sms,0.14323452203907897,0,117,new,0
M-00348,2023-03-14,email,0.42012931305738005,2,117,new,1
M-00468,2023-03-14,email,0.4151718054271485,2,45,new,1
M-00563,2023-03-14,push,0.284932302792806,2,110,high_value,1
M-01638,2023-03-14,sms,0.33279203587484785,1,102,high_value,1
M-02612,2023-03-14,email,0.3037794467992804,1,118,new,1
M-01105,2023-03-14,push,0.22757872175049712,1,113,new,0
M-03086,2023-03-14,push,0.39814175938180424,2,108,new,1
M-03098,2023-03-15,sms,0.1262591929024317,0,101,high_value,0
M-00911,2023-03-15,email,0.3534949547731193,0,21,standard,1
M-02925,2023-03-15,push,0.24152976441601995,1,46,standard,0
M-01928,2023-03-15,email,0.16958111382952662,1,35,at_risk,0
M-02384,2023-03-15,sms,0.28374948092671026,0,112,high_value,1
M-00022,2023-03-15,push,0.23351264820788276,1,17,standard,0
M-00634,2023-03-15,push,0.03832161316719323,1,116,standard,1
M-03934,2023-03-15,email,0.28693112152606104,2,70,standard,1
M-01662,2023-03-16,direct_mail,0.23853933327049837,3,38,high_value,1
M-03528,2023-03-16,sms,0.46008819277375357,2,78,standard,1
M-01959,2023-03-16,direct_mail,0.13025632589507186,1,4,high_value,0
M-02928,2023-03-16,sms,0.5928979143451236,1,20,standard,1
M-03289,2023-03-16,direct_mail,0.012455311619018587,4,11,standard,0
M-01344,2023-03-16,push,0.1932837798020713,2,65,standard,1
M-03358,2023-03-16,direct_mail,0.42169166467247576,1,67,standard,0
M-01431,2023-03-16,push,0.18458918786818806,1,44,high_value,1
M-02740,2023-03-16,push,0.30059418646739244,1,13,high_value,1
M-01797,2023-03-16,push,0.3078005177914541,1,16,standard,0
M-01890,2023-03-16,direct_mail,0.019748985338690295,4,57,standard,1
M-02070,2023-03-17,push,0.3761966184741876,0,11,at_risk,0
M-00071,2023-03-17,email,0.5421558478184566,2,114,new,1
M-01533,2023-03-17,email,0.15212017082323265,0,63,standard,1
M-00252,2023-03-17,email,0.4485997545572932,0,116,standard,0
M-02809,2023-03-17,email,0.09806649600430303,0,31,at_risk,1
M-02673,2023-03-17,sms,0.41247971088191066,0,58,at_risk,0
M-02737,2023-03-17,push,0.4393692260944977,0,81,standard,1
M-03255,2023-03-17,email,0.2882362597455413,1,116,high_value,1
M-03393,2023-03-17,email,0.03958285217252509,3,8,standard,0
M-01650,2023-03-17,push,0.389302799506459,0,5,standard,1
M-03775,2023-03-17,direct_mail,0.32475196501149395,3,55,standard,0
M-03044,2023-03-17,email,0.48992555676449234,1,11,standard,0
M-02943,2023-03-17,sms,0.2689008356815717,2,81,standard,0
M-01325,2023-03-17,sms,0.49280573171682623,1,64,standard,1
M-03294,2023-03-18,sms,0.2624010886242824,1,51,high_value,0
M-03193,2023-03-18,push,0.4422707547508604,0,53,new,1
M-00522,2023-03-18,direct_mail,0.2704199624821698,2,22,at_risk,1
M-01522,2023-03-18,email,0.318276588391075,0,74,standard,1
M-03912,2023-03-18,sms,0.20081330774492248,1,38,new,0
M-02391,2023-03-18,email,0.16752266023004297,1,57,standard,1
M-01177,2023-03-18,push,0.26166670481158927,2,65,standard,1
M-00887,2023-03-19,direct_mail,0.4307968639756174,2,112,standard,1
M-01114,2023-03-19,push,0.5257219338524263,0,53,standard,0
M-02850,2023-03-19,sms,0.20909689550329968,0,55,standard,0
M-02553,2023-03-19,push,0.11992503793929032,2,17,at_risk,1
M-01112,2023-03-19,push,0.061947183905633856,0,8,at_risk,0
M-02860,2023-03-19,push,0.20703468391441118,3,67,standard,1
M-00542,2023-03-19,sms,0.07165735700428724,2,45,standard,1
M-00051,2023-03-19,email,0.11790537114704759,2,82,new,1
M-02992,2023-03-19,push,0.20361840784282198,0,34,standard,1
M-02219,2023-03-19,email,0.2102396888244914,0,107,new,0
M-00397,2023-03-20,email,0.21071123045421367,0,45,new,1
M-03692,2023-03-20,push,0.09212209469377018,2,53,standard,0
M-02889,2023-03-20,email,0.08284120292082507,1,28,new,1
M-03257,2023-03-20,push,0.09103801341090052,0,2,standard,0
M-03152,2023-03-20,push,0.4259550126770958,2,7,standard,0
M-03908,2023-03-20,email,0.22377347786779936,0,53,standard,0
M-03181,2023-03-20,direct_mail,0.3040627767331159,0,71,high_value,0
M-00992,2023-03-20,sms,0.35798617193464516,1,23,at_risk,0
M-01769,2023-03-20,email,0.10571613442356635,0,67,standard,1
M-02465,2023-03-20,push,0.1486767402151663,0,98,at_risk,1
M-03836,2023-03-20,email,0.4035351833858928,1,118,at_risk,1
M-01703,2023-03-21,sms,0.1042627470008694,1,48,new,0
M-01786,2023-03-21,direct_mail,0.299827875819074,2,84,high_value,1
M-00425,2023-03-21,push,0.2941492475290517,1,27,new,0
M-00101,2023-03-21,sms,0.2230991296974255,0,88,high_value,1
M-02744,2023-03-21,push,0.03018544170964416,0,103,standard,1
M-02510,2023-03-21,email,0.09351726675809609,2,28,new,0
M-03039,2023-03-21,push,0.15442452516646943,0,27,standard,1
M-03964,2023-03-21,email,0.402884021922469,2,20,new,0
M-02093,2023-03-21,email,0.3354570019142997,1,77,standard,1
M-03023,2023-03-21,email,0.18759574857518077,2,31,standard,0
M-02812,2023-03-21,sms,0.21698680184121738,1,104,standard,1
M-02814,2023-03-21,push,0.2877519377213056,1,36,standard,0
M-00837,2023-03-21,push,0.10746483391644833,0,57,high_value,1
M-00008,2023-03-22,push,0.27186842710991954,1,43,at_risk,0
M-01084,2023-03-22,email,0.17749473882379596,2,93,at_risk,1
M-02348,2023-03-22,sms,0.03241078688842808,1,21,at_risk,0
M-00871,2023-03-22,push,0.17134026851709863,0,80,high_value,1
M-02899,2023-03-22,direct_mail,0.2288124136983976,1,103,standard,1
M-00663,2023-03-22,email,0.19255036146708912,3,49,standard,1
M-03503,2023-03-22,email,0.30581925149027994,0,81,at_risk,0
M-03893,2023-03-22,sms,0.23983785249195347,2,68,standard,0
M-01795,2023-03-22,email,0.46797936685216407,1,60,at_risk,0
M-00223,2023-03-22,push,0.1824909487244048,1,47,standard,0
M-03287,2023-03-22,direct_mail,0.4779369805947666,3,45,standard,1
M-00652,2023-03-22,sms,0.002364694181062512,3,24,standard,0
M-01363,2023-03-22,email,0.12880556238691185,1,12,standard,1
M-02642,2023-03-23,email,0.16945794738837508,1,5,standard,1
M-01739,2023-03-23,sms,0.24958934029782737,1,51,standard,1
M-00338,2023-03-23,direct_mail,0.3477204159854178,1,21,new,0
M-03735,2023-03-23,direct_mail,0.06678304490121993,3,18,standard,0
M-02772,2023-03-23,direct_mail,0.500110462214668,1,61,high_value,0
M-02115,2023-03-23,push,0.07333794075794424,1,4,high_value,1
M-03831,2023-03-23,email,0.2047548938474579,0,53,standard,0
M-02764,2023-03-23,push,0.26173863743905396,2,14,standard,0
M-02473,2023-03-24,push,0.18422247446113596,1,59,standard,1
M-02495,2023-03-24,push,0.5324007443290198,2,69,standard,1
M-01871,2023-03-24,push,0.3068809216519683,1,19,high_value,1
M-03582,2023-03-24,direct_mail,0.7078935401859907,1,113,standard,1
M-01473,2023-03-24,push,0.5502666014077278,2,27,new,1
M-02869,2023-03-24,email,0.15432117466279938,2,111,at_risk,1
M-03078,2023-03-24,email,0.315779894128176,0,14,new,1
M-03432,2023-03-24,push,0.045909354569965005,1,79,standard,0
M-01071,2023-03-25,email,0.07953265942167814,0,97,standard,0
M-03241,2023-03-25,sms,0.4754534074776117,0,26,standard,0
M-03240,2023-03-25,push,0.325443082704595,1,106,high_value,1
M-02522,2023-03-25,email,0.2759463400240719,1,19,standard,0
M-02359,2023-03-25,sms,0.24899997568161,0,49,new,1
M-00734,2023-03-25,email,0.19558002054250967,1,75,standard,1
M-01939,2023-03-25,email,0.24502180028842738,0,39,high_value,0
M-02276,2023-03-25,sms,0.20487042070067368,2,33,new,1
M-02443,2023-03-26,push,0.23479012704125765,1,89,standard,1
M-01744,2023-03-26,email,0.328525508770631,2,45,standard,1
M-01709,2023-03-26,sms,0.4282850293805042,2,100,new,1
M-03525,2023-03-26,push,0.37902859856746285,3,82,standard,0
M-01988,2023-03-26,push,0.21119496354774225,3,13,standard,1
M-03327,2023-03-26,email,0.33728220537687015,0,13,at_risk,0
M-01987,2023-03-26,push,0.09603869592885188,2,45,new,0
M-03296,2023-03-26,push,0.08296736783468739,1,81,at_risk,1
M-03231,2023-03-27,sms,0.1932168564301357,0,89,standard,1
M-00141,2023-03-27,email,0.17542110345246428,3,68,standard,0
M-02664,2023-03-27,push,0.2564763319297739,1,116,standard,0
M-02601,2023-03-27,email,0.3841709669979364,0,30,standard,1
M-02469,2023-03-27,email,0.3210360052640282,2,109,standard,0
M-02733,2023-03-27,sms,0.3428501551726141,1,63,new,0
M-01394,2023-03-28,direct_mail,0.2557375881332267,0,5,standard,0
M-03959,2023-03-28,sms,0.38152709100309473,1,37,standard,0
M-01581,2023-03-28,push,0.27248094073127177,1,111,at_risk,0
M-03178,2023-03-28,direct_mail,0.07248996573454208,0,61,high_value,0
M-02552,2023-03-28,email,0.4473115583925964,0,88,at_risk,0
M-02838,2023-03-28,push,0.09173105949618608,1,97,at_risk,0
M-03585,2023-03-28,push,0.07010329310538069,3,79,at_risk,1
M-02461,2023-03-28,sms,0.44580485574177725,1,16,standard,0
M-03475,2023-03-28,email,0.06616833720726233,0,51,new,1
M-03682,2023-03-28,email,0.3890608419666344,1,42,new,0
M-03669,2023-03-28,push,0.2017841989331566,4,6,standard,1
M-03017,2023-03-28,email,0.36016543116849414,0,10,new,1
M-01354,2023-03-29,email,0.05265612187621157,0,63,standard,1
M-00963,2023-03-29,email,0.4053965206779765,2,62,standard,1
M-00902,2023-03-29,email,0.10095000882532025,2,91,new,0
M-03951,2023-03-29,sms,0.3383713187449852,0,95,standard,1
M-02873,2023-03-29,email,0.45279648197288624,1,107,standard,1
M-02193,2023-03-29,sms,0.3607437439164363,1,81,standard,0
M-02357,2023-03-29,sms,0.3269168841883707,1,92,at_risk,0
M-02298,2023-03-30,direct_mail,0.13688772704137953,0,14,at_risk,0
M-02393,2023-03-30,sms,0.36729581641020986,1,105,standard,0
M-01838,2023-03-30,push,0.4723407251495017,3,10,high_value,1
M-01256,2023-03-30,email,0.18940209694777377,0,60,standard,1
M-02702,2023-03-30,sms,0.15877728459266946,0,47,high_value,0
M-03443,2023-03-30,sms,0.16571411740914863,0,21,standard,1
M-03412,2023-03-30,push,0.3276893049298679,1,72,new,0
M-03621,2023-03-30,push,0.36461723626359255,0,73,high_value,1
M-03868,2023-03-30,sms,0.27843574164584123,2,107,standard,1
M-03740,2023-03-31,email,0.31912833322557976,0,52,standard,1
M-03849,2023-03-31,direct_mail,0.26794815322115045,1,44,standard,1
M-03470,2023-03-31,push,0.07576719656286177,0,80,standard,0
M-02240,2023-03-31,sms,0.5648730302070669,1,39,standard,1
M-00362,2023-03-31,sms,0.17535362861683473,1,18,at_risk,0
M-03028,2023-03-31,email,0.27743023803662825,1,90,high_value,0
M-02746,2023-03-31,push,0.3152905984217941,2,98,at_risk,0
M-03881,2023-03-31,push,0.3133837649211773,2,10,standard,0
M-03180,2023-03-31,email,0.08225760621439786,4,49,standard,1
M-03713,2023-03-31,sms,0.40674257201683356,1,75,at_risk,1
M-03313,2023-03-31,push,0.33749507750198804,1,44,standard,0
M-03196,2023-04-01,email,0.19443922476016445,0,47,standard,0
M-02913,2023-04-01,sms,0.509706846642888,2,102,standard,1
M-00077,2023-04-01,email,0.2685207561832771,0,61,standard,0
M-00975,2023-04-01,email,0.34952932502704115,2,44,high_value,0
M-02314,2023-04-01,email,0.2880206384982206,1,16,standard,1
M-03151,2023-04-01,email,0.4668036783261629,3,116,standard,1
M-00031,2023-04-01,push,0.02526262773442802,2,37,at_risk,0
M-02935,2023-04-02,email,0.48259847592809957,1,39,standard,0
M-00411,2023-04-02,sms,0.4881638927590539,1,85,new,1
M-00566,2023-04-02,email,0.10979166606373109,1,70,standard,1
M-02967,2023-04-02,direct_mail,0.21433100913971134,0,50,standard,0
M-03335,2023-04-02,sms,0.029549358756424445,0,65,at_risk,1
M-01502,2023-04-02,email,0.3164331237740721,1,85,standard,1
M-03781,2023-04-02,email,0.20188297739062191,1,105,high_value,1
M-01511,2023-04-02,sms,0.06513646356936362,0,111,standard,1
M-03810,2023-04-02,email,0.07315745132630615,2,26,standard,0
M-03483,2023-04-03,email,0.19672231005065913,0,107,standard,0
M-01655,2023-04-03,email,0.2874989265822697,0,5,new,0
M-03701,2023-04-03,push,0.25984692233883055,1,100,standard,1
M-01478,2023-04-03,email,0.2966880727326032,0,77,high_value,0
M-00325,2023-04-03,sms,0.3209489402315388,0,115,at_risk,1
M-03088,2023-04-03,email,0.36755581628800515,1,30,at_risk,0
M-01544,2023-04-03,email,0.2668966333866512,3,99,new,0
M-00485,2023-04-04,push,0.2335703065565748,1,7,standard,1
M-00625,2023-04-04,email,0.3162368304459976,0,26,standard,0
M-03910,2023-04-04,push,0.14507229173547112,1,36,high_value,1
M-02174,2023-04-04,push,0.6158013004729439,0,20,high_value,0
M-02208,2023-04-04,direct_mail,0.29944775615019786,1,17,standard,0
M-01111,2023-04-04,direct_mail,0.49063404911630176,1,101,at_risk,0
M-01816,2023-04-04,sms,0.28079620266981126,1,63,standard,1
M-01290,2023-04-04,sms,0.2568917239942675,1,6,standard,0
M-01287,2023-04-04,email,0.2591876771595089,0,105,standard,0
M-00147,2023-04-04,sms,0.3509244170593337,2,10,standard,0
M-01876,2023-04-04,direct_mail,0.2574158497674445,0,112,new,1
M-03434,2023-04-05,push,0.20529068881273702,2,3,standard,1
M-01385,2023-04-05,email,0.22149550301897494,5,101,high_value,1
M-03254,2023-04-05,email,0.3786986498155823,1,94,high_value,1
M-00636,2023-04-05,email,0.6261722076878848,1,39,high_value,1
M-03109,2023-04-05,sms,0.2959821763952768,1,1,high_value,0
M-03627,2023-04-05,push,0.07176665157238718,1,22,new,1
M-00326,2023-04-05,push,0.4592760301666039,0,5,new,0
M-00565,2023-04-05,sms,0.1423277884463773,1,86,new,0
M-00509,2023-04-05,direct_mail,0.19417269738993592,1,14,standard,0
M-02292,2023-04-05,sms,0.13575990281982317,1,62,standard,0
M-02881,2023-04-05,sms,0.2079484828459772,0,87,standard,1
M-03209,2023-04-05,sms,0.31644053194818617,1,58,standard,1
M-01608,2023-04-05,sms,0.2731054760265914,2,94,high_value,1
M-00718,2023-04-05,direct_mail,0.4314010414033807,0,4,new,0
M-01307,2023-04-06,direct_mail,0.27546604421633114,0,107,standard,1
M-00188,2023-04-06,push,0.10843276006505778,3,56,standard,1
M-02640,2023-04-06,email,0.4196094850893771,1,110,standard,1
M-01046,2023-04-06,email,0.13862175174876046,1,69,standard,0
M-01264,2023-04-06,sms,0.5839653477383812,1,60,standard,0
M-00853,2023-04-06,push,0.37194164574432104,0,41,standard,0
M-03371,2023-04-06,push,0.09648506153157645,4,4,new,0
M-00592,2023-04-06,push,0.3774448592466894,0,110,at_risk,1
M-00096,2023-04-06,push,0.41731607717056934,0,117,at_risk,0
M-03292,2023-04-06,direct_mail,0.5182782461136006,1,86,standard,0
M-02966,2023-04-07,push,0.4537160195472624,1,61,standard,1
M-02666,2023-04-07,email,0.310240733822952,0,49,at_risk,1
M-01505,2023-04-07,email,0.15210382015910826,3,70,standard,1
M-00831,2023-04-07,email,0.32637542003644365,1,117,new,1
M-01401,2023-04-07,sms,0.28672276569192506,0,60,standard,1
M-02181,2023-04-07,email,0.21630212316807823,2,111,high_value,1
M-03093,2023-04-07,email,0.4269815638238557,0,42,standard,0
M-03072,2023-04-07,sms,0.02936412056624481,2,13,standard,0
M-01541,2023-04-07,email,0.10225892536044241,3,98,standard,1
M-03967,2023-04-07,email,0.3236816050763823,2,41,at_risk,1
M-03083,2023-04-07,email,0.3028238158046009,0,13,at_risk,0
M-03744,2023-04-07,email,0.34642454466612,0,23,standard,0
M-01250,2023-04-07,push,0.42749293066316085,0,35,standard,1
M-00383,2023-04-07,email,0.13485627273762407,0,105,standard,0
M-01708,2023-04-08,push,0.480349732201346,1,62,high_value,1
M-01123,2023-04-08,direct_mail,0.14771486487750635,1,90,new,0
M-03274,2023-04-08,push,0.13393643374191588,0,34,standard,1
M-00856,2023-04-08,email,0.15278096112526032,1,69,high_value,1
M-01905,2023-04-08,sms,0.2662322691596202,2,82,new,1
M-02486,2023-04-08,email,0.23336874105453048,0,53,at_risk,0
M-01106,2023-04-08,email,0.3477793999148419,1,95,at_risk,1
M-02686,2023-04-08,email,0.030134956106279382,0,72,standard,0
M-00314,2023-04-08,email,0.3438347524397487,0,42,at_risk,0
M-02161,2023-04-08,push,0.5646763783460078,0,69,standard,0
M-02252,2023-04-08,email,0.2799278320471875,0,95,high_value,1
M-01810,2023-04-08,push,0.49010497221182003,2,76,at_risk,0
M-01785,2023-04-08,sms,0.32413021823809096,3,8,high_value,1
M-03277,2023-04-09,direct_mail,0.33942795925178554,0,49,standard,1
M-03385,2023-04-09,email,0.3211148625805697,2,5,at_risk,0
M-01012,2023-04-09,direct_mail,0.5197954546649473,1,100,new,0
M-00118,2023-04-09,email,0.0881247379306332,2,103,high_value,0
M-03569,2023-04-09,email,0.2065154689068261,1,71,new,0
M-03877,2023-04-09,push,0.23400054675064377,2,85,new,0
M-00988,2023-04-09,sms,0.13430879919236233,0,92,standard,0
M-02099,2023-04-09,direct_mail,0.49455551238480117,3,87,standard,0
M-01453,2023-04-09,direct_mail,0.10292004037843985,0,49,standard,0
M-01514,2023-04-09,email,0.2720679343455522,1,107,standard,1
M-00830,2023-04-09,push,0.2262637815821439,3,103,high_value,0
M-03481,2023-04-09,push,0.37693808051967975,0,84,standard,0
M-02750,2023-04-09,email,0.30577228451814675,2,18,high_value,0
M-01891,2023-04-09,sms,0.3208475983330259,0,10,at_risk,1
M-03332,2023-04-10,email,0.6722334738574715,1,60,high_value,1
M-03060,2023-04-10,email,0.41519992275460976,0,66,standard,1
M-03862,2023-04-10,email,0.38251645798115697,2,17,new,1
M-00507,2023-04-10,email,0.262808837457445,0,53,new,1
M-00616,2023-04-10,email,0.30755109032147165,0,78,at_risk,0
M-02236,2023-04-10,email,0.06476206909600196,1,30,standard,0
M-00924,2023-04-10,sms,0.15817883795930784,1,63,high_value,1
M-03702,2023-04-10,email,0.5230816569326512,1,64,standard,1
M-01562,2023-04-10,email,0.08348835152247425,0,57,standard,0
M-03430,2023-04-10,email,0.47053499066700566,1,17,new,1
M-01903,2023-04-10,direct_mail,0.2840404019842641,1,3,high_value,0
M-03594,2023-04-10,email,0.4441620179667005,1,23,standard,1
M-00567,2023-04-10,email,0.08269632706029591,0,93,standard,0
M-01817,2023-04-11,push,0.3545059054504649,2,91,standard,1
M-01412,2023-04-11,sms,0.24330443310495023,0,114,standard,0
M-02398,2023-04-11,email,0.48600161578258744,1,34,new,1
M-00482,2023-04-11,direct_mail,0.13492744429620201,3,11,standard,0
M-03717,2023-04-11,push,0.22354266450862012,3,3,high_value,1
M-01851,2023-04-12,email,0.21724725518404983,0,64,new,0
M-00695,2023-04-12,sms,0.6285092183670085,3,33,standard,1
M-01561,2023-04-12,direct_mail,0.5155834880724531,1,116,new,1
M-01306,2023-04-12,direct_mail,0.28751283341245654,2,56,standard,1
M-01941,2023-04-12,push,0.09556836430846179,1,105,standard,1
M-03305,2023-04-12,email,0.4644714614178635,2,71,high_value,1
M-03221,2023-04-12,email,0.12757311985226355,0,105,standard,1
M-01659,2023-04-12,email,0.12033320183677504,0,83,standard,0
M-03390,2023-04-12,email,0.3183827958876346,1,32,at_risk,1
M-00918,2023-04-12,sms,0.4200596734436081,2,89,standard,1
M-02607,2023-04-13,direct_mail,0.12491302177914161,0,66,standard,0
M-03318,2023-04-13,email,0.09063274674617017,1,111,at_risk,1
M-00932,2023-04-13,email,0.35463454005870654,0,92,at_risk,0
M-02125,2023-04-13,email,0.1670737335215334,1,80,standard,1
M-00345,2023-04-13,sms,0.047424647896266166,1,103,new,0
M-01424,2023-04-13,push,0.5076079567341106,3,19,at_risk,1
M-02345,2023-04-13,direct_mail,0.2301436943700387,1,15,at_risk,0
M-03792,2023-04-13,direct_mail,0.32540464914336314,0,21,high_value,1
M-02187,2023-04-14,email,0.1000063911675057,1,65,high_value,1
M-02420,2023-04-14,sms,0.8749381444376918,0,79,standard,1
M-01803,2023-04-14,email,0.4704611224295312,1,98,at_risk,1
M-03973,2023-04-14,push,0.08353558819626596,0,12,at_risk,0
M-01178,2023-04-14,sms,0.050776291988124875,1,65,standard,0
M-03467,2023-04-14,push,0.359855752682553,1,60,at_risk,1
M-02078,2023-04-14,email,0.33068380151099297,2,41,standard,0
M-03565,2023-04-15,push,0.18095809095031562,1,106,new,0
M-00210,2023-04-15,sms,0.5333690448925831,1,102,standard,1
M-02417,2023-04-15,sms,0.05555129019141353,1,81,at_risk,0
M-02894,2023-04-15,push,0.14266830273626074,2,103,standard,1
M-00379,2023-04-15,sms,0.0193950899410976,1,46,standard,0
M-01501,2023-04-15,sms,0.3024413853659942,2,84,high_value,1
M-01620,2023-04-16,direct_mail,0.6413951273827284,1,41,new,0
M-03215,2023-04-16,push,0.5218890757554808,0,101,standard,1
M-01296,2023-04-16,email,0.1621130358189089,2,70,standard,0
M-03514,2023-04-16,direct_mail,0.1979137971510688,1,85,at_risk,0
M-01458,2023-04-16,direct_mail,0.199522137750531,1,56,high_value,0
M-02491,2023-04-16,email,0.2812149843249542,1,11,high_value,0
M-00208,2023-04-16,direct_mail,0.14725094323760277,0,59,new,0
M-01881,2023-04-16,sms,0.5001587831696954,0,68,standard,1
M-03719,2023-04-16,sms,0.0968807961372684,0,106,standard,1
M-03199,2023-04-16,sms,0.09422592026980776,0,113,at_risk,0
M-01428,2023-04-17,sms,0.23329892706765273,1,49,high_value,1
M-00291,2023-04-17,push,0.3074523932630419,1,116,standard,0
M-00617,2023-04-17,sms,0.21308932410131473,0,84,standard,1
M-00205,2023-04-17,email,0.11426197104030494,1,19,high_value,1
M-01260,2023-04-17,email,0.10937685135703658,2,65,standard,1
M-03301,2023-04-17,email,0.2997030749464775,1,2,standard,0
M-02300,2023-04-17,push,0.49828011439463604,1,96,new,1
M-01700,2023-04-17,push,0.2921131867346381,2,53,new,0
M-01122,2023-04-18,push,0.1578847893459922,0,5,standard,0
M-03753,2023-04-18,email,0.20517111829877646,0,87,high_value,0
M-03167,2023-04-18,sms,0.05621878600458147,0,90,standard,0
M-01672,2023-04-18,email,0.08749752466258982,1,81,standard,0
M-01010,2023-04-18,direct_mail,0.1199999704763621,1,15,standard,0
M-02332,2023-04-18,push,0.3849899593575623,1,36,at_risk,0
M-00508,2023-04-18,email,0.15506927531211104,2,5,standard,1
M-02576,2023-04-19,email,0.41835668053630265,0,36,standard,1
M-02429,2023-04-19,email,0.22951845059405923,1,116,standard,1
M-00215,2023-04-19,email,0.42881994728772377,2,70,at_risk,1
M-02657,2023-04-19,sms,0.42999583170562916,2,90,standard,1
M-00743,2023-04-19,push,0.30042850050064634,0,32,standard,0
M-00778,2023-04-19,direct_mail,0.044141359343060634,0,47,standard,0
M-00889,2023-04-19,sms,0.17734018426315923,1,75,standard,0
M-02237,2023-04-19,email,0.38069167262379455,0,54,high_value,1
M-01639,2023-04-20,push,0.15722555778590797,1,59,standard,0
M-00504,2023-04-20,push,0.2845906657609479,0,41,at_risk,0
M-03099,2023-04-20,email,0.23048046836055347,0,65,new,0
M-01321,2023-04-20,sms,0.29323825790309765,1,86,new,0
M-03031,2023-04-20,email,0.0890711184269666,0,15,high_value,1
M-01490,2023-04-20,email,0.08942412323776257,3,62,high_value,0
M-03059,2023-04-20,email,0.34696564881281106,0,61,high_value,1
M-03303,2023-04-20,email,0.5782028267058602,2,63,standard,1
M-00038,2023-04-21,push,0.13039669415270355,3,6,standard,0
M-00142,2023-04-21,sms,0.4105132626777473,0,28,standard,0
M-03306,2023-04-21,sms,0.27653901219696075,0,30,standard,1
M-03795,2023-04-21,sms,0.21533433985829062,4,112,standard,1
M-00110,2023-04-21,sms,0.12780865950127804,1,57,at_risk,0
M-03082,2023-04-21,push,0.060254950451089896,1,115,new,1
M-00280,2023-04-21,email,0.14315517448740986,3,14,new,1
M-02105,2023-04-21,sms,0.3003692686507166,1,82,standard,0
M-03211,2023-04-21,push,0.06572906229658021,2,26,high_value,1
M-02954,2023-04-21,email,0.4056671602716236,1,6,high_value,0
M-02848,2023-04-22,direct_mail,0.061915704100637646,1,3,at_risk,1
M-00949,2023-04-22,email,0.07107160920179088,1,104,high_value,0
M-01191,2023-04-22,email,0.23732756302104624,2,45,new,0
M-00412,2023-04-22,sms,0.18729851124584132,1,1,high_value,1
M-02044,2023-04-22,email,0.24264774499547462,1,73,standard,1
M-01793,2023-04-22,email,0.4747322819998906,3,98,new,1
M-02310,2023-04-23,email,0.15742446621545853,4,12,standard,0
M-01916,2023-04-23,email,0.15537926880415068,3,117,standard,0
M-02110,2023-04-23,push,0.44769509941036356,2,16,standard,1
M-02108,2023-04-23,push,0.35480019036360644,1,14,high_value,0
M-01998,2023-04-23,sms,0.38032886113859676,0,71,at_risk,1
M-01550,2023-04-23,email,0.11987912748069775,2,41,at_risk,0
M-01999,2023-04-23,email,0.47355978313234387,1,67,standard,1
M-00151,2023-04-23,email,0.11283926971418742,0,91,new,0
M-00313,2023-04-23,email,0.10335361009493085,2,28,standard,0
M-01027,2023-04-23,sms,0.16267262528840168,1,52,high_value,1
M-00398,2023-04-23,push,0.32720653135185457,0,87,new,0
M-00572,2023-04-23,push,0.18848504619470688,2,117,standard,0
M-02705,2023-04-24,direct_mail,0.28187868913642317,1,68,at_risk,1
M-03598,2023-04-24,sms,0.2407767540074922,0,69,standard,1
M-01409,2023-04-24,email,0.07773649574238556,1,45,new,0
M-01381,2023-04-24,sms,0.37595438563553796,4,62,standard,1
M-02786,2023-04-24,sms,0.16986513707320217,2,47,standard,0
M-03419,2023-04-24,email,0.19490339520988625,1,79,new,0
M-02870,2023-04-24,sms,0.2705181676887183,1,66,standard,0
M-00813,2023-04-24,sms,0.32865068692931215,5,38,standard,1
M-02978,2023-04-24,email,0.15940661099539966,2,15,standard,0
M-01208,2023-04-24,sms,0.31087235458466844,0,19,standard,0
M-03038,2023-04-24,push,0.15117663023253267,1,56,standard,1
M-02109,2023-04-24,sms,0.1423184280751722,2,115,at_risk,0
M-00298,2023-04-24,push,0.3202955284292127,1,45,standard,1
M-00533,2023-04-24,email,0.27685130250150586,0,97,standard,1
M-01992,2023-04-25,email,0.08216483453979838,1,14,at_risk,1
M-02218,2023-04-25,email,0.29578525394446803,0,116,at_risk,1
M-00449,2023-04-25,push,0.21043158559306677,1,14,at_risk,1
M-02811,2023-04-25,email,0.5531202617668072,1,76,standard,1
M-02192,2023-04-25,direct_mail,0.1136891604749819,2,59,high_value,0
M-03715,2023-04-25,push,0.4431465411651173,1,59,standard,1
M-03993,2023-04-25,sms,0.1305671654004639,2,12,at_risk,0
M-00659,2023-04-26,email,0.5291228885437805,1,83,standard,1
M-02397,2023-04-26,email,0.2757304598371163,0,21,at_risk,1
M-03388,2023-04-26,email,0.6561389793192848,2,50,standard,1
M-02806,2023-04-26,email,0.2903425917987334,1,39,standard,1
M-02228,2023-04-26,sms,0.15051147873175624,2,75,standard,0
M-00480,2023-04-26,push,0.4440605882848272,2,33,new,0
M-00494,2023-04-26,email,0.1971316904950678,0,19,at_risk,0
M-03367,2023-04-26,sms,0.44907190673112524,4,85,standard,1
M-02185,2023-04-26,email,0.20928949730192342,0,65,at_risk,1
M-01229,2023-04-26,sms,0.43581094755173333,1,43,standard,0
M-02418,2023-04-26,push,0.22061775067643022,0,105,at_risk,0
M-03595,2023-04-26,email,0.28494844330845,1,100,standard,1
M-01482,2023-04-26,sms,0.21595239524162207,3,106,high_value,1
M-02540,2023-04-26,direct_mail,0.24933439945180932,0,47,standard,0
M-03293,2023-04-26,direct_mail,0.12022040610640303,0,100,standard,1
M-02040,2023-04-26,sms,0.09312484634500741,1,56,new,0
M-00840,2023-04-26,push,0.3410452139742546,1,16,standard,1
M-03698,2023-04-26,push,0.1847640630475799,1,85,standard,0
M-00095,2023-04-26,email,0.4070910826239527,0,23,standard,0
M-00854,2023-04-26,push,0.49174170512246707,1,78,standard,0
M-01113,2023-04-27,push,0.2864324714822189,1,21,high_value,0
M-02196,2023-04-27,email,0.12119129622638834,2,87,new,1
M-03524,2023-04-27,push,0.14295721560970176,1,114,standard,0
M-01560,2023-04-27,email,0.13709035536325886,0,50,standard,1
M-00341,2023-04-27,direct_mail,0.3523902048537425,2,37,new,1
M-02582,2023-04-27,direct_mail,0.44901953844186615,1,83,standard,1
M-03041,2023-04-27,email,0.37267332660894115,0,86,high_value,1
M-01450,2023-04-28,email,0.424889249603624,1,96,high_value,1
M-01819,2023-04-28,push,0.20453254500987011,0,40,high_value,0
M-01645,2023-04-28,push,0.18633949269345404,2,107,standard,1
M-00270,2023-04-28,push,0.2918780480829133,2,21,standard,0
M-03436,2023-04-28,sms,0.16603625390977753,1,18,high_value,1
M-00153,2023-04-28,sms,0.2567983999987067,0,55,standard,0
M-02272,2023-04-29,email,0.33519954339316005,1,115,standard,1
M-01337,2023-04-29,push,0.12703283533914253,2,60,new,1
M-00418,2023-04-29,email,0.3861467523376394,4,59,new,1
M-03177,2023-04-29,sms,0.29786622136220947,2,8,new,0
M-02254,2023-04-29,push,0.36833963656441354,1,2,standard,0
M-01580,2023-04-29,sms,0.16593391270028715,1,47,new,0
M-00795,2023-04-29,sms,0.1590636100674162,3,65,standard,0
M-03591,2023-04-29,sms,0.15555584346711746,1,38,standard,0
M-01861,2023-04-29,email,0.1609710511796094,2,50,new,1
M-00637,2023-04-29,push,0.37416455951368466,1,74,standard,0
M-01906,2023-04-29,email,0.38304310615929565,1,56,standard,0
M-01238,2023-04-30,email,0.29345940630775363,1,54,at_risk,0
M-01399,2023-04-30,email,0.20182622879249984,1,106,standard,1
M-00262,2023-04-30,sms,0.3479916565489838,1,31,standard,0
M-03474,2023-04-30,push,0.25779878915674487,0,71,at_risk,1
M-01315,2023-04-30,direct_mail,0.26993802886665236,3,43,high_value,0
M-00970,2023-04-30,email,0.10580216476171722,1,22,standard,0
M-00352,2023-04-30,direct_mail,0.2416613506549737,2,61,high_value,0
M-03204,2023-04-30,email,0.18904063217745548,1,13,new,0
M-01402,2023-04-30,email,0.3527048433055007,1,29,new,1
M-02996,2023-05-01,push,0.11807520636109253,0,115,standard,1
M-00927,2023-05-01,email,0.23248092479942997,1,44,standard,1
M-01600,2023-05-01,email,0.273382228134708,1,6,standard,0
M-02775,2023-05-01,sms,0.31578743713759744,0,73,standard,0
M-00801,2023-05-01,direct_mail,0.1776964849125363,1,24,standard,0
M-02832,2023-05-01,email,0.29017399655932447,1,13,standard,0
M-01475,2023-05-01,sms,0.15670633260722727,2,108,high_value,1
M-03843,2023-05-01,email,0.28985978022900916,0,77,new,1
M-00189,2023-05-01,email,0.41180753905094936,0,82,standard,1
M-02051,2023-05-01,sms,0.3419979291106977,1,8,standard,0
M-00441,2023-05-01,push,0.40356506217155436,1,12,new,0
M-01366,2023-05-01,direct_mail,0.148387395819719,1,93,standard,1
M-01822,2023-05-01,email,0.4731300010610468,4,110,standard,1
M-02466,2023-05-01,email,0.12829196661366576,2,65,standard,0
M-00306,2023-05-01,push,0.12112841043560126,1,25,high_value,0
M-03429,2023-05-01,sms,0.3833687279090299,0,20,standard,0
M-02707,2023-05-02,sms,0.4663427144448328,0,71,standard,1
M-00951,2023-05-02,email,0.201872291639584,0,100,standard,1
M-01154,2023-05-02,email,0.1588316386381122,1,95,high_value,1
M-03741,2023-05-02,email,0.17832553169254675,1,90,standard,1
M-02020,2023-05-02,email,0.07225298286145271,1,102,standard,0
M-03105,2023-05-02,email,0.3154069364589967,0,55,standard,1
M-01837,2023-05-02,email,0.05920236192368741,0,79,standard,0
M-00135,2023-05-02,push,0.29905485085269085,0,50,high_value,0
M-03898,2023-05-02,email,0.2714474506539819,2,24,standard,1
M-02594,2023-05-03,push,0.1515366828495066,2,96,new,0
M-01104,2023-05-03,sms,0.5553630846893428,1,64,new,1
M-02088,2023-05-03,email,0.30163340676801637,1,59,standard,0
M-02186,2023-05-03,sms,0.3015273552792158,0,55,new,0
M-01390,2023-05-03,email,0.4397805330725916,1,53,standard,0
M-00225,2023-05-03,push,0.1498694315313752,1,68,standard,1
M-03341,2023-05-03,email,0.21373812144988974,1,84,standard,1
M-01185,2023-05-04,email,0.2643983056605159,1,61,standard,0
M-02354,2023-05-04,direct_mail,0.4431799786141879,2,116,high_value,1
M-03583,2023-05-04,push,0.22595100133791834,2,47,standard,1
M-00332,2023-05-04,push,0.5554252546261353,1,12,new,1
M-03696,2023-05-04,sms,0.4828951000695357,1,27,high_value,1
M-03061,2023-05-04,email,0.1265708318032675,0,97,standard,0
M-03548,2023-05-04,push,0.47794627496726916,0,70,new,1
M-00238,2023-05-04,push,0.012145354576059558,2,67,high_value,1
M-02126,2023-05-04,push,0.34606258841472415,1,118,standard,1
M-01778,2023-05-04,push,0.2544206049231639,2,45,standard,1
M-02308,2023-05-04,sms,0.12301255612461955,0,49,at_risk,1
M-03372,2023-05-04,email,0.05045710678157583,0,11,high_value,0
M-03502,2023-05-05,email,0.19196747416541515,1,15,new,1
M-03941,2023-05-05,email,0.15190576263777147,2,103,standard,1
M-01059,2023-05-05,email,0.07417878511742503,1,17,new,0
M-00087,2023-05-05,email,0.4150781950685917,5,3,new,1
M-03986,2023-05-05,email,0.412594541431512,0,3,at_risk,0
M-00525,2023-05-05,direct_mail,0.15400306058488786,1,89,at_risk,1
M-02780,2023-05-05,sms,0.26789646766888037,1,114,standard,0
M-00399,2023-05-05,push,0.1891132104578652,0,96,high_value,1
M-02807,2023-05-05,sms,0.16349648518790552,0,110,standard,1
M-01033,2023-05-06,email,0.2278442274522206,2,50,high_value,1
M-01013,2023-05-06,direct_mail,0.42469583734796085,2,101,standard,1
M-00748,2023-05-06,email,0.47484970811851507,2,37,high_value,1
M-02433,2023-05-06,push,0.2888132559951797,1,86,high_value,0
M-01461,2023-05-06,email,0.4294339197020823,1,34,high_value,1
M-03097,2023-05-06,email,0.22315458117297257,1,108,at_risk,0
M-01820,2023-05-06,direct_mail,0.7436724674741001,3,29,standard,1
M-03163,2023-05-06,push,0.5411975056568461,0,108,standard,1
M-00747,2023-05-06,sms,0.23754513621794518,0,107,standard,1
M-00446,2023-05-06,sms,0.1521129355553741,3,104,standard,1
M-00967,2023-05-07,email,0.37161569360939734,1,62,new,1
M-01603,2023-05-07,push,0.5559749583333204,1,75,standard,1
M-00987,2023-05-07,email,0.3241332920273888,2,89,high_value,1
M-03789,2023-05-07,sms,0.2286422812314491,2,105,new,1
M-00367,2023-05-07,sms,0.18073781621280613,3,6,new,0
M-00308,2023-05-07,sms,0.07081157871383402,0,50,high_value,0
M-00337,2023-05-07,sms,0.42172364089847875,1,6,high_value,0
M-02166,2023-05-07,sms,0.09084710105505522,3,72,standard,1
M-00798,2023-05-07,email,0.499673075565959,3,80,new,1
M-01176,2023-05-07,email,0.1907048696731546,1,109,high_value,1
M-02866,2023-05-07,direct_mail,0.6065463528288327,0,13,standard,1
M-01585,2023-05-08,sms,0.1045766635246662,1,70,high_value,0
M-01438,2023-05-08,direct_mail,0.6132135114182079,0,9,standard,1
M-01755,2023-05-08,sms,0.2526310238508193,1,85,standard,0
M-00524,2023-05-08,direct_mail,0.15902020545987958,0,29,standard,1
M-01434,2023-05-08,sms,0.25631404243104783,2,56,high_value,0
M-00553,2023-05-08,email,0.4032644014948738,1,58,new,1
M-01575,2023-05-08,push,0.5057379713406828,1,74,standard,1
M-02271,2023-05-08,sms,0.4422580041515041,1,105,standard,1
M-02015,2023-05-08,sms,0.43469129494917974,0,117,new,0
M-01526,2023-05-08,email,0.38964118206526516,2,105,at_risk,1
M-03755,2023-05-09,email,0.25936805655642,1,18,standard,1
M-00594,2023-05-09,email,0.5314317354389091,2,22,standard,1
M-02551,2023-05-09,push,0.15972586723371826,0,73,new,0
M-02129,2023-05-09,push,0.3889694491956179,1,78,at_risk,1
M-00166,2023-05-09,sms,0.14627563140553915,1,111,standard,0
M-01403,2023-05-09,sms,0.2615505724782333,0,11,new,1
M-02927,2023-05-09,sms,0.11775465192984924,2,104,new,0
M-02151,2023-05-09,push,0.19606155740083947,2,54,standard,0
M-00402,2023-05-09,push,0.2708659382625261,0,87,standard,0
M-01949,2023-05-09,email,0.03949656612967389,0,115,new,0
M-00320,2023-05-09,direct_mail,0.15908526645648183,1,79,standard,0
M-02483,2023-05-09,sms,0.17813221928180464,2,42,high_value,1
M-01503,2023-05-09,sms,0.13668535868102896,3,79,standard,1
M-02587,2023-05-09,push,0.25088353842351196,2,96,new,0
M-02291,2023-05-09,email,0.19152383269676448,1,22,standard,1
M-03446,2023-05-09,push,0.30725252558059907,3,72,standard,1
M-02270,2023-05-09,sms,0.12130709853389694,1,45,high_value,0
M-03734,2023-05-09,sms,0.25114353688102425,3,29,high_value,1
M-02525,2023-05-10,sms,0.34102978325597416,1,39,standard,0
M-02282,2023-05-10,sms,0.2395106972191389,2,44,standard,0
M-00606,2023-05-10,email,0.40394636667376776,0,60,at_risk,1
M-02082,2023-05-10,push,0.5369820431747213,2,18,high_value,1
M-01387,2023-05-11,push,0.3000262814701066,4,7,standard,0
M-00631,2023-05-11,push,0.26078129649527615,1,8,high_value,1
M-01248,2023-05-11,sms,0.41497857362412344,2,35,high_value,1
M-03606,2023-05-11,sms,0.34254890898652796,1,9,new,1
M-03693,2023-05-11,email,0.09794602975099147,0,111,standard,0
M-03858,2023-05-11,push,0.19721181341847446,2,59,at_risk,0
M-02346,2023-05-11,sms,0.4272951743903821,1,30,at_risk,1
M-02091,2023-05-11,email,0.16842356060568298,2,111,standard,1
M-02920,2023-05-11,push,0.49274453698995757,0,67,standard,1
M-02306,2023-05-11,sms,0.2941964963156034,2,57,at_risk,0
M-02536,2023-05-11,push,0.34696275536520943,1,96,standard,0
M-00065,2023-05-11,sms,0.269291304240459,2,52,standard,0
M-00645,2023-05-12,direct_mail,0.3405402953237165,2,54,standard,1
M-01914,2023-05-12,email,0.36794851638120335,1,61,at_risk,0
M-02150,2023-05-12,email,0.046745674733384694,4,45,high_value,1
M-03042,2023-05-12,sms,0.17247124140031866,3,61,new,0
M-00253,2023-05-12,email,0.24821193555300514,1,75,standard,0
M-02575,2023-05-12,sms,0.2822596418567531,2,20,new,0
M-01094,2023-05-12,direct_mail,0.5089116578521856,0,6,standard,0
M-03521,2023-05-13,sms,0.2584748854629233,0,73,standard,1
M-03622,2023-05-13,email,0.25704856926285763,0,108,standard,1
M-01144,2023-05-13,push,0.6252492115212397,0,50,new,1
M-02649,2023-05-13,email,0.4392037063601281,2,80,standard,1
M-01776,2023-05-13,push,0.3382717590361735,2,14,high_value,0
M-02068,2023-05-13,email,0.022159246192493903,2,80,at_risk,0
M-00076,2023-05-13,email,0.2788913836385008,0,109,at_risk,0
M-03771,2023-05-13,sms,0.4901304463730516,0,29,standard,0
M-01513,2023-05-13,push,0.09810809642654958,1,19,standard,0
M-00293,2023-05-13,email,0.2720307882758418,2,62,standard,1
M-03573,2023-05-13,sms,0.3460669139988293,1,95,at_risk,0
M-01029,2023-05-14,push,0.08612659518326854,2,109,standard,1
M-00486,2023-05-14,sms,0.7523691317255372,1,62,high_value,0
M-01493,2023-05-14,push,0.4697494772701852,1,22,new,1
M-00168,2023-05-14,direct_mail,0.1768201729775143,0,115,standard,0
M-01904,2023-05-14,email,0.4224125443175067,1,116,standard,1
M-00737,2023-05-14,email,0.13540847062688358,0,28,standard,0
M-01510,2023-05-14,email,0.13791714275682426,2,16,at_risk,0
M-03769,2023-05-14,push,0.04279755193124785,1,1,new,0
M-01068,2023-05-14,push,0.3253540995097456,5,110,standard,1
M-03658,2023-05-14,sms,0.14602497921227678,2,113,high_value,1
M-02159,2023-05-14,push,0.142348755708417,0,5,at_risk,0
M-00370,2023-05-15,email,0.5450890308639817,1,38,standard,1
M-02203,2023-05-15,sms,0.2354546207243588,0,30,standard,0
M-03826,2023-05-15,email,0.4787009798385938,1,22,standard,0
M-03394,2023-05-15,push,0.09844828557047658,1,119,new,1
M-02366,2023-05-15,push,0.05921827081304045,2,68,new,1
M-02636,2023-05-15,email,0.4082810742184601,1,90,standard,1
M-03995,2023-05-15,push,0.315581137845033,1,119,standard,1
M-03433,2023-05-15,sms,0.1594644117660198,1,48,new,1
M-01781,2023-05-16,push,0.06844286033077579,1,33,at_risk,0
M-01770,2023-05-16,email,0.34980437920984375,1,103,standard,0
M-01175,2023-05-16,sms,0.8610692421008007,2,32,standard,1
M-01141,2023-05-16,sms,0.3186804669901977,0,27,at_risk,1
M-03985,2023-05-16,sms,0.16784318060332618,2,103,standard,1
M-03596,2023-05-16,sms,0.4392169477609126,1,38,standard,1
M-00198,2023-05-16,sms,0.41830183548507455,2,109,standard,1
M-02322,2023-05-16,email,0.14122952734153082,0,93,new,1
M-03084,2023-05-16,push,0.1702942375795785,1,64,high_value,1
M-00626,2023-05-16,email,0.3799844031179611,0,12,at_risk,1
M-01899,2023-05-16,email,0.4644237885733534,3,47,standard,1
M-03250,2023-05-16,push,0.1406453272097568,0,119,at_risk,0
M-02326,2023-05-17,push,0.4670834621268814,1,68,standard,0
M-03728,2023-05-17,push,0.23247349171778384,1,8,standard,0
M-02073,2023-05-17,push,0.19101685688199424,1,23,standard,1
M-01977,2023-05-17,email,0.40649738514999184,2,51,new,1
M-01973,2023-05-17,sms,0.6086222447154349,2,35,new,1
M-01159,2023-05-17,push,0.19257884615968146,1,58,standard,0
M-02490,2023-05-17,email,0.32056669513820585,2,94,high_value,1
M-03212,2023-05-17,email,0.19659312210387458,2,78,standard,1
M-03486,2023-05-17,email,0.4182687147307283,1,48,high_value,1
M-02460,2023-05-17,email,0.13328220381196776,1,78,standard,0
M-01329,2023-05-17,sms,0.15141205811125094,0,20,high_value,1
M-00196,2023-05-18,email,0.49554826701546295,0,9,at_risk,0
M-03090,2023-05-18,sms,0.13940267563998912,0,106,high_value,0
M-02484,2023-05-18,email,0.3222071157489861,2,81,high_value,1
M-01646,2023-05-18,email,0.3254878624658934,2,91,at_risk,0
M-01792,2023-05-18,email,0.38006752822529705,3,5,standard,1
M-03173,2023-05-18,email,0.20425864542205732,0,22,high_value,1
M-01356,2023-05-18,push,0.2226782453701685,2,67,standard,0
M-02739,2023-05-18,push,0.3993437616121464,1,89,new,1
M-01371,2023-05-18,email,0.4512624000888989,1,36,standard,1
M-00990,2023-05-18,push,0.44187143525507605,3,98,standard,1
M-02029,2023-05-18,sms,0.14356755395456497,2,114,standard,0
M-01710,2023-05-18,direct_mail,0.5416989267494781,3,118,standard,1
M-02589,2023-05-19,push,0.1562668296179347,0,115,standard,1
M-03557,2023-05-19,email,0.3364436729019272,1,41,new,0
M-00138,2023-05-19,email,0.2808296677502142,2,24,high_value,0
M-01591,2023-05-19,push,0.41780771766777364,0,77,high_value,0
M-01382,2023-05-19,sms,0.1314730018447438,0,69,standard,1
M-01235,2023-05-19,email,0.1944637486951389,2,96,new,1
M-00267,2023-05-19,email,0.2536969522953406,3,92,high_value,1
M-01406,2023-05-19,push,0.4301568998822709,1,29,new,0
M-02909,2023-05-20,email,0.17025196308459448,1,72,new,0
M-01756,2023-05-20,email,0.4274815087088935,0,78,standard,1
M-02424,2023-05-20,push,0.30079424114585035,0,66,at_risk,1
M-03453,2023-05-20,email,0.2930239809806036,5,82,standard,0
M-02997,2023-05-20,push,0.10031573936655347,0,56,standard,0
M-03020,2023-05-20,push,0.2991286609014368,1,25,standard,0
M-03509,2023-05-20,email,0.3501830689275726,1,39,standard,0
M-01311,2023-05-20,email,0.11174359046034643,0,41,high_value,0
M-03716,2023-05-20,direct_mail,0.5695683614236497,2,7,standard,0
M-01362,2023-05-21,sms,0.4028121043490069,3,48,new,1
M-03853,2023-05-21,push,0.20495340148413208,1,114,standard,1
M-03405,2023-05-21,push,0.5639660287003145,0,59,at_risk,0
M-00978,2023-05-21,direct_mail,0.14931213732572604,1,1,standard,0
M-02584,2023-05-21,sms,0.36267324187250793,1,60,standard,0
M-02281,2023-05-22,push,0.2943955265180089,1,106,high_value,1
M-01830,2023-05-22,push,0.4984275052031665,0,39,high_value,0
M-00043,2023-05-22,direct_mail,0.31774023558080905,2,82,standard,1
M-02884,2023-05-23,sms,0.17686963124112146,0,79,standard,1
M-03406,2023-05-23,push,0.12114001473753207,2,48,at_risk,1
M-02489,2023-05-23,email,0.14994911254652973,1,48,standard,1
M-01684,2023-05-24,sms,0.32520716447869363,1,57,standard,0
M-03130,2023-05-24,email,0.20379459893804994,2,1,high_value,0
M-03847,2023-05-24,email,0.5289500555043938,2,5,standard,1
M-01926,2023-05-24,email,0.714003035611256,2,32,standard,1
M-03464,2023-05-24,push,0.09796197838313721,1,49,at_risk,0
M-03053,2023-05-24,push,0.28670974865214194,1,41,standard,1
M-03856,2023-05-24,push,0.3818391916510431,2,30,standard,0
M-01698,2023-05-24,direct_mail,0.5315932705168267,1,39,standard,0
M-00520,2023-05-24,email,0.25400483321392725,6,4,standard,1
M-03710,2023-05-24,push,0.41972199859247633,1,62,at_risk,0
M-02561,2023-05-24,sms,0.4780485907708909,1,8,at_risk,1
M-02758,2023-05-24,sms,0.23251806566150193,2,60,at_risk,1
M-02849,2023-05-25,email,0.10649354702796268,3,51,new,1
M-02826,2023-05-25,direct_mail,0.6027055473606693,1,103,standard,1
M-01571,2023-05-25,sms,0.2067751411460874,2,49,standard,0
M-02052,2023-05-25,sms,0.22098525259620483,2,30,high_value,1
M-02440,2023-05-25,email,0.5120387296888212,0,3,standard,1
M-00193,2023-05-25,push,0.2282016838285522,1,100,standard,0
M-00997,2023-05-25,push,0.5389991213253185,2,4,standard,0
M-01924,2023-05-25,sms,0.22473766133803794,1,80,standard,1
M-00764,2023-05-25,direct_mail,0.5642392431463858,2,70,standard,0
M-02485,2023-05-25,email,0.6050991492349633,4,49,standard,0
M-03085,2023-05-25,push,0.08315420980517844,1,9,standard,1
M-03114,2023-05-26,push,0.10054863682851005,1,90,standard,1
M-01051,2023-05-26,sms,0.10992062878190617,0,113,standard,0
M-02144,2023-05-26,sms,0.08226044152653253,1,109,standard,1
M-02892,2023-05-26,sms,0.2091399786040403,1,99,new,1
M-00745,2023-05-26,email,0.1883116253476909,2,53,new,1
M-02190,2023-05-26,sms,0.11094272808997127,1,40,high_value,0
M-00300,2023-05-26,sms,0.2826346653162994,1,98,high_value,1
M-00052,2023-05-26,email,0.4424340668968419,1,102,standard,0
M-01772,2023-05-26,email,0.1824229865560698,1,112,at_risk,0
M-03236,2023-05-26,push,0.2976806189187825,3,21,at_risk,0
M-02762,2023-05-26,email,0.35139426038818383,0,98,standard,1
M-02200,2023-05-27,push,0.37214968016584826,1,38,standard,1
M-03100,2023-05-27,email,0.20089917118752113,3,31,high_value,0
M-01359,2023-05-27,sms,0.39981988690470016,1,103,new,0
M-00062,2023-05-27,push,0.28181112002810554,1,54,standard,0
M-00392,2023-05-27,email,0.039233186895554335,1,74,standard,0
M-03676,2023-05-27,email,0.30519270495442014,1,20,new,1
M-02055,2023-05-27,email,0.28193526032296334,0,97,standard,0
M-00629,2023-05-27,push,0.16326498964467698,2,52,standard,1
M-00200,2023-05-27,direct_mail,0.04580049651235957,2,67,standard,0
M-01137,2023-05-27,email,0.346341508632486,2,18,standard,1
M-03010,2023-05-28,sms,0.19575046497235027,1,101,standard,0
M-02586,2023-05-28,email,0.4936728822034613,0,73,standard,1
M-03947,2023-05-28,email,0.563513032747149,2,49,standard,1
M-02766,2023-05-28,push,0.1210813043503741,0,14,high_value,1
M-02695,2023-05-28,push,0.37313633759408993,1,2,standard,0
M-02355,2023-05-28,email,0.17914514980926807,1,32,at_risk,0
M-01150,2023-05-28,email,0.19789321773545743,0,68,standard,1
M-00627,2023-05-28,email,0.20240760031660074,1,75,standard,1
M-01270,2023-05-28,sms,0.06074463316026406,1,104,at_risk,0
M-03107,2023-05-28,sms,0.1466135991875668,2,49,at_risk,0
M-02278,2023-05-28,sms,0.5674648077796451,0,63,standard,1
M-02406,2023-05-29,push,0.03910711270510737,1,7,at_risk,0
M-00331,2023-05-29,email,0.3559771715783029,4,23,standard,1
M-00908,2023-05-29,email,0.5549566248660377,3,10,standard,1
M-03492,2023-05-29,direct_mail,0.0852995661826041,0,118,standard,0
M-01966,2023-05-29,sms,0.37610305070592087,2,103,standard,0
M-03005,2023-05-29,email,0.032142463590043024,1,3,standard,1
M-03253,2023-05-29,email,0.38201374065968075,1,3,high_value,1
M-01043,2023-05-29,push,0.2648144536069057,2,43,new,0
M-01863,2023-05-29,push,0.21206247521473545,0,103,new,1
M-02414,2023-05-29,sms,0.3186425958353328,2,17,high_value,1
M-00067,2023-05-29,email,0.5240617148275594,3,45,new,0
M-00021,2023-05-29,email,0.24961780125953195,2,41,new,0
M-01267,2023-05-30,push,0.24850688781269545,0,49,standard,1
M-00373,2023-05-30,direct_mail,0.3962390962160618,0,36,standard,1
M-00575,2023-05-30,sms,0.2521959677995315,2,79,at_risk,0
M-03024,2023-05-30,push,0.2201945745725557,2,81,at_risk,0
M-02679,2023-05-30,sms,0.3610914777687359,5,11,standard,0
M-00497,2023-05-30,direct_mail,0.34627895256942637,1,87,standard,0
M-01936,2023-05-30,sms,0.4017223293974147,1,43,standard,0
M-01856,2023-05-30,push,0.1325631094459444,1,16,new,0
M-02653,2023-05-30,direct_mail,0.19247090850402812,1,21,standard,0
M-02723,2023-05-31,sms,0.2104461830872713,0,57,standard,1
M-01771,2023-05-31,sms,0.14403502122468428,0,54,standard,1
M-00769,2023-05-31,email,0.3944604224681484,0,14,new,1
M-00912,2023-05-31,sms,0.18109516703243198,1,45,new,1
M-01747,2023-05-31,push,0.08093630682163501,2,40,at_risk,1
M-03950,2023-05-31,email,0.4788914819825736,3,9,at_risk,1
M-02568,2023-06-01,email,0.16598468675523304,0,53,standard,0
M-03227,2023-06-01,push,0.13495519986668164,0,15,new,0
M-03963,2023-06-01,direct_mail,0.13768492314514996,0,18,new,1
M-03736,2023-06-01,email,0.2549144491254289,0,14,standard,0
M-00633,2023-06-01,sms,0.23504730565078852,2,98,standard,1
M-02919,2023-06-01,sms,0.31021856020754907,1,26,new,0
M-00378,2023-06-01,email,0.5973881930689063,0,13,standard,1
M-02591,2023-06-01,email,0.07385206777922239,0,23,standard,0
M-01717,2023-06-01,email,0.6889986403243872,0,96,standard,1
M-03062,2023-06-02,email,0.09830450147576117,4,78,standard,1
M-03530,2023-06-02,email,0.20012116067827776,0,25,standard,0
M-02543,2023-06-02,email,0.257474819204807,1,36,high_value,1
M-00187,2023-06-02,push,0.19322886331644934,1,107,standard,1
M-01944,2023-06-02,push,0.12718193821563298,3,42,high_value,1
M-01284,2023-06-02,push,0.22519976485978244,0,112,high_value,1
M-03423,2023-06-03,direct_mail,0.3083946327881205,1,65,standard,1
M-01016,2023-06-03,email,0.26190529375521027,3,17,at_risk,1
M-01467,2023-06-03,push,0.06541359221196558,0,25,at_risk,0
M-02580,2023-06-03,sms,0.18385930788899493,1,87,high_value,1
M-03814,2023-06-03,email,0.14039380422038925,0,111,new,1
M-00757,2023-06-03,email,0.11647439779486678,0,72,standard,0
M-01760,2023-06-03,push,0.6923606639294246,5,34,at_risk,1
M-01158,2023-06-03,push,0.2515898712863709,2,74,high_value,0
M-01592,2023-06-03,push,0.25903676905266937,1,55,standard,1
M-02874,2023-06-03,email,0.09884083288568694,2,35,standard,0
M-02404,2023-06-03,email,0.2262823136731805,2,51,new,0
M-01880,2023-06-03,direct_mail,0.2514363486266864,0,4,high_value,1
M-00093,2023-06-04,sms,0.5343345153144067,1,40,at_risk,1
M-03022,2023-06-04,email,0.14215331612418078,1,54,at_risk,1
M-02427,2023-06-04,push,0.2445351968436599,0,14,high_value,0
M-01384,2023-06-04,email,0.2320217660914547,1,93,high_value,1
M-00613,2023-06-04,sms,0.15659616604868665,2,84,standard,1
M-02847,2023-06-04,push,0.1670389716606415,2,52,standard,0
M-02834,2023-06-05,sms,0.6014712524474963,2,14,standard,0
M-01628,2023-06-05,push,0.10572382667207204,0,114,standard,0
M-02778,2023-06-05,email,0.24506790969087278,0,39,standard,0
M-03058,2023-06-05,sms,0.4494061248075322,1,87,high_value,1
M-02599,2023-06-05,sms,0.35882546406852145,0,52,standard,1
M-01065,2023-06-05,email,0.3804895638539201,0,42,at_risk,1
M-02682,2023-06-05,email,0.21918078501356802,1,31,standard,1
M-03091,2023-06-06,push,0.17151015746222883,2,50,new,1
M-00808,2023-06-06,push,0.2980549785917491,0,117,standard,0
M-02851,2023-06-06,email,0.21326781941017114,0,26,new,1
M-02573,2023-06-06,email,0.3239540999828111,1,71,at_risk,1
M-01172,2023-06-06,email,0.09561155014232059,0,81,new,1
M-02621,2023-06-06,email,0.5300394575795981,3,102,new,1
M-01351,2023-06-06,push,0.235785469436932,1,19,standard,1
M-02215,2023-06-06,direct_mail,0.21928167217815653,1,21,new,0
M-03404,2023-06-06,push,0.3762643081770424,3,92,new,1
M-02341,2023-06-07,direct_mail,0.06569084009058586,4,88,standard,1
M-03328,2023-06-07,email,0.6226086009783491,1,52,high_value,1
M-00551,2023-06-07,sms,0.2826259215622199,0,53,standard,0
M-01282,2023-06-07,email,0.4602811103098881,2,53,standard,0
M-02011,2023-06-07,sms,0.4277304507494912,1,33,high_value,1
M-01093,2023-06-07,email,0.17336660711547372,0,62,high_value,1
M-02290,2023-06-07,email,0.04907857602400004,0,31,new,0
M-01773,2023-06-07,sms,0.18086868169909515,2,23,standard,1
M-01753,2023-06-07,email,0.03126096588227979,1,63,high_value,1
M-02058,2023-06-07,sms,0.08295266619593507,2,67,standard,0
M-01920,2023-06-07,sms,0.4765055961434757,2,7,standard,1
M-02383,2023-06-07,email,0.14960973601740568,1,8,standard,1
M-01477,2023-06-07,sms,0.31994016156346505,2,39,at_risk,1
M-01665,2023-06-08,push,0.22104710284238882,3,27,new,1
M-03379,2023-06-08,sms,0.3803155893120024,2,16,high_value,1
M-01319,2023-06-08,sms,0.297220358353234,1,19,standard,1
M-01693,2023-06-08,email,0.4257576715804327,3,115,standard,1
M-03459,2023-06-08,push,0.11121732082751554,1,27,standard,0
M-02799,2023-06-08,push,0.3068328453671632,1,6,high_value,1
M-03040,2023-06-08,email,0.21690229501980549,2,48,standard,0
M-03249,2023-06-08,push,0.19586612626240402,0,103,at_risk,0
M-03694,2023-06-08,push,0.34731235050298775,0,97,new,1
M-01167,2023-06-09,push,0.16409607089008887,2,54,high_value,1
M-02133,2023-06-09,email,0.1533859792146235,0,6,at_risk,1
M-00439,2023-06-09,email,0.3035094313269627,2,119,standard,1
M-02002,2023-06-09,email,0.09060101674729135,1,24,standard,0
M-02373,2023-06-09,push,0.5041050765229879,0,84,at_risk,0
M-03317,2023-06-09,email,0.07608312702725172,0,39,new,0
M-02545,2023-06-09,sms,0.2182148474593356,1,80,standard,1
M-02523,2023-06-10,push,0.4769241955148664,2,40,new,0
M-03311,2023-06-10,push,0.16312548827228657,3,77,standard,1
M-03690,2023-06-10,push,0.12282057031583557,1,49,new,0
M-03732,2023-06-10,sms,0.09302687694765312,0,84,high_value,1
M-01955,2023-06-10,email,0.6130223193603329,1,14,high_value,1
M-02224,2023-06-10,sms,0.016546572598257467,1,67,standard,0
M-01301,2023-06-10,sms,0.36363197803851377,1,53,standard,0
M-02139,2023-06-10,push,0.19498851969201456,1,66,standard,0
M-00956,2023-06-10,email,0.6056351156066163,1,51,standard,1
M-00026,2023-06-10,email,0.3145213080401381,2,47,standard,1
M-03165,2023-06-10,email,0.17034128081393426,2,8,high_value,0
M-02072,2023-06-11,email,0.5318111675018803,2,17,new,0
M-03187,2023-06-11,email,0.32797191418917354,1,81,at_risk,1
M-01865,2023-06-11,email,0.1972253800235591,1,25,new,1
M-02059,2023-06-11,email,0.42879147196775785,2,27,new,0
M-02745,2023-06-11,email,0.3905337523234242,4,50,at_risk,1
M-03314,2023-06-11,push,0.19704793512936178,1,44,standard,0
M-03273,2023-06-11,email,0.3053419584036168,1,31,at_risk,1
M-03290,2023-06-11,email,0.33463828637176657,2,80,standard,1
M-00941,2023-06-11,email,0.07542529572693614,0,73,standard,1
M-01846,2023-06-11,direct_mail,0.12440022563934963,3,14,new,0
M-02162,2023-06-11,push,0.6180923466457132,2,63,standard,1
M-00584,2023-06-11,email,0.5652744416009139,1,45,high_value,1
M-02914,2023-06-12,push,0.11059306682104764,0,17,new,0
M-03141,2023-06-12,email,0.2773002234858105,2,58,standard,1
M-00686,2023-06-12,email,0.2723669553891564,4,57,standard,0
M-02508,2023-06-12,email,0.2116039650844409,2,3,standard,1
M-00163,2023-06-12,email,0.26543172729286074,0,76,at_risk,0
M-01130,2023-06-12,sms,0.3092507944269175,5,107,at_risk,0
M-00162,2023-06-13,sms,0.06588630247066642,0,116,standard,1
M-02075,2023-06-13,email,0.30211218450933436,3,116,at_risk,1
M-01687,2023-06-13,sms,0.20073999784907146,2,104,standard,1
M-03478,2023-06-13,sms,0.2071341039707538,0,48,at_risk,0
M-00143,2023-06-13,email,0.32390738625553644,1,70,at_risk,1
M-03652,2023-06-13,push,0.2881088750942883,1,44,standard,1
M-03484,2023-06-13,direct_mail,0.234870159605112,2,48,at_risk,1
M-02563,2023-06-13,email,0.3298416470807603,1,67,at_risk,1
M-03765,2023-06-13,sms,0.5021505604165436,1,15,at_risk,0
M-03546,2023-06-13,sms,0.3297298773450709,2,37,standard,1
M-00961,2023-06-13,email,0.05622618200137605,2,39,standard,0
M-03617,2023-06-13,push,0.5304365823767712,5,93,new,1
M-01761,2023-06-13,email,0.5398409302331899,1,23,new,1
M-02191,2023-06-13,email,0.24333402027490203,0,41,standard,0
M-01874,2023-06-13,email,0.18229412406416706,2,22,standard,1
M-01339,2023-06-13,sms,0.26252462203005167,2,88,high_value,1
M-00372,2023-06-14,push,0.345379274456526,0,111,at_risk,0
M-00064,2023-06-14,email,0.3308809491464839,1,63,standard,0
M-03415,2023-06-14,push,0.49945579771304344,1,106,at_risk,0
M-03259,2023-06-14,email,0.3391744708491557,1,102,high_value,0
M-03271,2023-06-14,sms,0.4462935290462853,0,69,high_value,1
M-03697,2023-06-14,push,0.17277730916024278,1,106,at_risk,0
M-01494,2023-06-14,email,0.17697272090486005,0,69,new,0
M-01834,2023-06-14,email,0.3830636085753368,2,95,standard,1
M-00959,2023-06-14,direct_mail,0.42964440156477457,2,47,at_risk,0
M-02356,2023-06-14,email,0.127492031946317,0,89,standard,0
M-01251,2023-06-14,sms,0.14013961311132245,0,99,standard,1
M-00906,2023-06-14,sms,0.3901523212798026,0,84,high_value,1
M-03554,2023-06-15,push,0.34956704480707534,1,37,new,1
M-02472,2023-06-15,email,0.20823970122934368,2,82,high_value,1
M-03885,2023-06-15,email,0.11736971990280312,1,29,standard,0
M-02748,2023-06-15,push,0.26518900197425427,0,18,new,0
M-01718,2023-06-15,email,0.16762588838543993,2,8,standard,0
M-03284,2023-06-15,email,0.48829157478761404,4,11,standard,1
M-00495,2023-06-15,push,0.46730208783578175,0,4,standard,1
M-01887,2023-06-15,email,0.16622108221736573,1,50,standard,1
M-01484,2023-06-15,direct_mail,0.5577962340734803,0,59,standard,1
M-01583,2023-06-15,push,0.12656338843483383,1,102,standard,1
M-03764,2023-06-15,push,0.1385429893806383,1,100,at_risk,0
M-02016,2023-06-15,direct_mail,0.18390132667180187,0,19,at_risk,0
M-03460,2023-06-16,email,0.15849028555435066,1,51,at_risk,1
M-01042,2023-06-16,email,0.4404105279824959,2,115,standard,1
M-01190,2023-06-16,push,0.5610186165986416,4,3,at_risk,1
M-00424,2023-06-16,email,0.5433630361092776,0,3,new,1
M-03923,2023-06-16,email,0.2882759023583831,1,25,standard,0
M-03988,2023-06-16,push,0.1104419973604703,1,100,new,1
M-02289,2023-06-16,email,0.29419710004521243,0,71,at_risk,0
M-01479,2023-06-16,email,0.1482715129585134,1,43,standard,1
M-00623,2023-06-16,email,0.1546106697848697,0,36,new,0
M-00247,2023-06-16,email,0.3615433248343228,1,59,standard,1
M-01224,2023-06-16,email,0.0560707325390334,0,105,standard,1
M-01308,2023-06-16,direct_mail,0.08130801968056052,0,25,high_value,1
M-00571,2023-06-16,direct_mail,0.3631169997078081,1,21,new,1
M-01634,2023-06-16,email,0.24867440508722927,3,114,standard,1
M-01677,2023-06-17,push,0.18652781871514074,1,6,standard,0
M-02697,2023-06-17,email,0.22411093737302126,1,46,high_value,0
M-00971,2023-06-17,direct_mail,0.17234550409690189,0,97,at_risk,0
M-02419,2023-06-17,email,0.04605359617445441,0,117,standard,0
M-02069,2023-06-17,email,0.40618112488121716,2,31,standard,1
M-00274,2023-06-17,email,0.21893993961217592,0,109,new,1
M-02494,2023-06-17,push,0.22975243247506766,1,58,standard,0
M-00928,2023-06-17,email,0.1580235615846074,2,107,at_risk,0
M-01078,2023-06-17,sms,0.33677187581441853,0,61,at_risk,0
M-00164,2023-06-17,sms,0.2559894593565681,0,86,standard,1
M-00731,2023-06-17,sms,0.35149825723537365,1,26,new,0
M-00463,2023-06-17,push,0.20617953782842877,0,104,new,1
M-01184,2023-06-18,push,0.24822084357515117,0,2,at_risk,1
M-01373,2023-06-18,email,0.37765254762226,3,51,high_value,1
M-02961,2023-06-18,direct_mail,0.27455078329184995,1,28,new,0
M-03208,2023-06-18,sms,0.4480412037595065,0,55,standard,1
M-03562,2023-06-18,email,0.346888847119598,0,20,new,1
M-03566,2023-06-18,email,0.08855670589262728,1,1,standard,0
M-02340,2023-06-19,push,0.24371413391300636,3,20,standard,0
M-03070,2023-06-19,email,0.5357381964107332,2,34,standard,1
M-03368,2023-06-19,push,0.24918984393620897,0,44,standard,1
M-02223,2023-06-19,email,0.5836005883373108,6,61,new,1
M-01058,2023-06-19,push,0.5375129295220442,0,43,high_value,0
M-01332,2023-06-19,email,0.5282400274579102,1,44,at_risk,0
M-00776,2023-06-19,email,0.3907189939939857,1,5,standard,1
M-02924,2023-06-19,sms,0.2736989574803311,2,9,standard,0
M-02693,2023-06-19,direct_mail,0.5513620117911844,2,73,new,0
M-02275,2023-06-19,push,0.12024480230904733,0,48,standard,0
M-02249,2023-06-19,push,0.061771422530591945,1,41,standard,0
M-02475,2023-06-19,email,0.0558817051451336,1,20,standard,0
M-03770,2023-06-19,sms,0.1689614898154775,1,23,standard,0
M-03668,2023-06-20,email,0.22924300092385277,0,118,standard,1
M-01840,2023-06-20,email,0.41237559913949484,0,98,new,0
M-00499,2023-06-20,sms,0.36800815608867454,0,18,high_value,1
M-01436,2023-06-20,sms,0.0935550710621536,0,54,standard,0
M-03007,2023-06-20,email,0.14830321053678286,2,39,at_risk,1
M-00953,2023-06-21,sms,0.20337179341862072,0,104,standard,1
M-00546,2023-06-21,push,0.031763267876793705,0,50,standard,1
M-02989,2023-06-21,email,0.09827155589694414,2,84,standard,0
M-01686,2023-06-21,sms,0.056747329288259915,1,48,standard,0
M-02759,2023-06-21,push,0.19028710488116116,1,17,standard,0
M-03217,2023-06-21,push,0.2185058301050573,3,7,standard,0
M-01495,2023-06-22,push,0.472109857103054,2,78,high_value,0
M-02565,2023-06-22,email,0.4992887108119316,0,29,standard,1
M-02761,2023-06-22,email,0.329538808361913,2,32,standard,0
M-03172,2023-06-22,push,0.18327640205863507,0,107,high_value,1
M-00993,2023-06-22,email,0.7703522521496339,1,93,standard,1
M-03675,2023-06-22,email,0.07308982465172267,3,20,at_risk,0
M-00794,2023-06-22,sms,0.13398281632458833,3,54,standard,0
M-01740,2023-06-22,push,0.25140549235037357,3,27,new,0
M-03774,2023-06-22,email,0.43308402101823934,2,107,high_value,1
M-01152,2023-06-22,push,0.4848495362174019,2,5,standard,0
M-00472,2023-06-22,email,0.5248502072402792,0,53,standard,1
M-00237,2023-06-22,direct_mail,0.19743777069662893,1,58,standard,0
M-00434,2023-06-23,email,0.3702358356139075,3,39,new,0
M-02660,2023-06-23,direct_mail,0.054349355135145994,0,51,new,0
M-02716,2023-06-23,email,0.35901208976903776,0,23,standard,1
M-02006,2023-06-23,push,0.4145335114062146,0,74,standard,0
M-00632,2023-06-23,push,0.3019303455556169,1,78,standard,0
M-01923,2023-06-23,email,0.3369124034786534,0,29,new,1
M-01443,2023-06-23,email,0.16277054465829752,0,108,standard,0
M-01099,2023-06-23,email,0.17102261383279943,1,19,standard,0
M-02998,2023-06-23,email,0.12829801146509073,1,115,standard,0
M-00620,2023-06-23,email,0.04926480634282334,0,59,standard,0
M-00004,2023-06-23,push,0.12188364991147027,1,17,new,1
M-02933,2023-06-23,email,0.4566045693186454,1,81,at_risk,1
M-00154,2023-06-23,direct_mail,0.07840153729809811,0,73,standard,1
M-00406,2023-06-23,email,0.5357500134321826,0,45,new,0
M-03219,2023-06-23,email,0.06320640816848541,1,14,new,0
M-03324,2023-06-23,sms,0.27262549987052437,4,27,new,0
M-01038,2023-06-24,direct_mail,0.14303093642527537,1,36,standard,0
M-03618,2023-06-24,push,0.48349265708352757,2,8,high_value,1
M-00139,2023-06-24,direct_mail,0.3713643305584488,2,53,high_value,1
M-00081,2023-06-24,direct_mail,0.2785457618839845,0,74,standard,0
M-00090,2023-06-24,direct_mail,0.06670898559083682,2,117,new,0
M-03260,2023-06-24,sms,0.13672221187203332,1,30,at_risk,0
M-00353,2023-06-24,direct_mail,0.38745832055644536,2,58,standard,0
M-03892,2023-06-24,email,0.4576425123734321,2,8,standard,1
M-02317,2023-06-24,sms,0.05762031953630529,1,74,standard,0
M-02953,2023-06-24,email,0.3199816547508863,1,24,new,0
M-03743,2023-06-25,sms,0.527478702763638,2,20,standard,1
M-00297,2023-06-25,push,0.40215624915597314,2,67,standard,0
M-03103,2023-06-25,email,0.06783606129627302,1,33,high_value,0
M-00120,2023-06-25,push,0.431790301686878,2,36,new,1
M-01991,2023-06-25,push,0.1915102301431076,4,91,high_value,1
M-02915,2023-06-25,sms,0.11442476070224519,1,59,high_value,0
M-00003,2023-06-25,email,0.1904905385397341,0,12,at_risk,0
M-03080,2023-06-25,sms,0.11684340742143355,4,59,high_value,0
M-03859,2023-06-25,sms,0.25322626886761657,0,36,standard,0
M-00755,2023-06-25,email,0.18773514290146948,1,87,new,1
M-03550,2023-06-25,sms,0.2137375764653055,1,66,high_value,1
M-02564,2023-06-25,sms,0.3704314654112888,2,96,standard,1
M-01417,2023-06-25,email,0.19656681419567912,2,23,new,0
M-02840,2023-06-25,sms,0.10024286350232157,1,7,standard,1
M-02134,2023-06-26,email,0.06782994586031205,1,21,standard,0
M-03124,2023-06-26,push,0.2602301764803832,1,64,at_risk,1
M-00284,2023-06-26,push,0.13601767575850526,1,3,new,0
M-00799,2023-06-26,direct_mail,0.5002899473488244,1,37,standard,1
M-03623,2023-06-26,email,0.11623418766961524,0,53,high_value,1
M-02077,2023-06-26,email,0.2647868659739844,2,20,standard,0
M-03355,2023-06-26,sms,0.2858759029728508,1,69,standard,1
M-01219,2023-06-26,push,0.2055152614925485,1,86,new,0
M-03813,2023-06-27,email,0.1427006802707648,0,66,standard,1
M-02156,2023-06-27,email,0.2365283560273788,1,98,standard,0
M-02145,2023-06-27,email,0.15560527662446402,0,19,at_risk,0
M-03811,2023-06-27,sms,0.19051002403174255,0,21,high_value,1
M-01262,2023-06-27,email,0.36876732077732427,1,67,standard,0
M-01728,2023-06-27,push,0.12781301247173743,0,73,standard,0
M-02520,2023-06-27,push,0.31407855883660657,3,71,high_value,1
M-01292,2023-06-27,push,0.17564069261339355,1,19,at_risk,0
M-00029,2023-06-27,push,0.44650133654199997,3,66,standard,1
M-03488,2023-06-27,email,0.3758476415272167,1,52,standard,1
M-00934,2023-06-27,sms,0.4266997543866841,0,90,standard,1
M-03600,2023-06-28,email,0.18199726992356868,0,37,high_value,1
M-00185,2023-06-28,sms,0.0724796982066711,0,59,at_risk,1
M-00868,2023-06-28,email,0.1846373047231095,4,60,new,1
M-03615,2023-06-28,push,0.39960536378629524,2,49,high_value,1
M-00688,2023-06-28,email,0.3309343482163152,3,96,standard,1
M-00218,2023-06-28,sms,0.1334319800608716,0,35,standard,0
M-03779,2023-06-28,sms,0.4146873974217737,1,3,high_value,1
M-03555,2023-06-28,direct_mail,0.23558587377400073,3,98,standard,0
M-02859,2023-06-28,direct_mail,0.4238805354720642,0,1,new,0
M-00922,2023-06-28,push,0.3627775108393965,2,58,new,0
M-01642,2023-06-28,email,0.249755983175862,2,102,new,1
M-02734,2023-06-28,email,0.15779264584059854,3,44,standard,1
M-00266,2023-06-28,sms,0.42218896222074237,2,110,standard,1
M-02801,2023-06-28,email,0.35000927686874217,0,64,high_value,1
M-00046,2023-06-28,push,0.10431092272867044,1,36,at_risk,0
M-00213,2023-06-29,sms,0.22865803412657076,1,51,high_value,1
M-03079,2023-06-29,push,0.11826155152499622,0,101,new,0
M-01091,2023-06-29,direct_mail,0.24421410689641096,0,25,high_value,0
M-01472,2023-06-29,direct_mail,0.15787747120982074,0,63,new,0
M-01183,2023-06-29,push,0.1258439578941383,2,8,standard,0
M-00882,2023-06-29,email,0.3303596933172203,2,90,high_value,1
M-01056,2023-06-29,push,0.5166388820992349,2,79,at_risk,0
M-02381,2023-06-29,sms,0.32884342032054703,2,68,at_risk,0
M-03746,2023-06-29,push,0.25184336729780965,2,14,standard,0
M-02039,2023-06-29,email,0.4809146074721932,0,72,standard,0
M-01889,2023-06-29,push,0.18075117226989035,1,28,standard,0
M-01330,2023-06-29,push,0.19503360551591623,1,65,standard,1
M-03499,2023-06-29,sms,0.2989293334665704,0,20,at_risk,0
M-01372,2023-06-29,sms,0.22829123706720755,1,8,new,0
M-01318,2023-06-29,push,0.10862818457781073,2,61,at_risk,1
M-03816,2023-06-30,email,0.3344103491500257,0,18,high_value,1
M-03452,2023-06-30,sms,0.12099282729587205,2,44,standard,0
M-02644,2023-06-30,sms,0.24037509053740677,2,63,standard,1
M-01918,2023-06-30,email,0.4783126415375124,0,46,at_risk,0
M-03142,2023-06-30,push,0.28487159569543846,1,9,new,0
M-02434,2023-06-30,email,0.6316357470718179,2,18,at_risk,0
M-03665,2023-06-30,direct_mail,0.3980108939147864,1,107,new,1
M-03980,2023-06-30,email,0.20380870371235132,1,111,standard,1
M-03586,2023-06-30,email,0.3723127024806464,1,73,standard,1
M-00019,2023-06-30,email,0.2228914277600552,0,61,standard,1
M-02577,2023-06-30,push,0.17979368900520898,1,61,standard,1
M-00030,2023-06-30,email,0.2748462152640991,1,62,standard,0
M-02216,2023-06-30,sms,0.32082329099533974,0,95,at_risk,0
M-01367,2023-07-01,email,0.3866340052729439,1,44,at_risk,1
M-03883,2023-07-01,email,0.603883839989567,0,20,standard,1
M-00832,2023-07-01,direct_mail,0.11586574073885923,1,98,standard,0
M-03396,2023-07-01,sms,0.0867925361348136,1,101,at_risk,0
M-02204,2023-07-01,push,0.5238451816669903,0,18,high_value,1
M-01852,2023-07-01,sms,0.33447356072086754,1,95,standard,1
M-02046,2023-07-01,sms,0.23042975297830337,3,96,high_value,1
M-01565,2023-07-01,sms,0.14132998009777717,2,82,standard,1
M-00791,2023-07-01,sms,0.15273622337184262,1,53,standard,1
M-02336,2023-07-01,sms,0.3218994355362697,3,116,standard,1
M-00505,2023-07-01,email,0.07133926611529814,1,15,at_risk,0
M-02242,2023-07-01,email,0.3336206831672221,2,95,new,1
M-01802,2023-07-01,push,0.2042497368918171,1,9,at_risk,0
M-02390,2023-07-01,email,0.30562786655677443,0,7,at_risk,1
M-03442,2023-07-02,push,0.1842014197699223,2,84,standard,0
M-01457,2023-07-02,email,0.3207600847309711,0,99,standard,0
M-00870,2023-07-02,sms,0.12366248132722184,2,4,standard,1
M-02179,2023-07-02,email,0.13887516966516586,3,91,standard,1
M-00221,2023-07-02,email,0.15826625212608664,0,100,standard,0
M-02844,2023-07-02,email,0.20832852227323187,0,12,at_risk,0
M-01742,2023-07-02,email,0.2941057372299545,0,36,at_risk,0
M-00536,2023-07-02,email,0.42263969328830914,1,56,high_value,0
M-02845,2023-07-02,sms,0.25136367610604793,1,63,standard,1
M-00204,2023-07-02,direct_mail,0.2883240043389455,0,96,standard,0
M-02990,2023-07-02,push,0.12458734456647273,2,113,new,0
M-02506,2023-07-03,sms,0.4403419616192063,2,7,high_value,0
M-00113,2023-07-03,sms,0.12531702211406184,2,25,at_risk,0
M-03015,2023-07-03,email,0.22369882845145111,2,54,standard,1
M-00915,2023-07-03,push,0.486187395935469,1,16,high_value,1
M-02003,2023-07-03,email,0.31274322376476804,0,56,standard,1
M-00904,2023-07-03,sms,0.480140038163154,4,88,standard,1
M-01554,2023-07-03,push,0.1360842071921734,1,77,standard,1
M-00797,2023-07-03,email,0.37065593143073133,0,84,at_risk,1
M-02273,2023-07-04,push,0.27164043546457306,3,37,new,0
M-02581,2023-07-04,email,0.6467094689326874,0,55,at_risk,1
M-00938,2023-07-04,email,0.4754453361182619,0,113,standard,1
M-01212,2023-07-04,direct_mail,0.3456757316248253,1,4,high_value,0
M-00646,2023-07-04,sms,0.1299995075662813,2,75,high_value,0
M-02019,2023-07-04,email,0.16350642179325892,1,100,standard,1
M-03131,2023-07-04,push,0.21709526927982037,5,5,standard,1
M-00175,2023-07-04,email,0.29306150165835854,0,2,high_value,1
M-02729,2023-07-04,email,0.15950965453590787,3,70,new,0
M-00334,2023-07-04,sms,0.364575406591268,0,7,standard,0
M-01519,2023-07-04,email,0.4329908298729127,1,109,standard,1
M-02188,2023-07-04,email,0.4201327610996455,1,77,new,1
M-02464,2023-07-05,push,0.44441085034554423,3,18,high_value,1
M-03291,2023-07-05,sms,0.3437499983525159,0,6,new,0
M-00230,2023-07-05,sms,0.2904670983787263,0,98,standard,0
M-02715,2023-07-05,push,0.3400562482135264,0,50,new,0
M-03953,2023-07-05,sms,0.201960147415015,0,57,standard,0
M-03630,2023-07-05,email,0.32695980277467696,1,42,standard,0
M-02076,2023-07-05,email,0.17478909515465463,2,53,new,0
M-01247,2023-07-05,direct_mail,0.40527552058860683,2,88,high_value,1
M-00611,2023-07-05,sms,0.19027368468111783,0,114,standard,0
M-02408,2023-07-05,email,0.20151395222135932,2,119,high_value,0
M-00484,2023-07-05,sms,0.10202584889243675,1,86,high_value,0
M-00072,2023-07-05,push,0.3659988237452141,1,85,high_value,1
M-02353,2023-07-05,email,0.43211438685117093,3,81,standard,1
M-01498,2023-07-06,email,0.1740862691366849,0,90,standard,1
M-01074,2023-07-06,push,0.15738042016472356,0,12,high_value,1
M-03089,2023-07-06,sms,0.5599785526289519,0,79,new,1
M-00276,2023-07-06,push,0.22768563980962725,2,117,standard,1
M-02643,2023-07-06,push,0.3882533923662935,1,83,at_risk,1
M-00053,2023-07-06,email,0.16359023366830527,0,65,at_risk,1
M-01953,2023-07-06,direct_mail,0.16060231127039706,1,60,new,0
M-00473,2023-07-06,push,0.4075778930798726,1,73,new,0
M-00709,2023-07-06,push,0.21801997067102458,1,73,high_value,1
M-01801,2023-07-07,direct_mail,0.29012303414177726,1,9,new,1
M-01967,2023-07-07,sms,0.2757686591750083,0,116,standard,0
M-01767,2023-07-07,email,0.5653059441406778,1,40,standard,1
M-02453,2023-07-07,push,0.28232761295559466,2,44,new,1
M-01101,2023-07-07,email,0.3993375817450201,1,42,at_risk,1
M-03285,2023-07-07,email,0.30109097258836454,0,115,new,0
M-00069,2023-07-07,email,0.35202005167778905,1,88,standard,1
M-01696,2023-07-07,email,0.02848920878438416,0,33,high_value,0
M-02526,2023-07-07,direct_mail,0.1746163293588127,0,3,standard,1
M-02975,2023-07-07,sms,0.32312281217083644,2,18,new,1
M-03559,2023-07-07,push,0.472403213828545,2,17,standard,0
M-03661,2023-07-07,email,0.39460093574771277,1,100,at_risk,0
M-00366,2023-07-07,push,0.18548700949567662,0,62,high_value,0
M-03138,2023-07-07,sms,0.538007642934749,0,106,at_risk,1
M-01711,2023-07-07,sms,0.19155067755200722,1,116,new,0
M-02548,2023-07-08,sms,0.12251586823142666,0,38,high_value,1
M-02912,2023-07-08,sms,0.1814958287787642,1,115,standard,1
M-03122,2023-07-08,email,0.22307709449929997,0,72,high_value,1
M-00123,2023-07-08,email,0.6593383929769089,1,63,standard,1
M-00108,2023-07-08,sms,0.2536988128350337,3,117,standard,1
M-01430,2023-07-08,sms,0.06018483132189096,2,43,standard,1
M-03937,2023-07-08,sms,0.23835303871812522,1,81,standard,0
M-02458,2023-07-09,email,0.14572140556509564,0,26,standard,1
M-00973,2023-07-09,push,0.16246813065424734,0,117,standard,0
M-02394,2023-07-09,email,0.3947828448949364,2,62,high_value,1
M-03450,2023-07-09,email,0.25327579784460835,0,22,standard,0
M-03409,2023-07-09,push,0.3776420049376419,2,57,high_value,0
M-02025,2023-07-09,sms,0.5047621553744802,1,92,new,0
M-02462,2023-07-09,direct_mail,0.3011254522331656,3,65,standard,0
M-00289,2023-07-09,push,0.37552207382520325,2,67,standard,1
M-00943,2023-07-09,email,0.25238606081353504,1,109,standard,1
M-03635,2023-07-09,direct_mail,0.382220951634032,3,84,new,1
M-01788,2023-07-09,email,0.4210369233217316,0,25,high_value,1
M-03873,2023-07-10,push,0.29649021362737144,2,51,standard,1
M-00708,2023-07-10,push,0.506943210686804,2,51,new,1
M-00518,2023-07-10,sms,0.1592776823022119,1,37,standard,0
M-01419,2023-07-10,push,0.49484748924715344,1,21,new,0
M-02238,2023-07-10,sms,0.10060995890855251,1,3,high_value,0
M-03989,2023-07-10,sms,0.14534761667850554,2,97,standard,1
M-02455,2023-07-10,sms,0.05771756195622615,1,33,standard,1
M-00075,2023-07-10,push,0.01894236985726148,0,40,standard,0
M-01540,2023-07-10,sms,0.17985582736043798,2,96,standard,1
M-03497,2023-07-10,email,0.43915053679041255,0,77,at_risk,1
M-03970,2023-07-10,direct_mail,0.64606597558448,0,63,new,0
M-02979,2023-07-10,email,0.3970101991031141,1,62,standard,1
M-03845,2023-07-10,email,0.21249142375634683,0,49,standard,0
M-00972,2023-07-10,push,0.3155891181638463,1,81,standard,0
M-03137,2023-07-10,push,0.199441653290554,2,59,at_risk,0
M-01100,2023-07-11,email,0.40889232737098596,3,19,standard,1
M-00784,2023-07-11,email,0.4731729133737937,2,118,standard,1
M-01201,2023-07-11,email,0.1112157564246882,2,114,standard,1
M-01507,2023-07-11,sms,0.2958377174562188,0,83,standard,1
M-03261,2023-07-11,push,0.36318383012714994,0,50,at_risk,0
M-03055,2023-07-11,push,0.47193094690678455,1,87,high_value,1
M-02959,2023-07-11,email,0.2573534333946346,1,77,standard,1
M-00767,2023-07-11,direct_mail,0.5604697821253917,1,32,standard,1
M-02768,2023-07-11,push,0.32735014341100516,4,36,standard,1
M-01794,2023-07-11,sms,0.3707886279408423,0,41,new,0
M-01798,2023-07-11,push,0.3798045583721282,3,113,standard,0
M-00621,2023-07-11,push,0.11744335398952123,1,77,standard,0
M-00643,2023-07-12,email,0.49405041221551144,0,119,new,1
M-02177,2023-07-12,email,0.24021064918229543,3,32,standard,0
M-03071,2023-07-12,email,0.29146398730589146,0,72,at_risk,1
M-01931,2023-07-12,email,0.24063765523008832,2,95,new,1
M-03922,2023-07-12,sms,0.27504119303037794,1,14,at_risk,0
M-01807,2023-07-12,push,0.125007033165925,0,48,new,0
M-03655,2023-07-12,push,0.5367541024344155,2,35,high_value,1
M-02685,2023-07-12,email,0.24156895506789197,1,107,new,0
M-03854,2023-07-12,sms,0.18067776771661126,0,55,new,0
M-03426,2023-07-12,push,0.25363967297668205,1,23,standard,0
M-00275,2023-07-12,sms,0.2774715740499132,2,39,standard,0
M-01145,2023-07-13,sms,0.11922720930872352,1,100,new,0
M-01516,2023-07-13,email,0.4979401906142801,2,81,at_risk,1
M-02843,2023-07-13,sms,0.1949091850524029,0,34,high_value,1
M-02957,2023-07-14,email,0.13560485553494078,1,49,at_risk,0
M-02415,2023-07-14,push,0.16411455586348514,2,67,high_value,0
M-00281,2023-07-14,sms,0.4864824817391423,3,54,standard,0
M-01030,2023-07-15,email,0.14244674740946664,2,29,high_value,0
M-00443,2023-07-15,push,0.2458348666346274,1,107,new,1
M-01243,2023-07-15,push,0.08089876939896155,2,113,at_risk,1
M-02155,2023-07-15,push,0.1492100074658129,1,9,high_value,0
M-03014,2023-07-15,email,0.42212638377880385,2,91,standard,1
M-00650,2023-07-15,direct_mail,0.3195061628053145,0,12,standard,1
M-01491,2023-07-15,email,0.14004175567259802,3,23,standard,1
M-00728,2023-07-15,email,0.20668732281209862,0,28,at_risk,1
M-01476,2023-07-16,sms,0.28656791691419886,1,117,at_risk,1
M-03643,2023-07-16,email,0.1447915051938693,1,114,high_value,0
M-01917,2023-07-16,email,0.2589031066086032,0,35,standard,0
M-02297,2023-07-16,email,0.3375871344746308,1,50,new,1
M-03708,2023-07-16,email,0.5579647149445641,0,33,at_risk,0
M-00283,2023-07-16,email,0.2439042348014981,2,70,standard,1
M-01115,2023-07-16,sms,0.03929208569089298,2,89,high_value,1
M-02738,2023-07-16,sms,0.09390170321472913,2,103,high_value,1
M-00717,2023-07-16,email,0.1159037557186246,2,59,standard,1
M-03140,2023-07-16,email,0.32263459146619317,0,55,at_risk,0
M-01017,2023-07-17,email,0.08784974629492392,0,44,standard,0
M-02976,2023-07-17,push,0.2080018594189487,0,12,at_risk,0
M-00234,2023-07-17,email,0.2104781530021754,2,46,high_value,1
M-00251,2023-07-17,sms,0.16822110923642117,0,112,standard,1
M-03139,2023-07-17,direct_mail,0.34615110054329806,0,100,new,0
M-00562,2023-07-17,push,0.23902401548576335,1,102,standard,0
M-02539,2023-07-17,push,0.19161572214614073,2,95,standard,0
M-01548,2023-07-17,email,0.28459592967788455,1,65,standard,1
M-01518,2023-07-17,push,0.554826917894814,1,15,standard,0
M-03659,2023-07-17,sms,0.21556434407434144,0,116,high_value,1
M-03841,2023-07-17,email,0.2295301190982661,1,75,at_risk,0
M-01119,2023-07-17,email,0.20675162606429487,1,78,new,1
M-01352,2023-07-18,sms,0.3028277984051723,3,96,standard,1
M-02010,2023-07-18,sms,0.41778048726295175,0,104,standard,1
M-02641,2023-07-18,email,0.12822550677481853,1,61,standard,1
M-00182,2023-07-18,push,0.0725900749687804,3,108,at_risk,0
M-00184,2023-07-18,sms,0.3797259811464071,2,112,at_risk,1
M-01813,2023-07-18,email,0.19278074066714432,0,68,new,1
M-00202,2023-07-18,push,0.3226899639101146,0,96,standard,1
M-03449,2023-07-18,sms,0.08807687466362404,0,96,at_risk,0
M-01355,2023-07-18,sms,0.18107060470248168,0,54,standard,1
M-02663,2023-07-18,sms,0.3654732483650027,0,36,high_value,1
M-03115,2023-07-19,email,0.5330942449017426,2,27,standard,1
M-02537,2023-07-19,email,0.7026669915184304,1,9,new,1
M-00054,2023-07-19,sms,0.26982502264894875,1,75,new,0
M-01161,2023-07-19,direct_mail,0.29200665898311834,0,66,at_risk,0
M-00404,2023-07-19,sms,0.45131022521294967,1,9,standard,0
M-02947,2023-07-19,email,0.13752843751371507,0,100,new,1
M-00452,2023-07-19,sms,0.45639649644049946,1,115,at_risk,1
M-03637,2023-07-19,sms,0.1394053221478942,3,74,standard,1
M-02253,2023-07-20,push,0.06676442537903717,0,56,standard,1
M-03926,2023-07-20,sms,0.3027000174808299,1,107,at_risk,0
M-03705,2023-07-20,email,0.6425889579269887,2,5,at_risk,0
M-01052,2023-07-20,sms,0.16230793738972088,4,51,standard,1
M-02596,2023-07-20,sms,0.35233255866389795,4,54,standard,1
M-00179,2023-07-20,direct_mail,0.296807236839561,2,113,new,1
M-00405,2023-07-20,push,0.5685185601117889,6,15,high_value,1
M-00020,2023-07-20,push,0.28166098431226005,6,99,standard,1
M-01151,2023-07-21,email,0.22698180506680432,1,83,standard,0
M-01007,2023-07-21,sms,0.17100879418203455,4,50,standard,0
M-01090,2023-07-21,email,0.5308424691555291,0,60,standard,1
M-03373,2023-07-21,sms,0.19138780017905707,2,9,at_risk,1
M-01378,2023-07-21,push,0.576852496240368,1,76,standard,1
M-00555,2023-07-21,email,0.36109911549184065,0,7,new,1
M-00666,2023-07-21,push,0.1006278622758038,1,53,high_value,0
M-02349,2023-07-21,sms,0.3004456405666356,1,79,standard,1
M-03128,2023-07-21,direct_mail,0.43932932531508573,4,99,standard,1
M-01736,2023-07-21,email,0.057946253741431385,0,38,standard,0
M-00875,2023-07-21,push,0.12916460454983805,1,38,standard,0
M-01766,2023-07-21,email,0.16957654395608793,2,32,standard,1
M-02900,2023-07-22,push,0.52004499380823,6,73,at_risk,1
M-01617,2023-07-22,email,0.24466909674137444,2,69,new,0
M-00628,2023-07-22,email,0.34537309471005767,3,3,high_value,1
M-01216,2023-07-22,sms,0.5666199203231045,1,31,standard,1
M-03376,2023-07-22,sms,0.11196770571627825,2,66,standard,1
M-03375,2023-07-22,direct_mail,0.4299556363907732,0,6,at_risk,1
M-03761,2023-07-22,email,0.19338938210784898,1,108,new,0
M-02684,2023-07-22,email,0.3759752259959936,2,107,at_risk,1
M-02714,2023-07-22,direct_mail,0.29967217199907387,0,32,high_value,0
M-02250,2023-07-22,email,0.011368202090652318,0,90,standard,0
M-00114,2023-07-22,email,0.025633046313845283,2,118,standard,1
M-00419,2023-07-22,sms,0.6360197808691825,1,107,high_value,1
M-03011,2023-07-22,sms,0.26702794110656647,3,68,standard,0
M-00158,2023-07-22,push,0.471179422146753,0,20,standard,1
M-03902,2023-07-23,direct_mail,0.2572582944298368,1,12,high_value,0
M-01489,2023-07-23,sms,0.08190412154837629,2,42,new,1
M-00444,2023-07-23,push,0.55108838852732,1,105,new,1
M-01050,2023-07-23,email,0.7279691949620736,1,46,standard,0
M-01240,2023-07-23,sms,0.13154242369966168,0,104,new,0
M-00896,2023-07-23,direct_mail,0.42078989014225726,0,86,standard,0
M-03939,2023-07-23,email,0.27952776479690356,1,89,new,0
M-02951,2023-07-23,push,0.33012662004530063,0,16,new,0
M-02065,2023-07-23,direct_mail,0.5175483064909647,1,97,standard,0
M-00939,2023-07-23,sms,0.39917479999906763,1,119,standard,0
M-03994,2023-07-24,sms,0.45583517618078595,0,36,high_value,1
M-02742,2023-07-24,push,0.013389279458759343,2,68,standard,0
M-02312,2023-07-24,direct_mail,0.15524187220065033,0,102,new,1
M-00016,2023-07-25,email,0.42764243147629444,2,78,new,1
M-01441,2023-07-25,push,0.12403191301586143,0,5,standard,0
M-01679,2023-07-25,push,0.26692501820633013,0,27,standard,1
M-02958,2023-07-25,push,0.05006975271647325,1,46,high_value,1
M-00999,2023-07-25,sms,0.29139015003449237,0,15,standard,0
M-03664,2023-07-25,email,0.265645196858569,0,16,standard,1
M-03310,2023-07-25,email,0.4886628037717837,4,15,new,1
M-00607,2023-07-25,direct_mail,0.4140581585013952,1,103,standard,0
M-02810,2023-07-25,sms,0.32536947335752436,0,40,standard,1
M-01295,2023-07-25,sms,0.30304916165720247,2,72,high_value,1
M-03656,2023-07-25,sms,0.17880152326828047,2,88,high_value,0
M-01206,2023-07-26,sms,0.40723343935348166,1,46,new,1
M-00802,2023-07-26,push,0.6149130080716689,2,47,standard,0
M-01719,2023-07-26,email,0.08998364366258013,3,66,new,0
M-02263,2023-07-26,email,0.5987249636435847,1,42,at_risk,1
M-03653,2023-07-26,push,0.5021155353112077,1,28,standard,1
M-02875,2023-07-26,push,0.17173359919003953,1,89,at_risk,1
M-03420,2023-07-26,email,0.3177432356128997,0,22,new,1
M-00343,2023-07-26,direct_mail,0.295937401834981,1,10,high_value,1
M-01582,2023-07-26,sms,0.36373445645897223,0,41,new,0
M-01459,2023-07-26,sms,0.5884279008208291,1,89,standard,1
M-00548,2023-07-26,email,0.41501465095253476,0,7,at_risk,1
M-01164,2023-07-26,sms,0.1916839435582812,3,83,new,1
M-02132,2023-07-27,sms,0.19383306536741138,1,81,high_value,1
M-01915,2023-07-27,sms,0.2638751108836034,1,19,new,1
M-03243,2023-07-27,email,0.6248082510009083,2,112,standard,1
M-02949,2023-07-27,email,0.3872379611533753,1,13,high_value,1
M-00365,2023-07-27,email,0.26809364715306877,1,44,standard,1
M-01014,2023-07-27,sms,0.48531807078781514,1,102,standard,1
M-03900,2023-07-27,sms,0.06310780972107516,3,109,new,1
M-00716,2023-07-27,email,0.4751474765691538,1,106,standard,1
M-03808,2023-07-27,push,0.5013490386973632,1,1,standard,0
M-00448,2023-07-28,push,0.43676467923316636,3,48,high_value,1
M-02476,2023-07-28,email,0.2617125169051318,1,112,standard,0
M-03551,2023-07-28,push,0.1258022459423924,2,97,high_value,1
M-00700,2023-07-28,push,0.19915538242789238,2,99,standard,1
M-03956,2023-07-28,email,0.2614793752664426,0,66,standard,1
M-02731,2023-07-28,email,0.10809454864444185,4,103,at_risk,1
M-02713,2023-07-28,push,0.2675137005353276,1,108,standard,0
M-00295,2023-07-28,direct_mail,0.6431510779527608,4,5,standard,1
M-02431,2023-07-28,email,0.251004354200276,2,55,at_risk,1
M-02776,2023-07-28,email,0.3097567930482001,1,5,new,0
M-03866,2023-07-28,push,0.16490827592545876,2,65,high_value,0
M-03999,2023-07-28,push,0.34355769940960756,2,101,standard,1
M-01799,2023-07-28,push,0.18614030129980963,0,74,standard,1
M-01009,2023-07-28,sms,0.2683398428121951,0,98,standard,0
M-01848,2023-07-28,email,0.03951349715539094,1,85,standard,1
M-01685,2023-07-28,email,0.27445715401398874,0,39,standard,1
M-03468,2023-07-29,email,0.06999740056436879,1,102,standard,1
M-03936,2023-07-29,sms,0.19170119036755537,1,8,standard,0
M-03336,2023-07-29,email,0.33673674086855027,1,11,standard,0
M-03391,2023-07-29,email,0.40144311825346307,2,66,new,0
M-00892,2023-07-29,email,0.319251728447409,1,72,standard,0
M-01310,2023-07-29,push,0.3682738630476329,0,33,at_risk,1
M-00577,2023-07-29,email,0.0831361790091332,1,109,standard,1
M-00711,2023-07-29,push,0.442065842209902,1,87,high_value,1
M-01858,2023-07-29,push,0.11072937076354403,1,95,standard,0
M-00678,2023-07-29,email,0.31885834826278703,2,8,standard,1
M-03359,2023-07-30,push,0.47478988735680916,1,56,standard,1
M-02608,2023-07-30,sms,0.3097328384150758,1,10,new,1
M-02028,2023-07-30,email,0.056677284433070324,0,94,new,1
M-01664,2023-07-30,push,0.14727025448194772,1,2,at_risk,0
M-02488,2023-07-30,push,0.34298144100844996,1,43,standard,1
M-00010,2023-07-30,email,0.33232341115250413,2,51,standard,0
M-03264,2023-07-30,email,0.7205486972078593,2,20,new,1
M-01073,2023-07-30,email,0.07472368683873247,2,13,at_risk,1
M-01194,2023-07-30,email,0.5977068272798596,1,102,standard,1
M-02517,2023-07-30,direct_mail,0.14200458607027727,2,69,standard,0
M-03727,2023-07-30,sms,0.03912132101694563,0,9,at_risk,1
M-00996,2023-07-30,sms,0.11531333247711902,3,68,at_risk,1
M-01391,2023-07-31,email,0.5964953674874905,0,6,at_risk,0
M-03772,2023-07-31,sms,0.06364669363075279,1,67,at_risk,0
M-03737,2023-07-31,email,0.33064764515127915,0,21,standard,0
M-03645,2023-07-31,push,0.21666280373462038,2,51,new,1
M-01500,2023-07-31,push,0.27234761384071193,0,84,new,1
M-03043,2023-07-31,email,0.20345217716954062,0,5,standard,0
M-01919,2023-07-31,email,0.3516003969945783,0,116,standard,0
M-01956,2023-07-31,sms,0.23218141635308556,1,67,standard,1
M-00994,2023-07-31,email,0.20219440201126251,0,13,at_risk,0
M-03538,2023-07-31,email,0.34966649249853515,2,77,standard,1
M-00746,2023-08-01,sms,0.33220170434705043,0,113,standard,0
M-01298,2023-08-01,push,0.2146786386795546,0,94,standard,1
M-03477,2023-08-01,sms,0.18566529479477623,2,81,standard,0
M-03016,2023-08-01,email,0.31622864275342205,0,1,standard,1
M-02538,2023-08-01,email,0.2594697292402192,1,37,standard,1
M-03776,2023-08-01,email,0.37352321150277523,0,1,standard,1
M-01957,2023-08-01,push,0.18269497896042713,1,79,at_risk,1
M-02047,2023-08-01,sms,0.33050007979119655,2,22,new,1
M-00487,2023-08-01,direct_mail,0.2875756600341645,2,9,new,0
M-02410,2023-08-01,email,0.2959031122702646,0,84,at_risk,0
M-01163,2023-08-01,sms,0.14552223852021048,2,68,standard,1
M-02606,2023-08-01,sms,0.3150724271537569,0,117,at_risk,1
M-00506,2023-08-01,push,0.33779214289049736,2,33,standard,0
M-02948,2023-08-01,email,0.19911623382564622,3,67,at_risk,1
M-03495,2023-08-01,direct_mail,0.22723254533552184,3,112,high_value,1
M-02592,2023-08-01,email,0.36798995166808834,1,22,standard,1
M-01901,2023-08-01,sms,0.3574479685810016,1,2,standard,1
M-01146,2023-08-01,push,0.053498774189244404,4,81,standard,1
M-01990,2023-08-01,sms,0.30331136285386184,3,34,standard,0
M-01668,2023-08-02,email,0.46705320803355493,0,33,standard,0
M-03896,2023-08-02,email,0.15351805977166091,0,60,new,0
M-01334,2023-08-02,email,0.22122724470120816,2,118,standard,1
M-01900,2023-08-02,sms,0.15201250166449243,1,47,standard,1
M-01340,2023-08-02,sms,0.08135587364959447,2,117,standard,1
M-01552,2023-08-02,email,0.17960121813494764,0,8,standard,0
M-02765,2023-08-02,email,0.20308468122144582,3,62,standard,0
M-02309,2023-08-02,push,0.0604198946533298,3,39,standard,1
M-00655,2023-08-02,email,0.1691616294134924,0,36,standard,0
M-00350,2023-08-02,push,0.127844616041713,2,89,standard,1
M-02793,2023-08-02,sms,0.11796468294879497,2,111,standard,1
M-01724,2023-08-02,direct_mail,0.47289215176129706,3,96,high_value,1
M-02665,2023-08-03,direct_mail,0.1892227330072353,0,82,standard,0
M-00605,2023-08-03,push,0.2690044184459725,2,63,high_value,1
M-01635,2023-08-03,push,0.22314211010334672,4,104,high_value,1
M-02895,2023-08-03,push,0.31591216479138834,1,49,at_risk,0
M-01921,2023-08-03,email,0.6930461415184365,1,49,new,1
M-00647,2023-08-03,push,0.20795575508462807,2,25,standard,1
M-00560,2023-08-03,push,0.16506929168388568,2,19,standard,1
M-03678,2023-08-04,sms,0.13911612240059315,0,98,at_risk,0
M-00930,2023-08-04,email,0.18140182094433538,1,28,at_risk,1
M-00876,2023-08-04,sms,0.345353376945877,1,13,standard,1
M-03344,2023-08-04,email,0.7826250389675212,2,26,standard,1
M-02350,2023-08-04,email,0.381826709562198,1,79,new,1
M-03110,2023-08-04,push,0.33850132457685406,1,47,new,1
M-01139,2023-08-04,push,0.5826562755494699,2,67,standard,1
M-03466,2023-08-04,email,0.3928215582344054,3,44,standard,1
M-03298,2023-08-04,push,0.3605957894647061,3,12,new,0
M-02138,2023-08-04,email,0.27390245028562554,1,20,standard,0
M-02335,2023-08-04,email,0.12937480994707734,1,50,at_risk,0
M-03636,2023-08-05,push,0.5709454105701438,1,78,high_value,0
M-02117,2023-08-05,sms,0.16534222309473717,0,28,standard,1
M-03978,2023-08-05,email,0.12159501027825988,1,71,standard,1
M-02923,2023-08-05,email,0.0433105888082832,1,10,at_risk,0
M-01258,2023-08-05,email,0.1738396874572404,1,61,standard,1
M-00926,2023-08-05,email,0.39801859639287906,2,58,standard,1
M-03340,2023-08-05,direct_mail,0.10101719724175842,3,64,high_value,1
M-00288,2023-08-05,email,0.30842344069863664,1,52,standard,0
M-01379,2023-08-05,email,0.39681413567580204,0,86,high_value,1
M-01847,2023-08-05,push,0.23460587699351967,2,67,at_risk,0
M-00538,2023-08-05,sms,0.21100063544866104,0,117,standard,1
M-02820,2023-08-05,push,0.3176633428173961,0,51,new,0
M-02153,2023-08-06,sms,0.16647025369979557,2,70,standard,0
M-02835,2023-08-06,sms,0.11003897435344119,2,23,high_value,1
M-03860,2023-08-06,email,0.5870741310165075,0,87,standard,1
M-03940,2023-08-06,email,0.2818563375751179,0,21,high_value,1
M-00916,2023-08-06,sms,0.39294614137038064,1,14,standard,1
M-00806,2023-08-06,direct_mail,0.07632477950684595,0,70,standard,1
M-00304,2023-08-06,direct_mail,0.256084566007227,0,58,at_risk,0
M-02136,2023-08-06,email,0.2767792999435472,2,80,standard,1
M-00788,2023-08-06,push,0.4289391884528806,1,74,standard,1
M-00228,2023-08-07,sms,0.14538828511845434,2,100,standard,1
M-02774,2023-08-07,email,0.16454178125168,2,31,at_risk,0
M-03631,2023-08-07,push,0.5277691398425159,1,49,standard,0
M-00056,2023-08-07,email,0.05936134101494429,3,87,high_value,1
M-00294,2023-08-07,email,0.25021897963009077,3,39,standard,0
M-03757,2023-08-07,email,0.3086206220474215,1,74,new,1
M-02342,2023-08-07,email,0.03936156122138152,3,98,standard,0
M-00982,2023-08-07,sms,0.12053250306634901,3,58,standard,1
M-00028,2023-08-07,sms,0.35466359444486384,0,67,high_value,1
M-02118,2023-08-07,email,0.37483181564790696,0,85,new,0
M-02833,2023-08-07,email,0.24243347825161396,5,86,standard,1
M-00330,2023-08-07,push,0.15542901118432254,3,42,at_risk,0
M-03827,2023-08-08,sms,0.13013816914995188,1,106,standard,0
M-01576,2023-08-08,push,0.14921792243659715,2,40,at_risk,1
M-00991,2023-08-08,push,0.33781453892329183,1,72,standard,1
M-03822,2023-08-08,email,0.17751553794944908,0,88,new,1
M-03476,2023-08-08,email,0.5128632401636106,1,48,at_risk,1
M-01322,2023-08-08,sms,0.2283722041285596,2,76,new,0
M-00878,2023-08-08,push,0.1819697934864011,0,84,at_risk,0
M-03913,2023-08-09,sms,0.1641524815405187,4,5,at_risk,0
M-03065,2023-08-09,direct_mail,0.2685676380409118,1,100,new,1
M-02403,2023-08-09,email,0.3363798344084984,3,20,high_value,1
M-03145,2023-08-09,email,0.2950694321668555,2,62,standard,0
M-02251,2023-08-09,email,0.41545396203296775,3,45,standard,1
M-01496,2023-08-09,email,0.05368909347626063,2,108,standard,0
M-01663,2023-08-10,email,0.44306068637180784,1,14,at_risk,1
M-00307,2023-08-10,email,0.12753639958346627,1,70,standard,1
M-01221,2023-08-10,direct_mail,0.23992560276607963,2,53,new,0
M-00654,2023-08-10,sms,0.22340778109994744,1,74,high_value,0
M-03785,2023-08-10,sms,0.14059762233122475,3,78,standard,0
M-00761,2023-08-10,email,0.2953613166503599,0,86,standard,1
M-01624,2023-08-10,push,0.06777460714547431,3,87,standard,0
M-01839,2023-08-10,email,0.3760114408509201,2,4,at_risk,0
M-00329,2023-08-10,sms,0.2921310295899771,3,117,high_value,0
M-01364,2023-08-10,email,0.10483348965955779,1,11,standard,0
M-00131,2023-08-10,email,0.44494079825198685,3,6,at_risk,1
M-03597,2023-08-10,email,0.5134763095927682,0,78,standard,1
M-01937,2023-08-10,email,0.3582889931993938,4,83,at_risk,0
M-02334,2023-08-10,sms,0.009227193357085382,2,71,standard,0
M-01996,2023-08-10,sms,0.1531788943787405,0,9,standard,1
M-00033,2023-08-10,push,0.3104776788234545,1,68,high_value,1
M-02585,2023-08-10,direct_mail,0.4138550333537522,0,116,high_value,0
M-01128,2023-08-11,push,0.5488107772533029,1,15,standard,0
M-01083,2023-08-11,push,0.4415821005059132,2,70,standard,1
M-00455,2023-08-11,sms,0.4306210070311896,2,81,standard,1
M-03660,2023-08-11,sms,0.19535190314982984,2,116,at_risk,0
M-00157,2023-08-11,direct_mail,0.19095044021535157,1,71,new,1
M-01257,2023-08-11,email,0.2078370591770535,1,65,standard,0
M-00112,2023-08-11,email,0.037633480309167244,1,5,at_risk,0
M-00754,2023-08-11,email,0.1684079105160559,3,43,new,1
M-02030,2023-08-11,push,0.18491096663052628,1,32,high_value,0
M-03175,2023-08-11,email,0.4886438789495319,1,17,high_value,1
M-01564,2023-08-11,direct_mail,0.3419687937088217,1,39,standard,1
M-00133,2023-08-12,sms,0.4431909208371309,2,47,at_risk,1
M-03610,2023-08-12,sms,0.16455376523703275,0,87,at_risk,0
M-01974,2023-08-12,sms,0.3495955686110265,2,78,at_risk,0
M-03842,2023-08-12,push,0.13809425775211032,2,54,standard,0
M-01002,2023-08-12,sms,0.11663183091907754,1,119,new,0
M-01386,2023-08-13,sms,0.2543486947269937,1,84,new,0
M-01433,2023-08-13,email,0.3727702885378492,3,99,at_risk,1
M-02061,2023-08-13,push,0.04596287704383176,2,117,high_value,0
M-03759,2023-08-13,push,0.32378092019745197,3,70,high_value,1
M-02425,2023-08-13,push,0.12880553616848228,3,118,new,0
M-03214,2023-08-13,email,0.4729494909547921,1,32,standard,1
M-01411,2023-08-13,sms,0.2995596696924222,2,63,new,1
M-02882,2023-08-14,email,0.12219107932065972,1,49,standard,0
M-02603,2023-08-14,email,0.12406539576915968,0,91,new,0
M-00078,2023-08-14,sms,0.431943731716513,1,104,new,0
M-00705,2023-08-14,push,0.46192376295297877,1,47,high_value,0
M-02687,2023-08-14,sms,0.3345906001652627,2,106,at_risk,1
M-02633,2023-08-14,email,0.15188048169355275,0,13,new,0
M-03447,2023-08-14,email,0.26976302247544487,0,45,new,1
M-03258,2023-08-14,push,0.25300481226886157,1,6,standard,0
M-02435,2023-08-14,email,0.28595875965953843,1,51,standard,1
M-03032,2023-08-14,email,0.25522184732587766,2,87,standard,1
M-02655,2023-08-15,sms,0.16393505706884323,0,17,new,1
M-02797,2023-08-15,push,0.5287320580570352,2,49,standard,0
M-00125,2023-08-15,email,0.194801603694732,1,46,high_value,1
M-00979,2023-08-15,email,0.1969632926576165,2,103,new,1
M-01188,2023-08-15,email,0.4032299537037013,2,81,new,1
M-01671,2023-08-15,email,0.4026458474434652,0,19,new,1
M-00130,2023-08-15,email,0.23912037339103276,0,94,standard,0
M-02401,2023-08-15,push,0.21781450889433032,0,55,new,1
M-00436,2023-08-15,email,0.185522025134874,3,41,new,1
M-01028,2023-08-15,email,0.5048910498918533,0,114,high_value,1
M-03890,2023-08-15,email,0.3880179310962173,1,14,new,0
M-02302,2023-08-16,email,0.19242261631064772,2,38,new,1
M-02579,2023-08-16,email,0.06901702896907341,1,62,high_value,1
M-01543,2023-08-16,direct_mail,0.3258188917672185,2,76,at_risk,1
M-02646,2023-08-16,sms,0.8009372048627295,0,36,at_risk,1
M-03143,2023-08-16,email,0.12886986652236765,0,21,new,0
M-00115,2023-08-16,email,0.14222909639288184,2,83,at_risk,1
M-02891,2023-08-16,push,0.30375548576517003,0,49,new,1
M-03683,2023-08-16,sms,0.5747128960887736,6,60,high_value,1
M-03593,2023-08-16,email,0.3572122160861689,0,80,at_risk,0
M-02856,2023-08-16,email,0.46317459326358745,2,81,new,1
M-01727,2023-08-16,push,0.4724476919112367,0,57,new,1
M-00569,2023-08-17,push,0.39275621232882135,1,55,high_value,1
M-00707,2023-08-17,email,0.17864540250576438,1,34,standard,1
M-01758,2023-08-17,sms,0.46749056029320313,1,2,at_risk,1
M-00287,2023-08-17,sms,0.09516627982820208,1,104,standard,1
M-01454,2023-08-17,sms,0.2554897858351568,2,53,high_value,1
M-03234,2023-08-17,sms,0.3457829222069543,5,100,high_value,1
M-00921,2023-08-17,push,0.22512437152417725,1,35,standard,1
M-03235,2023-08-17,sms,0.42927140657062834,2,60,at_risk,0
M-02198,2023-08-17,push,0.11331635691286435,1,95,standard,1
M-00977,2023-08-17,sms,0.3171727928624157,2,102,new,0
M-03925,2023-08-17,email,0.24893780573968946,1,54,standard,1
M-00128,2023-08-18,sms,0.026759759280869964,0,96,high_value,0
M-02736,2023-08-18,direct_mail,0.24176046355045533,1,78,high_value,0
M-01896,2023-08-18,email,0.602134808347755,1,107,standard,1
M-01343,2023-08-18,direct_mail,0.4117341820120272,1,73,standard,1
M-01630,2023-08-18,email,0.31105116777551717,3,109,at_risk,0
M-03882,2023-08-19,email,0.3579466533400518,1,53,standard,0
M-02529,2023-08-19,sms,0.17388645905300582,1,79,at_risk,0
M-00534,2023-08-19,push,0.1772505302004811,2,51,standard,0
M-01764,2023-08-19,sms,0.44902187004992516,2,15,standard,1
M-02246,2023-08-19,email,0.49553954845624665,1,72,standard,1
M-02560,2023-08-19,push,0.49422059798389056,0,36,at_risk,1
M-03762,2023-08-19,direct_mail,0.2719440513169651,2,106,standard,0
M-03511,2023-08-20,sms,0.1131470999115569,1,28,standard,1
M-00596,2023-08-20,email,0.11925704950247772,2,82,standard,0
M-00227,2023-08-20,push,0.4292426333374434,0,68,high_value,0
M-03226,2023-08-20,sms,0.23274364929414024,0,39,standard,0
M-02718,2023-08-20,email,0.06656572488141904,0,44,at_risk,0
M-01626,2023-08-20,push,0.2961042517366174,1,91,high_value,1
M-00929,2023-08-20,push,0.3827780533868447,1,108,standard,0
M-02625,2023-08-20,push,0.1933462199939457,0,22,at_risk,0
M-02678,2023-08-20,push,0.31821368951274626,0,100,high_value,1
M-00676,2023-08-21,sms,0.37690358393357887,1,71,high_value,1
M-02728,2023-08-21,email,0.15813342334279018,3,111,at_risk,0
M-03750,2023-08-21,email,0.139682516729234,1,53,new,1
M-02122,2023-08-21,sms,0.5513285202679539,1,102,at_risk,1
M-03074,2023-08-21,sms,0.26733233110067234,0,43,standard,0
M-03801,2023-08-21,email,0.3835083665704491,1,47,new,1
M-00265,2023-08-21,email,0.581395946828916,2,96,standard,1
M-03541,2023-08-21,push,0.1082816538522182,0,15,standard,1
M-03721,2023-08-21,email,0.1280546998602492,2,18,standard,1
M-00423,2023-08-21,push,0.3372472939297104,2,86,standard,0
M-03136,2023-08-21,direct_mail,0.2436538907636364,3,41,new,0
M-01759,2023-08-21,email,0.1889168586403434,1,23,standard,1
M-02036,2023-08-22,email,0.16515927705077993,1,102,standard,0
M-02547,2023-08-22,email,0.2690485624045452,1,91,standard,1
M-01160,2023-08-22,direct_mail,0.08969405792943444,2,55,standard,0
M-03377,2023-08-22,email,0.1967409580137858,0,34,standard,0
M-01627,2023-08-22,email,0.27539914927411474,4,41,standard,1
M-00241,2023-08-22,sms,0.3707105707023075,1,118,new,1
M-02752,2023-08-22,sms,0.3504846718780336,2,29,at_risk,0
M-01790,2023-08-22,sms,0.32892744372963906,0,44,new,0
M-01857,2023-08-22,sms,0.33153616850258016,1,115,standard,1
M-02463,2023-08-23,push,0.656353330388354,2,32,new,1
M-01117,2023-08-23,sms,0.18480908128867773,2,11,standard,0
M-02189,2023-08-23,email,0.4218823808446338,0,35,new,0
M-01414,2023-08-23,email,0.1990460478835828,0,81,at_risk,1
M-00984,2023-08-23,push,0.3445009645335036,1,43,standard,1
M-01155,2023-08-23,push,0.173766387762905,3,75,standard,1
M-03672,2023-08-23,email,0.08816048849082056,1,90,standard,0
M-02064,2023-08-24,push,0.2954428851360121,2,65,standard,0
M-01832,2023-08-24,email,0.4643612359732406,0,43,new,1
M-02234,2023-08-24,email,0.5346719559735756,2,62,standard,1
M-01422,2023-08-24,direct_mail,0.30676110809266705,2,99,standard,0
M-00980,2023-08-24,email,0.3157544528286404,1,20,standard,0
M-02559,2023-08-24,sms,0.35660163504423786,2,90,standard,1
M-03968,2023-08-24,email,0.4631227988253519,3,24,high_value,1
M-00785,2023-08-24,push,0.2460633637673447,0,87,standard,1
M-03666,2023-08-24,email,0.18699578718768997,2,92,new,1
M-02344,2023-08-24,email,0.25009735936338634,0,52,new,1
M-02946,2023-08-24,sms,0.40547569840120284,0,84,standard,1
M-00965,2023-08-24,direct_mail,0.47748708697217773,1,86,new,0
M-00259,2023-08-24,push,0.06831007128190811,2,57,at_risk,0
M-01317,2023-08-25,sms,0.30010316471842646,1,10,standard,1
M-01395,2023-08-25,email,0.5274463842181656,0,91,high_value,1
M-00269,2023-08-25,direct_mail,0.255154043203245,1,25,new,1
M-00914,2023-08-25,sms,0.21310650768719724,2,48,standard,1
M-01545,2023-08-25,email,0.3795379597488886,2,9,new,1
M-00547,2023-08-25,email,0.18377837276160747,0,80,at_risk,0
M-00697,2023-08-25,push,0.23181945816717545,0,38,at_risk,0
M-03824,2023-08-26,email,0.3519827734628246,1,63,high_value,1
M-02675,2023-08-26,sms,0.1435440803124807,1,80,standard,0
M-01643,2023-08-26,sms,0.35762041270795497,2,78,new,1
M-00519,2023-08-26,direct_mail,0.36086600051857304,2,17,at_risk,0
M-00687,2023-08-26,sms,0.6255837772099101,0,2,standard,0
M-02965,2023-08-26,email,0.21467694959654748,2,96,standard,0
M-03954,2023-08-26,email,0.15421761606737605,3,37,standard,1
M-01607,2023-08-26,email,0.172664065903784,3,13,standard,1
M-00467,2023-08-27,email,0.14082950297196037,1,101,standard,0
M-00454,2023-08-27,push,0.14229384806126608,2,80,new,0
M-01653,2023-08-27,sms,0.7328807932229028,1,46,new,0
M-03414,2023-08-27,email,0.3085855278131534,2,73,new,1
M-01504,2023-08-27,email,0.2874125719879194,0,82,high_value,1
M-00664,2023-08-27,push,0.10081340608907058,1,46,new,1
M-02613,2023-08-27,push,0.462382801774084,0,105,standard,1
M-01349,2023-08-27,email,0.16535194018528288,0,72,standard,0
M-02444,2023-08-28,push,0.4013280769770856,0,44,standard,1
M-03006,2023-08-28,email,0.14770912598556069,0,68,at_risk,0
M-00719,2023-08-28,email,0.6248099567092212,2,16,standard,1
M-03837,2023-08-28,push,0.1920220707950073,2,84,at_risk,1
M-00393,2023-08-28,email,0.4090559561081836,1,28,standard,0
M-02023,2023-08-28,email,0.06561144601868756,1,31,at_risk,0
M-02972,2023-08-28,sms,0.2863396057965878,0,33,at_risk,0
M-03018,2023-08-28,sms,0.31238551133682746,0,37,high_value,1
M-00530,2023-08-28,email,0.17798489515544702,1,52,new,0
M-01187,2023-08-28,email,0.2746073696624459,1,2,standard,0
M-03647,2023-08-29,sms,0.18383454068771438,4,85,standard,0
M-03302,2023-08-29,email,0.2796401537736498,1,2,at_risk,1
M-01579,2023-08-29,sms,0.16083621023704692,0,42,at_risk,1
M-01763,2023-08-29,sms,0.14869427148658604,1,9,high_value,1
M-03422,2023-08-29,email,0.31240506092533493,1,11,high_value,1
M-01047,2023-08-29,push,0.4472512064347911,1,31,new,0
M-02413,2023-08-29,direct_mail,0.2529907814044158,0,29,standard,0
M-00966,2023-08-29,push,0.3523922428763931,0,79,standard,1
M-01524,2023-08-30,direct_mail,0.26585683825651446,0,78,new,1
M-03346,2023-08-30,email,0.201353447045367,0,45,new,1
M-01567,2023-08-30,sms,0.17310014909573468,0,48,new,0
M-00493,2023-08-30,sms,0.5214415763087134,0,19,at_risk,1
M-00624,2023-08-30,email,0.20731455645789504,2,89,high_value,0
M-02212,2023-08-30,email,0.1032893816509013,3,41,standard,1
M-00136,2023-08-30,push,0.3946739349788981,0,30,standard,0
M-01872,2023-08-30,email,0.47633558381707886,2,11,standard,1
M-03875,2023-08-30,email,0.2966817547133004,0,100,standard,0
M-02691,2023-08-31,email,0.6643783736795574,2,101,standard,1
M-00489,2023-08-31,sms,0.2810867279137377,2,56,standard,1
M-00849,2023-08-31,email,0.40397763741236015,1,114,new,0
M-02182,2023-08-31,sms,0.453177570528692,0,55,new,1
M-03435,2023-08-31,sms,0.29548146494062205,0,4,standard,0
M-03809,2023-08-31,push,0.1561236587181394,1,105,standard,1
M-00192,2023-08-31,push,0.17616822620232392,2,117,new,1
M-03169,2023-08-31,email,0.2781894162256783,1,35,standard,1
M-03448,2023-08-31,email,0.1394633949159873,1,14,standard,1
M-01951,2023-09-01,email,0.2454546923864548,1,61,standard,0
M-01180,2023-09-01,push,0.527411706858777,0,91,new,0
M-01757,2023-09-01,push,0.4631613836052388,1,111,new,1
M-03612,2023-09-01,email,0.4057900925057086,0,19,standard,1
M-03894,2023-09-01,email,0.31448785700913967,3,96,high_value,1
M-03224,2023-09-01,sms,0.34670096848939735,0,5,standard,0
M-02493,2023-09-02,email,0.15608883947554328,2,34,new,0
M-01661,2023-09-02,sms,0.18407452045253173,1,84,new,1
M-00268,2023-09-02,push,0.27243568849156813,0,11,standard,0
M-00955,2023-09-02,email,0.45204601618489465,3,34,at_risk,1
M-03424,2023-09-02,sms,0.19750765924212652,2,58,at_risk,0
M-00895,2023-09-02,direct_mail,0.1644345674912187,0,103,standard,1
M-02970,2023-09-02,push,0.1302312753954063,3,75,standard,1
M-02863,2023-09-02,sms,0.28563442794737154,1,2,standard,1
M-02143,2023-09-02,email,0.18356508518946496,1,102,new,1
M-01304,2023-09-02,push,0.24084827729137878,1,99,at_risk,0
M-03863,2023-09-02,direct_mail,0.39420994622780037,1,54,standard,0
M-03601,2023-09-02,push,0.2202074189880097,0,11,at_risk,1
M-02123,2023-09-02,push,0.22433385806751543,0,43,new,0
M-03330,2023-09-03,email,0.4304535688281032,1,54,standard,1
M-00671,2023-09-03,email,0.15741201837962385,3,41,new,1
M-00322,2023-09-03,sms,0.08317077018397578,1,108,standard,0
M-00952,2023-09-03,push,0.14942446263587986,2,65,standard,1
M-02026,2023-09-03,email,0.4764684678644051,0,90,high_value,1
M-03919,2023-09-03,sms,0.08191990120981055,0,72,standard,1
M-03123,2023-09-03,sms,0.6570315191135749,0,28,new,1
M-01134,2023-09-03,email,0.11102362932356732,0,37,new,0
M-00766,2023-09-03,email,0.13741001482872953,2,89,standard,0
M-03921,2023-09-03,sms,0.48394231970522594,1,74,standard,1
M-01828,2023-09-03,push,0.049943767932537166,2,92,high_value,1
M-03176,2023-09-03,email,0.1307173815342962,2,112,standard,1
M-02392,2023-09-04,email,0.574970528632426,1,106,new,1
M-00986,2023-09-04,sms,0.22006756499748084,1,94,standard,1
M-01845,2023-09-04,sms,0.32973356408278354,0,63,standard,1
M-02926,2023-09-04,push,0.4269805005606506,2,6,high_value,1
M-03416,2023-09-04,email,0.11873024884873709,0,94,standard,0
M-00701,2023-09-04,sms,0.3997726394357745,1,66,standard,1
M-00899,2023-09-04,push,0.4793856255060168,0,85,high_value,1
M-02628,2023-09-04,sms,0.36567694001945,0,74,at_risk,1
M-03608,2023-09-04,sms,0.03866671625154838,1,50,at_risk,0
M-00600,2023-09-04,sms,0.4760237364592405,2,79,standard,0
M-01396,2023-09-05,email,0.2715639710565759,0,45,standard,1
M-01884,2023-09-05,email,0.5643017598379274,2,66,new,1
M-02824,2023-09-05,email,0.4839243141789551,1,73,high_value,1
M-02507,2023-09-05,direct_mail,0.1840239029603452,0,13,at_risk,0
M-03343,2023-09-05,push,0.3887186135814445,0,56,standard,0
M-03639,2023-09-05,email,0.2754354079836222,4,47,high_value,1
M-01660,2023-09-05,push,0.10133609621562317,1,40,new,1
M-02416,2023-09-05,email,0.13399408130921084,0,114,at_risk,1
M-01553,2023-09-05,push,0.26066779878014956,2,80,new,0
M-02725,2023-09-05,direct_mail,0.23176141445821305,0,88,standard,0
M-02903,2023-09-05,sms,0.2697092908931367,1,109,new,0
M-02225,2023-09-05,push,0.06680370107337752,0,46,new,1
M-03969,2023-09-05,email,0.14777366175652273,2,82,standard,1
M-00342,2023-09-06,sms,0.29798767625466505,2,104,standard,0
M-01199,2023-09-06,email,0.10762626159858732,0,117,new,0
M-01289,2023-09-06,push,0.2067059736535564,0,113,at_risk,0
M-03874,2023-09-06,push,0.19359830115550974,4,65,standard,1
M-03599,2023-09-06,sms,0.2243466076816538,3,71,standard,1
M-03366,2023-09-06,sms,0.08888554478317064,4,100,new,0
M-01637,2023-09-06,sms,0.6707508064002341,1,77,at_risk,1
M-01539,2023-09-06,email,0.04374015629373077,1,111,standard,1
M-02916,2023-09-06,sms,0.1636381882792197,2,27,standard,1
M-00674,2023-09-06,push,0.1616942738716037,0,37,high_value,0
M-03120,2023-09-07,email,0.557533225979899,4,80,standard,1
M-00824,2023-09-07,email,0.32241402738259833,0,60,standard,1
M-01210,2023-09-07,email,0.20318155812360728,2,17,new,1
M-03603,2023-09-07,push,0.18611908423753412,0,52,high_value,1
M-01981,2023-09-07,email,0.16770018648058552,3,78,high_value,1
M-02906,2023-09-07,email,0.49324178107137956,2,99,standard,1
M-01754,2023-09-08,sms,0.025790849755499504,1,49,standard,0
M-03818,2023-09-08,email,0.18719435163193254,0,110,standard,0
M-02897,2023-09-08,email,0.27338371779715537,2,56,new,1
M-02720,2023-09-08,sms,0.2881740672159747,0,42,at_risk,0
M-02828,2023-09-08,sms,0.07598994398127676,1,107,standard,1
M-00239,2023-09-08,email,0.434558202085746,0,108,standard,0
M-02178,2023-09-08,sms,0.3178322992604279,0,82,new,1
M-02127,2023-09-08,sms,0.17892767357133774,0,63,standard,0
M-00995,2023-09-08,email,0.3704276274290865,0,74,standard,1
M-03025,2023-09-08,push,0.37120810625159517,0,54,new,0
M-03691,2023-09-08,sms,0.08842468157423651,3,35,standard,0
M-02358,2023-09-08,email,0.20536521360410528,0,110,standard,1
M-00598,2023-09-09,push,0.08936152592995973,2,113,at_risk,0
M-03116,2023-09-09,sms,0.14193441064243284,3,76,standard,0
M-01170,2023-09-09,email,0.4122350428864075,2,37,new,1
M-03184,2023-09-09,sms,0.1484726534134777,1,51,at_risk,0
M-00244,2023-09-09,push,0.5689878613817724,1,107,at_risk,1
M-01752,2023-09-09,email,0.1111701686474902,1,63,standard,0
M-00084,2023-09-09,sms,0.2288315264580268,2,27,at_risk,1
M-03008,2023-09-09,sms,0.5845545781363252,0,101,at_risk,0
M-03170,2023-09-09,push,0.44103031696868783,3,34,high_value,1
M-01171,2023-09-10,email,0.24226585993091848,1,58,at_risk,1
M-03316,2023-09-10,push,0.30669946624009914,1,112,standard,1
M-02009,2023-09-10,direct_mail,0.042055205901087474,1,50,high_value,0
M-03864,2023-09-10,direct_mail,0.26692918174601976,0,48,high_value,1
M-00039,2023-09-10,sms,0.3511200050031852,2,24,high_value,1
M-02157,2023-09-10,push,0.3064697586888108,0,42,standard,0
M-00191,2023-09-10,sms,0.2223668302580205,1,36,standard,1
M-03545,2023-09-10,email,0.040852782737222905,2,14,standard,0
M-00879,2023-09-10,push,0.3476710752964269,0,43,high_value,1
M-01110,2023-09-10,sms,0.35897552352837947,0,115,standard,0
M-02995,2023-09-10,email,0.24853781935173613,0,15,new,0
M-01195,2023-09-11,email,0.12415247153386297,0,118,new,1
M-00657,2023-09-11,email,0.18347679140465248,0,64,new,0
M-00742,2023-09-11,sms,0.46283092259148223,0,32,high_value,0
M-00129,2023-09-11,push,0.5062932257695176,1,97,standard,1
M-00474,2023-09-11,sms,0.3227699538963616,2,70,standard,1
M-02757,2023-09-11,push,0.18529558320212808,1,70,standard,0
M-02230,2023-09-11,push,0.11985922447327582,2,115,standard,1
M-01369,2023-09-11,email,0.4918714970204722,0,49,new,0
M-00340,2023-09-11,email,0.4171391415258014,2,55,new,1
M-02567,2023-09-11,email,0.10863020242324083,1,60,new,1
M-02184,2023-09-11,push,0.024633057110851134,0,89,standard,0
M-00457,2023-09-11,email,0.2235495702343372,3,50,high_value,0
M-00957,2023-09-11,sms,0.4940954358339581,1,74,standard,0
M-01416,2023-09-11,direct_mail,0.43308676216017566,0,14,standard,0
M-00098,2023-09-12,email,0.1932821505089188,2,64,standard,1
M-00672,2023-09-12,sms,0.17679306865319513,3,114,high_value,0
M-01466,2023-09-12,sms,0.5089219711097918,1,71,new,1
M-00781,2023-09-12,sms,0.5145776917064268,0,99,new,1
M-03491,2023-09-12,sms,0.6125103295581298,1,37,standard,1
M-01584,2023-09-12,direct_mail,0.5270255597153674,1,108,standard,1
M-03300,2023-09-12,email,0.27997703850270234,1,39,new,0
M-01984,2023-09-12,email,0.18869889521158234,1,74,new,0
M-01234,2023-09-12,email,0.1689657274508211,1,12,standard,0
M-03763,2023-09-12,sms,0.045839549772319084,2,86,at_risk,1
M-00919,2023-09-12,direct_mail,0.2398254713993624,0,55,standard,0
M-03756,2023-09-12,email,0.08452447462747754,0,51,high_value,1
M-01127,2023-09-13,sms,0.21992237223956687,4,22,new,1
M-03729,2023-09-13,push,0.3843686098156157,2,65,standard,0
M-03924,2023-09-13,email,0.3348145232334405,2,16,at_risk,1
M-00615,2023-09-13,email,0.1304506140270062,1,2,standard,0
M-02436,2023-09-13,email,0.4297490109810105,1,78,standard,0
M-02991,2023-09-13,sms,0.229271052806,3,50,high_value,1
M-03407,2023-09-13,sms,0.2559928749925041,1,83,standard,1
M-03323,2023-09-13,direct_mail,0.16923847357004873,0,80,standard,0
M-03720,2023-09-13,push,0.372021799300594,0,55,standard,1
M-01336,2023-09-13,email,0.18900947741303553,0,53,new,1
M-01993,2023-09-13,push,0.0193196634609216,0,71,standard,1
M-02688,2023-09-13,push,0.3197165302109759,0,98,standard,1
M-02969,2023-09-13,email,0.4142854188621554,4,25,new,1
M-03549,2023-09-13,sms,0.4489998843662128,0,67,high_value,1
M-03501,2023-09-14,email,0.1289029180659934,2,32,standard,1
M-03695,2023-09-14,push,0.4761512023518199,2,98,new,1
M-03265,2023-09-14,email,0.23345125306122064,0,49,at_risk,0
M-00599,2023-09-14,push,0.17405395518246417,1,42,standard,1
M-01067,2023-09-14,sms,0.2640930356911523,1,114,high_value,1
M-03646,2023-09-14,push,0.12188885600040421,0,4,high_value,0
M-03146,2023-09-15,email,0.36812003135056276,0,69,standard,0
M-02183,2023-09-15,email,0.0811864627628387,0,10,at_risk,0
M-03117,2023-09-15,email,0.3220091822743433,0,80,new,1
M-03861,2023-09-15,push,0.38112853756339754,4,63,standard,1
M-01714,2023-09-15,sms,0.33762407695460633,0,107,standard,1
M-00568,2023-09-15,sms,0.3018094783122492,0,117,at_risk,1
M-00025,2023-09-15,email,0.3206138228749914,0,56,at_risk,0
M-03976,2023-09-15,sms,0.04065026643711259,1,33,standard,1
M-02071,2023-09-16,email,0.6428624632557398,1,28,high_value,1
M-02447,2023-09-16,email,0.10807069345193196,0,33,standard,1
M-03674,2023-09-16,push,0.12269707013386488,2,114,at_risk,0
M-03576,2023-09-16,push,0.6905877530302486,1,70,at_risk,1
M-01716,2023-09-16,sms,0.38079880372057184,1,65,standard,0
M-00933,2023-09-17,email,0.3015620817279836,1,32,standard,1
M-00243,2023-09-17,push,0.7928543406831188,0,97,standard,1
M-02360,2023-09-17,email,0.04071564143553004,3,40,standard,0
M-01220,2023-09-17,direct_mail,0.44428826564018503,0,112,standard,1
M-02985,2023-09-17,sms,0.3839271986526009,2,27,new,1
M-02014,2023-09-17,sms,0.14363216278601237,1,67,at_risk,0
M-00983,2023-09-17,sms,0.4411068586595617,0,84,standard,1
M-01129,2023-09-17,email,0.5079681896027742,2,48,standard,0
M-01254,2023-09-17,push,0.19463814002142935,0,97,at_risk,1
M-00501,2023-09-18,sms,0.06371100022607641,0,53,standard,1
M-01204,2023-09-18,push,0.2571649981752076,1,118,new,0
M-00985,2023-09-18,push,0.3174436997797082,3,112,standard,0
M-00823,2023-09-18,direct_mail,0.30703381795006895,1,113,standard,1
M-02753,2023-09-18,direct_mail,0.25092514836808805,2,4,standard,0
M-03588,2023-09-18,email,0.21074986640964466,1,27,at_risk,0
M-01886,2023-09-18,push,0.31867676563494596,0,91,standard,1
M-02480,2023-09-18,email,0.3122153178894047,0,62,at_risk,0
M-01088,2023-09-18,sms,0.032773495237168306,0,108,standard,1
M-00770,2023-09-18,direct_mail,0.11075560991523381,1,106,standard,1
M-02323,2023-09-18,sms,0.21011420032572387,4,70,new,1
M-02904,2023-09-18,sms,0.055075883388296706,1,95,new,0
M-02379,2023-09-19,email,0.36297882476414756,2,67,standard,1
M-00651,2023-09-19,push,0.2658021636489297,4,72,new,1
M-01223,2023-09-19,direct_mail,0.30102425989195614,1,18,standard,1
M-01437,2023-09-19,email,0.26146287223225095,2,21,standard,1
M-00122,2023-09-19,sms,0.39151540329735945,1,80,standard,1
M-01811,2023-09-19,email,0.10894758336559121,0,85,standard,0
M-01397,2023-09-19,email,0.34860181396742834,0,95,standard,0
M-03272,2023-09-19,push,0.18609521196559745,0,45,new,0
M-02929,2023-09-19,email,0.630365327357777,2,4,standard,1
M-02257,2023-09-19,email,0.4400489304405396,0,59,at_risk,0
M-01722,2023-09-19,sms,0.32588250216305187,0,56,standard,1
M-02550,2023-09-19,email,0.3376153705292291,1,2,high_value,0
M-00002,2023-09-19,email,0.1923385133207324,4,9,at_risk,0
M-00841,2023-09-20,email,0.6385167015203643,3,97,high_value,1
M-03793,2023-09-20,push,0.16251232798135504,1,24,at_risk,0
M-02395,2023-09-20,push,0.2959607389504927,1,28,standard,0
M-02085,2023-09-20,push,0.3247057306063392,3,9,new,0
M-02194,2023-09-20,sms,0.06944431824404981,0,6,at_risk,0
M-03962,2023-09-20,email,0.1494374194149924,0,12,standard,0
M-02618,2023-09-20,sms,0.05163220788819843,0,67,at_risk,1
M-01276,2023-09-20,sms,0.19326530820631138,1,76,standard,1
M-01692,2023-09-20,email,0.3287888081004661,0,77,high_value,1
M-02021,2023-09-21,direct_mail,0.2053686733230948,1,100,standard,1
M-02022,2023-09-21,sms,0.6170530400468528,2,29,high_value,1
M-00315,2023-09-21,email,0.5100831301914793,0,103,high_value,1
M-01596,2023-09-21,direct_mail,0.34365547725896833,0,41,high_value,0
M-02583,2023-09-21,push,0.47090594678656283,1,77,standard,0
M-02049,2023-09-21,email,0.2174412142052002,1,108,high_value,1
M-01980,2023-09-21,email,0.5544867135367606,1,48,high_value,1
M-00729,2023-09-21,push,0.7117723991878013,2,67,new,1
M-03437,2023-09-21,email,0.5266636893816529,1,7,at_risk,1
M-03408,2023-09-21,email,0.07086093625208463,0,77,at_risk,0
M-03833,2023-09-21,sms,0.6512355596944047,0,116,at_risk,1
M-02896,2023-09-22,email,0.4883246996783217,1,25,standard,1
M-00155,2023-09-22,email,0.37433652805555573,1,79,standard,1
M-01958,2023-09-22,push,0.05476574733851564,2,31,new,1
M-00371,2023-09-22,sms,0.48142270976533563,4,109,new,0
M-02770,2023-09-22,email,0.12246395652453146,1,83,high_value,1
M-00254,2023-09-22,email,0.1959491694530492,0,31,standard,0
M-02999,2023-09-23,direct_mail,0.16399520444949092,0,115,at_risk,0
M-03928,2023-09-23,email,0.15059915322539716,0,54,at_risk,0
M-02087,2023-09-23,push,0.1947739022655988,4,8,standard,0
M-00478,2023-09-23,email,0.18178058170327144,2,26,standard,1
M-02876,2023-09-23,email,0.5041775232171546,1,52,standard,0
M-02241,2023-09-23,push,0.0701874382479156,1,12,standard,1
M-01647,2023-09-23,sms,0.5099318521785945,3,5,new,1
M-00161,2023-09-23,push,0.15083083058524147,2,10,standard,0
M-00445,2023-09-23,direct_mail,0.12328043011452211,2,59,new,0
M-00236,2023-09-23,push,0.2675377646276868,2,71,at_risk,1
M-00107,2023-09-23,sms,0.09391783809551194,3,26,new,0
M-00818,2023-09-24,email,0.3512485731510554,0,90,standard,1
M-00310,2023-09-24,direct_mail,0.3287862967850544,1,6,standard,1
M-02083,2023-09-24,email,0.25626588636258835,2,65,standard,1
M-02562,2023-09-24,push,0.175132049321338,2,68,new,0
M-00821,2023-09-24,direct_mail,0.3333736556291405,1,38,standard,1
M-03738,2023-09-25,sms,0.23792776530618745,0,90,new,0
M-02615,2023-09-25,email,0.40531838559350236,0,62,high_value,1
M-00858,2023-09-25,push,0.46823918603609727,3,40,high_value,0
M-00121,2023-09-25,push,0.44330276356976983,0,29,standard,0
M-01048,2023-09-25,email,0.42326780733160024,2,47,at_risk,1
M-03654,2023-09-25,push,0.44317987310348717,1,27,standard,0
M-03158,2023-09-25,sms,0.17695397721241934,0,56,standard,0
M-02721,2023-09-25,sms,0.21007457908156038,0,88,high_value,1
M-00079,2023-09-25,email,0.11822358074246957,1,26,at_risk,0
M-02101,2023-09-25,push,0.6069991310602684,0,82,standard,1
M-03374,2023-09-26,email,0.30759659568278985,1,99,standard,1
M-02658,2023-09-26,sms,0.5282454105886678,1,94,standard,1
M-00640,2023-09-26,push,0.34987420099576017,0,38,standard,1
M-03192,2023-09-26,email,0.12377825326500219,2,110,new,1
M-01305,2023-09-26,email,0.29047238868092085,3,37,standard,1
M-03001,2023-09-26,email,0.2779271909616785,1,14,standard,1
M-01612,2023-09-26,sms,0.27577480460787157,2,38,standard,1
M-02279,2023-09-26,sms,0.22642490970313664,0,17,new,0
M-00282,2023-09-26,sms,0.4913419221399569,0,22,new,1
M-00735,2023-09-26,push,0.16660558417107468,1,78,standard,0
M-00311,2023-09-26,email,0.18962146112072925,1,86,standard,0
M-01131,2023-09-26,sms,0.26136217851539684,2,62,standard,0
M-01426,2023-09-26,sms,0.44240834060347617,0,103,at_risk,1
M-03982,2023-09-26,email,0.02464638555297608,3,21,at_risk,1
M-02816,2023-09-27,email,0.4224415081869711,2,103,new,1
M-03609,2023-09-27,push,0.29730602150910157,2,46,high_value,1
M-01423,2023-09-27,sms,0.18649504941870532,2,36,standard,0
M-02931,2023-09-27,sms,0.0648500340667907,1,83,high_value,0
M-02111,2023-09-27,sms,0.016786106596429234,1,119,at_risk,0
M-01070,2023-09-27,direct_mail,0.25480331563141856,2,63,at_risk,0
M-01812,2023-09-27,email,0.4311178824223338,1,42,standard,1
M-03983,2023-09-27,email,0.4919622398537438,3,97,standard,1
M-03812,2023-09-27,push,0.19817021066355853,1,50,standard,0
M-01328,2023-09-28,direct_mail,0.3997591730117084,0,3,standard,0
M-02437,2023-09-28,push,0.09302606935714033,1,101,at_risk,1
M-01297,2023-09-28,push,0.2727372511300923,2,50,at_risk,1
M-01273,2023-09-28,push,0.33188745088181043,1,91,high_value,0
M-03232,2023-09-28,sms,0.06541940269652462,0,117,standard,1
M-00256,2023-09-29,email,0.05331516533130393,1,107,standard,1
M-00710,2023-09-29,email,0.3391924606875814,0,71,standard,1
M-03518,2023-09-29,email,0.5550561100312309,0,28,new,1
M-03205,2023-09-29,direct_mail,0.4828902685996948,2,74,high_value,1
M-01667,2023-09-29,email,0.2728548927872483,1,68,new,1
M-00415,2023-09-29,email,0.11802414239145231,2,69,standard,0
M-03766,2023-09-29,email,0.25332832512994075,1,78,new,0
M-02467,2023-09-29,direct_mail,0.6903891867025886,1,35,standard,1
M-00048,2023-09-29,email,0.2147555863510803,0,67,standard,1
M-02033,2023-09-29,push,0.08630230258264214,1,19,standard,1
M-03389,2023-09-29,email,0.1892087345959875,1,98,standard,1
M-01326,2023-09-29,sms,0.2704567579229722,3,73,at_risk,1
M-03191,2023-09-30,sms,0.3741627106847443,1,117,standard,1
M-01972,2023-09-30,sms,0.3297648510465622,1,23,high_value,0
M-00826,2023-09-30,sms,0.5269870086170805,0,93,at_risk,1
M-01702,2023-09-30,push,0.17288639945548362,1,19,at_risk,1
M-00549,2023-09-30,sms,0.16922420626805504,2,81,standard,1
M-03718,2023-09-30,email,0.13140611765378302,0,20,standard,0
M-02631,2023-09-30,email,0.33381541039609103,2,25,standard,1
M-03828,2023-09-30,email,0.21301701731095254,2,39,standard,0
M-02284,2023-09-30,push,0.4577837943822706,0,117,at_risk,0
M-00097,2023-09-30,direct_mail,0.38871620863424505,1,59,high_value,1
M-03611,2023-10-01,direct_mail,0.18969013060802917,0,43,new,1
M-01695,2023-10-01,direct_mail,0.026442121437618073,2,74,high_value,0
M-00190,2023-10-01,sms,0.43801540836802877,1,73,at_risk,0
M-02266,2023-10-01,push,0.63470366066077,0,30,standard,1
M-01779,2023-10-01,sms,0.25557774560285085,1,64,new,1
M-00059,2023-10-01,push,0.25514551630700816,2,119,standard,0
M-00812,2023-10-01,email,0.30629804647821846,1,49,standard,1
M-01509,2023-10-01,email,0.06869735107982336,1,61,standard,1
M-00614,2023-10-02,push,0.22260993453254768,2,12,high_value,0
M-00787,2023-10-02,sms,0.41787836292457503,4,7,standard,1
M-03575,2023-10-02,sms,0.5203556725443048,3,14,at_risk,1
M-02135,2023-10-02,email,0.10052726959603948,2,2,standard,1
M-01546,2023-10-02,email,0.5576565754809852,0,34,standard,1
M-00635,2023-10-02,email,0.34609188324026174,1,32,standard,1
M-00074,2023-10-02,direct_mail,0.2232009411257809,0,92,standard,1
M-03796,2023-10-02,sms,0.2186903731676562,2,63,high_value,1
M-02255,2023-10-02,push,0.4716895534052744,1,52,high_value,1
M-03572,2023-10-03,push,0.2743052282148587,1,66,new,1
M-00586,2023-10-03,sms,0.27155894034561956,1,105,standard,1
M-03587,2023-10-03,sms,0.0618646453286326,1,109,standard,1
M-01061,2023-10-03,email,0.09153316617373326,1,85,at_risk,1
M-01148,2023-10-03,sms,0.2883722033251982,1,109,standard,1
M-03267,2023-10-04,email,0.23664178275943523,1,43,standard,1
M-02516,2023-10-04,email,0.18055954502428845,1,68,standard,0
M-00940,2023-10-04,email,0.3553361742762846,1,103,at_risk,0
M-01182,2023-10-04,email,0.5164667463061182,2,112,new,1
M-02717,2023-10-04,push,0.025645209681262084,0,23,new,0
M-00665,2023-10-05,push,0.0928392660115314,1,27,high_value,1
M-03975,2023-10-05,email,0.23403964583394912,2,86,at_risk,1
M-01613,2023-10-05,email,0.38778609095282635,0,53,standard,1
M-00421,2023-10-05,direct_mail,0.09254075952586457,2,47,at_risk,0
M-03607,2023-10-05,direct_mail,0.3882248915998376,1,44,standard,1
M-03876,2023-10-05,email,0.23251585469181762,0,45,new,0
M-00874,2023-10-06,email,0.039990235566209766,0,102,high_value,1
M-00183,2023-10-06,sms,0.14940046842941654,2,27,high_value,0
M-00174,2023-10-06,push,0.11147658369583816,2,79,high_value,0
M-02074,2023-10-06,email,0.40897891376956,1,1,at_risk,1
M-00007,2023-10-06,sms,0.2508225911072588,1,26,at_risk,0
M-02500,2023-10-07,sms,0.5578605391420672,0,77,standard,1
M-01732,2023-10-07,push,0.257233693004625,0,2,standard,0
M-02210,2023-10-07,sms,0.08646392827415506,1,75,standard,0
M-00865,2023-10-07,sms,0.44461072015265063,1,51,standard,0
M-03220,2023-10-07,email,0.28934549322083497,1,50,standard,0
M-00203,2023-10-07,push,0.1013194943377103,1,61,new,1
M-01471,2023-10-07,email,0.6714505310284375,0,29,standard,1
M-02180,2023-10-07,push,0.37624215785430576,1,108,at_risk,1
M-01302,2023-10-07,push,0.5369871732012245,5,25,at_risk,1
M-02374,2023-10-07,email,0.4871752560597122,1,50,new,1
M-00931,2023-10-07,sms,0.3973984796115618,3,56,new,1
M-03104,2023-10-08,push,0.08316135153923615,2,41,new,0
M-00981,2023-10-08,push,0.4414151074615897,0,32,standard,1
M-01594,2023-10-08,sms,0.12671154185009392,0,16,high_value,1
M-02119,2023-10-08,email,0.3288151285127298,2,24,at_risk,1
M-00042,2023-10-08,email,0.12669843672531111,2,55,high_value,1
M-02140,2023-10-08,push,0.16512130461730953,1,59,standard,1
M-00085,2023-10-08,email,0.17649287418679083,0,28,at_risk,0
M-01347,2023-10-08,push,0.36941401609198765,2,24,standard,0
M-01193,2023-10-09,email,0.1734306443941765,0,76,standard,0
M-02154,2023-10-09,sms,0.03219918096921585,0,18,high_value,0
M-03556,2023-10-09,sms,0.07417956857453446,1,4,high_value,1
M-00222,2023-10-09,sms,0.2781000282381391,0,46,standard,0
M-03004,2023-10-09,email,0.024719404198557553,0,43,standard,0
M-03932,2023-10-09,email,0.1816695227450364,3,27,standard,0
M-02841,2023-10-09,email,0.4423558569430657,1,18,standard,1
M-01063,2023-10-10,sms,0.3684860627886337,3,25,standard,1
M-00109,2023-10-10,push,0.17885448769100606,1,36,new,0
M-02773,2023-10-10,direct_mail,0.1036627482211428,2,10,high_value,1
M-03064,2023-10-10,email,0.14330785691526207,1,58,standard,1
M-01040,2023-10-10,sms,0.49298392339316444,2,74,standard,1
M-01538,2023-10-10,email,0.5009942156088779,2,13,high_value,1
M-03067,2023-10-10,email,0.2742050122928544,2,11,standard,0
M-02706,2023-10-10,email,0.7878038255176738,1,109,new,1
M-01044,2023-10-11,push,0.17823902640163264,0,32,high_value,0
M-03680,2023-10-11,email,0.26711932411381645,0,47,high_value,0
M-00540,2023-10-11,sms,0.4418344487207479,0,75,new,1
M-01316,2023-10-11,sms,0.23462751767459364,1,104,high_value,0
M-03049,2023-10-11,direct_mail,0.5616821855185281,1,100,standard,0
M-01599,2023-10-11,push,0.18981443110493137,0,18,standard,0
M-02819,2023-10-11,direct_mail,0.22389133264646213,0,82,standard,0
M-02798,2023-10-11,direct_mail,0.14986777148932834,2,70,standard,0
M-00905,2023-10-11,push,0.5994867283622967,0,100,standard,0
M-00891,2023-10-11,email,0.1982160927991612,3,30,standard,1
M-03930,2023-10-11,email,0.5756200396868839,4,112,new,1
M-02407,2023-10-12,email,0.525610223601528,1,108,at_risk,1
M-03489,2023-10-12,sms,0.3118815915468551,2,106,new,1
M-01521,2023-10-12,email,0.3360979738199209,1,59,standard,0
M-03134,2023-10-12,email,0.7455634462748377,1,106,new,0
M-01893,2023-10-12,email,0.6294616689170532,1,46,high_value,1
M-02244,2023-10-12,push,0.247576074174156,3,27,high_value,1
M-03869,2023-10-12,push,0.17315935646575378,0,108,high_value,1
M-01076,2023-10-12,direct_mail,0.14494137131327448,3,37,high_value,1
M-03855,2023-10-12,email,0.047741419346548894,0,87,high_value,0
M-03445,2023-10-12,email,0.14312968760023637,2,13,standard,1
M-03553,2023-10-13,sms,0.26544613280060386,1,86,at_risk,0
M-03150,2023-10-13,email,0.053555324066035706,1,105,standard,0
M-01196,2023-10-13,sms,0.37691068940640315,1,7,standard,1
M-02294,2023-10-13,sms,0.13327217399142005,2,88,at_risk,0
M-02054,2023-10-13,push,0.11104381058621159,1,62,standard,0
M-02352,2023-10-13,push,0.01892891918213698,1,119,high_value,1
M-01275,2023-10-13,email,0.33804895204219715,2,28,high_value,0
M-03906,2023-10-14,email,0.25320103131180177,0,8,new,0
M-00211,2023-10-14,direct_mail,0.5261148339793444,1,69,standard,1
M-00014,2023-10-14,email,0.5269946648673333,1,61,at_risk,1
M-02940,2023-10-14,sms,0.42869213425948055,2,51,at_risk,1
M-02980,2023-10-14,sms,0.5099177854427456,0,14,new,0
M-00429,2023-10-14,email,0.3482087575010623,4,63,high_value,1
M-00176,2023-10-14,email,0.30775111528980215,0,43,high_value,1
M-02063,2023-10-15,email,0.4845218111084939,2,109,at_risk,1
M-00235,2023-10-15,email,0.10680711806152557,1,88,at_risk,0
M-00773,2023-10-15,sms,0.12630790777022122,1,43,at_risk,0
M-01749,2023-10-15,sms,0.1346305794872382,2,98,standard,1
M-01902,2023-10-15,email,0.2281685973944332,1,82,standard,1
M-03092,2023-10-15,email,0.1266281409310421,2,31,at_risk,0
M-01674,2023-10-15,push,0.36579519364618773,1,80,standard,1
M-02130,2023-10-15,direct_mail,0.5130378507092311,1,4,standard,1
M-02968,2023-10-15,push,0.07728973467103871,2,89,standard,0
M-01331,2023-10-15,sms,0.21842588373974664,0,48,high_value,1
M-02018,2023-10-15,email,0.14542501572876074,2,22,standard,1
M-00394,2023-10-15,push,0.3198706950305542,2,80,standard,0
M-02984,2023-10-15,email,0.33948987987408313,0,88,standard,1
M-02792,2023-10-16,email,0.3698651900068509,2,21,high_value,1
M-00224,2023-10-16,sms,0.37980082028449685,2,35,high_value,0
M-01640,2023-10-16,email,0.27297850084133,0,20,standard,0
M-03399,2023-10-16,email,0.4605835401845335,2,21,at_risk,1
M-03730,2023-10-16,push,0.21113134800182923,0,101,standard,0
M-03640,2023-10-16,push,0.19390232505299906,4,17,at_risk,1
M-00696,2023-10-16,email,0.11304122554708047,0,95,high_value,1
M-02937,2023-10-16,email,0.10753076875998178,0,14,at_risk,1
M-00173,2023-10-16,push,0.1875888145551309,1,68,new,1
M-01207,2023-10-16,sms,0.05904233070873327,4,36,new,1
M-00726,2023-10-16,sms,0.09966394372932129,1,94,high_value,0
M-03835,2023-10-17,direct_mail,0.09654005415011266,2,103,new,0
M-03938,2023-10-17,sms,0.08574613597328826,1,96,new,0
M-01136,2023-10-17,email,0.2197400888539951,1,82,at_risk,0
M-01118,2023-10-17,email,0.5636143222415229,1,75,standard,1
M-00680,2023-10-17,sms,0.32069811058717695,1,114,high_value,1
M-02854,2023-10-17,sms,0.5756369476846196,1,111,high_value,1
M-02597,2023-10-17,email,0.09727817063554513,1,5,new,0
M-00460,2023-10-17,sms,0.6798164146743195,0,3,high_value,1
M-00792,2023-10-17,email,0.2594110784486612,0,105,at_risk,1
M-02858,2023-10-17,email,0.5124265643807336,1,47,standard,1
M-02066,2023-10-18,sms,0.36736920316058347,0,112,new,0
M-01878,2023-10-18,email,0.23750850821275138,0,68,standard,0
M-01669,2023-10-18,email,0.35331162647737174,0,82,standard,0
M-00317,2023-10-18,email,0.18351266366795274,1,80,standard,0
M-01597,2023-10-18,direct_mail,0.009571012108475002,1,3,new,0
M-00675,2023-10-18,push,0.2043371146500781,1,36,at_risk,0
M-02017,2023-10-18,email,0.3980153826571246,1,37,standard,1
M-03714,2023-10-18,sms,0.16787451915065638,0,101,standard,0
M-01784,2023-10-18,direct_mail,0.21836924272761976,1,106,new,1
M-00712,2023-10-19,sms,0.326948535535241,4,10,new,0
M-03046,2023-10-19,direct_mail,0.33855632672420677,1,30,new,0
M-00759,2023-10-19,push,0.09083572320872803,0,42,at_risk,0
M-03952,2023-10-19,push,0.44064245831182486,2,43,standard,1
M-03279,2023-10-19,push,0.08419654877513352,2,110,standard,0
M-03244,2023-10-19,email,0.1724036370330912,0,52,standard,0
M-03353,2023-10-19,email,0.1570588849762825,1,106,high_value,1
M-02690,2023-10-19,push,0.30831630818570815,2,47,standard,1
M-02267,2023-10-19,push,0.23706353517399814,1,4,standard,1
M-03933,2023-10-19,sms,0.24805177000872125,2,34,standard,1
M-00730,2023-10-19,direct_mail,0.14281219439115092,2,108,high_value,0
M-03998,2023-10-20,email,0.43954617125963397,0,89,new,1
M-01217,2023-10-20,sms,0.22365992081386485,0,107,at_risk,1
M-03030,2023-10-20,push,0.07570755173838156,2,10,new,0
M-01723,2023-10-20,email,0.5567062034819426,3,61,standard,1
M-01032,2023-10-20,direct_mail,0.4456017541758375,2,37,standard,1
M-02572,2023-10-20,email,0.22169219578824037,3,31,new,0
M-00316,2023-10-20,push,0.1827153135229866,1,44,at_risk,0
M-02708,2023-10-20,email,0.1661637043995734,1,12,at_risk,0
M-00736,2023-10-20,email,0.32583327604485196,1,87,high_value,1
M-00661,2023-10-21,direct_mail,0.17480065381939558,2,38,at_risk,0
M-02086,2023-10-21,sms,0.38125958288623574,1,103,standard,1
M-02399,2023-10-21,sms,0.128430387299377,2,66,at_risk,1
M-01231,2023-10-21,email,0.19587911382864223,1,16,high_value,1
M-03945,2023-10-21,direct_mail,0.3688109560534847,0,60,standard,0
M-01713,2023-10-21,email,0.1947473482046338,1,25,standard,0
M-03540,2023-10-21,email,0.2804562450382338,1,111,standard,1
M-03957,2023-10-21,email,0.7876746055701951,2,76,standard,1
M-03472,2023-10-21,push,0.3926502045805091,1,41,standard,1
M-02964,2023-10-21,email,0.5765919601893467,1,66,new,1
M-01572,2023-10-21,push,0.1907736585866729,1,96,standard,0
M-00885,2023-10-21,direct_mail,0.24306659806342185,2,78,high_value,1
M-03850,2023-10-21,direct_mail,0.10183581428779247,1,99,standard,1
M-01008,2023-10-21,email,0.017653026414446344,1,16,new,1
M-03679,2023-10-21,sms,0.2643476149908109,2,23,standard,1
M-02056,2023-10-21,push,0.25396546907850626,0,58,standard,1
M-01348,2023-10-21,email,0.38601463484730364,0,44,high_value,0
M-00214,2023-10-22,direct_mail,0.3002340373314104,2,68,standard,1
M-01001,2023-10-22,sms,0.2542658148760954,1,96,standard,1
M-01859,2023-10-22,email,0.061642765721612355,1,6,standard,0
M-00376,2023-10-22,sms,0.22379889921232385,1,42,new,0
M-00556,2023-10-22,push,0.48068280541847735,0,74,high_value,1
M-00012,2023-10-22,email,0.21083422403936689,1,40,high_value,1
M-01590,2023-10-22,direct_mail,0.2268319196027684,0,91,new,1
M-03013,2023-10-22,direct_mail,0.23623276884106223,1,10,standard,1
M-00630,2023-10-22,email,0.23746700278748756,1,68,new,1
M-00756,2023-10-22,sms,0.37204049440646586,2,3,high_value,1
M-03387,2023-10-22,push,0.18741339166901072,1,41,standard,1
M-02057,2023-10-23,push,0.7464343290038182,0,22,high_value,1
M-03194,2023-10-23,direct_mail,0.6059963522901655,0,25,at_risk,1
M-00470,2023-10-23,email,0.29981009950250237,0,11,standard,1
M-03266,2023-10-23,push,0.30532252626095946,1,110,standard,1
M-02343,2023-10-23,email,0.30834008010441505,0,70,new,0
M-01280,2023-10-23,email,0.3325188951680665,2,84,at_risk,1
M-01281,2023-10-23,email,0.3124720705471105,1,27,standard,0
M-03649,2023-10-23,email,0.6268924711288759,1,97,standard,1
M-03929,2023-10-23,push,0.20147785564517867,0,34,standard,0
M-01860,2023-10-23,sms,0.1172317530234234,3,33,high_value,1
M-01448,2023-10-23,push,0.5507183386207232,0,73,standard,0
M-01601,2023-10-23,push,0.11922607406610672,2,26,new,0
M-00431,2023-10-23,push,0.26489286096592873,0,13,standard,0
M-00804,2023-10-23,email,0.4238480767238689,0,12,at_risk,1
M-00602,2023-10-23,email,0.12016257889307685,2,103,new,1
M-03228,2023-10-23,email,0.3796567570861173,1,57,standard,1
M-00738,2023-10-23,email,0.44311951021020196,1,13,standard,1
M-01721,2023-10-24,email,0.4326578059166095,0,112,new,1
M-02114,2023-10-24,push,0.32044528366238634,3,57,standard,1
M-03262,2023-10-24,push,0.5043054063292963,1,40,standard,0
M-03848,2023-10-24,sms,0.573725654737801,1,39,standard,1
M-01393,2023-10-24,email,0.3327517753288364,1,37,standard,1
M-01965,2023-10-24,push,0.10024829965002509,1,107,standard,0
M-03493,2023-10-25,push,0.12647153758136553,1,96,at_risk,0
M-02637,2023-10-25,sms,0.21318109968500754,4,113,standard,1
M-02171,2023-10-25,email,0.29610658989993666,2,100,standard,0
M-03625,2023-10-25,sms,0.11799317970660723,1,104,standard,0
M-01035,2023-10-25,push,0.24661411086829255,2,60,standard,1
M-01512,2023-10-25,sms,0.5326662292935297,1,118,standard,1
M-00058,2023-10-25,email,0.11880605160180979,1,68,standard,1
M-01741,2023-10-25,push,0.0961037223050075,1,45,standard,0
M-01844,2023-10-25,email,0.1504264673979908,1,22,standard,1
M-03361,2023-10-25,email,0.14207448884401677,2,81,standard,0
M-01138,2023-10-25,sms,0.22087005532783832,1,48,new,1
M-00061,2023-10-25,push,0.48194610041696595,4,29,standard,0
M-02042,2023-10-26,email,0.44180135189554126,0,108,high_value,1
M-03027,2023-10-26,sms,0.4909502604773053,1,60,standard,1
M-00377,2023-10-26,email,0.6737597836713772,0,112,at_risk,1
M-02402,2023-10-26,direct_mail,0.15491955797962983,0,99,standard,0
M-03019,2023-10-26,email,0.044002565749631385,0,45,at_risk,0
M-00390,2023-10-26,push,0.18160439569100797,0,116,new,0
M-03471,2023-10-26,sms,0.7243285750344121,1,63,standard,1
M-02324,2023-10-26,email,0.5528293042621902,2,42,standard,1
M-03251,2023-10-26,push,0.3409546735510839,1,54,high_value,1
M-00877,2023-10-26,push,0.3038187468600258,1,119,high_value,1
M-03182,2023-10-26,push,0.14359367771771453,1,84,new,0
M-02124,2023-10-26,direct_mail,0.4938279356295961,3,90,high_value,1
M-00511,2023-10-26,email,0.25652915853777863,1,42,standard,0
M-01898,2023-10-26,email,0.3506915416262932,1,102,new,1
M-01233,2023-10-27,sms,0.14911218008015656,1,96,high_value,1
M-03767,2023-10-27,email,0.32241118059870516,0,49,new,1
M-02043,2023-10-27,direct_mail,0.0724884301638281,2,84,standard,1
M-02986,2023-10-27,direct_mail,0.09255571229044503,1,76,high_value,0
M-02293,2023-10-27,sms,0.15058801959085252,1,85,high_value,0
M-03166,2023-10-27,email,0.2307226386330941,1,47,standard,1
M-03075,2023-10-27,email,0.42462812148291823,1,71,new,1
M-00894,2023-10-27,email,0.35687374440149017,1,42,high_value,1
M-03365,2023-10-27,email,0.11008640870675132,0,27,standard,1
M-00359,2023-10-27,push,0.4606326671302714,4,85,high_value,1
M-03465,2023-10-27,push,0.26482037324322333,3,103,high_value,1
M-00462,2023-10-27,email,0.2387166431948093,1,60,new,1
M-01983,2023-10-28,email,0.3914012299335162,1,45,high_value,1
M-02048,2023-10-28,direct_mail,0.14346876045121193,0,53,standard,0
M-03052,2023-10-28,sms,0.3157089355926338,0,53,standard,0
M-01666,2023-10-28,push,0.20490299237764453,0,85,high_value,1
M-01377,2023-10-28,push,0.36010992568106553,1,101,at_risk,1
M-03095,2023-10-28,sms,0.16557980426109745,0,109,standard,1
M-02098,2023-10-28,sms,0.16038921353914526,0,114,at_risk,0
M-03614,2023-10-28,sms,0.27067236739681505,0,94,new,0
M-02347,2023-10-28,email,0.4219106600547613,0,111,new,1
M-02361,2023-10-28,email,0.07818207028367592,0,96,at_risk,1
M-03456,2023-10-28,sms,0.08518085831271716,1,80,at_risk,0
M-02351,2023-10-28,push,0.08938591716773861,0,57,high_value,0
M-03722,2023-10-28,direct_mail,0.3210067930988252,0,108,standard,1
M-03584,2023-10-29,email,0.4344215526406239,2,16,standard,0
M-01994,2023-10-29,push,0.18124280108086188,2,92,high_value,1
M-03281,2023-10-29,push,0.1084642139242248,2,107,at_risk,1
M-01064,2023-10-29,email,0.12067054842453329,3,69,standard,1
M-02428,2023-10-29,sms,0.259890203029216,1,92,standard,0
M-00492,2023-10-29,email,0.2531039231891923,1,38,at_risk,0
M-02513,2023-10-29,sms,0.33123903616798095,1,37,standard,1
M-03990,2023-10-29,sms,0.21023320419565392,1,99,standard,0
M-02502,2023-10-29,email,0.2600771863665499,1,86,new,0
M-03991,2023-10-29,push,0.3495459908032534,0,107,standard,1
M-01789,2023-10-29,email,0.03313340512988434,1,30,new,0
M-03568,2023-10-30,email,0.2992257499386047,0,51,new,0
M-00246,2023-10-30,direct_mail,0.25959373641320244,0,65,standard,0
M-01072,2023-10-30,sms,0.1116059868956251,2,116,standard,1
M-03707,2023-10-30,push,0.4682128651925481,4,90,standard,0
M-01097,2023-10-30,push,0.47805274017478283,2,28,new,0
M-02605,2023-10-30,sms,0.21013879708206457,2,11,standard,1
M-03699,2023-10-31,push,0.10392506248312913,3,8,at_risk,0
M-00050,2023-10-31,email,0.2533573201115021,1,57,standard,1
M-00041,2023-10-31,push,0.443324517103873,2,36,standard,0
M-02364,2023-10-31,sms,0.4621776697415148,3,37,at_risk,1
M-02421,2023-10-31,email,0.4870664519227292,1,13,standard,0
M-03783,2023-10-31,email,0.22921521746309617,1,106,standard,1
M-03345,2023-10-31,push,0.7753049085055894,1,56,new,1
M-01673,2023-10-31,email,0.19543126085248907,1,55,standard,0
M-00233,2023-10-31,direct_mail,0.2743145561653664,3,85,standard,1
M-01300,2023-10-31,email,0.2659281604399925,2,64,new,0
M-02604,2023-10-31,direct_mail,0.39949007154644556,1,27,standard,0
M-00013,2023-11-01,push,0.0894586666146478,0,9,standard,0
M-03633,2023-11-01,push,0.4110670843544476,0,116,new,1
M-03047,2023-11-01,push,0.4200488613301681,1,51,standard,0
M-02782,2023-11-01,direct_mail,0.04341420074478905,0,107,at_risk,0
M-03132,2023-11-01,email,0.7679850447783093,1,65,standard,1
M-01203,2023-11-01,sms,0.39876302748040576,0,9,standard,1
M-01867,2023-11-01,push,0.4705537419372243,0,112,standard,1
M-00206,2023-11-02,email,0.282705678646333,2,81,high_value,0
M-01274,2023-11-02,push,0.06694050218758968,1,22,high_value,0
M-03111,2023-11-02,push,0.3754605891283696,2,91,standard,0
M-02280,2023-11-02,email,0.06305545152898019,0,81,standard,1
M-02842,2023-11-02,push,0.20074287124554305,4,48,standard,1
M-01821,2023-11-02,email,0.5250541451448095,0,107,at_risk,1
M-03905,2023-11-02,sms,0.1107548551119206,1,24,standard,1
M-01133,2023-11-02,email,0.10646824621413031,3,119,at_risk,0
M-03144,2023-11-02,push,0.15845139508295994,4,63,at_risk,1
M-00741,2023-11-02,push,0.34098523118850915,5,113,at_risk,1
M-02175,2023-11-02,email,0.1079447680326232,1,85,standard,1
M-02173,2023-11-02,email,0.2437632657385834,1,40,standard,0
M-00713,2023-11-02,sms,0.09891230509720643,0,119,standard,1
M-02942,2023-11-02,email,0.42242886748609043,2,102,at_risk,1
M-01670,2023-11-02,push,0.20439361971089526,0,47,high_value,0
M-00127,2023-11-02,email,0.4174422029611282,2,62,new,0
M-00488,2023-11-03,push,0.3570659270153314,3,94,standard,1
M-03186,2023-11-03,direct_mail,0.4471912763015601,2,96,standard,1
M-03581,2023-11-03,email,0.28794163852960747,2,69,high_value,1
M-02106,2023-11-03,sms,0.4639829055763285,0,62,standard,1
M-00656,2023-11-03,push,0.20029082532769893,3,86,standard,1
M-00422,2023-11-03,sms,0.24854112869854886,2,20,standard,1
M-00088,2023-11-04,email,0.10429866828272305,2,15,new,1
M-03246,2023-11-04,push,0.1414953686051541,2,36,standard,0
M-03202,2023-11-04,email,0.1558294019750991,1,111,standard,0
M-02120,2023-11-04,email,0.3032451270493472,2,96,standard,1
M-01774,2023-11-04,sms,0.40372653758750904,1,24,standard,1
M-00319,2023-11-04,push,0.2770771668111213,1,107,new,0
M-03677,2023-11-04,push,0.3606248965199265,0,9,standard,0
M-01147,2023-11-04,email,0.20236570445457688,1,16,standard,1
M-02936,2023-11-04,push,0.5242788242692707,0,80,at_risk,0
M-00172,2023-11-05,direct_mail,0.8104671463120968,1,38,at_risk,1
M-01869,2023-11-05,push,0.2570879032667278,1,51,new,1
M-00644,2023-11-05,push,0.29017040513108533,1,49,new,0
M-03626,2023-11-05,sms,0.27261778047386376,2,87,new,1
M-03156,2023-11-05,email,0.2046742021637621,2,43,standard,0
M-01060,2023-11-05,email,0.14501434206521313,0,24,standard,1
M-03225,2023-11-05,email,0.41029281813826723,0,83,new,0
M-00863,2023-11-05,sms,0.08383388961880359,0,42,at_risk,0
M-01057,2023-11-05,sms,0.39200861055676794,3,14,standard,1
M-03431,2023-11-05,email,0.16782270871296603,1,80,standard,1
M-01690,2023-11-05,direct_mail,0.4258200938941614,0,18,high_value,0
M-03846,2023-11-05,email,0.3664473663428178,5,101,new,1
M-00369,2023-11-05,push,0.1903758401888029,1,38,standard,1
M-02921,2023-11-05,email,0.17821091548109383,1,81,standard,1
M-00910,2023-11-05,sms,0.20048238301079696,3,8,standard,0
M-02994,2023-11-05,push,0.26622903990371294,2,68,standard,0
M-01277,2023-11-06,email,0.24191075651160215,1,75,at_risk,0
M-02211,2023-11-06,sms,0.1904351774416772,0,61,standard,0
M-01557,2023-11-06,sms,0.40504835989685267,1,82,at_risk,0
M-00001,2023-11-06,direct_mail,0.2297633616857656,0,34,standard,0
M-03386,2023-11-06,sms,0.6428675106828429,1,93,standard,0
M-02446,2023-11-06,push,0.5136750316512391,1,94,standard,1
M-00733,2023-11-06,push,0.30816295212517464,0,88,at_risk,1
M-03543,2023-11-06,push,0.34475994154617806,2,63,new,1
M-02574,2023-11-06,push,0.35569697486795393,1,28,standard,1
M-01824,2023-11-06,push,0.25776655733677084,1,40,at_risk,1
M-02661,2023-11-06,push,0.05883332376658243,1,23,standard,0
M-02319,2023-11-06,direct_mail,0.05528344798759856,1,87,standard,1
M-01338,2023-11-07,sms,0.2914372514761775,3,93,new,1
M-00835,2023-11-07,email,0.30470769984274104,1,96,high_value,1
M-01241,2023-11-07,sms,0.23597938398066606,3,46,standard,1
M-01913,2023-11-07,direct_mail,0.38520000458417974,0,79,high_value,1
M-00401,2023-11-07,email,0.39424138637452366,0,36,standard,1
M-03865,2023-11-07,sms,0.1054906707335345,0,1,new,0
M-03223,2023-11-07,email,0.20051350478856256,0,36,new,0
M-03222,2023-11-07,email,0.2988034416560587,1,42,high_value,0
M-01610,2023-11-07,push,0.20106413174943186,1,51,at_risk,1
M-00597,2023-11-08,sms,0.2263091220514084,0,4,at_risk,0
M-00601,2023-11-08,email,0.3459646306333117,2,117,standard,1
M-01468,2023-11-08,email,0.5416570391036943,1,70,standard,1
M-02448,2023-11-08,email,0.14361748590664358,1,82,standard,1
M-03000,2023-11-08,email,0.1543287109161637,4,8,standard,0
M-01440,2023-11-08,sms,0.35367989980221004,3,3,standard,0
M-01730,2023-11-08,email,0.5933952712753867,0,85,standard,1
M-00049,2023-11-08,direct_mail,0.13333291328182972,0,9,high_value,1
M-03479,2023-11-08,push,0.09297172640281447,1,97,new,0
M-00209,2023-11-08,email,0.2844946931808205,1,77,standard,1
M-03428,2023-11-08,email,0.16193016935893415,1,71,standard,1
M-00814,2023-11-08,email,0.06766452580654458,1,13,standard,0
M-01312,2023-11-08,email,0.3952905460526702,2,55,new,1
M-02095,2023-11-08,email,0.07696337817201293,1,78,standard,1
M-02857,2023-11-08,push,0.25869624899603366,0,19,standard,0
M-02602,2023-11-09,email,0.49047714114816743,2,10,at_risk,0
M-00106,2023-11-09,email,0.6932383784757228,0,49,standard,0
M-00024,2023-11-09,push,0.03676345867930709,0,78,high_value,0
M-00111,2023-11-09,push,0.03153457057280289,2,77,standard,0
M-00805,2023-11-09,push,0.35485922822859695,2,20,standard,0
M-03564,2023-11-09,push,0.08111380884838174,1,102,new,0
M-00765,2023-11-09,push,0.30375647650083526,2,28,standard,1
M-02987,2023-11-09,push,0.48238346897037776,2,77,at_risk,0
M-03349,2023-11-09,direct_mail,0.021347007195643645,1,37,high_value,1
M-01211,2023-11-09,sms,0.2655345251702556,0,101,standard,0
M-03073,2023-11-09,email,0.21234614949574476,0,73,standard,1
M-01497,2023-11-09,email,0.4080316479890009,2,113,new,1
M-00612,2023-11-10,sms,0.3977474013732005,2,65,high_value,1
M-00475,2023-11-10,email,0.09020166976793255,1,13,standard,0
M-00917,2023-11-10,direct_mail,0.1196582344866076,5,100,standard,1
M-01725,2023-11-10,sms,0.19214248720462443,1,33,standard,0
M-01415,2023-11-10,direct_mail,0.4696419684188243,1,20,new,0
M-00689,2023-11-10,email,0.12769162295186162,1,41,at_risk,1
M-00159,2023-11-10,email,0.22079366294131358,3,56,high_value,0
M-03325,2023-11-10,direct_mail,0.46696305397021465,0,50,standard,0
M-00277,2023-11-10,push,0.13435581892596554,0,111,standard,1
M-03966,2023-11-11,sms,0.27685928519158753,4,69,at_risk,1
M-03381,2023-11-11,email,0.6469545476040574,0,11,high_value,1
M-02647,2023-11-11,email,0.33226217808589587,0,67,new,1
M-03322,2023-11-11,email,0.2271476901452255,2,53,standard,0
M-02283,2023-11-11,sms,0.4023636001428136,1,69,standard,1
M-00954,2023-11-11,email,0.20038852937839186,1,109,at_risk,0
M-00989,2023-11-11,sms,0.2135288727196052,0,4,standard,0
M-00248,2023-11-11,email,0.4747736919844962,3,70,standard,1
M-00724,2023-11-11,email,0.1808155385568021,0,79,standard,1
M-00015,2023-11-11,sms,0.3574793373410348,0,33,standard,0
M-00105,2023-11-11,email,0.5779452990528532,0,23,new,1
M-02008,2023-11-12,sms,0.2573231455158791,2,102,standard,1
M-01429,2023-11-12,email,0.5925104421124822,0,30,standard,0
M-03054,2023-11-12,push,0.28056288983775873,3,84,new,1
M-03421,2023-11-12,direct_mail,0.20111242046717262,1,109,standard,0
M-03914,2023-11-12,sms,0.31124979784741874,6,87,high_value,1
M-00212,2023-11-12,sms,0.10221333116816317,1,46,at_risk,0
M-02808,2023-11-13,email,0.31346545988084684,1,94,high_value,1
M-02235,2023-11-13,sms,0.26761353736601434,0,90,new,1
M-01413,2023-11-13,email,0.26457834586263373,3,77,high_value,0
M-02670,2023-11-13,email,0.2671545485467677,0,54,at_risk,1
M-02724,2023-11-13,sms,0.2594466347497889,1,106,standard,1
M-01460,2023-11-13,email,0.3533438237136542,0,109,at_risk,0
M-03129,2023-11-13,push,0.5077036071698809,1,45,new,1
M-01979,2023-11-14,push,0.29872796727188006,0,36,new,0
M-01985,2023-11-14,email,0.5417061427023524,1,106,standard,0
M-00558,2023-11-14,push,0.056004153732174336,1,5,high_value,1
M-02800,2023-11-14,sms,0.28213741284415844,0,56,standard,1
M-00134,2023-11-14,push,0.15019775725938156,1,112,standard,1
M-01616,2023-11-14,push,0.34867791560183814,3,63,high_value,1
M-02701,2023-11-14,email,0.3366376146182695,1,43,standard,0
M-03153,2023-11-14,sms,0.38861424063505734,1,43,at_risk,1
M-00638,2023-11-14,sms,0.11043462872936041,2,72,high_value,1
M-01132,2023-11-14,email,0.37184088161260875,0,77,standard,1
M-01253,2023-11-14,email,0.4316168404600029,1,35,new,1
M-00260,2023-11-14,push,0.1675857089581488,1,89,standard,0
M-02546,2023-11-14,email,0.7271141341726249,1,21,standard,1
M-00744,2023-11-15,email,0.22230163858302296,1,3,standard,0
M-03395,2023-11-15,sms,0.04541466230535395,0,45,at_risk,0
M-03482,2023-11-15,email,0.39494758367953187,3,68,standard,1
M-03563,2023-11-15,sms,0.13979607120952503,3,106,new,1
M-02831,2023-11-15,email,0.1275190322041304,1,6,standard,0
M-00070,2023-11-15,direct_mail,0.6280390956551719,1,107,new,0
M-01683,2023-11-15,email,0.6236029450872055,0,105,new,1
M-00483,2023-11-15,email,0.25299254786609526,3,61,standard,1
M-00104,2023-11-15,email,0.39177327378934174,1,53,new,1
M-03295,2023-11-15,direct_mail,0.5870201836253826,2,46,new,1
M-02898,2023-11-15,push,0.21345776918260814,0,97,at_risk,1
M-00691,2023-11-15,email,0.365224526946495,1,30,new,0
M-03392,2023-11-15,email,0.20580693970499,0,36,new,1
M-02256,2023-11-15,push,0.1875388468649835,3,30,at_risk,1
M-00715,2023-11-16,email,0.2454538471847291,0,74,at_risk,0
M-01735,2023-11-16,push,0.5542991672664763,1,74,standard,1
M-02556,2023-11-16,push,0.48205357270569255,2,104,new,0
M-02205,2023-11-16,push,0.05647632091221229,1,115,at_risk,0
M-01011,2023-11-16,email,0.27315460563418476,3,5,standard,0
M-03384,2023-11-16,sms,0.25858572515982275,0,4,at_risk,1
M-03570,2023-11-16,push,0.6526472913537423,0,37,at_risk,0
M-03751,2023-11-16,sms,0.23574004297351478,1,37,standard,1
M-01577,2023-11-16,push,0.5591904981683342,0,84,high_value,1
