external_id,created_at,trip_length,party_size,booking_lead_days,past_hotels,past_cars,past_activities,search_hotel,search_activity,loyalty_tier,fare_class,email_clicks,bought_ancillary,true_p0_ancillary,true_p_hotel,true_p_activity,true_p_car,true_p_insurance,true_p_bundle,offer_value
T-40000,2025-11-13,13.0,1.0,39.0,3.0,1.0,1.0,0.0,1.0,2.0,1.0,2.0,1,0.9031,0.7841,0.3775,0.2789,0.1765,0.6012,120.0
T-40001,2025-10-05,8.0,3.0,72.0,4.0,1.0,2.0,4.0,3.0,3.0,1.0,0.0,1,0.95,0.8765,0.5744,0.343,0.2108,0.7406,120.0
T-40002,2025-10-26,10.0,2.0,12.0,2.0,1.0,5.0,5.0,4.0,2.0,2.0,3.0,0,0.95,0.832,0.8455,0.31,0.1795,0.8381,120.0
T-40003,2025-03-14,8.0,2.0,73.0,0.0,0.0,1.0,8.0,5.0,1.0,0.0,5.0,0,0.9272,0.7824,0.5744,0.2142,0.1804,0.6888,120.0
T-40004,2026-04-30,8.0,2.0,19.0,2.0,3.0,0.0,1.0,1.0,1.0,2.0,3.0,1,0.8952,0.6726,0.2891,0.5498,0.1864,0.5,120.0
T-40005,2026-03-01,11.0,1.0,63.0,1.0,4.0,1.0,3.0,2.0,0.0,2.0,5.0,0,0.9422,0.7251,0.4256,0.6341,0.2351,0.5903,120.0
T-40006,2025-09-26,10.0,1.0,60.0,1.0,0.0,5.0,1.0,2.0,0.0,1.0,0.0,1,0.9357,0.6295,0.7858,0.19,0.1978,0.6998,120.0
T-40007,2025-06-17,11.0,1.0,78.0,0.0,4.0,0.0,8.0,0.0,1.0,2.0,5.0,1,0.95,0.8205,0.2497,0.6341,0.2535,0.5637,120.0
T-40008,2026-01-21,8.0,3.0,11.0,2.0,3.0,3.0,5.0,6.0,3.0,1.0,4.0,1,0.95,0.8085,0.7858,0.5866,0.151,0.7983,120.0
T-40009,2026-05-08,8.0,1.0,77.0,4.0,0.0,2.0,0.0,7.0,2.0,2.0,5.0,1,0.95,0.7756,0.7503,0.19,0.2522,0.7642,120.0
T-40010,2025-10-29,7.0,1.0,41.0,4.0,4.0,1.0,9.0,6.0,0.0,2.0,1.0,1,0.95,0.9416,0.6225,0.6341,0.2097,0.798,120.0
T-40011,2025-07-21,11.0,2.0,4.0,1.0,2.0,5.0,4.0,0.0,3.0,1.0,3.0,1,0.95,0.7595,0.7109,0.4256,0.1451,0.7377,120.0
T-40012,2025-08-10,8.0,1.0,65.0,3.0,2.0,2.0,9.0,0.0,0.0,1.0,0.0,0,0.95,0.9248,0.4256,0.3894,0.2032,0.7002,120.0
T-40013,2025-03-17,11.0,4.0,27.0,7.0,2.0,0.0,1.0,6.0,2.0,2.0,4.0,1,0.95,0.9376,0.525,0.5,0.1947,0.7519,120.0
T-40014,2026-04-24,11.0,3.0,50.0,3.0,2.0,2.0,5.0,5.0,0.0,0.0,2.0,1,0.95,0.8839,0.6682,0.4626,0.1589,0.7868,120.0
T-40015,2025-10-04,9.0,2.0,83.0,3.0,3.0,2.0,2.0,2.0,2.0,0.0,4.0,1,0.95,0.7908,0.525,0.5498,0.1905,0.6712,120.0
T-40016,2025-06-10,5.0,3.0,67.0,7.0,0.0,4.0,9.0,2.0,3.0,1.0,4.0,1,0.95,0.9752,0.7109,0.2405,0.2053,0.8563,120.0
T-40017,2025-12-11,6.0,3.0,53.0,3.0,3.0,0.0,4.0,0.0,1.0,2.0,0.0,1,0.9411,0.81,0.2497,0.5866,0.2233,0.5579,120.0
T-40018,2025-04-02,8.0,2.0,53.0,2.0,4.0,2.0,6.0,7.0,3.0,0.0,4.0,0,0.95,0.8348,0.7503,0.6682,0.1616,0.7968,120.0
T-40019,2026-01-01,10.0,4.0,17.0,0.0,1.0,3.0,6.0,0.0,1.0,2.0,1.0,0,0.925,0.7465,0.525,0.3775,0.1844,0.6468,120.0
T-40020,2025-06-18,8.0,4.0,47.0,7.0,2.0,2.0,3.0,0.0,1.0,0.0,5.0,1,0.95,0.9443,0.4256,0.5,0.1562,0.7109,120.0
T-40021,2025-10-09,9.0,3.0,83.0,0.0,3.0,2.0,2.0,5.0,2.0,2.0,1.0,1,0.941,0.5695,0.6682,0.5866,0.2599,0.6139,120.0
T-40022,2026-04-10,11.0,4.0,42.0,4.0,2.0,1.0,6.0,5.0,1.0,1.0,3.0,1,0.95,0.9282,0.5744,0.5,0.1795,0.769,120.0
T-40023,2025-07-30,12.0,1.0,82.0,1.0,2.0,5.0,6.0,2.0,3.0,1.0,5.0,1,0.95,0.8306,0.7858,0.3894,0.2221,0.8105,120.0
T-40024,2026-02-09,3.0,1.0,4.0,7.0,4.0,5.0,1.0,4.0,1.0,2.0,0.0,1,0.95,0.888,0.8455,0.6341,0.1717,0.8689,120.0
T-40025,2026-05-24,10.0,3.0,49.0,2.0,3.0,4.0,5.0,2.0,2.0,1.0,4.0,1,0.95,0.832,0.7109,0.5866,0.1864,0.7775,120.0
T-40026,2025-10-07,13.0,1.0,39.0,5.0,0.0,3.0,0.0,1.0,0.0,1.0,1.0,1,0.95,0.8797,0.5744,0.19,0.1765,0.7424,120.0
T-40027,2025-11-26,8.0,3.0,33.0,3.0,0.0,3.0,5.0,7.0,0.0,2.0,1.0,1,0.95,0.8569,0.8176,0.2405,0.201,0.8392,120.0
T-40028,2025-03-15,8.0,1.0,31.0,2.0,2.0,5.0,3.0,1.0,2.0,0.0,2.0,0,0.95,0.7465,0.7503,0.3894,0.1427,0.7482,120.0
T-40029,2025-07-14,13.0,2.0,37.0,4.0,1.0,2.0,7.0,4.0,3.0,2.0,2.0,1,0.95,0.9478,0.6225,0.31,0.2053,0.8014,120.0
T-40030,2026-02-10,7.0,1.0,63.0,4.0,2.0,1.0,8.0,2.0,2.0,2.0,5.0,1,0.95,0.9309,0.4256,0.3894,0.2351,0.7035,120.0
T-40031,2026-03-31,7.0,4.0,12.0,6.0,3.0,0.0,2.0,1.0,3.0,1.0,4.0,1,0.95,0.902,0.2891,0.6225,0.1519,0.6262,120.0
T-40032,2026-03-09,6.0,4.0,32.0,6.0,0.0,5.0,4.0,4.0,3.0,0.0,3.0,1,0.95,0.9241,0.8455,0.2689,0.1435,0.8888,120.0
T-40033,2025-11-23,11.0,3.0,20.0,3.0,2.0,4.0,2.0,3.0,2.0,0.0,0.0,1,0.95,0.8161,0.7503,0.4626,0.1339,0.7865,120.0
T-40034,2025-10-27,11.0,2.0,10.0,1.0,3.0,3.0,5.0,6.0,0.0,1.0,1.0,1,0.95,0.7908,0.7858,0.5498,0.1502,0.7886,120.0
T-40035,2025-12-16,12.0,3.0,83.0,1.0,4.0,4.0,9.0,6.0,0.0,1.0,2.0,1,0.95,0.8938,0.8455,0.7006,0.2233,0.8721,120.0
T-40036,2025-09-30,6.0,1.0,3.0,4.0,3.0,1.0,6.0,1.0,2.0,1.0,3.0,1,0.95,0.8966,0.3775,0.5125,0.1443,0.663,120.0
T-40037,2025-08-22,9.0,4.0,81.0,4.0,0.0,2.0,0.0,5.0,2.0,1.0,1.0,1,0.9489,0.7892,0.6682,0.2689,0.221,0.7347,120.0
T-40038,2026-03-21,12.0,2.0,51.0,6.0,3.0,4.0,4.0,5.0,2.0,2.0,2.0,1,0.95,0.9517,0.8176,0.5498,0.221,0.8913,120.0
T-40039,2025-08-03,2.0,3.0,8.0,4.0,3.0,1.0,4.0,3.0,0.0,0.0,2.0,1,0.95,0.8146,0.475,0.5866,0.1249,0.6618,120.0
T-40040,2026-02-07,7.0,2.0,15.0,4.0,2.0,3.0,3.0,3.0,3.0,0.0,2.0,1,0.95,0.8455,0.6682,0.4256,0.1301,0.7657,120.0
T-40041,2026-02-26,2.0,3.0,59.0,0.0,2.0,4.0,5.0,2.0,3.0,0.0,1.0,1,0.9324,0.5646,0.7109,0.4626,0.1671,0.6305,120.0
T-40042,2026-01-03,5.0,2.0,52.0,3.0,4.0,0.0,0.0,4.0,2.0,2.0,3.0,1,0.9346,0.657,0.4256,0.6682,0.2221,0.5529,120.0
T-40043,2025-07-20,3.0,2.0,26.0,3.0,4.0,2.0,0.0,3.0,0.0,1.0,4.0,1,0.9464,0.6201,0.5744,0.6682,0.1643,0.5996,120.0
T-40044,2025-09-03,7.0,1.0,28.0,7.0,0.0,3.0,6.0,2.0,0.0,1.0,2.0,1,0.95,0.9641,0.6225,0.19,0.1661,0.8104,120.0
T-40045,2025-09-17,10.0,3.0,42.0,7.0,2.0,4.0,9.0,4.0,0.0,0.0,3.0,1,0.95,0.9832,0.7858,0.4626,0.1519,0.8944,120.0
T-40046,2025-11-26,6.0,1.0,71.0,2.0,3.0,3.0,3.0,6.0,0.0,2.0,5.0,1,0.95,0.715,0.7858,0.5125,0.2448,0.7469,120.0
T-40047,2026-04-17,2.0,3.0,88.0,1.0,0.0,3.0,7.0,1.0,3.0,1.0,3.0,1,0.9112,0.7251,0.5744,0.2405,0.2291,0.6573,120.0
T-40048,2025-03-07,6.0,1.0,20.0,7.0,3.0,1.0,8.0,5.0,0.0,1.0,1.0,1,0.95,0.9726,0.5744,0.5125,0.1589,0.7934,120.0
T-40049,2026-02-28,10.0,1.0,88.0,7.0,3.0,2.0,0.0,7.0,1.0,0.0,5.0,0,0.95,0.9206,0.7503,0.5125,0.1957,0.8439,120.0
T-40050,2025-10-09,11.0,4.0,53.0,2.0,2.0,4.0,6.0,7.0,3.0,0.0,5.0,1,0.95,0.8653,0.8699,0.5,0.1616,0.8674,120.0
T-40051,2025-09-14,7.0,2.0,53.0,0.0,3.0,1.0,2.0,3.0,3.0,2.0,0.0,1,0.8889,0.53,0.475,0.5498,0.2233,0.5052,120.0
T-40052,2025-04-25,13.0,4.0,21.0,6.0,2.0,1.0,7.0,5.0,2.0,0.0,5.0,1,0.95,0.9734,0.5744,0.5,0.1347,0.7939,120.0
T-40053,2026-02-26,6.0,3.0,3.0,7.0,3.0,1.0,0.0,5.0,1.0,1.0,2.0,1,0.95,0.8938,0.5744,0.5866,0.1443,0.7501,120.0
T-40054,2025-12-03,2.0,4.0,66.0,3.0,1.0,5.0,2.0,2.0,1.0,0.0,2.0,1,0.95,0.6835,0.7858,0.3775,0.1736,0.7296,120.0
T-40055,2026-04-01,3.0,3.0,27.0,6.0,3.0,2.0,6.0,3.0,3.0,1.0,3.0,1,0.95,0.9321,0.5744,0.5866,0.1652,0.7712,120.0
T-40056,2026-03-08,8.0,1.0,23.0,6.0,3.0,5.0,7.0,1.0,2.0,2.0,3.0,1,0.95,0.9608,0.7503,0.5125,0.1905,0.8661,120.0
T-40057,2025-05-02,3.0,2.0,89.0,4.0,1.0,1.0,2.0,3.0,3.0,2.0,2.0,1,0.9162,0.7685,0.475,0.31,0.2676,0.6364,120.0
T-40058,2025-05-17,4.0,4.0,13.0,6.0,0.0,1.0,0.0,3.0,2.0,2.0,4.0,1,0.9366,0.8348,0.475,0.2689,0.1804,0.6729,120.0
T-40059,2025-07-24,3.0,3.0,9.0,1.0,0.0,5.0,9.0,0.0,3.0,0.0,2.0,1,0.95,0.8038,0.7109,0.2405,0.1256,0.762,120.0
T-40060,2025-10-11,5.0,3.0,47.0,6.0,0.0,0.0,9.0,5.0,0.0,1.0,0.0,1,0.95,0.9651,0.475,0.2405,0.1844,0.7446,120.0
T-40061,2026-02-02,11.0,3.0,37.0,4.0,2.0,1.0,6.0,6.0,3.0,2.0,3.0,1,0.95,0.9282,0.6225,0.4626,0.2053,0.7906,120.0
T-40062,2025-05-01,12.0,4.0,77.0,2.0,0.0,0.0,1.0,3.0,0.0,1.0,3.0,0,0.8812,0.7389,0.3775,0.2689,0.2164,0.5763,120.0
T-40063,2025-06-11,4.0,4.0,54.0,0.0,0.0,5.0,9.0,3.0,2.0,1.0,5.0,1,0.95,0.7577,0.8176,0.2689,0.1915,0.7846,120.0
T-40064,2025-05-22,4.0,4.0,39.0,2.0,1.0,1.0,6.0,3.0,0.0,2.0,4.0,1,0.93,0.7858,0.475,0.3775,0.2075,0.646,120.0
T-40065,2025-03-26,10.0,4.0,37.0,1.0,2.0,2.0,0.0,3.0,3.0,1.0,5.0,1,0.912,0.5866,0.5744,0.5,0.1746,0.5811,120.0
T-40066,2025-12-29,5.0,3.0,51.0,6.0,2.0,3.0,2.0,7.0,3.0,0.0,4.0,1,0.95,0.887,0.8176,0.4626,0.1598,0.8557,120.0
T-40067,2026-01-03,10.0,2.0,89.0,4.0,4.0,1.0,2.0,7.0,1.0,2.0,2.0,1,0.95,0.8532,0.6682,0.6682,0.2676,0.7699,120.0
T-40068,2026-05-11,7.0,2.0,10.0,7.0,4.0,0.0,5.0,3.0,2.0,2.0,4.0,1,0.95,0.9573,0.3775,0.6682,0.1775,0.6964,120.0
T-40069,2025-05-04,8.0,3.0,40.0,5.0,1.0,1.0,6.0,3.0,3.0,0.0,4.0,1,0.95,0.9352,0.475,0.343,0.1502,0.7281,120.0
T-40070,2026-01-04,12.0,1.0,52.0,4.0,1.0,5.0,5.0,1.0,0.0,1.0,0.0,1,0.95,0.9213,0.7503,0.2789,0.1895,0.8443,120.0
T-40071,2026-01-19,13.0,4.0,65.0,5.0,0.0,1.0,9.0,4.0,2.0,2.0,2.0,1,0.95,0.9737,0.525,0.2689,0.2375,0.7718,120.0
T-40072,2025-10-01,10.0,4.0,27.0,1.0,3.0,3.0,2.0,5.0,2.0,0.0,3.0,1,0.95,0.6704,0.7503,0.6225,0.1394,0.7063,120.0
T-40073,2026-04-22,6.0,3.0,25.0,4.0,3.0,4.0,1.0,0.0,1.0,0.0,4.0,1,0.95,0.779,0.6225,0.5866,0.1378,0.7086,120.0
T-40074,2026-02-26,4.0,3.0,89.0,6.0,3.0,0.0,9.0,4.0,3.0,2.0,4.0,1,0.95,0.9623,0.4256,0.5866,0.2676,0.7208,120.0
T-40075,2025-04-13,2.0,2.0,22.0,1.0,1.0,5.0,6.0,3.0,3.0,0.0,5.0,1,0.95,0.6878,0.8176,0.31,0.1355,0.7462,120.0
T-40076,2026-05-29,2.0,1.0,71.0,7.0,3.0,2.0,0.0,5.0,0.0,0.0,0.0,1,0.95,0.8594,0.6682,0.5125,0.1785,0.7733,120.0
T-40077,2026-04-19,7.0,4.0,56.0,2.0,4.0,3.0,8.0,1.0,0.0,2.0,1.0,1,0.95,0.8699,0.5744,0.7311,0.2268,0.7369,120.0
T-40078,2025-03-04,6.0,4.0,11.0,2.0,1.0,0.0,0.0,5.0,3.0,1.0,5.0,1,0.8673,0.5939,0.475,0.3775,0.151,0.5404,120.0
T-40079,2026-05-08,4.0,3.0,76.0,7.0,0.0,3.0,1.0,7.0,3.0,0.0,1.0,1,0.95,0.8957,0.8176,0.2405,0.1834,0.8605,120.0
T-40080,2025-12-06,2.0,3.0,63.0,0.0,2.0,3.0,8.0,1.0,1.0,2.0,2.0,1,0.9291,0.69,0.5744,0.4626,0.2351,0.638,120.0
T-40081,2025-10-02,3.0,4.0,57.0,0.0,3.0,5.0,6.0,4.0,2.0,1.0,1.0,1,0.95,0.6271,0.8455,0.6225,0.1947,0.7254,120.0
T-40082,2025-05-04,5.0,3.0,4.0,3.0,1.0,3.0,2.0,3.0,3.0,0.0,4.0,1,0.9418,0.733,0.6682,0.343,0.122,0.7038,120.0
T-40083,2025-11-15,13.0,4.0,23.0,5.0,0.0,0.0,1.0,4.0,2.0,2.0,2.0,1,0.95,0.8975,0.4256,0.2689,0.1905,0.6851,120.0
T-40084,2025-07-04,13.0,3.0,17.0,2.0,4.0,4.0,3.0,5.0,0.0,1.0,3.0,1,0.95,0.8146,0.8176,0.7006,0.1562,0.8159,120.0
T-40085,2025-05-03,6.0,3.0,63.0,0.0,1.0,0.0,7.0,6.0,0.0,0.0,4.0,1,0.9123,0.7191,0.525,0.343,0.1708,0.6317,120.0
T-40086,2026-01-06,12.0,2.0,11.0,7.0,1.0,2.0,5.0,0.0,3.0,2.0,1.0,1,0.95,0.971,0.4256,0.31,0.1785,0.7255,120.0
T-40087,2026-02-12,10.0,1.0,85.0,3.0,0.0,1.0,8.0,7.0,0.0,2.0,0.0,1,0.95,0.9234,0.6682,0.19,0.2624,0.8086,120.0
T-40088,2026-03-11,12.0,3.0,66.0,6.0,0.0,3.0,0.0,2.0,1.0,0.0,3.0,1,0.95,0.9055,0.6225,0.2405,0.1736,0.7781,120.0
T-40089,2025-08-20,4.0,3.0,8.0,2.0,0.0,4.0,5.0,2.0,3.0,1.0,0.0,1,0.946,0.754,0.7109,0.2405,0.1485,0.7346,120.0
T-40090,2025-10-04,11.0,3.0,76.0,5.0,3.0,4.0,9.0,7.0,1.0,2.0,5.0,1,0.95,0.9692,0.8699,0.5866,0.251,0.9,120.0
T-40091,2025-05-26,2.0,3.0,9.0,0.0,0.0,3.0,5.0,7.0,1.0,1.0,0.0,1,0.9397,0.5646,0.8176,0.2405,0.1493,0.6785,120.0
T-40092,2025-11-09,6.0,3.0,60.0,1.0,1.0,4.0,7.0,2.0,3.0,1.0,4.0,1,0.95,0.7841,0.7109,0.343,0.1978,0.7512,120.0
T-40093,2026-01-11,13.0,4.0,61.0,5.0,2.0,3.0,6.0,4.0,1.0,0.0,3.0,1,0.95,0.9556,0.7109,0.5,0.1689,0.8455,120.0
T-40094,2025-08-01,13.0,3.0,28.0,6.0,0.0,2.0,8.0,4.0,3.0,1.0,5.0,1,0.95,0.9777,0.6225,0.2405,0.1661,0.8178,120.0
T-40095,2025-03-06,10.0,3.0,75.0,5.0,0.0,1.0,2.0,5.0,1.0,2.0,2.0,1,0.95,0.8919,0.5744,0.2405,0.2497,0.749,120.0
T-40096,2026-03-29,13.0,3.0,64.0,4.0,3.0,0.0,9.0,4.0,0.0,1.0,2.0,1,0.95,0.963,0.4256,0.5866,0.2021,0.7212,120.0
T-40097,2025-11-10,10.0,3.0,39.0,6.0,1.0,3.0,3.0,3.0,3.0,2.0,0.0,1,0.95,0.9334,0.6682,0.343,0.2075,0.8141,120.0
T-40098,2025-10-29,10.0,1.0,87.0,1.0,0.0,0.0,4.0,3.0,0.0,1.0,5.0,1,0.8712,0.7446,0.3775,0.19,0.2279,0.5794,120.0
T-40099,2025-10-18,11.0,4.0,41.0,5.0,2.0,3.0,0.0,1.0,1.0,2.0,5.0,1,0.95,0.8618,0.5744,0.5,0.2097,0.7325,120.0
T-40100,2025-12-13,8.0,1.0,16.0,0.0,1.0,1.0,7.0,2.0,0.0,1.0,3.0,1,0.8965,0.7503,0.4256,0.2789,0.1553,0.6041,120.0
T-40101,2026-03-18,5.0,4.0,14.0,6.0,4.0,3.0,7.0,4.0,2.0,2.0,4.0,1,0.95,0.9507,0.7109,0.7311,0.1814,0.8428,120.0
T-40102,2025-07-28,13.0,2.0,35.0,4.0,1.0,0.0,5.0,1.0,2.0,2.0,1.0,1,0.95,0.9269,0.2891,0.31,0.2032,0.6399,120.0
T-40103,2025-12-02,7.0,1.0,27.0,3.0,4.0,4.0,3.0,4.0,2.0,2.0,5.0,1,0.95,0.7941,0.7858,0.6341,0.1947,0.7904,120.0
T-40104,2026-03-10,11.0,1.0,18.0,7.0,2.0,2.0,2.0,4.0,1.0,2.0,4.0,1,0.95,0.9473,0.6225,0.3894,0.1854,0.8011,120.0
T-40105,2026-02-07,6.0,2.0,83.0,0.0,4.0,4.0,9.0,4.0,1.0,2.0,4.0,1,0.95,0.7858,0.7858,0.6682,0.2599,0.7858,120.0
T-40106,2025-06-28,11.0,1.0,38.0,2.0,2.0,1.0,9.0,5.0,1.0,1.0,1.0,1,0.95,0.9168,0.5744,0.3894,0.1756,0.7628,120.0
T-40107,2026-01-07,12.0,4.0,2.0,3.0,1.0,4.0,3.0,2.0,2.0,2.0,1.0,1,0.95,0.852,0.7109,0.3775,0.1699,0.7885,120.0
T-40108,2025-08-16,9.0,3.0,74.0,3.0,3.0,4.0,1.0,5.0,1.0,2.0,5.0,1,0.95,0.7595,0.8176,0.5866,0.2485,0.7856,120.0
T-40109,2026-01-31,5.0,3.0,77.0,0.0,0.0,0.0,1.0,2.0,1.0,2.0,2.0,0,0.7185,0.4452,0.3318,0.2405,0.2522,0.3942,120.0
T-40110,2025-04-11,5.0,2.0,69.0,5.0,1.0,0.0,2.0,3.0,0.0,1.0,3.0,1,0.9342,0.8468,0.3775,0.31,0.2075,0.6357,120.0
T-40111,2025-06-23,6.0,3.0,24.0,5.0,4.0,2.0,3.0,5.0,1.0,0.0,0.0,1,0.95,0.8776,0.6682,0.7006,0.1371,0.7834,120.0
T-40112,2025-05-06,7.0,4.0,53.0,3.0,0.0,4.0,7.0,5.0,2.0,1.0,2.0,1,0.95,0.888,0.8176,0.2689,0.1905,0.8563,120.0
T-40113,2026-03-23,11.0,3.0,84.0,6.0,2.0,3.0,8.0,3.0,2.0,1.0,2.0,1,0.95,0.9739,0.6682,0.4626,0.2244,0.8363,120.0
T-40114,2026-01-02,12.0,1.0,41.0,7.0,2.0,0.0,8.0,1.0,1.0,2.0,1.0,1,0.95,0.9829,0.2891,0.3894,0.2097,0.6707,120.0
T-40115,2025-03-28,9.0,2.0,51.0,4.0,4.0,1.0,5.0,1.0,3.0,0.0,0.0,1,0.95,0.902,0.3775,0.6682,0.1598,0.666,120.0
T-40116,2025-10-18,10.0,1.0,66.0,3.0,4.0,4.0,3.0,4.0,2.0,0.0,0.0,1,0.95,0.8306,0.7858,0.6341,0.1736,0.8105,120.0
T-40117,2025-09-18,8.0,1.0,28.0,1.0,0.0,2.0,4.0,1.0,0.0,2.0,2.0,1,0.878,0.713,0.475,0.19,0.1957,0.6059,120.0
T-40118,2026-01-05,11.0,2.0,3.0,3.0,2.0,5.0,3.0,7.0,1.0,0.0,4.0,1,0.95,0.8416,0.9089,0.4256,0.1213,0.8719,120.0
T-40119,2025-07-19,3.0,3.0,69.0,0.0,2.0,0.0,7.0,3.0,2.0,0.0,0.0,1,0.889,0.6682,0.3775,0.4626,0.1765,0.5374,120.0
T-40120,2026-02-22,6.0,1.0,18.0,4.0,0.0,3.0,7.0,1.0,3.0,1.0,0.0,1,0.95,0.9121,0.5744,0.19,0.1571,0.7602,120.0
T-40121,2025-03-29,6.0,3.0,45.0,3.0,2.0,3.0,7.0,0.0,1.0,1.0,4.0,1,0.95,0.8797,0.525,0.4626,0.1824,0.7201,120.0
T-40122,2025-06-28,6.0,1.0,71.0,4.0,2.0,5.0,5.0,1.0,2.0,0.0,2.0,1,0.95,0.8787,0.7503,0.3894,0.1785,0.8209,120.0
T-40123,2025-12-14,12.0,4.0,8.0,6.0,2.0,0.0,5.0,4.0,2.0,0.0,4.0,1,0.95,0.9593,0.4256,0.5,0.1249,0.7191,120.0
T-40124,2025-08-13,8.0,1.0,61.0,3.0,0.0,2.0,9.0,1.0,2.0,2.0,0.0,1,0.95,0.9248,0.475,0.19,0.2327,0.7224,120.0
T-40125,2025-06-15,3.0,1.0,82.0,6.0,1.0,1.0,9.0,0.0,0.0,1.0,0.0,1,0.95,0.9593,0.3318,0.2789,0.2221,0.6769,120.0
T-40126,2026-01-15,7.0,3.0,3.0,2.0,1.0,2.0,2.0,6.0,2.0,0.0,1.0,1,0.9419,0.6942,0.7109,0.343,0.1213,0.7018,120.0
T-40127,2025-11-27,11.0,2.0,10.0,7.0,4.0,3.0,6.0,6.0,2.0,2.0,5.0,1,0.95,0.9737,0.7858,0.6682,0.1775,0.8891,120.0
T-40128,2025-07-11,7.0,4.0,8.0,0.0,1.0,0.0,0.0,2.0,3.0,2.0,1.0,1,0.7672,0.4403,0.3318,0.3775,0.1756,0.3915,120.0
T-40129,2025-05-22,10.0,3.0,55.0,2.0,2.0,1.0,0.0,5.0,3.0,2.0,0.0,0,0.9241,0.6682,0.5744,0.4626,0.2256,0.626,120.0
T-40130,2025-09-09,6.0,2.0,86.0,6.0,2.0,1.0,7.0,2.0,3.0,0.0,2.0,1,0.95,0.9543,0.4256,0.4256,0.1936,0.7164,120.0
T-40131,2025-07-31,3.0,1.0,8.0,4.0,3.0,4.0,9.0,6.0,1.0,2.0,3.0,1,0.95,0.9213,0.8455,0.5125,0.1756,0.8872,120.0
T-40132,2026-01-30,13.0,3.0,15.0,2.0,4.0,0.0,3.0,6.0,1.0,1.0,5.0,1,0.95,0.8146,0.525,0.7006,0.1545,0.6843,120.0
T-40133,2025-08-23,11.0,4.0,88.0,5.0,3.0,5.0,2.0,3.0,0.0,2.0,5.0,1,0.95,0.8993,0.8176,0.6225,0.2663,0.8625,120.0
T-40134,2025-08-20,2.0,4.0,64.0,0.0,1.0,5.0,4.0,4.0,3.0,0.0,2.0,1,0.95,0.52,0.8455,0.3775,0.1717,0.6665,120.0
T-40135,2025-04-05,8.0,4.0,37.0,3.0,3.0,2.0,0.0,0.0,0.0,0.0,3.0,1,0.9369,0.7089,0.4256,0.6225,0.1476,0.5814,120.0
T-40136,2025-04-22,3.0,1.0,61.0,3.0,4.0,4.0,1.0,3.0,2.0,2.0,2.0,1,0.95,0.6615,0.7503,0.6341,0.2327,0.7014,120.0
T-40137,2026-05-19,6.0,4.0,8.0,5.0,4.0,3.0,0.0,0.0,1.0,1.0,3.0,1,0.95,0.8069,0.525,0.7311,0.1485,0.68,120.0
T-40138,2026-05-01,2.0,1.0,35.0,1.0,2.0,3.0,6.0,0.0,2.0,0.0,2.0,1,0.9095,0.6878,0.525,0.3894,0.146,0.6145,120.0
T-40139,2025-05-23,9.0,1.0,11.0,3.0,0.0,0.0,8.0,5.0,0.0,1.0,3.0,1,0.95,0.9176,0.475,0.19,0.151,0.7184,120.0
T-40140,2026-05-21,5.0,3.0,28.0,1.0,2.0,4.0,4.0,6.0,1.0,1.0,0.0,1,0.95,0.6615,0.8455,0.4626,0.1661,0.7443,120.0
T-40141,2026-01-04,5.0,4.0,74.0,3.0,0.0,5.0,9.0,0.0,0.0,0.0,2.0,1,0.95,0.9064,0.7109,0.2689,0.1814,0.8184,120.0
T-40142,2025-10-29,10.0,1.0,10.0,4.0,2.0,0.0,2.0,0.0,2.0,1.0,1.0,1,0.9327,0.8532,0.2497,0.3894,0.1502,0.5816,120.0
T-40143,2025-09-22,2.0,4.0,58.0,4.0,1.0,4.0,5.0,0.0,3.0,2.0,1.0,1,0.95,0.8402,0.6225,0.3775,0.2291,0.7422,120.0
T-40144,2025-09-05,10.0,4.0,31.0,5.0,2.0,4.0,7.0,0.0,0.0,1.0,3.0,1,0.95,0.953,0.6225,0.5,0.1689,0.8043,120.0
T-40145,2026-03-17,4.0,3.0,31.0,1.0,3.0,5.0,8.0,6.0,0.0,2.0,4.0,1,0.95,0.7875,0.8909,0.5866,0.1989,0.834,120.0
T-40146,2026-02-15,9.0,4.0,86.0,3.0,4.0,3.0,1.0,2.0,0.0,2.0,3.0,1,0.95,0.7595,0.6225,0.7311,0.2637,0.6978,120.0
T-40147,2026-04-01,4.0,4.0,12.0,2.0,4.0,0.0,3.0,1.0,3.0,2.0,4.0,1,0.9391,0.6814,0.2891,0.7311,0.1795,0.5048,120.0
T-40148,2025-08-21,2.0,4.0,27.0,4.0,2.0,1.0,6.0,4.0,1.0,1.0,4.0,1,0.95,0.8629,0.525,0.5,0.1652,0.7109,120.0
T-40149,2025-06-04,6.0,3.0,7.0,3.0,2.0,3.0,4.0,5.0,1.0,0.0,4.0,1,0.95,0.81,0.7503,0.4626,0.1242,0.7831,120.0
T-40150,2025-06-19,12.0,3.0,39.0,0.0,0.0,4.0,2.0,1.0,2.0,1.0,2.0,1,0.906,0.6271,0.6682,0.2405,0.1765,0.6456,120.0
T-40151,2025-07-15,8.0,2.0,26.0,2.0,0.0,1.0,4.0,6.0,0.0,1.0,5.0,1,0.9344,0.779,0.6225,0.2142,0.1643,0.7086,120.0
T-40152,2025-12-12,4.0,1.0,61.0,2.0,0.0,2.0,6.0,7.0,2.0,1.0,0.0,1,0.95,0.7858,0.7503,0.19,0.1989,0.7698,120.0
T-40153,2026-01-25,4.0,3.0,15.0,5.0,3.0,1.0,5.0,3.0,1.0,0.0,2.0,1,0.95,0.8975,0.475,0.5866,0.1301,0.7074,120.0
T-40154,2025-03-25,11.0,4.0,46.0,6.0,1.0,5.0,2.0,7.0,1.0,1.0,4.0,1,0.95,0.9269,0.9089,0.3775,0.1834,0.9,120.0
T-40155,2026-02-20,11.0,1.0,18.0,4.0,0.0,3.0,3.0,3.0,1.0,1.0,2.0,1,0.95,0.8829,0.6682,0.19,0.1571,0.7863,120.0
T-40156,2025-11-12,7.0,4.0,26.0,3.0,2.0,3.0,9.0,5.0,2.0,0.0,0.0,0,0.95,0.9191,0.7503,0.5,0.1386,0.8431,120.0
T-40157,2025-05-25,6.0,4.0,1.0,3.0,2.0,0.0,7.0,5.0,3.0,1.0,5.0,1,0.95,0.8797,0.475,0.5,0.1427,0.6976,120.0
T-40158,2025-08-07,4.0,1.0,21.0,4.0,3.0,3.0,5.0,5.0,1.0,1.0,5.0,1,0.95,0.8606,0.7503,0.5125,0.1598,0.8109,120.0
T-40159,2025-07-19,9.0,4.0,36.0,0.0,0.0,0.0,6.0,6.0,2.0,2.0,3.0,1,0.9066,0.7311,0.525,0.2689,0.2042,0.6383,120.0
T-40160,2026-02-08,11.0,2.0,75.0,7.0,1.0,0.0,4.0,7.0,2.0,0.0,0.0,1,0.95,0.9627,0.5744,0.31,0.1824,0.788,120.0
T-40161,2026-01-26,10.0,4.0,22.0,0.0,0.0,5.0,2.0,5.0,0.0,1.0,0.0,1,0.95,0.589,0.8699,0.2689,0.1607,0.7154,120.0
T-40162,2025-10-20,2.0,3.0,75.0,0.0,3.0,2.0,3.0,2.0,3.0,2.0,0.0,1,0.8969,0.475,0.525,0.5866,0.2497,0.4975,120.0
T-40163,2026-04-18,11.0,2.0,67.0,4.0,1.0,1.0,1.0,3.0,2.0,0.0,1.0,1,0.9421,0.8402,0.475,0.31,0.1746,0.6759,120.0
T-40164,2026-03-24,13.0,3.0,48.0,0.0,3.0,2.0,2.0,7.0,2.0,2.0,1.0,1,0.95,0.6457,0.7503,0.5866,0.2176,0.6927,120.0
T-40165,2026-03-05,3.0,2.0,72.0,6.0,1.0,0.0,3.0,1.0,3.0,0.0,2.0,1,0.9455,0.8889,0.2891,0.31,0.1795,0.619,120.0
T-40166,2025-03-18,4.0,3.0,40.0,1.0,3.0,1.0,8.0,2.0,2.0,1.0,1.0,1,0.9495,0.7875,0.4256,0.5866,0.1775,0.6246,120.0
T-40167,2026-03-05,5.0,4.0,16.0,5.0,4.0,3.0,9.0,3.0,2.0,2.0,3.0,1,0.95,0.9512,0.6682,0.7311,0.1834,0.8238,120.0
T-40168,2026-05-29,12.0,2.0,73.0,2.0,1.0,5.0,6.0,7.0,0.0,1.0,5.0,1,0.95,0.8744,0.9089,0.31,0.2119,0.8899,120.0
T-40169,2025-09-22,11.0,2.0,36.0,7.0,2.0,0.0,2.0,7.0,1.0,1.0,3.0,1,0.95,0.9473,0.5744,0.4256,0.1736,0.7795,120.0
T-40170,2025-12-01,8.0,3.0,72.0,3.0,2.0,5.0,9.0,5.0,0.0,1.0,2.0,1,0.95,0.9248,0.8699,0.4626,0.2108,0.9,120.0
T-40171,2025-05-15,10.0,1.0,54.0,5.0,2.0,4.0,0.0,5.0,2.0,2.0,3.0,1,0.95,0.852,0.8176,0.3894,0.2244,0.8365,120.0
T-40172,2025-08-07,2.0,1.0,14.0,4.0,0.0,4.0,0.0,7.0,1.0,2.0,3.0,1,0.95,0.6814,0.8699,0.19,0.1814,0.7662,120.0
T-40173,2025-11-01,8.0,3.0,22.0,1.0,0.0,0.0,3.0,1.0,1.0,0.0,0.0,0,0.8244,0.6748,0.2891,0.2405,0.1355,0.5012,120.0
T-40174,2025-03-27,5.0,1.0,23.0,1.0,2.0,5.0,8.0,6.0,2.0,0.0,1.0,1,0.95,0.8006,0.8909,0.3894,0.1363,0.8412,120.0
T-40175,2026-02-05,12.0,3.0,42.0,2.0,0.0,4.0,2.0,6.0,3.0,0.0,3.0,1,0.95,0.7721,0.8455,0.2405,0.1519,0.8051,120.0
T-40176,2025-12-31,3.0,3.0,29.0,7.0,1.0,0.0,6.0,1.0,1.0,2.0,1.0,1,0.95,0.9512,0.2891,0.343,0.1968,0.6532,120.0
T-40177,2025-12-16,4.0,3.0,44.0,6.0,4.0,1.0,1.0,7.0,0.0,1.0,3.0,1,0.95,0.8581,0.6682,0.7006,0.1814,0.7727,120.0
T-40178,2026-03-26,3.0,1.0,39.0,2.0,1.0,4.0,4.0,3.0,2.0,2.0,2.0,0,0.9465,0.7027,0.7503,0.2789,0.2075,0.7241,120.0
T-40179,2025-12-22,7.0,4.0,42.0,5.0,1.0,0.0,1.0,7.0,1.0,1.0,4.0,1,0.95,0.8442,0.5744,0.3775,0.1795,0.7228,120.0
T-40180,2025-11-13,10.0,4.0,64.0,4.0,4.0,0.0,1.0,2.0,2.0,0.0,0.0,1,0.95,0.8292,0.3318,0.7311,0.1717,0.6054,120.0
T-40181,2026-04-01,7.0,1.0,83.0,6.0,1.0,5.0,2.0,3.0,0.0,2.0,0.0,1,0.95,0.902,0.8176,0.2789,0.2599,0.864,120.0
T-40182,2025-04-28,6.0,3.0,84.0,3.0,2.0,5.0,6.0,6.0,3.0,1.0,4.0,1,0.95,0.8594,0.8909,0.4626,0.2244,0.8736,120.0
T-40183,2025-11-01,4.0,3.0,43.0,5.0,1.0,2.0,7.0,1.0,3.0,0.0,3.0,1,0.95,0.9262,0.475,0.343,0.1527,0.7232,120.0
T-40184,2026-04-23,10.0,2.0,71.0,6.0,3.0,3.0,5.0,0.0,0.0,0.0,3.0,1,0.95,0.9526,0.525,0.5498,0.1785,0.7602,120.0
T-40185,2025-12-29,4.0,3.0,21.0,1.0,3.0,3.0,2.0,6.0,0.0,1.0,1.0,1,0.95,0.5572,0.7858,0.5866,0.1598,0.6601,120.0
T-40186,2025-07-11,7.0,2.0,8.0,4.0,3.0,0.0,3.0,2.0,0.0,2.0,3.0,1,0.95,0.8455,0.3318,0.5498,0.1756,0.6144,120.0
T-40187,2026-03-03,9.0,4.0,87.0,3.0,3.0,5.0,9.0,3.0,1.0,0.0,4.0,1,0.95,0.9302,0.8176,0.6225,0.1947,0.8795,120.0
T-40188,2025-06-04,13.0,4.0,15.0,1.0,0.0,2.0,1.0,2.0,2.0,0.0,2.0,1,0.8901,0.6835,0.525,0.2689,0.1301,0.6122,120.0
T-40189,2025-11-13,2.0,2.0,42.0,5.0,3.0,1.0,4.0,4.0,3.0,1.0,5.0,0,0.95,0.8618,0.525,0.5498,0.1795,0.7102,120.0
T-40190,2025-05-29,4.0,1.0,18.0,6.0,4.0,4.0,3.0,2.0,0.0,0.0,3.0,1,0.95,0.8966,0.7109,0.6341,0.1324,0.8131,120.0
T-40191,2026-02-12,6.0,2.0,67.0,3.0,2.0,0.0,8.0,5.0,3.0,2.0,4.0,1,0.95,0.8975,0.475,0.4256,0.2399,0.7074,120.0
T-40192,2025-11-29,3.0,4.0,51.0,2.0,1.0,2.0,5.0,0.0,3.0,1.0,5.0,1,0.9066,0.7389,0.4256,0.3775,0.1885,0.5979,120.0
T-40193,2025-03-21,5.0,1.0,87.0,2.0,3.0,1.0,3.0,1.0,2.0,1.0,1.0,1,0.9085,0.6985,0.3775,0.5125,0.2279,0.554,120.0
T-40194,2026-02-06,4.0,3.0,69.0,7.0,1.0,4.0,4.0,6.0,3.0,2.0,5.0,1,0.95,0.9364,0.8455,0.343,0.2423,0.8955,120.0
T-40195,2026-03-02,11.0,1.0,42.0,0.0,0.0,1.0,5.0,6.0,1.0,2.0,0.0,1,0.9165,0.7271,0.6225,0.19,0.2108,0.68,120.0
T-40196,2026-02-09,12.0,2.0,39.0,5.0,3.0,4.0,4.0,1.0,2.0,0.0,3.0,1,0.95,0.9328,0.6682,0.5498,0.1493,0.8137,120.0
T-40197,2025-10-29,7.0,4.0,34.0,2.0,2.0,4.0,4.0,1.0,1.0,2.0,0.0,1,0.95,0.7649,0.6682,0.5,0.2021,0.7214,120.0
T-40198,2025-07-05,3.0,4.0,37.0,3.0,4.0,1.0,0.0,6.0,1.0,1.0,3.0,1,0.95,0.6201,0.6225,0.7311,0.1746,0.6212,120.0
T-40199,2025-11-21,13.0,2.0,43.0,7.0,4.0,4.0,6.0,0.0,3.0,0.0,4.0,1,0.95,0.9775,0.6225,0.6682,0.1527,0.8177,120.0
T-40200,2025-11-29,2.0,4.0,3.0,6.0,0.0,1.0,8.0,0.0,3.0,1.0,2.0,1,0.95,0.9478,0.3318,0.2689,0.1443,0.6706,120.0
T-40201,2026-03-19,12.0,1.0,72.0,0.0,1.0,0.0,9.0,4.0,0.0,0.0,3.0,1,0.9402,0.8557,0.4256,0.2789,0.1795,0.6621,120.0
T-40202,2026-02-20,3.0,2.0,34.0,2.0,0.0,5.0,9.0,3.0,3.0,1.0,0.0,1,0.95,0.8532,0.8176,0.2142,0.1717,0.8372,120.0
T-40203,2025-12-11,4.0,1.0,10.0,2.0,2.0,0.0,9.0,2.0,2.0,0.0,3.0,1,0.9441,0.8629,0.3318,0.3894,0.1264,0.6239,120.0
T-40204,2025-06-28,3.0,1.0,3.0,5.0,2.0,5.0,9.0,7.0,0.0,1.0,5.0,0,0.95,0.9432,0.9089,0.3894,0.1443,0.9,120.0
T-40205,2025-05-01,13.0,1.0,38.0,6.0,1.0,4.0,7.0,6.0,3.0,2.0,0.0,1,0.95,0.9734,0.8455,0.2789,0.2064,0.9,120.0
T-40206,2025-12-31,10.0,2.0,85.0,1.0,0.0,3.0,9.0,0.0,3.0,1.0,0.0,1,0.95,0.8776,0.525,0.2142,0.2256,0.7189,120.0
T-40207,2026-05-07,9.0,2.0,58.0,1.0,0.0,2.0,2.0,3.0,2.0,1.0,0.0,1,0.8838,0.6525,0.5744,0.2142,0.1957,0.6174,120.0
T-40208,2026-01-10,10.0,1.0,64.0,7.0,3.0,3.0,6.0,3.0,1.0,0.0,4.0,1,0.95,0.9715,0.6682,0.5125,0.1717,0.835,120.0
T-40209,2025-07-06,3.0,1.0,13.0,4.0,3.0,0.0,8.0,6.0,3.0,1.0,2.0,1,0.95,0.9072,0.525,0.5125,0.1527,0.7352,120.0
T-40210,2025-12-15,4.0,3.0,9.0,1.0,4.0,2.0,8.0,5.0,2.0,2.0,5.0,1,0.95,0.7875,0.6682,0.7006,0.1765,0.7338,120.0
T-40211,2025-11-11,3.0,4.0,17.0,5.0,0.0,1.0,0.0,1.0,3.0,1.0,0.0,1,0.8939,0.7667,0.3775,0.2689,0.1562,0.5916,120.0
T-40212,2025-11-04,4.0,2.0,87.0,2.0,2.0,2.0,5.0,3.0,0.0,2.0,1.0,1,0.9399,0.754,0.5744,0.4256,0.265,0.6732,120.0
T-40213,2025-05-12,7.0,3.0,50.0,3.0,1.0,1.0,7.0,5.0,0.0,0.0,1.0,1,0.95,0.888,0.5744,0.343,0.1589,0.7469,120.0
T-40214,2026-04-02,4.0,4.0,48.0,2.0,0.0,0.0,0.0,5.0,2.0,0.0,1.0,0,0.8291,0.5548,0.475,0.2689,0.1571,0.5189,120.0
T-40215,2025-12-27,7.0,1.0,4.0,4.0,1.0,2.0,0.0,7.0,2.0,0.0,3.0,1,0.95,0.7613,0.7503,0.2789,0.122,0.7564,120.0
T-40216,2026-02-11,2.0,2.0,84.0,1.0,0.0,1.0,3.0,0.0,2.0,2.0,4.0,0,0.7701,0.5622,0.3318,0.2142,0.2611,0.4585,120.0
T-40217,2025-07-23,13.0,3.0,34.0,4.0,2.0,5.0,1.0,7.0,0.0,2.0,3.0,1,0.95,0.8606,0.9089,0.4626,0.2021,0.8823,120.0
T-40218,2025-03-05,7.0,4.0,58.0,4.0,3.0,4.0,5.0,0.0,0.0,2.0,0.0,1,0.95,0.887,0.6225,0.6225,0.2291,0.7679,120.0
T-40219,2026-03-03,4.0,1.0,27.0,0.0,4.0,0.0,7.0,6.0,1.0,2.0,4.0,1,0.9454,0.6857,0.525,0.6341,0.1947,0.6134,120.0
T-40220,2025-05-11,13.0,4.0,50.0,3.0,4.0,5.0,1.0,5.0,3.0,0.0,3.0,1,0.95,0.8131,0.8699,0.7311,0.1589,0.8386,120.0
T-40221,2026-04-10,3.0,2.0,50.0,6.0,0.0,1.0,4.0,6.0,3.0,1.0,1.0,1,0.95,0.9055,0.6225,0.2142,0.1874,0.7781,120.0
T-40222,2025-09-30,11.0,1.0,75.0,3.0,1.0,0.0,5.0,1.0,0.0,2.0,5.0,1,0.9405,0.8839,0.2891,0.2789,0.2497,0.6162,120.0
T-40223,2025-09-20,10.0,4.0,23.0,3.0,0.0,2.0,9.0,0.0,1.0,0.0,1.0,1,0.95,0.9352,0.4256,0.2689,0.1363,0.7059,120.0
T-40224,2026-04-08,6.0,2.0,84.0,2.0,4.0,1.0,1.0,6.0,3.0,2.0,5.0,1,0.95,0.6365,0.6225,0.6682,0.2611,0.6302,120.0
T-40225,2025-06-17,8.0,2.0,40.0,0.0,3.0,2.0,2.0,2.0,2.0,0.0,2.0,1,0.9037,0.5498,0.525,0.5498,0.1502,0.5386,120.0
T-40226,2025-05-26,7.0,2.0,36.0,6.0,0.0,5.0,7.0,0.0,2.0,2.0,2.0,1,0.95,0.9577,0.7109,0.2142,0.2042,0.8467,120.0
T-40227,2025-03-01,3.0,1.0,40.0,0.0,0.0,5.0,9.0,6.0,2.0,0.0,3.0,1,0.95,0.7427,0.8909,0.19,0.1502,0.8094,120.0
T-40228,2026-04-12,11.0,2.0,15.0,1.0,0.0,1.0,1.0,3.0,2.0,0.0,3.0,1,0.8548,0.6479,0.475,0.2142,0.1301,0.5701,120.0
T-40229,2025-03-10,5.0,1.0,34.0,6.0,4.0,5.0,2.0,6.0,1.0,1.0,2.0,1,0.95,0.887,0.8909,0.6341,0.1717,0.8887,120.0
T-40230,2025-04-11,7.0,3.0,49.0,5.0,4.0,1.0,1.0,3.0,2.0,2.0,2.0,1,0.95,0.8442,0.475,0.7006,0.2187,0.6781,120.0
T-40231,2025-08-12,4.0,1.0,34.0,0.0,0.0,1.0,2.0,1.0,0.0,2.0,1.0,0,0.7328,0.47,0.3775,0.19,0.2021,0.4284,120.0
T-40232,2025-06-03,5.0,1.0,84.0,7.0,4.0,2.0,9.0,0.0,2.0,0.0,0.0,1,0.95,0.9752,0.4256,0.6341,0.1915,0.7278,120.0
T-40233,2025-06-07,8.0,4.0,27.0,7.0,3.0,2.0,3.0,2.0,3.0,0.0,3.0,1,0.95,0.9443,0.525,0.6225,0.1394,0.7556,120.0
T-40234,2025-04-19,13.0,3.0,82.0,6.0,4.0,5.0,7.0,7.0,2.0,0.0,4.0,1,0.95,0.9734,0.9089,0.7006,0.1895,0.9,120.0
T-40235,2026-04-25,4.0,1.0,71.0,5.0,2.0,3.0,9.0,2.0,2.0,0.0,0.0,1,0.95,0.9473,0.6225,0.3894,0.1785,0.8011,120.0
T-40236,2025-04-13,5.0,4.0,76.0,6.0,0.0,1.0,3.0,1.0,1.0,1.0,1.0,1,0.95,0.9038,0.3775,0.2689,0.2153,0.667,120.0
T-40237,2025-05-09,10.0,2.0,67.0,5.0,4.0,3.0,0.0,6.0,0.0,2.0,1.0,1,0.95,0.852,0.7858,0.6682,0.2399,0.8222,120.0
T-40238,2025-10-14,11.0,1.0,19.0,1.0,1.0,2.0,0.0,1.0,2.0,1.0,4.0,1,0.8508,0.6059,0.475,0.2789,0.158,0.547,120.0
T-40239,2025-06-12,7.0,2.0,21.0,4.0,0.0,2.0,4.0,4.0,1.0,0.0,1.0,1,0.95,0.8676,0.6225,0.2142,0.1347,0.7573,120.0
T-40240,2025-05-14,12.0,1.0,85.0,6.0,3.0,3.0,0.0,0.0,1.0,2.0,4.0,1,0.95,0.9055,0.525,0.5125,0.2624,0.7343,120.0
T-40241,2025-10-11,2.0,3.0,8.0,5.0,3.0,4.0,8.0,2.0,1.0,1.0,4.0,0,0.95,0.9276,0.7109,0.5866,0.1485,0.8301,120.0
T-40242,2025-11-07,7.0,4.0,13.0,4.0,0.0,3.0,3.0,6.0,2.0,1.0,5.0,1,0.95,0.8455,0.7858,0.2689,0.1527,0.8187,120.0
T-40243,2025-07-17,7.0,1.0,62.0,4.0,0.0,5.0,4.0,1.0,0.0,1.0,4.0,1,0.95,0.8676,0.7503,0.19,0.1999,0.8148,120.0
T-40244,2026-05-21,12.0,4.0,49.0,0.0,2.0,0.0,2.0,1.0,1.0,2.0,2.0,1,0.8675,0.6271,0.2891,0.5,0.2187,0.475,120.0
T-40245,2025-06-16,9.0,1.0,11.0,2.0,3.0,2.0,0.0,1.0,1.0,0.0,0.0,1,0.9105,0.6502,0.475,0.5125,0.1271,0.5714,120.0
T-40246,2026-02-28,4.0,4.0,51.0,4.0,3.0,5.0,7.0,1.0,1.0,2.0,5.0,1,0.95,0.8984,0.7503,0.6225,0.221,0.8318,120.0
T-40247,2025-12-10,8.0,2.0,34.0,4.0,4.0,1.0,1.0,3.0,0.0,0.0,3.0,1,0.95,0.8053,0.475,0.6682,0.1451,0.6567,120.0
T-40248,2026-03-06,10.0,4.0,4.0,3.0,0.0,5.0,1.0,3.0,2.0,1.0,0.0,1,0.95,0.7738,0.8176,0.2689,0.1451,0.7935,120.0
T-40249,2025-12-30,4.0,4.0,71.0,5.0,4.0,3.0,8.0,1.0,1.0,1.0,3.0,1,0.95,0.9376,0.5744,0.7311,0.2097,0.7742,120.0
T-40250,2025-10-28,5.0,1.0,67.0,1.0,1.0,3.0,5.0,2.0,1.0,1.0,5.0,1,0.9185,0.7006,0.6225,0.2789,0.2053,0.6654,120.0
T-40251,2025-04-12,13.0,1.0,20.0,7.0,0.0,3.0,5.0,2.0,0.0,2.0,0.0,1,0.95,0.9731,0.6225,0.19,0.1874,0.8153,120.0
T-40252,2026-03-23,7.0,3.0,66.0,7.0,1.0,4.0,7.0,5.0,2.0,0.0,4.0,0,0.95,0.9698,0.8176,0.343,0.1736,0.9,120.0
T-40253,2025-06-11,4.0,2.0,82.0,4.0,3.0,4.0,2.0,3.0,3.0,2.0,2.0,1,0.95,0.7824,0.7503,0.5498,0.2586,0.768,120.0
T-40254,2025-03-23,10.0,3.0,55.0,6.0,0.0,4.0,4.0,3.0,1.0,0.0,0.0,0,0.95,0.9437,0.7503,0.2405,0.1634,0.8567,120.0
T-40255,2026-03-02,4.0,1.0,51.0,2.0,4.0,4.0,7.0,3.0,3.0,0.0,1.0,1,0.95,0.8146,0.7503,0.6341,0.1598,0.7856,120.0
T-40256,2026-04-01,12.0,3.0,73.0,6.0,2.0,0.0,4.0,4.0,2.0,0.0,5.0,1,0.95,0.9517,0.4256,0.4626,0.1804,0.7149,120.0
T-40257,2025-03-19,7.0,1.0,13.0,2.0,3.0,4.0,7.0,4.0,0.0,0.0,4.0,1,0.95,0.8481,0.7858,0.5125,0.1286,0.8201,120.0
T-40258,2025-09-10,12.0,2.0,35.0,5.0,0.0,0.0,6.0,5.0,3.0,0.0,5.0,1,0.95,0.9521,0.475,0.2142,0.146,0.7374,120.0
T-40259,2025-12-04,5.0,1.0,38.0,1.0,4.0,3.0,9.0,3.0,1.0,2.0,3.0,1,0.95,0.8278,0.6682,0.6341,0.2064,0.756,120.0
T-40260,2025-08-10,5.0,2.0,73.0,2.0,0.0,2.0,2.0,7.0,3.0,0.0,1.0,1,0.9331,0.6593,0.7503,0.2142,0.1804,0.7002,120.0
T-40261,2025-10-30,11.0,1.0,14.0,7.0,3.0,1.0,2.0,1.0,2.0,2.0,5.0,1,0.95,0.9473,0.3775,0.5125,0.1814,0.6909,120.0
T-40262,2026-05-26,13.0,2.0,15.0,1.0,2.0,4.0,3.0,7.0,3.0,0.0,5.0,1,0.95,0.7558,0.8699,0.4256,0.1301,0.8072,120.0
T-40263,2025-11-15,3.0,2.0,55.0,3.0,1.0,1.0,5.0,5.0,0.0,2.0,3.0,0,0.9414,0.8006,0.5744,0.31,0.2256,0.6988,120.0
T-40264,2026-01-25,11.0,2.0,85.0,5.0,2.0,3.0,8.0,3.0,1.0,1.0,4.0,1,0.95,0.9634,0.6682,0.4256,0.2256,0.8305,120.0
T-40265,2025-11-23,11.0,1.0,76.0,2.0,0.0,4.0,5.0,7.0,3.0,1.0,4.0,1,0.95,0.8429,0.8699,0.19,0.2153,0.855,120.0
T-40266,2025-04-02,9.0,4.0,40.0,1.0,0.0,2.0,7.0,4.0,0.0,1.0,4.0,1,0.95,0.822,0.6225,0.2689,0.1775,0.7322,120.0
T-40267,2025-05-14,9.0,1.0,82.0,6.0,0.0,3.0,2.0,3.0,0.0,1.0,0.0,1,0.95,0.9153,0.6682,0.19,0.2221,0.8041,120.0
T-40268,2026-03-25,7.0,1.0,56.0,0.0,3.0,1.0,3.0,5.0,2.0,2.0,2.0,1,0.9117,0.5744,0.5744,0.5125,0.2268,0.5744,120.0
T-40269,2025-12-09,11.0,1.0,49.0,4.0,2.0,5.0,1.0,3.0,3.0,0.0,2.0,1,0.95,0.8402,0.8176,0.3894,0.158,0.83,120.0
T-40270,2026-04-21,9.0,3.0,43.0,6.0,4.0,4.0,2.0,0.0,0.0,0.0,0.0,1,0.95,0.9153,0.6225,0.7006,0.1527,0.7835,120.0
T-40271,2025-06-22,3.0,1.0,68.0,6.0,3.0,3.0,9.0,3.0,0.0,0.0,1.0,1,0.95,0.9593,0.6682,0.5125,0.1756,0.8283,120.0
T-40272,2025-11-24,9.0,1.0,12.0,4.0,1.0,1.0,2.0,1.0,1.0,1.0,0.0,1,0.9295,0.8429,0.3775,0.2789,0.1519,0.6335,120.0
T-40273,2025-08-28,7.0,2.0,43.0,5.0,1.0,0.0,7.0,5.0,1.0,2.0,0.0,1,0.95,0.941,0.475,0.31,0.2119,0.7313,120.0
T-40274,2025-11-20,7.0,1.0,72.0,5.0,4.0,4.0,6.0,4.0,2.0,0.0,2.0,1,0.95,0.9302,0.7858,0.6341,0.1795,0.8652,120.0
T-40275,2025-03-14,12.0,1.0,30.0,4.0,1.0,2.0,8.0,7.0,1.0,0.0,4.0,1,0.95,0.9526,0.7503,0.2789,0.1419,0.8615,120.0
T-40276,2025-08-06,9.0,2.0,35.0,3.0,0.0,4.0,5.0,4.0,0.0,1.0,5.0,1,0.95,0.8665,0.7858,0.2142,0.1727,0.8302,120.0
T-40277,2025-04-22,12.0,4.0,11.0,6.0,0.0,4.0,1.0,4.0,3.0,2.0,2.0,1,0.95,0.9198,0.7858,0.2689,0.1785,0.8595,120.0
T-40278,2025-05-05,4.0,2.0,45.0,3.0,2.0,1.0,2.0,0.0,0.0,2.0,0.0,1,0.8914,0.7171,0.3318,0.4256,0.2142,0.5437,120.0
T-40279,2026-04-12,5.0,3.0,46.0,1.0,1.0,1.0,3.0,4.0,2.0,2.0,0.0,1,0.8814,0.6201,0.525,0.343,0.2153,0.5773,120.0
T-40280,2026-03-14,4.0,3.0,58.0,6.0,4.0,2.0,2.0,2.0,0.0,0.0,4.0,0,0.95,0.8787,0.525,0.7006,0.1661,0.7195,120.0
T-40281,2025-09-17,11.0,4.0,33.0,2.0,1.0,2.0,1.0,3.0,1.0,2.0,5.0,1,0.9267,0.7231,0.5744,0.3775,0.201,0.6562,120.0
T-40282,2026-01-23,7.0,2.0,47.0,6.0,2.0,2.0,7.0,5.0,0.0,0.0,3.0,1,0.95,0.9577,0.6682,0.4256,0.1562,0.8274,120.0
T-40283,2025-06-29,10.0,1.0,8.0,2.0,0.0,3.0,7.0,7.0,2.0,2.0,0.0,1,0.95,0.8765,0.8176,0.19,0.1756,0.85,120.0
T-40284,2025-05-28,6.0,2.0,14.0,7.0,4.0,2.0,6.0,1.0,1.0,0.0,4.0,1,0.95,0.9612,0.475,0.6682,0.1294,0.7424,120.0
T-40285,2025-04-27,6.0,3.0,8.0,4.0,3.0,5.0,4.0,7.0,2.0,1.0,0.0,1,0.95,0.8581,0.9089,0.5866,0.1485,0.881,120.0
T-40286,2026-04-04,6.0,3.0,65.0,0.0,3.0,3.0,0.0,7.0,3.0,2.0,2.0,1,0.95,0.4207,0.8176,0.5866,0.2375,0.5993,120.0
T-40287,2025-03-17,10.0,4.0,41.0,2.0,3.0,4.0,8.0,3.0,1.0,2.0,0.0,1,0.95,0.8947,0.7503,0.6225,0.2097,0.8297,120.0
T-40288,2025-08-04,2.0,1.0,24.0,3.0,1.0,1.0,9.0,5.0,0.0,1.0,2.0,1,0.95,0.8839,0.5744,0.2789,0.1625,0.7447,120.0
T-40289,2026-04-12,7.0,4.0,2.0,0.0,4.0,4.0,9.0,3.0,1.0,0.0,5.0,1,0.95,0.799,0.7503,0.7311,0.1206,0.7771,120.0
T-40290,2025-09-06,7.0,2.0,12.0,1.0,3.0,3.0,2.0,7.0,2.0,1.0,4.0,1,0.95,0.6154,0.8176,0.5498,0.1519,0.7064,120.0
T-40291,2025-04-09,6.0,2.0,73.0,1.0,0.0,0.0,2.0,2.0,1.0,0.0,5.0,1,0.788,0.5963,0.3318,0.2142,0.1804,0.4773,120.0
T-40292,2026-04-14,5.0,2.0,13.0,7.0,3.0,5.0,7.0,3.0,0.0,1.0,1.0,1,0.95,0.9648,0.8176,0.5498,0.1527,0.8985,120.0
T-40293,2025-09-19,6.0,4.0,16.0,1.0,2.0,3.0,5.0,3.0,1.0,1.0,4.0,1,0.95,0.7171,0.6682,0.5,0.1553,0.6951,120.0
T-40294,2026-05-04,2.0,3.0,8.0,5.0,0.0,2.0,3.0,1.0,0.0,1.0,1.0,1,0.9358,0.8389,0.475,0.2405,0.1485,0.6751,120.0
T-40295,2026-02-03,12.0,2.0,48.0,4.0,0.0,0.0,6.0,7.0,1.0,0.0,2.0,1,0.95,0.9334,0.5744,0.2142,0.1571,0.7719,120.0
T-40296,2025-05-25,2.0,2.0,66.0,1.0,2.0,2.0,9.0,6.0,0.0,0.0,3.0,1,0.95,0.7908,0.7109,0.4256,0.1736,0.7549,120.0
T-40297,2025-05-17,7.0,4.0,19.0,0.0,3.0,5.0,7.0,2.0,3.0,2.0,1.0,1,0.95,0.735,0.7858,0.6225,0.1864,0.7579,120.0
T-40298,2025-12-10,11.0,4.0,86.0,0.0,4.0,4.0,9.0,6.0,1.0,1.0,3.0,1,0.95,0.8455,0.8455,0.7311,0.2268,0.8455,120.0
T-40299,2025-06-04,4.0,1.0,68.0,2.0,2.0,2.0,5.0,7.0,0.0,0.0,4.0,1,0.95,0.754,0.7503,0.3894,0.1756,0.7523,120.0
T-40300,2025-07-24,3.0,3.0,3.0,5.0,3.0,2.0,1.0,7.0,0.0,2.0,0.0,1,0.95,0.7974,0.7503,0.5866,0.1708,0.7762,120.0
T-40301,2025-08-06,9.0,3.0,86.0,0.0,1.0,0.0,6.0,2.0,0.0,1.0,4.0,1,0.8819,0.7311,0.3318,0.343,0.2268,0.5514,120.0
T-40302,2025-05-04,12.0,3.0,70.0,3.0,4.0,3.0,6.0,5.0,1.0,1.0,2.0,1,0.95,0.908,0.7503,0.7006,0.2086,0.837,120.0
T-40303,2026-03-19,13.0,3.0,16.0,4.0,4.0,2.0,9.0,3.0,1.0,2.0,5.0,1,0.95,0.963,0.5744,0.7006,0.1834,0.7882,120.0
T-40304,2026-01-07,11.0,2.0,6.0,5.0,2.0,4.0,5.0,1.0,1.0,2.0,1.0,1,0.95,0.9388,0.6682,0.4256,0.1736,0.817,120.0
T-40305,2025-04-30,9.0,4.0,48.0,1.0,1.0,4.0,5.0,3.0,3.0,2.0,4.0,1,0.95,0.7631,0.7503,0.3775,0.2176,0.7573,120.0
T-40306,2025-05-31,6.0,4.0,16.0,4.0,4.0,3.0,4.0,2.0,2.0,1.0,1.0,1,0.95,0.8581,0.6225,0.7311,0.1553,0.7521,120.0
T-40307,2025-03-22,11.0,3.0,45.0,7.0,4.0,3.0,7.0,5.0,2.0,2.0,0.0,1,0.95,0.9779,0.7503,0.7006,0.2142,0.8755,120.0
T-40308,2026-02-21,13.0,3.0,1.0,2.0,0.0,4.0,5.0,0.0,3.0,1.0,4.0,1,0.95,0.8629,0.6225,0.2405,0.1427,0.7547,120.0
T-40309,2025-05-05,12.0,1.0,10.0,5.0,3.0,3.0,0.0,7.0,3.0,0.0,4.0,1,0.95,0.871,0.8176,0.5125,0.1264,0.847,120.0
T-40310,2025-12-25,7.0,1.0,88.0,0.0,4.0,5.0,1.0,5.0,3.0,0.0,0.0,1,0.95,0.485,0.8699,0.6341,0.1957,0.6582,120.0
T-40311,2026-02-04,12.0,4.0,45.0,7.0,1.0,5.0,3.0,7.0,2.0,1.0,5.0,1,0.95,0.9589,0.9089,0.3775,0.1824,0.9,120.0
T-40312,2025-12-01,13.0,2.0,89.0,7.0,1.0,4.0,6.0,4.0,0.0,2.0,4.0,1,0.95,0.9775,0.7858,0.31,0.2676,0.8912,120.0
T-40313,2025-12-17,2.0,4.0,25.0,6.0,1.0,4.0,8.0,5.0,2.0,1.0,4.0,0,0.95,0.9478,0.8176,0.3775,0.1634,0.8892,120.0
T-40314,2026-03-16,6.0,2.0,8.0,0.0,3.0,2.0,9.0,4.0,1.0,2.0,2.0,1,0.95,0.7858,0.6225,0.5498,0.1756,0.7123,120.0
T-40315,2026-05-11,9.0,4.0,36.0,1.0,1.0,5.0,8.0,5.0,1.0,2.0,4.0,1,0.95,0.8468,0.8699,0.3775,0.2042,0.8572,120.0
T-40316,2025-10-10,3.0,3.0,83.0,6.0,3.0,2.0,5.0,1.0,3.0,2.0,3.0,1,0.95,0.9198,0.475,0.5866,0.2599,0.7197,120.0
T-40317,2026-02-28,11.0,4.0,43.0,3.0,2.0,2.0,9.0,5.0,1.0,0.0,3.0,1,0.95,0.9399,0.6682,0.5,0.1527,0.8176,120.0
T-40318,2026-05-16,13.0,3.0,66.0,2.0,1.0,4.0,7.0,1.0,0.0,0.0,4.0,1,0.95,0.9002,0.6682,0.343,0.1736,0.7958,120.0
T-40319,2026-03-28,9.0,3.0,41.0,1.0,2.0,4.0,1.0,7.0,0.0,0.0,3.0,1,0.95,0.6106,0.8699,0.4626,0.151,0.7273,120.0
T-40320,2025-09-17,11.0,3.0,54.0,6.0,3.0,5.0,2.0,4.0,1.0,2.0,3.0,1,0.95,0.9269,0.8455,0.5866,0.2244,0.8903,120.0
T-40321,2026-02-05,11.0,2.0,81.0,7.0,1.0,0.0,9.0,3.0,2.0,0.0,1.0,1,0.95,0.9845,0.3775,0.31,0.1885,0.7114,120.0
T-40322,2026-03-26,4.0,4.0,24.0,7.0,3.0,4.0,2.0,1.0,2.0,0.0,0.0,1,0.95,0.9113,0.6682,0.6225,0.1371,0.8019,120.0
T-40323,2025-04-04,10.0,4.0,50.0,5.0,3.0,4.0,9.0,7.0,0.0,1.0,2.0,1,0.95,0.9668,0.8699,0.6225,0.1874,0.9,120.0
T-40324,2026-05-18,8.0,4.0,2.0,2.0,2.0,3.0,7.0,0.0,1.0,1.0,2.0,1,0.95,0.8581,0.525,0.5,0.1435,0.7082,120.0
T-40325,2026-05-16,6.0,3.0,56.0,2.0,2.0,4.0,2.0,2.0,1.0,0.0,0.0,1,0.9498,0.677,0.7109,0.4626,0.1643,0.6923,120.0
T-40326,2025-10-04,2.0,1.0,4.0,2.0,1.0,2.0,5.0,1.0,2.0,1.0,3.0,1,0.8952,0.7231,0.475,0.2789,0.1451,0.6115,120.0
T-40327,2025-05-07,12.0,3.0,43.0,5.0,1.0,4.0,2.0,5.0,3.0,2.0,3.0,1,0.95,0.9064,0.8176,0.343,0.2119,0.8664,120.0
T-40328,2025-07-03,12.0,2.0,56.0,1.0,2.0,0.0,3.0,7.0,1.0,2.0,0.0,1,0.9366,0.7408,0.5744,0.4256,0.2268,0.6659,120.0
T-40329,2025-08-05,6.0,1.0,68.0,0.0,3.0,4.0,8.0,4.0,1.0,2.0,2.0,1,0.95,0.754,0.7858,0.5125,0.2411,0.7683,120.0
T-40330,2025-07-17,11.0,1.0,86.0,1.0,1.0,4.0,7.0,4.0,1.0,1.0,5.0,1,0.95,0.8442,0.7858,0.2789,0.2268,0.8179,120.0
T-40331,2026-02-16,10.0,4.0,9.0,5.0,2.0,3.0,7.0,4.0,2.0,2.0,2.0,1,0.95,0.953,0.7109,0.5,0.1765,0.8441,120.0
T-40332,2025-04-09,13.0,1.0,60.0,3.0,0.0,2.0,6.0,7.0,3.0,2.0,5.0,1,0.95,0.9145,0.7503,0.19,0.2315,0.8406,120.0
T-40333,2026-02-17,5.0,4.0,84.0,0.0,0.0,1.0,5.0,0.0,3.0,2.0,0.0,1,0.8156,0.6225,0.3318,0.2689,0.2611,0.4917,120.0
T-40334,2025-07-24,9.0,2.0,36.0,4.0,4.0,4.0,8.0,7.0,0.0,2.0,0.0,1,0.95,0.9405,0.8699,0.6682,0.2042,0.9,120.0
T-40335,2026-01-30,7.0,1.0,37.0,6.0,0.0,4.0,5.0,7.0,0.0,1.0,5.0,1,0.95,0.9405,0.8699,0.19,0.1746,0.9,120.0
T-40336,2025-05-06,3.0,2.0,61.0,5.0,0.0,2.0,3.0,4.0,1.0,2.0,3.0,1,0.95,0.8494,0.6225,0.2142,0.2327,0.7473,120.0
T-40337,2025-09-30,11.0,2.0,57.0,3.0,4.0,0.0,1.0,0.0,3.0,2.0,3.0,1,0.9471,0.7875,0.2497,0.6682,0.2279,0.5455,120.0
T-40338,2025-04-23,12.0,2.0,6.0,3.0,0.0,3.0,4.0,0.0,0.0,1.0,3.0,1,0.95,0.8732,0.525,0.2142,0.1468,0.7165,120.0
T-40339,2025-06-24,12.0,4.0,74.0,7.0,0.0,2.0,9.0,6.0,2.0,1.0,0.0,1,0.95,0.9857,0.7109,0.2689,0.213,0.862,120.0
T-40340,2026-04-14,4.0,2.0,89.0,3.0,1.0,5.0,7.0,1.0,3.0,0.0,4.0,1,0.95,0.8618,0.7503,0.31,0.1968,0.8116,120.0
T-40341,2026-03-09,4.0,1.0,17.0,0.0,2.0,0.0,5.0,3.0,2.0,1.0,0.0,0,0.8493,0.6035,0.3775,0.3894,0.1562,0.5018,120.0
T-40342,2025-09-25,10.0,1.0,55.0,7.0,4.0,4.0,7.0,5.0,3.0,1.0,3.0,1,0.95,0.9761,0.8176,0.6341,0.1926,0.9,120.0
T-40343,2025-03-11,13.0,1.0,66.0,0.0,3.0,2.0,1.0,7.0,2.0,1.0,5.0,1,0.95,0.6035,0.7503,0.5125,0.2042,0.6695,120.0
T-40344,2025-10-26,3.0,3.0,76.0,0.0,4.0,2.0,4.0,4.0,2.0,0.0,2.0,0,0.948,0.5399,0.6225,0.7006,0.1834,0.5771,120.0
T-40345,2025-06-09,3.0,1.0,80.0,0.0,1.0,0.0,1.0,0.0,3.0,2.0,2.0,1,0.6787,0.4061,0.2497,0.2789,0.256,0.3358,120.0
T-40346,2025-12-10,11.0,2.0,26.0,3.0,2.0,0.0,9.0,6.0,0.0,0.0,5.0,1,0.95,0.9399,0.525,0.4256,0.1386,0.7532,120.0
T-40347,2025-03-03,11.0,4.0,75.0,0.0,2.0,4.0,8.0,7.0,2.0,0.0,4.0,1,0.95,0.8205,0.8699,0.5,0.1824,0.8427,120.0
T-40348,2025-03-27,12.0,3.0,4.0,5.0,3.0,5.0,2.0,3.0,2.0,2.0,5.0,1,0.95,0.9064,0.8176,0.5866,0.1717,0.8664,120.0
T-40349,2025-07-02,7.0,4.0,82.0,3.0,2.0,4.0,2.0,1.0,1.0,0.0,0.0,1,0.95,0.7631,0.6682,0.5,0.1895,0.7204,120.0
T-40350,2026-01-02,5.0,3.0,79.0,0.0,0.0,2.0,9.0,1.0,2.0,0.0,4.0,1,0.9091,0.7721,0.475,0.2405,0.1864,0.6384,120.0
T-40351,2026-02-06,7.0,4.0,56.0,0.0,1.0,4.0,1.0,7.0,1.0,0.0,5.0,1,0.95,0.485,0.8699,0.3775,0.1643,0.6582,120.0
T-40352,2026-04-28,5.0,2.0,85.0,0.0,2.0,1.0,6.0,4.0,1.0,2.0,0.0,1,0.9082,0.6637,0.525,0.4256,0.2624,0.6013,120.0
T-40353,2025-04-13,9.0,4.0,77.0,2.0,4.0,1.0,0.0,0.0,2.0,0.0,2.0,1,0.9371,0.6502,0.3318,0.7311,0.1844,0.5069,120.0
T-40354,2026-04-11,9.0,2.0,34.0,2.0,1.0,4.0,9.0,0.0,0.0,0.0,1.0,1,0.95,0.9038,0.6225,0.31,0.1451,0.7772,120.0
T-40355,2025-05-27,6.0,1.0,55.0,3.0,0.0,0.0,3.0,7.0,0.0,1.0,5.0,1,0.9244,0.7807,0.5744,0.19,0.1926,0.6879,120.0
T-40356,2026-02-14,11.0,3.0,78.0,6.0,2.0,4.0,0.0,6.0,2.0,1.0,1.0,1,0.95,0.8984,0.8455,0.4626,0.2176,0.8746,120.0
T-40357,2025-03-06,13.0,2.0,58.0,3.0,0.0,5.0,3.0,4.0,0.0,1.0,0.0,1,0.95,0.8618,0.8455,0.2142,0.1957,0.8545,120.0
T-40358,2026-03-09,12.0,1.0,17.0,2.0,3.0,0.0,0.0,1.0,2.0,2.0,0.0,1,0.8969,0.7027,0.2891,0.5125,0.1844,0.5165,120.0
T-40359,2025-05-29,6.0,2.0,32.0,2.0,4.0,0.0,3.0,5.0,1.0,1.0,3.0,1,0.95,0.715,0.475,0.6682,0.1699,0.607,120.0
T-40360,2026-05-21,10.0,4.0,4.0,3.0,2.0,4.0,9.0,0.0,3.0,2.0,1.0,1,0.95,0.9352,0.6225,0.5,0.1717,0.7945,120.0
T-40361,2025-08-03,3.0,2.0,19.0,2.0,4.0,0.0,5.0,1.0,1.0,0.0,0.0,1,0.9384,0.7389,0.2891,0.6682,0.1332,0.5364,120.0
T-40362,2025-07-18,7.0,4.0,1.0,1.0,1.0,0.0,2.0,0.0,2.0,1.0,4.0,0,0.8204,0.6154,0.2497,0.3775,0.1427,0.4508,120.0
T-40363,2025-05-04,12.0,1.0,6.0,1.0,4.0,0.0,1.0,1.0,3.0,2.0,5.0,1,0.9131,0.666,0.2891,0.6341,0.1736,0.4964,120.0
T-40364,2025-07-15,12.0,3.0,12.0,3.0,1.0,0.0,0.0,1.0,3.0,2.0,1.0,0,0.8927,0.7703,0.2891,0.343,0.1795,0.5537,120.0
T-40365,2025-03-16,5.0,2.0,84.0,4.0,4.0,5.0,1.0,7.0,1.0,2.0,3.0,1,0.95,0.7649,0.9089,0.6682,0.2611,0.8297,120.0
T-40366,2026-04-17,7.0,4.0,16.0,0.0,4.0,1.0,7.0,4.0,2.0,0.0,3.0,1,0.95,0.735,0.525,0.7311,0.1309,0.6405,120.0
T-40367,2025-09-21,13.0,2.0,86.0,3.0,1.0,2.0,8.0,2.0,3.0,0.0,2.0,1,0.95,0.9388,0.525,0.31,0.1936,0.7526,120.0
T-40368,2026-03-27,13.0,1.0,5.0,3.0,2.0,1.0,1.0,1.0,1.0,0.0,2.0,0,0.9289,0.8131,0.3775,0.3894,0.1227,0.6171,120.0
T-40369,2025-12-14,12.0,1.0,26.0,7.0,3.0,2.0,7.0,7.0,0.0,1.0,4.0,1,0.95,0.9796,0.7503,0.5125,0.1643,0.8764,120.0
T-40370,2025-04-25,13.0,3.0,53.0,1.0,2.0,3.0,6.0,3.0,2.0,1.0,5.0,1,0.95,0.8416,0.6682,0.4626,0.1905,0.7636,120.0
T-40371,2025-09-02,5.0,1.0,84.0,1.0,0.0,1.0,1.0,7.0,1.0,1.0,2.0,1,0.8743,0.5325,0.6682,0.19,0.2244,0.5935,120.0
T-40372,2025-07-02,11.0,1.0,49.0,4.0,4.0,5.0,2.0,3.0,1.0,0.0,1.0,0,0.95,0.8629,0.8176,0.6341,0.158,0.8425,120.0
T-40373,2025-10-19,9.0,2.0,65.0,5.0,4.0,4.0,9.0,3.0,3.0,2.0,3.0,1,0.95,0.9641,0.7503,0.6682,0.2375,0.8679,120.0
T-40374,2025-07-26,7.0,2.0,3.0,0.0,2.0,2.0,4.0,4.0,3.0,1.0,3.0,1,0.9171,0.6177,0.6225,0.4256,0.1443,0.6199,120.0
T-40375,2025-11-17,13.0,1.0,12.0,0.0,0.0,5.0,0.0,1.0,2.0,2.0,5.0,1,0.9109,0.5597,0.7503,0.19,0.1795,0.6455,120.0
T-40376,2026-04-06,3.0,2.0,38.0,5.0,1.0,0.0,2.0,2.0,3.0,0.0,4.0,1,0.9193,0.8249,0.3318,0.31,0.1485,0.603,120.0
T-40377,2026-03-23,2.0,4.0,5.0,5.0,0.0,0.0,8.0,5.0,1.0,0.0,5.0,1,0.95,0.9276,0.475,0.2689,0.1227,0.7239,120.0
T-40378,2026-01-30,3.0,3.0,12.0,6.0,2.0,4.0,6.0,3.0,2.0,1.0,2.0,1,0.95,0.9321,0.7503,0.4626,0.1519,0.8503,120.0
T-40379,2025-05-23,8.0,3.0,75.0,7.0,0.0,5.0,6.0,4.0,1.0,1.0,2.0,1,0.95,0.9668,0.8455,0.2405,0.2142,0.9,120.0
T-40380,2025-05-29,5.0,1.0,60.0,6.0,3.0,2.0,6.0,7.0,0.0,1.0,5.0,1,0.95,0.9416,0.7503,0.5125,0.1978,0.8555,120.0
T-40381,2025-06-27,11.0,4.0,49.0,0.0,2.0,0.0,5.0,6.0,2.0,1.0,2.0,1,0.9352,0.7271,0.525,0.5,0.1864,0.6362,120.0
T-40382,2025-08-06,11.0,2.0,10.0,7.0,4.0,4.0,0.0,0.0,0.0,2.0,0.0,1,0.95,0.9262,0.6225,0.6682,0.1775,0.7895,120.0
T-40383,2026-03-03,3.0,3.0,71.0,1.0,4.0,3.0,4.0,6.0,3.0,2.0,2.0,1,0.95,0.6248,0.7858,0.7006,0.2448,0.6973,120.0
T-40384,2025-11-16,9.0,1.0,83.0,6.0,2.0,1.0,6.0,6.0,2.0,0.0,2.0,1,0.95,0.9569,0.6225,0.3894,0.1905,0.8064,120.0
T-40385,2025-03-03,8.0,2.0,40.0,6.0,3.0,4.0,1.0,1.0,3.0,0.0,0.0,1,0.95,0.8928,0.6682,0.5498,0.1502,0.7917,120.0
T-40386,2026-02-14,7.0,2.0,6.0,1.0,2.0,3.0,5.0,4.0,3.0,0.0,3.0,1,0.95,0.733,0.7109,0.4256,0.1235,0.7231,120.0
T-40387,2026-03-25,8.0,3.0,39.0,0.0,1.0,5.0,6.0,2.0,2.0,1.0,2.0,1,0.95,0.715,0.7858,0.343,0.1765,0.7469,120.0
T-40388,2025-05-27,10.0,3.0,66.0,6.0,2.0,2.0,4.0,4.0,1.0,2.0,4.0,1,0.95,0.9437,0.6225,0.4626,0.2387,0.7992,120.0
T-40389,2025-08-31,12.0,4.0,69.0,6.0,1.0,2.0,4.0,2.0,1.0,2.0,3.0,1,0.95,0.9517,0.525,0.3775,0.2423,0.7597,120.0
T-40390,2026-04-26,11.0,1.0,64.0,0.0,3.0,1.0,8.0,7.0,1.0,1.0,0.0,1,0.95,0.8205,0.6682,0.5125,0.2021,0.752,120.0
T-40391,2025-09-16,13.0,2.0,77.0,3.0,1.0,2.0,8.0,4.0,1.0,0.0,2.0,1,0.95,0.9388,0.6225,0.31,0.1844,0.7964,120.0
T-40392,2025-12-17,8.0,3.0,72.0,6.0,0.0,0.0,3.0,5.0,1.0,0.0,5.0,1,0.95,0.9227,0.475,0.2405,0.1795,0.7213,120.0
T-40393,2026-01-28,3.0,2.0,3.0,5.0,2.0,0.0,9.0,2.0,2.0,1.0,0.0,1,0.95,0.9432,0.3318,0.4256,0.1443,0.6681,120.0
T-40394,2025-06-11,4.0,2.0,67.0,2.0,0.0,3.0,4.0,1.0,2.0,1.0,5.0,1,0.9061,0.7191,0.5744,0.2142,0.2053,0.654,120.0
T-40395,2025-08-18,2.0,1.0,64.0,2.0,3.0,0.0,1.0,2.0,2.0,1.0,2.0,1,0.8566,0.5597,0.3318,0.5125,0.2021,0.4572,120.0
T-40396,2026-05-11,10.0,1.0,25.0,0.0,1.0,0.0,9.0,0.0,2.0,2.0,4.0,1,0.9106,0.8348,0.2497,0.2789,0.1926,0.5715,120.0
T-40397,2026-03-07,7.0,4.0,38.0,4.0,0.0,1.0,7.0,2.0,3.0,2.0,0.0,1,0.95,0.9183,0.4256,0.2689,0.2064,0.6966,120.0
T-40398,2025-04-20,9.0,4.0,53.0,1.0,0.0,3.0,6.0,6.0,3.0,2.0,0.0,1,0.95,0.7941,0.7858,0.2689,0.2233,0.7904,120.0
T-40399,2025-12-31,7.0,4.0,4.0,7.0,1.0,4.0,7.0,0.0,3.0,0.0,3.0,1,0.95,0.9698,0.6225,0.3775,0.122,0.8135,120.0
T-40400,2025-12-17,8.0,2.0,29.0,6.0,0.0,4.0,6.0,6.0,3.0,0.0,0.0,1,0.95,0.9535,0.8455,0.2142,0.141,0.9,120.0
T-40401,2025-08-06,4.0,4.0,5.0,2.0,1.0,5.0,3.0,7.0,2.0,2.0,0.0,1,0.95,0.6814,0.9089,0.3775,0.1727,0.7837,120.0
T-40402,2026-04-14,5.0,2.0,60.0,4.0,1.0,3.0,5.0,2.0,2.0,0.0,4.0,0,0.95,0.8699,0.6225,0.31,0.168,0.7585,120.0
T-40403,2025-08-27,11.0,4.0,3.0,7.0,2.0,5.0,8.0,2.0,1.0,0.0,0.0,1,0.95,0.9815,0.7858,0.5,0.1213,0.8934,120.0
T-40404,2026-01-19,10.0,1.0,36.0,3.0,2.0,5.0,7.0,2.0,2.0,1.0,5.0,1,0.95,0.9097,0.7858,0.3894,0.1736,0.854,120.0
T-40405,2025-12-31,4.0,2.0,83.0,2.0,3.0,0.0,0.0,1.0,0.0,0.0,3.0,1,0.8575,0.5548,0.2891,0.5498,0.1905,0.4352,120.0
T-40406,2026-02-23,10.0,4.0,35.0,1.0,2.0,3.0,9.0,6.0,2.0,0.0,0.0,1,0.95,0.8776,0.7858,0.5,0.146,0.8363,120.0
T-40407,2026-01-22,11.0,3.0,68.0,3.0,1.0,5.0,6.0,3.0,3.0,0.0,2.0,1,0.95,0.9011,0.8176,0.343,0.1756,0.8635,120.0
T-40408,2026-05-28,2.0,3.0,48.0,2.0,1.0,1.0,4.0,0.0,1.0,1.0,5.0,1,0.862,0.6857,0.3318,0.343,0.1854,0.5264,120.0
T-40409,2025-05-09,4.0,3.0,33.0,3.0,2.0,3.0,5.0,1.0,2.0,1.0,5.0,0,0.95,0.8131,0.5744,0.4626,0.1708,0.7057,120.0
T-40410,2025-08-29,8.0,4.0,58.0,5.0,2.0,3.0,0.0,4.0,2.0,0.0,2.0,1,0.95,0.8306,0.7109,0.5,0.1661,0.7768,120.0
T-40411,2025-09-18,12.0,4.0,7.0,4.0,4.0,3.0,2.0,0.0,1.0,0.0,2.0,1,0.95,0.8721,0.525,0.7311,0.1242,0.7159,120.0
T-40412,2026-04-17,10.0,3.0,23.0,6.0,2.0,5.0,8.0,1.0,0.0,1.0,1.0,1,0.95,0.9718,0.7503,0.4626,0.1616,0.8721,120.0
T-40413,2025-09-17,3.0,1.0,27.0,6.0,4.0,2.0,9.0,6.0,3.0,1.0,5.0,1,0.95,0.9593,0.7109,0.6341,0.1652,0.8475,120.0
T-40414,2025-03-17,5.0,3.0,72.0,1.0,2.0,2.0,2.0,7.0,3.0,1.0,0.0,1,0.9432,0.5769,0.7503,0.4626,0.2108,0.6549,120.0
T-40415,2025-11-14,9.0,2.0,78.0,4.0,0.0,2.0,7.0,6.0,0.0,1.0,3.0,1,0.95,0.9296,0.7109,0.2142,0.2176,0.8312,120.0
T-40416,2025-03-01,3.0,3.0,18.0,1.0,4.0,4.0,5.0,1.0,3.0,0.0,3.0,1,0.95,0.666,0.6682,0.7006,0.1324,0.667,120.0
T-40417,2025-11-30,7.0,1.0,53.0,1.0,0.0,4.0,8.0,4.0,2.0,1.0,1.0,1,0.95,0.8249,0.7858,0.19,0.1905,0.8073,120.0
T-40418,2026-03-05,7.0,3.0,50.0,2.0,0.0,0.0,1.0,5.0,2.0,2.0,4.0,0,0.8623,0.6548,0.475,0.2405,0.2198,0.5739,120.0
T-40419,2025-12-03,4.0,4.0,42.0,0.0,0.0,2.0,8.0,0.0,0.0,1.0,1.0,0,0.8837,0.7231,0.4256,0.2689,0.1795,0.5892,120.0
T-40420,2025-09-02,12.0,1.0,51.0,2.0,1.0,5.0,7.0,7.0,2.0,0.0,0.0,1,0.95,0.8928,0.9089,0.2789,0.1598,0.9,120.0
T-40421,2025-05-27,4.0,4.0,67.0,2.0,1.0,4.0,9.0,1.0,2.0,2.0,2.0,1,0.95,0.8629,0.6682,0.3775,0.2399,0.7753,120.0
T-40422,2026-04-17,6.0,4.0,26.0,0.0,2.0,3.0,2.0,0.0,2.0,0.0,1.0,1,0.8836,0.51,0.525,0.5,0.1386,0.5167,120.0
T-40423,2025-04-10,9.0,4.0,3.0,7.0,1.0,4.0,8.0,6.0,0.0,2.0,1.0,1,0.95,0.9783,0.8455,0.3775,0.1708,0.9,120.0
T-40424,2025-10-12,5.0,2.0,73.0,7.0,2.0,1.0,0.0,0.0,0.0,2.0,3.0,1,0.95,0.8859,0.3318,0.4256,0.2472,0.6366,120.0
T-40425,2025-10-19,9.0,3.0,35.0,1.0,4.0,5.0,8.0,1.0,2.0,1.0,1.0,1,0.95,0.8468,0.7503,0.7006,0.1727,0.8034,120.0
T-40426,2026-05-02,2.0,4.0,8.0,7.0,2.0,4.0,4.0,5.0,0.0,2.0,2.0,1,0.95,0.9262,0.8176,0.5,0.1756,0.8773,120.0
T-40427,2025-08-15,10.0,4.0,41.0,3.0,1.0,2.0,3.0,4.0,1.0,0.0,4.0,1,0.95,0.8306,0.6225,0.3775,0.151,0.7369,120.0
T-40428,2025-06-22,8.0,4.0,3.0,1.0,4.0,2.0,6.0,6.0,2.0,0.0,5.0,1,0.95,0.7807,0.7109,0.7311,0.1213,0.7493,120.0
T-40429,2025-03-24,11.0,3.0,45.0,1.0,0.0,4.0,7.0,1.0,2.0,0.0,1.0,1,0.95,0.8442,0.6682,0.2405,0.1545,0.765,120.0
T-40430,2025-07-21,7.0,1.0,81.0,2.0,1.0,1.0,4.0,4.0,2.0,1.0,1.0,1,0.9195,0.7649,0.525,0.2789,0.221,0.657,120.0
T-40431,2025-06-03,12.0,3.0,35.0,5.0,1.0,2.0,0.0,2.0,0.0,0.0,0.0,1,0.95,0.871,0.525,0.343,0.146,0.7153,120.0
T-40432,2026-05-28,2.0,3.0,71.0,2.0,2.0,4.0,1.0,0.0,2.0,2.0,1.0,1,0.9107,0.5597,0.6225,0.4626,0.2448,0.5879,120.0
T-40433,2026-04-29,13.0,2.0,18.0,4.0,3.0,3.0,3.0,1.0,2.0,2.0,5.0,1,0.95,0.8984,0.5744,0.5498,0.1854,0.7526,120.0
T-40434,2025-06-13,7.0,4.0,60.0,1.0,2.0,1.0,1.0,5.0,1.0,1.0,2.0,1,0.9089,0.572,0.5744,0.5,0.1978,0.5731,120.0
T-40435,2025-09-12,12.0,2.0,21.0,5.0,2.0,0.0,9.0,7.0,1.0,1.0,5.0,1,0.95,0.9715,0.5744,0.4256,0.1598,0.7928,120.0
T-40436,2025-03-20,7.0,1.0,88.0,5.0,2.0,3.0,8.0,0.0,0.0,2.0,1.0,1,0.95,0.9503,0.525,0.3894,0.2663,0.7589,120.0
T-40437,2026-05-09,13.0,1.0,57.0,0.0,0.0,0.0,3.0,0.0,3.0,1.0,3.0,1,0.809,0.6857,0.2497,0.19,0.1947,0.4895,120.0
T-40438,2026-02-08,8.0,2.0,87.0,5.0,0.0,1.0,8.0,0.0,0.0,2.0,0.0,0,0.95,0.9539,0.3318,0.2142,0.265,0.674,120.0
T-40439,2026-05-20,8.0,2.0,66.0,5.0,1.0,0.0,0.0,3.0,2.0,0.0,1.0,1,0.9273,0.8306,0.3775,0.31,0.1736,0.6267,120.0
T-40440,2025-09-16,10.0,4.0,50.0,0.0,2.0,0.0,6.0,4.0,1.0,1.0,4.0,1,0.9272,0.7465,0.4256,0.5,0.1874,0.6021,120.0
T-40441,2026-05-01,7.0,3.0,71.0,4.0,0.0,1.0,3.0,2.0,1.0,1.0,5.0,1,0.9326,0.8455,0.4256,0.2405,0.2097,0.6565,120.0
T-40442,2025-07-24,4.0,4.0,34.0,2.0,0.0,2.0,6.0,7.0,2.0,0.0,5.0,1,0.95,0.7858,0.7503,0.2689,0.1451,0.7698,120.0
T-40443,2026-01-10,13.0,3.0,13.0,5.0,2.0,1.0,7.0,7.0,2.0,0.0,2.0,1,0.95,0.9627,0.6682,0.4626,0.1286,0.8302,120.0
T-40444,2026-01-05,3.0,4.0,65.0,6.0,3.0,1.0,9.0,6.0,3.0,0.0,1.0,1,0.95,0.9593,0.6225,0.6225,0.1727,0.8077,120.0
T-40445,2025-12-16,4.0,3.0,59.0,4.0,2.0,1.0,7.0,5.0,3.0,2.0,3.0,1,0.95,0.8984,0.5744,0.4626,0.2303,0.7526,120.0
T-40446,2025-06-27,7.0,3.0,64.0,1.0,2.0,4.0,2.0,1.0,2.0,0.0,5.0,1,0.9314,0.6154,0.6682,0.4626,0.1717,0.6391,120.0
T-40447,2026-04-18,3.0,2.0,74.0,7.0,0.0,4.0,8.0,6.0,2.0,1.0,3.0,1,0.95,0.9654,0.8455,0.2142,0.213,0.9,120.0
T-40448,2025-06-21,13.0,1.0,35.0,5.0,3.0,3.0,2.0,5.0,0.0,0.0,0.0,1,0.95,0.9129,0.7503,0.5125,0.146,0.8397,120.0
T-40449,2026-01-19,9.0,1.0,60.0,2.0,3.0,0.0,8.0,1.0,3.0,0.0,0.0,1,0.95,0.887,0.2891,0.5125,0.168,0.6179,120.0
T-40450,2026-05-03,6.0,3.0,49.0,2.0,3.0,3.0,6.0,2.0,2.0,1.0,1.0,1,0.95,0.8115,0.6225,0.5866,0.1864,0.7264,120.0
T-40451,2025-09-04,13.0,2.0,14.0,2.0,2.0,4.0,2.0,5.0,2.0,1.0,0.0,1,0.95,0.7858,0.8176,0.4256,0.1536,0.8001,120.0
T-40452,2025-08-14,8.0,1.0,31.0,7.0,2.0,4.0,3.0,7.0,1.0,2.0,5.0,1,0.95,0.9443,0.8699,0.3894,0.1989,0.9,120.0
T-40453,2025-07-31,9.0,4.0,18.0,5.0,2.0,0.0,9.0,6.0,2.0,2.0,5.0,1,0.95,0.9641,0.525,0.5,0.1854,0.7665,120.0
T-40454,2025-10-13,9.0,3.0,41.0,5.0,4.0,5.0,3.0,0.0,1.0,0.0,4.0,1,0.95,0.9011,0.7109,0.7006,0.151,0.8156,120.0
T-40455,2025-05-20,12.0,1.0,60.0,1.0,1.0,1.0,2.0,7.0,0.0,1.0,2.0,1,0.9294,0.7047,0.6682,0.2789,0.1978,0.6883,120.0
T-40456,2025-12-04,3.0,4.0,13.0,5.0,1.0,5.0,7.0,5.0,0.0,2.0,1.0,1,0.95,0.9206,0.8699,0.3775,0.1804,0.8978,120.0
T-40457,2025-08-12,9.0,1.0,11.0,3.0,2.0,4.0,1.0,7.0,0.0,1.0,3.0,1,0.95,0.7595,0.8699,0.3894,0.151,0.8092,120.0
T-40458,2025-08-21,7.0,1.0,40.0,0.0,2.0,3.0,2.0,5.0,2.0,0.0,0.0,1,0.9283,0.53,0.7503,0.3894,0.1502,0.6291,120.0
T-40459,2026-04-18,7.0,1.0,37.0,7.0,1.0,1.0,6.0,3.0,2.0,1.0,0.0,1,0.95,0.9641,0.475,0.2789,0.1746,0.744,120.0
T-40460,2026-05-25,13.0,2.0,30.0,3.0,1.0,2.0,8.0,1.0,1.0,1.0,5.0,1,0.95,0.9388,0.475,0.31,0.168,0.7301,120.0
T-40461,2026-01-22,2.0,4.0,31.0,1.0,2.0,1.0,1.0,3.0,0.0,2.0,4.0,1,0.8615,0.4725,0.475,0.5,0.1989,0.4736,120.0
T-40462,2025-10-05,9.0,4.0,70.0,7.0,1.0,5.0,8.0,2.0,3.0,2.0,1.0,1,0.95,0.9783,0.7858,0.3775,0.2435,0.8917,120.0
T-40463,2025-06-21,6.0,3.0,34.0,2.0,0.0,3.0,2.0,7.0,0.0,2.0,5.0,1,0.95,0.677,0.8176,0.2405,0.2021,0.7403,120.0
T-40464,2025-09-04,5.0,3.0,2.0,5.0,0.0,1.0,4.0,0.0,3.0,1.0,0.0,1,0.9431,0.888,0.3318,0.2405,0.1435,0.6377,120.0
T-40465,2025-11-20,7.0,2.0,6.0,1.0,0.0,5.0,6.0,3.0,2.0,1.0,3.0,1,0.95,0.7667,0.8176,0.2142,0.1468,0.7896,120.0
T-40466,2026-02-18,8.0,4.0,48.0,1.0,2.0,3.0,5.0,7.0,3.0,1.0,1.0,1,0.95,0.7484,0.8176,0.5,0.1854,0.7795,120.0
T-40467,2025-06-15,2.0,1.0,87.0,4.0,3.0,1.0,1.0,0.0,3.0,1.0,1.0,1,0.9085,0.7191,0.3318,0.5125,0.2279,0.5448,120.0
T-40468,2025-09-28,8.0,1.0,71.0,4.0,3.0,4.0,8.0,7.0,0.0,2.0,3.0,1,0.95,0.9358,0.8699,0.5125,0.2448,0.9,120.0
T-40469,2026-01-05,11.0,1.0,7.0,1.0,3.0,0.0,6.0,3.0,1.0,0.0,3.0,1,0.9451,0.8191,0.3775,0.5125,0.1242,0.6204,120.0
T-40470,2025-05-07,3.0,4.0,58.0,2.0,3.0,5.0,0.0,2.0,0.0,2.0,2.0,1,0.95,0.5349,0.7858,0.6225,0.2291,0.6478,120.0
T-40471,2026-05-16,7.0,1.0,15.0,3.0,3.0,3.0,9.0,2.0,0.0,2.0,1.0,1,0.95,0.9191,0.6225,0.5125,0.1824,0.7856,120.0
T-40472,2025-09-07,5.0,4.0,73.0,5.0,3.0,5.0,2.0,0.0,3.0,0.0,0.0,1,0.95,0.8468,0.7109,0.6225,0.1804,0.7857,120.0
T-40473,2025-12-20,11.0,4.0,71.0,0.0,4.0,5.0,5.0,5.0,1.0,1.0,5.0,1,0.95,0.7271,0.8699,0.7311,0.2097,0.7914,120.0
T-40474,2025-09-17,5.0,2.0,8.0,7.0,4.0,0.0,7.0,1.0,0.0,2.0,4.0,1,0.95,0.9648,0.2891,0.6682,0.1756,0.6607,120.0
T-40475,2026-04-26,9.0,3.0,3.0,1.0,4.0,1.0,9.0,4.0,2.0,0.0,2.0,1,0.95,0.8688,0.525,0.7006,0.1213,0.7141,120.0
T-40476,2025-06-19,2.0,1.0,6.0,0.0,3.0,2.0,2.0,7.0,2.0,1.0,1.0,1,0.9307,0.4305,0.7503,0.5125,0.1468,0.5744,120.0
T-40477,2025-05-26,9.0,4.0,27.0,5.0,3.0,3.0,1.0,3.0,3.0,1.0,0.0,1,0.95,0.8641,0.6682,0.6225,0.1652,0.776,120.0
T-40478,2025-07-28,12.0,2.0,19.0,2.0,3.0,1.0,1.0,6.0,0.0,2.0,4.0,1,0.95,0.7389,0.6225,0.5498,0.1864,0.6865,120.0
T-40479,2025-09-26,5.0,3.0,5.0,4.0,3.0,0.0,2.0,4.0,3.0,2.0,2.0,1,0.95,0.7958,0.4256,0.5866,0.1727,0.6292,120.0
T-40480,2025-06-27,4.0,3.0,75.0,5.0,3.0,1.0,0.0,5.0,2.0,2.0,2.0,1,0.95,0.7807,0.5744,0.5866,0.2497,0.6879,120.0
T-40481,2026-02-02,13.0,4.0,35.0,5.0,3.0,0.0,9.0,0.0,1.0,2.0,0.0,1,0.95,0.9737,0.2497,0.6225,0.2032,0.6479,120.0
T-40482,2025-09-16,3.0,1.0,20.0,0.0,0.0,2.0,1.0,3.0,3.0,1.0,1.0,1,0.7953,0.4061,0.5744,0.19,0.1589,0.4819,120.0
T-40483,2025-06-04,3.0,3.0,66.0,6.0,2.0,2.0,8.0,4.0,2.0,2.0,5.0,1,0.95,0.9517,0.6225,0.4626,0.2387,0.8035,120.0
T-40484,2025-06-28,2.0,4.0,63.0,2.0,0.0,4.0,3.0,4.0,2.0,0.0,3.0,1,0.9445,0.6457,0.7858,0.2689,0.1708,0.7087,120.0
T-40485,2025-12-22,9.0,2.0,68.0,4.0,0.0,3.0,4.0,2.0,1.0,2.0,0.0,1,0.95,0.8849,0.6225,0.2142,0.2411,0.7668,120.0
T-40486,2026-03-22,12.0,2.0,85.0,5.0,2.0,4.0,2.0,7.0,0.0,0.0,2.0,1,0.95,0.9064,0.8699,0.4256,0.1926,0.89,120.0
T-40487,2025-07-29,5.0,2.0,28.0,6.0,2.0,0.0,7.0,2.0,3.0,2.0,0.0,1,0.95,0.9507,0.3318,0.4256,0.1957,0.6722,120.0
T-40488,2026-04-05,11.0,3.0,54.0,2.0,1.0,1.0,0.0,4.0,3.0,2.0,0.0,1,0.9019,0.6857,0.525,0.343,0.2244,0.6134,120.0
T-40489,2025-11-02,7.0,4.0,81.0,7.0,4.0,4.0,3.0,5.0,0.0,0.0,1.0,1,0.95,0.9399,0.8176,0.7311,0.1885,0.8849,120.0
T-40490,2026-01-15,11.0,4.0,14.0,5.0,4.0,3.0,2.0,5.0,3.0,2.0,2.0,1,0.95,0.8993,0.7503,0.7311,0.1814,0.8323,120.0
T-40491,2026-03-21,6.0,3.0,89.0,6.0,0.0,5.0,9.0,6.0,1.0,0.0,4.0,1,0.95,0.9677,0.8909,0.2405,0.1968,0.9,120.0
T-40492,2025-09-16,9.0,3.0,63.0,1.0,1.0,4.0,3.0,0.0,3.0,0.0,4.0,1,0.9236,0.6921,0.6225,0.343,0.1708,0.6608,120.0
T-40493,2026-05-10,10.0,4.0,53.0,5.0,0.0,0.0,8.0,5.0,0.0,2.0,3.0,1,0.95,0.9605,0.475,0.2689,0.2233,0.742,120.0
T-40494,2026-03-06,12.0,2.0,62.0,6.0,3.0,3.0,1.0,6.0,3.0,2.0,5.0,1,0.95,0.9198,0.7858,0.5498,0.2339,0.8595,120.0
T-40495,2025-12-27,5.0,3.0,64.0,1.0,1.0,4.0,4.0,4.0,0.0,1.0,0.0,1,0.95,0.6615,0.7858,0.343,0.2021,0.7175,120.0
T-40496,2026-04-21,10.0,3.0,57.0,2.0,1.0,2.0,2.0,1.0,3.0,1.0,0.0,1,0.9112,0.7427,0.475,0.343,0.1947,0.6222,120.0
T-40497,2026-02-21,13.0,3.0,63.0,7.0,2.0,2.0,4.0,0.0,3.0,2.0,4.0,1,0.95,0.968,0.4256,0.4626,0.2351,0.7239,120.0
T-40498,2026-03-09,12.0,1.0,12.0,0.0,2.0,4.0,8.0,1.0,2.0,2.0,1.0,1,0.95,0.832,0.6682,0.3894,0.1795,0.7583,120.0
T-40499,2026-03-01,4.0,1.0,57.0,0.0,2.0,3.0,0.0,2.0,0.0,2.0,3.0,1,0.8576,0.3823,0.6225,0.3894,0.2279,0.4903,120.0
T-40500,2025-06-28,11.0,4.0,18.0,6.0,0.0,0.0,5.0,6.0,3.0,0.0,2.0,1,0.95,0.9561,0.525,0.2689,0.1324,0.7621,120.0
T-40501,2025-08-23,2.0,2.0,15.0,0.0,1.0,4.0,0.0,3.0,1.0,1.0,0.0,1,0.8872,0.3452,0.7503,0.31,0.1545,0.5275,120.0
T-40502,2025-03-10,4.0,4.0,63.0,0.0,4.0,3.0,7.0,5.0,0.0,2.0,1.0,1,0.95,0.6857,0.7503,0.7311,0.2351,0.7147,120.0
T-40503,2025-04-20,2.0,2.0,28.0,1.0,0.0,4.0,7.0,2.0,2.0,1.0,3.0,1,0.9376,0.7251,0.7109,0.2142,0.1661,0.7187,120.0
T-40504,2025-10-13,2.0,3.0,52.0,5.0,3.0,5.0,7.0,5.0,3.0,1.0,0.0,1,0.95,0.9145,0.8699,0.5866,0.1895,0.8944,120.0
T-40505,2026-01-30,11.0,4.0,26.0,1.0,0.0,1.0,2.0,4.0,1.0,2.0,4.0,1,0.8916,0.6878,0.525,0.2689,0.1936,0.6145,120.0
T-40506,2026-03-28,6.0,1.0,50.0,7.0,2.0,0.0,1.0,2.0,3.0,2.0,1.0,1,0.95,0.9097,0.3318,0.3894,0.2198,0.6497,120.0
T-40507,2026-05-27,3.0,4.0,45.0,4.0,1.0,2.0,5.0,2.0,3.0,1.0,2.0,1,0.95,0.8507,0.525,0.3775,0.1824,0.7041,120.0
T-40508,2025-12-21,3.0,1.0,69.0,7.0,2.0,4.0,3.0,4.0,2.0,0.0,3.0,1,0.95,0.9191,0.7858,0.3894,0.1765,0.8591,120.0
T-40509,2025-03-16,2.0,3.0,59.0,4.0,1.0,0.0,6.0,0.0,3.0,1.0,2.0,0,0.9324,0.8629,0.2497,0.343,0.1968,0.587,120.0
T-40510,2026-03-08,13.0,2.0,28.0,3.0,3.0,0.0,3.0,7.0,3.0,1.0,5.0,1,0.95,0.8618,0.5744,0.5498,0.1661,0.7325,120.0
T-40511,2025-08-01,8.0,1.0,68.0,7.0,0.0,5.0,8.0,3.0,3.0,0.0,2.0,1,0.95,0.9766,0.8176,0.19,0.1756,0.9,120.0
T-40512,2025-06-29,12.0,1.0,1.0,1.0,4.0,0.0,1.0,3.0,1.0,2.0,0.0,1,0.9239,0.666,0.3775,0.6341,0.1689,0.5362,120.0
T-40513,2025-06-28,7.0,3.0,9.0,4.0,1.0,0.0,4.0,7.0,0.0,0.0,3.0,1,0.95,0.8676,0.5744,0.343,0.1256,0.7357,120.0
T-40514,2025-10-19,11.0,1.0,31.0,7.0,3.0,2.0,7.0,1.0,0.0,0.0,4.0,1,0.95,0.9779,0.475,0.5125,0.1427,0.7516,120.0
T-40515,2025-11-05,12.0,2.0,8.0,3.0,4.0,4.0,5.0,5.0,3.0,2.0,4.0,1,0.95,0.8919,0.8176,0.6682,0.1756,0.8584,120.0
T-40516,2025-06-06,3.0,2.0,37.0,2.0,3.0,5.0,8.0,7.0,3.0,1.0,3.0,1,0.95,0.8292,0.9089,0.5498,0.1746,0.8651,120.0
T-40517,2026-01-03,7.0,2.0,38.0,0.0,4.0,3.0,3.0,7.0,0.0,0.0,1.0,1,0.95,0.5744,0.8176,0.6682,0.1485,0.6839,120.0
T-40518,2025-07-21,10.0,3.0,44.0,1.0,1.0,1.0,0.0,3.0,1.0,2.0,2.0,1,0.8574,0.5866,0.475,0.343,0.213,0.5364,120.0
T-40519,2025-04-27,9.0,4.0,23.0,2.0,2.0,1.0,2.0,0.0,1.0,2.0,0.0,1,0.9088,0.7271,0.3318,0.5,0.1905,0.5492,120.0
T-40520,2026-03-21,6.0,4.0,56.0,3.0,1.0,1.0,4.0,0.0,1.0,1.0,5.0,1,0.921,0.81,0.3318,0.3775,0.1936,0.5948,120.0
T-40521,2025-07-07,8.0,2.0,10.0,0.0,1.0,1.0,1.0,6.0,0.0,2.0,5.0,1,0.8711,0.505,0.6225,0.31,0.1775,0.5579,120.0
T-40522,2025-06-22,4.0,2.0,83.0,7.0,4.0,3.0,2.0,2.0,2.0,1.0,4.0,1,0.95,0.9113,0.6225,0.6682,0.2233,0.7813,120.0
T-40523,2025-11-14,6.0,3.0,34.0,4.0,0.0,5.0,8.0,5.0,0.0,2.0,4.0,1,0.95,0.9255,0.8699,0.2405,0.2021,0.9,120.0
T-40524,2025-05-14,5.0,2.0,5.0,7.0,0.0,5.0,3.0,3.0,3.0,1.0,5.0,1,0.95,0.9302,0.8176,0.2142,0.146,0.8795,120.0
T-40525,2026-04-30,4.0,1.0,59.0,1.0,4.0,1.0,3.0,3.0,1.0,2.0,1.0,1,0.9234,0.6011,0.475,0.6341,0.2303,0.5444,120.0
T-40526,2026-05-27,2.0,1.0,87.0,4.0,0.0,2.0,0.0,3.0,1.0,1.0,0.0,1,0.8902,0.6814,0.5744,0.19,0.2279,0.6332,120.0
T-40527,2026-04-03,6.0,4.0,66.0,4.0,0.0,1.0,6.0,7.0,3.0,2.0,5.0,1,0.95,0.8966,0.6682,0.2689,0.2387,0.7938,120.0
T-40528,2025-12-02,11.0,2.0,40.0,0.0,3.0,0.0,7.0,3.0,3.0,1.0,3.0,1,0.9419,0.7925,0.3775,0.5498,0.1775,0.6058,120.0
T-40529,2025-10-16,9.0,3.0,86.0,1.0,1.0,0.0,4.0,4.0,3.0,2.0,5.0,1,0.8978,0.7291,0.4256,0.343,0.2637,0.5925,120.0
T-40530,2025-05-04,11.0,4.0,77.0,3.0,4.0,4.0,2.0,7.0,2.0,2.0,3.0,1,0.95,0.8161,0.8699,0.7311,0.2522,0.8403,120.0
T-40531,2026-05-21,9.0,3.0,29.0,6.0,0.0,0.0,3.0,4.0,2.0,2.0,0.0,1,0.95,0.9282,0.4256,0.2405,0.1968,0.702,120.0
T-40532,2025-06-27,7.0,3.0,37.0,1.0,3.0,1.0,9.0,7.0,0.0,2.0,3.0,1,0.95,0.8494,0.6682,0.5866,0.2053,0.7679,120.0
T-40533,2025-04-17,3.0,2.0,26.0,0.0,3.0,0.0,5.0,3.0,1.0,2.0,5.0,1,0.8835,0.5842,0.3775,0.5498,0.1936,0.4912,120.0
T-40534,2025-05-10,13.0,1.0,36.0,3.0,0.0,0.0,7.0,5.0,3.0,0.0,5.0,1,0.95,0.9276,0.475,0.19,0.1468,0.7239,120.0
T-40535,2025-09-03,3.0,4.0,14.0,5.0,0.0,3.0,8.0,1.0,3.0,0.0,0.0,1,0.95,0.9328,0.5744,0.2689,0.1294,0.7715,120.0
T-40536,2026-02-14,7.0,4.0,11.0,3.0,4.0,4.0,0.0,3.0,3.0,0.0,3.0,1,0.95,0.6921,0.7503,0.7311,0.1271,0.7183,120.0
T-40537,2025-10-08,13.0,4.0,67.0,4.0,0.0,4.0,6.0,7.0,1.0,1.0,4.0,1,0.95,0.9382,0.8699,0.2689,0.2053,0.9,120.0
T-40538,2025-04-19,3.0,4.0,1.0,1.0,4.0,2.0,4.0,5.0,0.0,1.0,2.0,1,0.95,0.6248,0.6682,0.7311,0.1427,0.6443,120.0
T-40539,2025-06-24,12.0,1.0,5.0,7.0,2.0,0.0,3.0,7.0,1.0,2.0,2.0,1,0.95,0.9589,0.5744,0.3894,0.1727,0.7859,120.0
T-40540,2025-09-04,6.0,1.0,13.0,2.0,1.0,4.0,6.0,6.0,3.0,1.0,2.0,1,0.95,0.8115,0.8455,0.2789,0.1527,0.8268,120.0
T-40541,2025-04-11,5.0,3.0,68.0,4.0,4.0,5.0,0.0,7.0,1.0,0.0,1.0,1,0.95,0.7311,0.9089,0.7006,0.1756,0.8111,120.0
T-40542,2025-04-19,8.0,4.0,72.0,2.0,0.0,1.0,5.0,4.0,1.0,1.0,5.0,1,0.9335,0.8085,0.525,0.2689,0.2108,0.6809,120.0
T-40543,2025-05-02,7.0,1.0,19.0,5.0,1.0,5.0,7.0,1.0,0.0,0.0,3.0,1,0.95,0.941,0.7503,0.2789,0.1332,0.8552,120.0
T-40544,2025-07-18,10.0,1.0,89.0,3.0,3.0,5.0,5.0,6.0,0.0,1.0,1.0,1,0.95,0.8754,0.8909,0.5125,0.2303,0.8824,120.0
T-40545,2026-04-07,2.0,1.0,54.0,2.0,0.0,2.0,3.0,0.0,2.0,2.0,2.0,0,0.8351,0.6457,0.4256,0.19,0.2244,0.5466,120.0
T-40546,2026-03-22,10.0,4.0,33.0,4.0,1.0,5.0,3.0,1.0,3.0,2.0,4.0,1,0.95,0.8744,0.7503,0.3775,0.201,0.8185,120.0
T-40547,2025-06-03,4.0,4.0,55.0,3.0,4.0,2.0,5.0,1.0,3.0,1.0,4.0,1,0.95,0.8131,0.475,0.7311,0.1926,0.6609,120.0
T-40548,2025-06-06,10.0,4.0,26.0,3.0,2.0,2.0,1.0,1.0,1.0,0.0,1.0,1,0.9406,0.7738,0.475,0.5,0.1386,0.6394,120.0
T-40549,2025-11-05,3.0,2.0,10.0,6.0,3.0,3.0,8.0,0.0,0.0,2.0,5.0,1,0.95,0.9517,0.525,0.5498,0.1775,0.7597,120.0
T-40550,2025-05-08,4.0,2.0,57.0,2.0,2.0,0.0,6.0,5.0,2.0,1.0,5.0,1,0.9354,0.7858,0.475,0.4256,0.1947,0.646,120.0
T-40551,2026-02-20,2.0,2.0,67.0,5.0,4.0,3.0,4.0,7.0,3.0,0.0,2.0,1,0.95,0.8618,0.8176,0.6682,0.1746,0.8419,120.0
T-40552,2025-04-01,11.0,2.0,51.0,7.0,2.0,1.0,5.0,5.0,1.0,2.0,1.0,1,0.95,0.9686,0.5744,0.4256,0.221,0.7912,120.0
T-40553,2026-02-13,2.0,3.0,11.0,4.0,3.0,5.0,3.0,5.0,1.0,1.0,2.0,1,0.95,0.7858,0.8699,0.5866,0.151,0.8237,120.0
T-40554,2026-01-21,11.0,1.0,65.0,3.0,0.0,3.0,2.0,0.0,3.0,1.0,3.0,0,0.9292,0.8161,0.525,0.19,0.2032,0.6851,120.0
T-40555,2025-09-02,7.0,1.0,65.0,0.0,0.0,4.0,3.0,7.0,2.0,0.0,1.0,1,0.95,0.5744,0.8699,0.19,0.1727,0.7074,120.0
T-40556,2026-02-19,9.0,1.0,89.0,3.0,3.0,2.0,7.0,5.0,2.0,0.0,3.0,1,0.95,0.9029,0.6682,0.5125,0.1968,0.7973,120.0
T-40557,2025-12-20,4.0,1.0,46.0,4.0,3.0,2.0,9.0,4.0,1.0,2.0,0.0,1,0.95,0.9269,0.6225,0.5125,0.2153,0.7899,120.0
T-40558,2026-01-23,6.0,2.0,25.0,2.0,3.0,4.0,1.0,6.0,2.0,0.0,3.0,1,0.95,0.6365,0.8455,0.5498,0.1378,0.7305,120.0
T-40559,2026-01-02,2.0,3.0,36.0,2.0,1.0,3.0,0.0,6.0,2.0,0.0,4.0,1,0.9318,0.515,0.7858,0.343,0.1468,0.6369,120.0
T-40560,2026-03-06,13.0,2.0,36.0,7.0,4.0,1.0,2.0,0.0,0.0,2.0,0.0,1,0.95,0.9548,0.3318,0.6682,0.2042,0.6744,120.0
T-40561,2026-04-20,11.0,3.0,35.0,4.0,0.0,4.0,9.0,0.0,0.0,1.0,3.0,1,0.95,0.9569,0.6225,0.2405,0.1727,0.8064,120.0
T-40562,2025-04-13,7.0,3.0,73.0,6.0,2.0,0.0,3.0,7.0,2.0,1.0,2.0,1,0.95,0.9168,0.5744,0.4626,0.2119,0.7628,120.0
T-40563,2025-12-31,7.0,3.0,85.0,6.0,2.0,5.0,1.0,1.0,3.0,2.0,1.0,1,0.95,0.8849,0.7503,0.4626,0.2624,0.8243,120.0
T-40564,2025-03-08,8.0,3.0,54.0,2.0,1.0,3.0,0.0,7.0,3.0,2.0,5.0,1,0.95,0.6318,0.8176,0.343,0.2244,0.7154,120.0
T-40565,2025-10-25,7.0,3.0,44.0,1.0,0.0,3.0,9.0,3.0,1.0,2.0,2.0,1,0.95,0.8494,0.6682,0.2405,0.213,0.7679,120.0
T-40566,2026-01-24,11.0,2.0,18.0,4.0,3.0,0.0,9.0,3.0,0.0,0.0,1.0,1,0.95,0.9569,0.3775,0.5498,0.1324,0.6962,120.0
T-40567,2025-09-11,6.0,4.0,80.0,6.0,3.0,0.0,4.0,4.0,1.0,1.0,2.0,1,0.95,0.9241,0.4256,0.6225,0.2198,0.6998,120.0
T-40568,2026-02-23,3.0,1.0,75.0,6.0,0.0,5.0,9.0,7.0,1.0,2.0,0.0,1,0.95,0.9593,0.9089,0.19,0.2497,0.9,120.0
T-40569,2025-09-23,11.0,3.0,71.0,3.0,0.0,2.0,4.0,3.0,1.0,2.0,1.0,1,0.95,0.8641,0.5744,0.2405,0.2448,0.7338,120.0
T-40570,2025-04-05,10.0,2.0,83.0,0.0,1.0,2.0,0.0,2.0,0.0,1.0,2.0,1,0.8361,0.5,0.525,0.31,0.2233,0.5112,120.0
T-40571,2026-05-10,3.0,2.0,40.0,4.0,3.0,0.0,5.0,6.0,1.0,1.0,3.0,1,0.95,0.8507,0.525,0.5498,0.1775,0.7041,120.0
T-40572,2026-02-03,2.0,3.0,7.0,1.0,3.0,4.0,3.0,4.0,0.0,1.0,3.0,1,0.95,0.5622,0.7858,0.5866,0.1476,0.6628,120.0
T-40573,2026-04-25,7.0,4.0,83.0,6.0,3.0,1.0,7.0,6.0,0.0,1.0,4.0,1,0.95,0.9577,0.6225,0.6225,0.2233,0.8068,120.0
T-40574,2025-05-26,12.0,4.0,4.0,5.0,3.0,0.0,4.0,2.0,1.0,0.0,3.0,1,0.95,0.9328,0.3318,0.6225,0.122,0.6623,120.0
T-40575,2026-01-23,13.0,1.0,74.0,1.0,4.0,1.0,6.0,3.0,2.0,2.0,5.0,1,0.95,0.8416,0.475,0.6341,0.2485,0.6766,120.0
T-40576,2025-09-17,7.0,1.0,32.0,2.0,4.0,3.0,6.0,3.0,1.0,1.0,2.0,1,0.95,0.8235,0.6682,0.6341,0.1699,0.7536,120.0
T-40577,2025-09-24,13.0,3.0,39.0,4.0,4.0,4.0,8.0,5.0,0.0,0.0,3.0,1,0.95,0.9561,0.8176,0.7006,0.1493,0.8937,120.0
T-40578,2025-03-03,3.0,3.0,74.0,6.0,2.0,4.0,4.0,0.0,1.0,2.0,2.0,1,0.95,0.9055,0.6225,0.4626,0.2485,0.7781,120.0
T-40579,2025-05-16,3.0,2.0,31.0,4.0,0.0,3.0,6.0,7.0,1.0,0.0,4.0,1,0.95,0.8721,0.8176,0.2142,0.1427,0.8476,120.0
T-40580,2026-04-12,11.0,3.0,9.0,2.0,4.0,3.0,0.0,5.0,3.0,2.0,1.0,1,0.95,0.6857,0.7503,0.7006,0.1765,0.7147,120.0
T-40581,2025-11-26,2.0,4.0,5.0,5.0,4.0,5.0,0.0,3.0,3.0,1.0,1.0,1,0.95,0.7521,0.8176,0.7311,0.146,0.7816,120.0
T-40582,2025-05-05,7.0,4.0,73.0,2.0,3.0,4.0,9.0,4.0,0.0,0.0,1.0,1,0.95,0.8889,0.7858,0.6225,0.1804,0.8425,120.0
T-40583,2025-10-07,12.0,4.0,23.0,0.0,2.0,2.0,7.0,4.0,0.0,0.0,4.0,0,0.95,0.8053,0.6225,0.5,0.1363,0.723,120.0
T-40584,2026-03-22,8.0,4.0,79.0,6.0,3.0,4.0,9.0,1.0,1.0,0.0,3.0,0,0.95,0.9723,0.6682,0.6225,0.1864,0.8355,120.0
T-40585,2025-06-18,13.0,1.0,20.0,3.0,3.0,3.0,3.0,6.0,0.0,2.0,3.0,1,0.95,0.8618,0.7858,0.5125,0.1874,0.8276,120.0
T-40586,2026-01-07,12.0,3.0,9.0,6.0,3.0,0.0,4.0,4.0,3.0,2.0,1.0,1,0.95,0.9517,0.4256,0.5866,0.1765,0.7149,120.0
T-40587,2026-03-13,9.0,1.0,12.0,7.0,0.0,0.0,5.0,7.0,1.0,0.0,1.0,1,0.95,0.9634,0.5744,0.19,0.1279,0.7884,120.0
T-40588,2026-03-17,6.0,3.0,17.0,2.0,2.0,5.0,1.0,6.0,1.0,0.0,1.0,1,0.95,0.6365,0.8909,0.4626,0.1316,0.751,120.0
T-40589,2025-07-26,10.0,4.0,2.0,6.0,0.0,1.0,7.0,4.0,3.0,1.0,0.0,1,0.95,0.9664,0.525,0.2689,0.1435,0.7678,120.0
T-40590,2026-01-18,12.0,2.0,8.0,6.0,2.0,1.0,6.0,6.0,2.0,2.0,4.0,1,0.95,0.9658,0.6225,0.4256,0.1756,0.8113,120.0
T-40591,2025-06-23,9.0,2.0,45.0,6.0,3.0,3.0,4.0,1.0,1.0,0.0,1.0,1,0.95,0.9393,0.5744,0.5498,0.1545,0.7751,120.0
T-40592,2025-04-24,6.0,2.0,15.0,0.0,0.0,3.0,6.0,6.0,0.0,0.0,2.0,1,0.9464,0.6814,0.7858,0.2142,0.1301,0.7284,120.0
T-40593,2025-04-27,8.0,3.0,35.0,1.0,0.0,5.0,2.0,3.0,2.0,0.0,2.0,1,0.9493,0.6341,0.8176,0.2405,0.146,0.7167,120.0
T-40594,2026-02-20,9.0,4.0,78.0,3.0,0.0,4.0,9.0,5.0,0.0,2.0,4.0,1,0.95,0.9302,0.8176,0.2689,0.2535,0.8795,120.0
T-40595,2026-04-16,11.0,3.0,74.0,7.0,1.0,1.0,6.0,1.0,0.0,2.0,0.0,1,0.95,0.9737,0.3775,0.343,0.2485,0.7054,120.0
T-40596,2026-02-21,10.0,2.0,89.0,4.0,3.0,4.0,7.0,3.0,0.0,0.0,1.0,1,0.95,0.9346,0.7503,0.5498,0.1968,0.8517,120.0
T-40597,2025-04-27,6.0,1.0,65.0,5.0,3.0,1.0,2.0,6.0,3.0,1.0,3.0,1,0.95,0.8569,0.6225,0.5125,0.2032,0.7514,120.0
T-40598,2026-01-29,6.0,4.0,64.0,5.0,0.0,1.0,7.0,4.0,2.0,2.0,5.0,1,0.95,0.9364,0.525,0.2689,0.2363,0.7513,120.0
T-40599,2025-10-13,13.0,3.0,85.0,2.0,3.0,4.0,9.0,3.0,3.0,0.0,2.0,1,0.95,0.9282,0.7503,0.5866,0.1926,0.8482,120.0
T-40600,2025-12-21,8.0,1.0,15.0,0.0,4.0,0.0,3.0,5.0,0.0,2.0,1.0,1,0.922,0.5939,0.475,0.6341,0.1824,0.5404,120.0
T-40601,2026-01-10,13.0,4.0,50.0,0.0,3.0,5.0,8.0,7.0,3.0,1.0,4.0,1,0.95,0.8429,0.9089,0.6225,0.1874,0.8726,120.0
T-40602,2025-08-04,2.0,4.0,81.0,5.0,0.0,3.0,9.0,2.0,3.0,2.0,1.0,1,0.95,0.9388,0.6225,0.2689,0.2573,0.7964,120.0
T-40603,2025-06-19,3.0,4.0,76.0,6.0,0.0,3.0,0.0,2.0,1.0,2.0,0.0,1,0.95,0.8235,0.6225,0.2689,0.251,0.733,120.0
T-40604,2025-08-12,11.0,4.0,81.0,0.0,0.0,5.0,6.0,0.0,0.0,0.0,5.0,1,0.9496,0.7613,0.7109,0.2689,0.1885,0.7387,120.0
T-40605,2025-10-28,8.0,1.0,38.0,5.0,3.0,0.0,5.0,6.0,3.0,1.0,5.0,1,0.95,0.9234,0.525,0.5125,0.1756,0.7441,120.0
T-40606,2026-01-10,9.0,1.0,53.0,4.0,1.0,2.0,4.0,4.0,2.0,1.0,3.0,1,0.95,0.8849,0.6225,0.2789,0.1905,0.7668,120.0
T-40607,2025-10-20,9.0,3.0,84.0,7.0,1.0,0.0,0.0,0.0,1.0,1.0,3.0,1,0.95,0.9145,0.2497,0.343,0.2244,0.6154,120.0
T-40608,2026-02-12,3.0,3.0,42.0,6.0,2.0,0.0,5.0,1.0,2.0,2.0,0.0,1,0.95,0.9198,0.2891,0.4626,0.2108,0.636,120.0
T-40609,2025-04-03,5.0,2.0,5.0,5.0,0.0,2.0,3.0,1.0,2.0,1.0,1.0,1,0.9459,0.8688,0.475,0.2142,0.146,0.6916,120.0
T-40610,2025-08-10,3.0,4.0,7.0,5.0,3.0,3.0,5.0,2.0,1.0,2.0,4.0,1,0.95,0.8899,0.6225,0.6225,0.1746,0.7696,120.0
T-40611,2026-05-05,9.0,1.0,9.0,6.0,1.0,0.0,3.0,5.0,3.0,2.0,4.0,1,0.95,0.9282,0.475,0.2789,0.1765,0.7243,120.0
T-40612,2025-04-02,11.0,2.0,5.0,3.0,0.0,4.0,2.0,2.0,0.0,2.0,5.0,1,0.95,0.8161,0.7109,0.2142,0.1727,0.7688,120.0
T-40613,2025-05-29,8.0,1.0,3.0,0.0,0.0,5.0,4.0,2.0,1.0,1.0,1.0,1,0.9369,0.6365,0.7858,0.19,0.1443,0.7037,120.0
T-40614,2025-09-07,4.0,2.0,12.0,3.0,4.0,5.0,4.0,4.0,2.0,1.0,2.0,1,0.95,0.7841,0.8455,0.6682,0.1519,0.8118,120.0
T-40615,2025-08-16,6.0,1.0,46.0,1.0,3.0,2.0,2.0,2.0,1.0,1.0,4.0,1,0.9065,0.5963,0.525,0.5125,0.1834,0.5642,120.0
T-40616,2025-07-01,3.0,4.0,65.0,3.0,1.0,5.0,1.0,6.0,0.0,1.0,3.0,1,0.95,0.6615,0.8909,0.3775,0.2032,0.7647,120.0
T-40617,2025-03-24,11.0,2.0,47.0,2.0,4.0,5.0,4.0,7.0,2.0,2.0,0.0,1,0.95,0.8176,0.9089,0.6682,0.2164,0.8587,120.0
T-40618,2026-03-15,2.0,1.0,44.0,5.0,3.0,4.0,2.0,4.0,0.0,1.0,3.0,1,0.95,0.8131,0.7858,0.5125,0.1814,0.8008,120.0
T-40619,2025-10-23,3.0,4.0,66.0,6.0,1.0,1.0,5.0,4.0,1.0,2.0,1.0,1,0.95,0.9198,0.525,0.3775,0.2387,0.7421,120.0
T-40620,2026-03-23,11.0,3.0,88.0,4.0,1.0,1.0,0.0,4.0,2.0,1.0,5.0,1,0.9421,0.8146,0.525,0.343,0.2291,0.6843,120.0
T-40621,2025-06-25,8.0,3.0,73.0,5.0,2.0,4.0,6.0,7.0,3.0,1.0,5.0,1,0.95,0.9352,0.8699,0.4626,0.2119,0.9,120.0
T-40622,2025-03-17,6.0,1.0,56.0,1.0,4.0,3.0,6.0,3.0,1.0,0.0,0.0,1,0.95,0.7521,0.6682,0.6341,0.1643,0.7144,120.0
T-40623,2026-01-10,5.0,4.0,18.0,0.0,4.0,4.0,0.0,7.0,0.0,1.0,1.0,1,0.95,0.4013,0.8699,0.7311,0.1571,0.6122,120.0
T-40624,2025-03-27,3.0,2.0,6.0,1.0,1.0,5.0,8.0,1.0,3.0,1.0,2.0,1,0.95,0.7738,0.7503,0.31,0.1468,0.7632,120.0
T-40625,2025-08-27,5.0,4.0,73.0,3.0,3.0,5.0,1.0,2.0,0.0,1.0,2.0,1,0.95,0.6964,0.7858,0.6225,0.2119,0.7366,120.0
T-40626,2025-07-17,6.0,4.0,68.0,2.0,4.0,1.0,2.0,0.0,2.0,1.0,2.0,1,0.942,0.677,0.3318,0.7311,0.2064,0.5217,120.0
T-40627,2026-03-09,9.0,2.0,19.0,1.0,0.0,0.0,4.0,1.0,1.0,2.0,5.0,1,0.8486,0.7291,0.2891,0.2142,0.1864,0.5311,120.0
T-40628,2025-11-17,3.0,4.0,63.0,7.0,0.0,2.0,8.0,0.0,1.0,2.0,3.0,1,0.95,0.9654,0.4256,0.2689,0.2351,0.7225,120.0
T-40629,2026-01-09,5.0,1.0,43.0,7.0,0.0,3.0,7.0,1.0,0.0,0.0,0.0,1,0.95,0.9648,0.5744,0.19,0.1527,0.7891,120.0
T-40630,2025-11-04,9.0,1.0,11.0,5.0,4.0,1.0,4.0,3.0,1.0,1.0,3.0,1,0.95,0.9161,0.475,0.6341,0.151,0.7176,120.0
T-40631,2026-03-20,9.0,1.0,58.0,0.0,0.0,3.0,7.0,1.0,1.0,0.0,3.0,1,0.919,0.7649,0.5744,0.19,0.1661,0.6792,120.0
T-40632,2025-11-24,3.0,2.0,43.0,5.0,1.0,3.0,6.0,5.0,2.0,2.0,4.0,1,0.95,0.9064,0.7503,0.31,0.2119,0.8361,120.0
T-40633,2026-04-01,12.0,3.0,68.0,0.0,2.0,4.0,9.0,6.0,1.0,0.0,2.0,1,0.95,0.8557,0.8455,0.4626,0.1756,0.8511,120.0
T-40634,2025-05-26,7.0,3.0,79.0,3.0,3.0,2.0,6.0,1.0,1.0,0.0,2.0,1,0.95,0.8688,0.475,0.5866,0.1864,0.6916,120.0
T-40635,2025-07-19,10.0,3.0,5.0,1.0,2.0,5.0,3.0,1.0,1.0,0.0,1.0,1,0.95,0.7089,0.7503,0.4626,0.1227,0.7275,120.0
T-40636,2025-03-29,11.0,4.0,4.0,4.0,1.0,1.0,2.0,6.0,1.0,2.0,3.0,1,0.95,0.8629,0.6225,0.3775,0.1717,0.7547,120.0
T-40637,2026-01-04,5.0,1.0,69.0,2.0,4.0,4.0,4.0,1.0,1.0,2.0,1.0,1,0.95,0.735,0.6682,0.6341,0.2423,0.7049,120.0
T-40638,2025-09-12,4.0,2.0,5.0,3.0,1.0,3.0,1.0,3.0,3.0,2.0,1.0,1,0.9266,0.6792,0.6682,0.31,0.1727,0.6742,120.0
T-40639,2025-03-27,13.0,1.0,71.0,0.0,3.0,1.0,3.0,5.0,3.0,2.0,1.0,1,0.9348,0.6857,0.5744,0.5125,0.2448,0.6356,120.0
T-40640,2025-09-04,6.0,2.0,31.0,2.0,3.0,5.0,3.0,7.0,3.0,2.0,0.0,1,0.95,0.715,0.9089,0.5498,0.1989,0.8023,120.0
T-40641,2026-01-21,4.0,4.0,4.0,1.0,2.0,4.0,8.0,5.0,3.0,2.0,0.0,1,0.95,0.7875,0.8176,0.5,0.1717,0.801,120.0
T-40642,2026-05-19,10.0,3.0,55.0,4.0,4.0,5.0,3.0,2.0,0.0,0.0,3.0,1,0.95,0.8744,0.7858,0.7006,0.1634,0.8345,120.0
T-40643,2025-07-02,9.0,3.0,71.0,0.0,2.0,4.0,5.0,6.0,0.0,2.0,4.0,1,0.95,0.6942,0.8455,0.4626,0.2448,0.7623,120.0
T-40644,2025-07-06,5.0,4.0,41.0,1.0,0.0,5.0,5.0,1.0,1.0,2.0,4.0,1,0.9453,0.7006,0.7503,0.2689,0.2097,0.7229,120.0
T-40645,2025-06-30,2.0,1.0,65.0,0.0,2.0,4.0,0.0,6.0,1.0,1.0,2.0,1,0.9382,0.3452,0.8455,0.3894,0.2032,0.5704,120.0
T-40646,2025-07-24,13.0,1.0,71.0,7.0,0.0,2.0,2.0,4.0,2.0,2.0,3.0,1,0.95,0.9548,0.6225,0.19,0.2448,0.8052,120.0
T-40647,2025-08-01,7.0,3.0,69.0,7.0,1.0,3.0,9.0,3.0,1.0,1.0,0.0,1,0.95,0.9788,0.6682,0.343,0.2075,0.839,120.0
T-40648,2025-08-12,5.0,2.0,12.0,7.0,0.0,2.0,9.0,3.0,3.0,0.0,5.0,1,0.95,0.9752,0.5744,0.2142,0.1279,0.7948,120.0
T-40649,2025-12-23,2.0,3.0,74.0,7.0,2.0,5.0,3.0,2.0,1.0,1.0,1.0,1,0.95,0.9129,0.7858,0.4626,0.213,0.8557,120.0
T-40650,2025-07-01,3.0,1.0,22.0,2.0,2.0,2.0,4.0,7.0,2.0,2.0,2.0,1,0.95,0.7027,0.7503,0.3894,0.1895,0.7241,120.0
T-40651,2026-03-20,11.0,3.0,8.0,7.0,3.0,5.0,3.0,1.0,1.0,1.0,0.0,1,0.95,0.9556,0.7503,0.5866,0.1485,0.8632,120.0
T-40652,2026-03-19,8.0,4.0,42.0,6.0,1.0,2.0,9.0,7.0,2.0,0.0,4.0,1,0.95,0.9723,0.7503,0.3775,0.1519,0.8724,120.0
T-40653,2026-04-22,8.0,2.0,1.0,6.0,3.0,2.0,2.0,6.0,1.0,0.0,3.0,1,0.95,0.9089,0.7109,0.5498,0.1199,0.8198,120.0
T-40654,2025-03-02,10.0,2.0,21.0,6.0,2.0,5.0,0.0,7.0,0.0,1.0,0.0,1,0.95,0.8909,0.9089,0.4256,0.1598,0.899,120.0
T-40655,2025-10-01,3.0,1.0,36.0,0.0,0.0,5.0,4.0,2.0,0.0,2.0,0.0,1,0.9202,0.5399,0.7858,0.19,0.2042,0.6506,120.0
T-40656,2025-09-29,2.0,2.0,36.0,1.0,1.0,1.0,8.0,1.0,2.0,0.0,5.0,1,0.8967,0.7595,0.3775,0.31,0.1468,0.5876,120.0
T-40657,2025-06-23,2.0,3.0,18.0,1.0,4.0,5.0,0.0,3.0,1.0,1.0,2.0,1,0.95,0.428,0.8176,0.7006,0.1571,0.6033,120.0
T-40658,2025-07-20,11.0,3.0,72.0,7.0,2.0,3.0,8.0,3.0,3.0,2.0,5.0,1,0.95,0.9815,0.6682,0.4626,0.246,0.8405,120.0
T-40659,2026-02-01,4.0,2.0,49.0,1.0,1.0,3.0,6.0,0.0,2.0,1.0,1.0,0,0.9086,0.7211,0.525,0.31,0.1864,0.6329,120.0
T-40660,2026-01-10,11.0,1.0,35.0,4.0,0.0,3.0,9.0,1.0,3.0,1.0,3.0,1,0.95,0.9569,0.5744,0.19,0.1727,0.7848,120.0
T-40661,2025-11-23,4.0,1.0,81.0,3.0,2.0,3.0,9.0,5.0,0.0,0.0,5.0,1,0.95,0.8993,0.7503,0.3894,0.1885,0.8323,120.0
T-40662,2025-12-25,3.0,3.0,64.0,6.0,4.0,3.0,4.0,3.0,2.0,2.0,5.0,1,0.95,0.9055,0.6682,0.7006,0.2363,0.7987,120.0
T-40663,2026-02-20,11.0,2.0,74.0,6.0,0.0,0.0,9.0,6.0,3.0,0.0,4.0,1,0.95,0.9781,0.525,0.2142,0.1814,0.7742,120.0
T-40664,2025-11-04,7.0,3.0,14.0,2.0,4.0,3.0,7.0,7.0,2.0,0.0,3.0,1,0.95,0.8481,0.8176,0.7006,0.1294,0.8344,120.0
T-40665,2025-06-16,5.0,3.0,60.0,4.0,2.0,4.0,7.0,2.0,2.0,0.0,1.0,1,0.95,0.9055,0.7109,0.4626,0.168,0.818,120.0
T-40666,2025-08-06,2.0,3.0,34.0,5.0,4.0,5.0,3.0,7.0,2.0,2.0,5.0,1,0.95,0.8389,0.9089,0.7006,0.2021,0.8704,120.0
T-40667,2026-02-27,2.0,3.0,14.0,0.0,1.0,3.0,9.0,5.0,0.0,0.0,0.0,1,0.95,0.7271,0.7503,0.343,0.1294,0.7375,120.0
T-40668,2025-03-27,2.0,2.0,53.0,1.0,2.0,4.0,9.0,0.0,3.0,2.0,4.0,1,0.95,0.7908,0.6225,0.4256,0.2233,0.7151,120.0
T-40669,2026-04-15,8.0,4.0,45.0,7.0,1.0,0.0,8.0,3.0,1.0,1.0,4.0,1,0.95,0.9766,0.3775,0.3775,0.1824,0.707,120.0
T-40670,2025-11-23,3.0,3.0,50.0,7.0,2.0,1.0,5.0,0.0,0.0,2.0,1.0,1,0.95,0.9421,0.3318,0.4626,0.2198,0.6675,120.0
T-40671,2025-05-07,3.0,1.0,27.0,6.0,2.0,2.0,9.0,5.0,1.0,2.0,0.0,1,0.95,0.9593,0.6682,0.3894,0.1947,0.8283,120.0
T-40672,2025-09-15,12.0,2.0,69.0,2.0,3.0,1.0,7.0,5.0,2.0,2.0,3.0,1,0.95,0.8928,0.5744,0.5498,0.2423,0.7496,120.0
T-40673,2025-04-08,7.0,2.0,55.0,4.0,3.0,3.0,9.0,7.0,3.0,0.0,2.0,1,0.95,0.9416,0.8176,0.5498,0.1634,0.8858,120.0
T-40674,2025-03-26,10.0,3.0,29.0,6.0,3.0,4.0,4.0,1.0,0.0,0.0,1.0,1,0.95,0.9437,0.6682,0.5866,0.141,0.8197,120.0
T-40675,2026-03-15,12.0,2.0,41.0,4.0,4.0,0.0,9.0,1.0,0.0,1.0,5.0,1,0.95,0.9601,0.2891,0.6682,0.1785,0.6581,120.0
T-40676,2025-09-28,3.0,2.0,83.0,4.0,1.0,1.0,6.0,6.0,0.0,0.0,4.0,1,0.95,0.8721,0.6225,0.31,0.1905,0.7598,120.0
T-40677,2025-05-05,5.0,3.0,18.0,3.0,1.0,3.0,0.0,6.0,0.0,1.0,1.0,1,0.95,0.657,0.7858,0.343,0.1571,0.715,120.0
T-40678,2026-02-07,11.0,1.0,52.0,3.0,0.0,4.0,3.0,1.0,1.0,1.0,3.0,1,0.95,0.8416,0.6682,0.19,0.1895,0.7636,120.0
T-40679,2026-02-24,12.0,3.0,10.0,4.0,3.0,3.0,6.0,5.0,3.0,1.0,4.0,1,0.95,0.9334,0.7503,0.5866,0.1502,0.851,120.0
T-40680,2025-10-28,7.0,4.0,7.0,1.0,1.0,5.0,6.0,3.0,0.0,0.0,3.0,1,0.95,0.7667,0.8176,0.3775,0.1242,0.7896,120.0
T-40681,2025-12-31,4.0,2.0,57.0,7.0,1.0,5.0,9.0,7.0,0.0,2.0,3.0,1,0.95,0.9731,0.9089,0.31,0.2279,0.9,120.0
T-40682,2025-03-29,9.0,3.0,51.0,1.0,2.0,1.0,9.0,3.0,2.0,2.0,1.0,1,0.95,0.8688,0.475,0.4626,0.221,0.6916,120.0
T-40683,2026-05-09,10.0,2.0,89.0,2.0,1.0,4.0,3.0,7.0,3.0,0.0,5.0,1,0.95,0.7756,0.8699,0.31,0.1968,0.818,120.0
T-40684,2025-12-26,5.0,4.0,68.0,2.0,0.0,3.0,5.0,6.0,1.0,1.0,0.0,1,0.95,0.7685,0.7858,0.2689,0.2064,0.7763,120.0
T-40685,2025-09-28,8.0,2.0,83.0,0.0,0.0,2.0,4.0,5.0,3.0,1.0,1.0,1,0.9052,0.6365,0.6682,0.2142,0.2233,0.6507,120.0
T-40686,2026-02-08,2.0,4.0,31.0,1.0,0.0,2.0,7.0,7.0,1.0,2.0,3.0,1,0.9498,0.7251,0.7503,0.2689,0.1989,0.7364,120.0
T-40687,2026-02-14,7.0,1.0,37.0,4.0,4.0,3.0,4.0,7.0,0.0,0.0,0.0,0,0.95,0.8676,0.8176,0.6341,0.1476,0.8451,120.0
T-40688,2025-05-09,3.0,2.0,61.0,1.0,2.0,0.0,5.0,7.0,3.0,0.0,2.0,1,0.9183,0.666,0.5744,0.4256,0.1689,0.6248,120.0
T-40689,2025-06-26,5.0,3.0,67.0,0.0,3.0,3.0,4.0,6.0,3.0,2.0,5.0,1,0.95,0.5793,0.7858,0.5866,0.2399,0.6723,120.0
T-40690,2025-08-06,12.0,3.0,73.0,5.0,4.0,1.0,6.0,0.0,0.0,0.0,0.0,1,0.95,0.9521,0.3318,0.7006,0.1804,0.673,120.0
T-40691,2026-05-31,9.0,1.0,1.0,1.0,2.0,4.0,2.0,6.0,2.0,0.0,0.0,1,0.95,0.6525,0.8455,0.3894,0.1199,0.7394,120.0
T-40692,2026-02-08,5.0,2.0,59.0,7.0,1.0,5.0,0.0,7.0,3.0,2.0,0.0,1,0.95,0.8859,0.9089,0.31,0.2303,0.8963,120.0
T-40693,2025-06-09,4.0,3.0,82.0,6.0,4.0,2.0,0.0,5.0,3.0,2.0,4.0,1,0.95,0.8348,0.6682,0.7006,0.2586,0.7598,120.0
T-40694,2025-08-20,10.0,1.0,17.0,1.0,3.0,5.0,3.0,3.0,0.0,1.0,0.0,1,0.95,0.7089,0.8176,0.5125,0.1562,0.7578,120.0
T-40695,2025-09-07,7.0,1.0,12.0,2.0,2.0,5.0,0.0,4.0,3.0,1.0,4.0,1,0.95,0.613,0.8455,0.3894,0.1519,0.7176,120.0
T-40696,2025-03-26,12.0,1.0,24.0,4.0,1.0,0.0,0.0,0.0,0.0,2.0,4.0,0,0.9061,0.8264,0.2497,0.2789,0.1915,0.5669,120.0
T-40697,2025-05-12,8.0,4.0,52.0,5.0,2.0,1.0,6.0,4.0,0.0,2.0,4.0,1,0.95,0.9352,0.525,0.5,0.2221,0.7506,120.0
T-40698,2025-03-25,8.0,1.0,24.0,0.0,4.0,0.0,5.0,3.0,3.0,1.0,5.0,1,0.9264,0.677,0.3775,0.6341,0.1625,0.5422,120.0
T-40699,2025-04-15,7.0,4.0,58.0,3.0,0.0,5.0,4.0,1.0,3.0,1.0,0.0,1,0.95,0.822,0.7503,0.2689,0.1957,0.7897,120.0
T-40700,2026-04-12,10.0,4.0,23.0,1.0,0.0,4.0,2.0,5.0,2.0,0.0,0.0,1,0.95,0.6704,0.8176,0.2689,0.1363,0.7366,120.0
T-40701,2025-07-20,2.0,2.0,4.0,0.0,0.0,0.0,1.0,2.0,1.0,2.0,5.0,1,0.6781,0.387,0.3318,0.2142,0.1717,0.3622,120.0
T-40702,2025-04-12,2.0,1.0,41.0,0.0,1.0,4.0,7.0,1.0,0.0,2.0,1.0,1,0.9163,0.6502,0.6682,0.2789,0.2097,0.6583,120.0
T-40703,2025-03-20,10.0,1.0,53.0,4.0,3.0,0.0,0.0,5.0,3.0,2.0,1.0,1,0.9494,0.8022,0.475,0.5125,0.2233,0.655,120.0
T-40704,2025-12-10,8.0,4.0,61.0,0.0,2.0,5.0,8.0,3.0,3.0,2.0,4.0,1,0.95,0.7824,0.8176,0.5,0.2327,0.7983,120.0
T-40705,2025-07-14,8.0,2.0,85.0,3.0,0.0,4.0,4.0,3.0,3.0,0.0,0.0,1,0.95,0.8334,0.7503,0.2142,0.1926,0.796,120.0
T-40706,2025-10-26,3.0,4.0,32.0,7.0,2.0,0.0,5.0,5.0,1.0,0.0,4.0,1,0.95,0.9421,0.475,0.5,0.1435,0.7319,120.0
T-40707,2025-09-07,2.0,1.0,62.0,4.0,4.0,0.0,7.0,1.0,0.0,1.0,1.0,1,0.95,0.8829,0.2891,0.6341,0.1999,0.6157,120.0
T-40708,2025-08-28,8.0,4.0,18.0,6.0,4.0,2.0,7.0,1.0,2.0,2.0,2.0,1,0.95,0.9608,0.475,0.7311,0.1854,0.7422,120.0
T-40709,2025-07-13,12.0,3.0,4.0,2.0,3.0,0.0,7.0,7.0,1.0,1.0,5.0,1,0.95,0.8928,0.5744,0.5866,0.1451,0.7496,120.0
T-40710,2026-04-22,5.0,3.0,18.0,1.0,0.0,5.0,1.0,7.0,0.0,1.0,1.0,1,0.95,0.5325,0.9089,0.2405,0.1571,0.7018,120.0
T-40711,2025-11-19,12.0,4.0,60.0,6.0,0.0,3.0,1.0,4.0,1.0,1.0,4.0,1,0.95,0.9198,0.7109,0.2689,0.1978,0.8258,120.0
T-40712,2026-04-24,3.0,4.0,39.0,1.0,3.0,0.0,2.0,6.0,0.0,0.0,3.0,1,0.917,0.5374,0.525,0.6225,0.1493,0.5318,120.0
T-40713,2025-05-24,3.0,4.0,13.0,4.0,2.0,3.0,0.0,0.0,2.0,2.0,2.0,1,0.9284,0.6985,0.525,0.5,0.1804,0.6204,120.0
T-40714,2025-08-31,5.0,3.0,19.0,5.0,3.0,2.0,6.0,3.0,2.0,0.0,3.0,1,0.95,0.9191,0.5744,0.5866,0.1332,0.764,120.0
T-40715,2025-03-31,4.0,1.0,27.0,6.0,2.0,1.0,0.0,4.0,1.0,2.0,4.0,1,0.95,0.8348,0.525,0.3894,0.1947,0.6954,120.0
T-40716,2026-03-09,10.0,3.0,36.0,6.0,4.0,2.0,2.0,0.0,0.0,0.0,2.0,1,0.95,0.9213,0.4256,0.7006,0.1468,0.6982,120.0
T-40717,2026-01-05,8.0,4.0,41.0,0.0,0.0,3.0,4.0,3.0,1.0,2.0,1.0,1,0.9118,0.6365,0.6682,0.2689,0.2097,0.6507,120.0
T-40718,2026-02-21,4.0,2.0,13.0,5.0,2.0,2.0,2.0,3.0,3.0,2.0,1.0,1,0.95,0.8362,0.5744,0.4256,0.1804,0.7184,120.0
T-40719,2026-01-01,9.0,1.0,66.0,6.0,4.0,4.0,6.0,2.0,1.0,1.0,4.0,1,0.95,0.9569,0.7109,0.6341,0.2042,0.8462,120.0
T-40720,2025-10-02,5.0,4.0,4.0,2.0,1.0,3.0,1.0,4.0,0.0,2.0,0.0,1,0.9312,0.6177,0.7109,0.3775,0.1717,0.6597,120.0
T-40721,2026-01-29,12.0,1.0,21.0,0.0,1.0,0.0,5.0,2.0,3.0,2.0,4.0,1,0.876,0.7427,0.3318,0.2789,0.1885,0.5578,120.0
T-40722,2025-07-05,5.0,2.0,70.0,4.0,3.0,1.0,2.0,0.0,3.0,1.0,5.0,1,0.9386,0.7958,0.3318,0.5498,0.2086,0.587,120.0
T-40723,2025-10-29,9.0,1.0,16.0,2.0,1.0,4.0,9.0,4.0,2.0,2.0,1.0,1,0.95,0.9038,0.7858,0.2789,0.1834,0.8507,120.0
T-40724,2025-10-07,2.0,4.0,73.0,7.0,2.0,5.0,0.0,4.0,0.0,1.0,2.0,1,0.95,0.8594,0.8455,0.5,0.2119,0.8531,120.0
T-40725,2025-10-08,11.0,2.0,23.0,1.0,4.0,4.0,8.0,2.0,2.0,2.0,1.0,1,0.95,0.8665,0.7109,0.6682,0.1905,0.7965,120.0
T-40726,2026-03-25,7.0,3.0,77.0,4.0,0.0,5.0,0.0,4.0,1.0,2.0,2.0,1,0.95,0.7613,0.8455,0.2405,0.2522,0.7992,120.0
T-40727,2025-09-02,9.0,1.0,62.0,1.0,0.0,2.0,1.0,3.0,3.0,0.0,5.0,1,0.8658,0.6106,0.5744,0.19,0.1699,0.5944,120.0
T-40728,2025-08-13,11.0,4.0,34.0,6.0,1.0,5.0,0.0,5.0,1.0,2.0,2.0,1,0.95,0.8984,0.8699,0.3775,0.2021,0.8856,120.0
T-40729,2026-03-31,13.0,2.0,2.0,5.0,1.0,1.0,1.0,0.0,1.0,0.0,1.0,1,0.95,0.8975,0.3318,0.31,0.1206,0.643,120.0
T-40730,2025-07-16,13.0,4.0,35.0,3.0,3.0,5.0,1.0,3.0,3.0,1.0,3.0,1,0.95,0.8131,0.8176,0.6225,0.1727,0.8151,120.0
T-40731,2025-11-05,12.0,4.0,69.0,4.0,2.0,5.0,1.0,7.0,1.0,0.0,4.0,1,0.95,0.8507,0.9089,0.5,0.1765,0.8769,120.0
T-40732,2025-04-01,8.0,1.0,58.0,3.0,0.0,4.0,3.0,3.0,2.0,1.0,0.0,1,0.95,0.8069,0.7503,0.19,0.1957,0.7814,120.0
T-40733,2026-04-17,10.0,1.0,63.0,6.0,4.0,4.0,3.0,0.0,1.0,1.0,4.0,1,0.95,0.9334,0.6225,0.6341,0.201,0.7935,120.0
T-40734,2025-11-19,4.0,3.0,71.0,6.0,2.0,0.0,8.0,6.0,1.0,0.0,0.0,1,0.95,0.9552,0.525,0.4626,0.1785,0.7616,120.0
T-40735,2025-10-28,7.0,4.0,31.0,5.0,1.0,1.0,7.0,4.0,2.0,0.0,2.0,1,0.95,0.941,0.525,0.3775,0.1427,0.7538,120.0
T-40736,2026-03-05,11.0,2.0,39.0,3.0,1.0,0.0,9.0,6.0,3.0,1.0,0.0,1,0.95,0.9399,0.525,0.31,0.1765,0.7532,120.0
T-40737,2025-07-25,2.0,4.0,86.0,2.0,1.0,4.0,9.0,7.0,1.0,2.0,0.0,1,0.95,0.8429,0.8699,0.3775,0.2637,0.855,120.0
T-40738,2026-04-06,5.0,1.0,18.0,2.0,2.0,1.0,4.0,7.0,1.0,2.0,4.0,1,0.9463,0.735,0.6682,0.3894,0.1854,0.7049,120.0
T-40739,2026-05-21,6.0,1.0,49.0,3.0,3.0,1.0,8.0,6.0,3.0,2.0,4.0,1,0.95,0.8975,0.6225,0.5125,0.2187,0.7737,120.0
T-40740,2025-08-13,2.0,4.0,81.0,7.0,3.0,1.0,3.0,4.0,0.0,0.0,0.0,1,0.95,0.9129,0.525,0.6225,0.1885,0.7384,120.0
T-40741,2026-05-30,3.0,1.0,40.0,0.0,2.0,0.0,2.0,7.0,2.0,2.0,4.0,1,0.8571,0.4502,0.5744,0.3894,0.2086,0.5061,120.0
T-40742,2025-10-20,9.0,2.0,81.0,2.0,1.0,5.0,7.0,0.0,2.0,2.0,3.0,1,0.95,0.8676,0.7109,0.31,0.2573,0.7971,120.0
T-40743,2025-03-07,10.0,3.0,32.0,0.0,2.0,5.0,8.0,3.0,0.0,1.0,0.0,1,0.95,0.8085,0.8176,0.4626,0.1699,0.8126,120.0
T-40744,2025-04-07,8.0,3.0,78.0,7.0,3.0,0.0,7.0,5.0,1.0,0.0,5.0,1,0.95,0.9721,0.475,0.5866,0.1854,0.7484,120.0
T-40745,2025-04-14,3.0,1.0,19.0,2.0,4.0,5.0,2.0,7.0,3.0,1.0,1.0,1,0.95,0.6225,0.9089,0.6341,0.158,0.7513,120.0
T-40746,2026-02-23,13.0,4.0,69.0,5.0,1.0,5.0,8.0,2.0,0.0,2.0,5.0,1,0.95,0.9686,0.7858,0.3775,0.2423,0.8864,120.0
T-40747,2025-05-31,13.0,2.0,17.0,6.0,2.0,0.0,0.0,5.0,0.0,1.0,3.0,1,0.95,0.9121,0.475,0.4256,0.1562,0.7154,120.0
T-40748,2025-08-30,5.0,3.0,6.0,1.0,0.0,4.0,6.0,6.0,3.0,2.0,2.0,1,0.95,0.7369,0.8455,0.2405,0.1736,0.7858,120.0
T-40749,2025-07-29,5.0,2.0,55.0,7.0,3.0,0.0,0.0,7.0,2.0,0.0,0.0,1,0.95,0.8859,0.5744,0.5498,0.1634,0.7458,120.0
T-40750,2026-05-13,3.0,4.0,7.0,5.0,1.0,4.0,5.0,0.0,2.0,0.0,2.0,0,0.95,0.8899,0.6225,0.3775,0.1242,0.7696,120.0
T-40751,2025-03-20,10.0,1.0,5.0,2.0,1.0,1.0,4.0,0.0,2.0,0.0,5.0,1,0.9062,0.8053,0.3318,0.2789,0.1227,0.5923,120.0
T-40752,2025-12-29,8.0,4.0,54.0,0.0,4.0,0.0,1.0,5.0,2.0,1.0,2.0,1,0.9301,0.505,0.475,0.7311,0.1915,0.4915,120.0
T-40753,2026-01-10,2.0,2.0,22.0,3.0,4.0,1.0,1.0,3.0,1.0,2.0,2.0,1,0.9379,0.6434,0.475,0.6682,0.1895,0.5676,120.0
T-40754,2025-05-03,11.0,2.0,35.0,4.0,2.0,3.0,8.0,7.0,2.0,2.0,4.0,1,0.95,0.9488,0.8176,0.4256,0.2032,0.8898,120.0
T-40755,2025-04-24,7.0,2.0,69.0,3.0,3.0,2.0,2.0,5.0,2.0,2.0,4.0,1,0.95,0.7631,0.6682,0.5498,0.2423,0.7204,120.0
T-40756,2026-03-10,8.0,1.0,51.0,2.0,4.0,4.0,8.0,1.0,1.0,2.0,0.0,1,0.95,0.8787,0.6682,0.6341,0.221,0.784,120.0
T-40757,2025-12-29,2.0,4.0,22.0,4.0,0.0,1.0,6.0,4.0,0.0,0.0,2.0,1,0.95,0.8629,0.525,0.2689,0.1355,0.7109,120.0
T-40758,2025-07-08,9.0,1.0,64.0,0.0,0.0,4.0,8.0,6.0,3.0,0.0,0.0,1,0.95,0.7958,0.8455,0.19,0.1717,0.8182,120.0
T-40759,2026-04-27,4.0,2.0,2.0,2.0,0.0,1.0,1.0,4.0,2.0,2.0,1.0,0,0.8502,0.5987,0.525,0.2142,0.1699,0.5655,120.0
T-40760,2026-01-17,4.0,2.0,67.0,5.0,1.0,2.0,9.0,3.0,1.0,1.0,5.0,1,0.95,0.9473,0.5744,0.31,0.2053,0.7795,120.0
T-40761,2026-03-07,7.0,4.0,77.0,5.0,2.0,5.0,7.0,4.0,0.0,0.0,5.0,1,0.95,0.941,0.8455,0.5,0.1844,0.8981,120.0
T-40762,2026-05-12,10.0,1.0,38.0,0.0,1.0,3.0,1.0,2.0,2.0,0.0,0.0,1,0.8761,0.5449,0.6225,0.2789,0.1485,0.5798,120.0
T-40763,2026-04-17,12.0,1.0,9.0,2.0,2.0,4.0,3.0,5.0,0.0,1.0,0.0,1,0.95,0.8022,0.8176,0.3894,0.1493,0.8091,120.0
T-40764,2025-07-26,8.0,3.0,27.0,2.0,2.0,5.0,4.0,6.0,3.0,2.0,4.0,1,0.95,0.779,0.8909,0.4626,0.1947,0.8294,120.0
T-40765,2026-03-01,10.0,4.0,83.0,0.0,1.0,1.0,3.0,2.0,0.0,0.0,2.0,0,0.8683,0.6318,0.4256,0.3775,0.1905,0.539,120.0
T-40766,2025-10-12,7.0,1.0,47.0,4.0,0.0,3.0,6.0,2.0,3.0,0.0,3.0,0,0.95,0.9038,0.6225,0.19,0.1562,0.7772,120.0
T-40767,2025-07-01,6.0,1.0,54.0,4.0,2.0,4.0,5.0,1.0,3.0,2.0,5.0,1,0.95,0.8787,0.6682,0.3894,0.2244,0.784,120.0
T-40768,2026-05-07,13.0,2.0,20.0,1.0,3.0,4.0,1.0,6.0,0.0,1.0,0.0,1,0.95,0.6835,0.8455,0.5498,0.1589,0.7564,120.0
T-40769,2025-12-30,3.0,2.0,18.0,1.0,3.0,1.0,4.0,2.0,1.0,2.0,2.0,0,0.903,0.6248,0.4256,0.5498,0.1854,0.5351,120.0
T-40770,2026-03-08,12.0,1.0,8.0,4.0,2.0,3.0,0.0,4.0,3.0,0.0,3.0,1,0.95,0.8264,0.7109,0.3894,0.1249,0.7744,120.0
T-40771,2026-05-10,13.0,3.0,62.0,6.0,0.0,1.0,4.0,1.0,0.0,0.0,4.0,1,0.95,0.9552,0.3775,0.2405,0.1699,0.6953,120.0
T-40772,2025-03-20,4.0,4.0,57.0,6.0,3.0,4.0,4.0,6.0,1.0,2.0,5.0,1,0.95,0.9121,0.8455,0.6225,0.2279,0.8822,120.0
T-40773,2025-07-21,11.0,2.0,55.0,7.0,2.0,1.0,7.0,5.0,1.0,2.0,5.0,1,0.95,0.9779,0.5744,0.4256,0.2256,0.7963,120.0
T-40774,2025-06-14,7.0,1.0,18.0,4.0,0.0,3.0,6.0,6.0,0.0,0.0,0.0,1,0.95,0.9038,0.7858,0.19,0.1324,0.8507,120.0
T-40775,2025-11-10,10.0,4.0,68.0,3.0,1.0,2.0,1.0,5.0,3.0,1.0,5.0,1,0.95,0.7738,0.6682,0.3775,0.2064,0.7263,120.0
T-40776,2025-03-10,5.0,3.0,8.0,3.0,3.0,0.0,7.0,0.0,2.0,0.0,2.0,1,0.95,0.871,0.2497,0.5866,0.1249,0.5914,120.0
T-40777,2025-11-22,10.0,2.0,70.0,1.0,0.0,3.0,0.0,4.0,2.0,0.0,0.0,0,0.9061,0.5866,0.7109,0.2142,0.1775,0.6426,120.0
T-40778,2025-12-02,4.0,4.0,10.0,6.0,4.0,1.0,0.0,5.0,1.0,0.0,0.0,1,0.95,0.8348,0.5744,0.7311,0.1264,0.7176,120.0
T-40779,2025-03-16,8.0,3.0,25.0,3.0,2.0,4.0,0.0,2.0,0.0,2.0,2.0,1,0.95,0.7089,0.7109,0.4626,0.1926,0.7098,120.0
T-40780,2025-07-23,13.0,3.0,89.0,4.0,0.0,5.0,4.0,5.0,0.0,1.0,0.0,1,0.95,0.9137,0.8699,0.2405,0.2303,0.894,120.0
T-40781,2025-12-28,5.0,1.0,7.0,2.0,3.0,3.0,0.0,2.0,2.0,1.0,1.0,1,0.9217,0.5744,0.6225,0.5125,0.1476,0.5961,120.0
T-40782,2025-10-05,2.0,4.0,72.0,1.0,0.0,4.0,2.0,0.0,3.0,0.0,3.0,1,0.8668,0.5175,0.6225,0.2689,0.1795,0.5647,120.0
T-40783,2026-03-04,3.0,4.0,78.0,4.0,4.0,1.0,4.0,7.0,0.0,2.0,1.0,1,0.95,0.8264,0.6682,0.7311,0.2535,0.7552,120.0
T-40784,2025-03-06,5.0,4.0,30.0,0.0,2.0,5.0,8.0,6.0,2.0,1.0,2.0,1,0.95,0.7389,0.8909,0.5,0.168,0.8073,120.0
T-40785,2025-07-14,11.0,4.0,20.0,3.0,2.0,5.0,5.0,0.0,0.0,2.0,1.0,1,0.95,0.8839,0.7109,0.5,0.1874,0.8061,120.0
T-40786,2025-08-11,7.0,3.0,4.0,1.0,1.0,0.0,6.0,6.0,2.0,0.0,5.0,1,0.9272,0.7667,0.525,0.343,0.122,0.6579,120.0
T-40787,2026-05-20,11.0,1.0,35.0,3.0,3.0,5.0,0.0,5.0,1.0,0.0,3.0,1,0.95,0.7558,0.8699,0.5125,0.146,0.8072,120.0
T-40788,2025-11-04,7.0,2.0,74.0,1.0,3.0,4.0,8.0,3.0,0.0,0.0,4.0,1,0.95,0.8249,0.7503,0.5498,0.1814,0.7913,120.0
T-40789,2026-03-30,2.0,2.0,83.0,3.0,4.0,4.0,4.0,7.0,0.0,1.0,2.0,1,0.95,0.7558,0.8699,0.6682,0.2233,0.8072,120.0
T-40790,2025-10-23,10.0,2.0,48.0,5.0,1.0,2.0,4.0,1.0,2.0,2.0,3.0,1,0.95,0.922,0.475,0.31,0.2176,0.7209,120.0
T-40791,2026-05-21,3.0,2.0,38.0,0.0,0.0,4.0,3.0,0.0,2.0,0.0,0.0,1,0.8502,0.495,0.6225,0.2142,0.1485,0.5524,120.0
T-40792,2025-10-09,3.0,2.0,19.0,6.0,3.0,0.0,7.0,4.0,1.0,1.0,1.0,1,0.95,0.9427,0.4256,0.5498,0.158,0.71,120.0
T-40793,2025-07-26,13.0,2.0,41.0,0.0,0.0,1.0,6.0,5.0,0.0,2.0,4.0,0,0.9295,0.7892,0.5744,0.2142,0.2097,0.6925,120.0
T-40794,2025-06-03,10.0,2.0,6.0,3.0,2.0,1.0,6.0,3.0,3.0,1.0,4.0,1,0.95,0.8938,0.475,0.4256,0.1468,0.7053,120.0
T-40795,2026-03-18,12.0,2.0,77.0,3.0,0.0,1.0,3.0,7.0,3.0,2.0,5.0,1,0.95,0.852,0.6682,0.2142,0.2522,0.7693,120.0
T-40796,2025-03-17,4.0,1.0,59.0,4.0,0.0,5.0,8.0,1.0,1.0,0.0,3.0,1,0.95,0.9137,0.7503,0.19,0.1671,0.8402,120.0
T-40797,2025-10-31,7.0,4.0,66.0,7.0,2.0,5.0,1.0,3.0,1.0,1.0,4.0,0,0.95,0.9161,0.8176,0.5,0.2042,0.8717,120.0
T-40798,2026-02-18,5.0,2.0,85.0,6.0,3.0,0.0,9.0,3.0,1.0,2.0,3.0,1,0.95,0.9651,0.3775,0.5498,0.2624,0.7007,120.0
T-40799,2026-03-05,2.0,1.0,65.0,7.0,1.0,5.0,7.0,6.0,2.0,2.0,4.0,1,0.95,0.9556,0.8909,0.2789,0.2375,0.9,120.0
T-40800,2026-02-10,8.0,3.0,30.0,0.0,4.0,2.0,4.0,7.0,2.0,0.0,5.0,1,0.95,0.6365,0.7503,0.7006,0.1419,0.6877,120.0
T-40801,2025-08-20,12.0,4.0,55.0,4.0,1.0,3.0,7.0,3.0,2.0,0.0,4.0,1,0.95,0.9437,0.6682,0.3775,0.1634,0.8197,120.0
T-40802,2025-12-01,12.0,4.0,89.0,7.0,1.0,4.0,0.0,3.0,2.0,2.0,2.0,1,0.95,0.9315,0.7503,0.3775,0.2676,0.8499,120.0
T-40803,2026-01-26,6.0,1.0,28.0,5.0,0.0,4.0,8.0,1.0,0.0,0.0,1.0,1,0.95,0.9463,0.6682,0.19,0.1402,0.8212,120.0
T-40804,2026-02-15,2.0,2.0,9.0,1.0,4.0,0.0,6.0,3.0,2.0,0.0,0.0,1,0.9355,0.6878,0.3775,0.6682,0.1256,0.5482,120.0
T-40805,2026-02-06,8.0,3.0,69.0,2.0,0.0,5.0,3.0,6.0,3.0,0.0,3.0,1,0.95,0.7465,0.8909,0.2405,0.1765,0.8115,120.0
T-40806,2025-10-27,3.0,3.0,57.0,6.0,3.0,4.0,2.0,4.0,1.0,1.0,4.0,1,0.95,0.8699,0.7858,0.5866,0.1947,0.8321,120.0
T-40807,2025-09-19,9.0,1.0,36.0,5.0,4.0,1.0,0.0,0.0,0.0,2.0,2.0,1,0.95,0.8416,0.3318,0.6341,0.2042,0.6122,120.0
T-40808,2026-01-26,3.0,1.0,88.0,7.0,4.0,5.0,1.0,0.0,2.0,0.0,5.0,1,0.95,0.888,0.7109,0.6341,0.1957,0.8083,120.0
T-40809,2025-07-18,6.0,1.0,27.0,5.0,1.0,3.0,7.0,1.0,2.0,0.0,1.0,1,0.95,0.9364,0.5744,0.2789,0.1394,0.7735,120.0
T-40810,2025-06-14,10.0,1.0,8.0,6.0,4.0,1.0,5.0,0.0,0.0,2.0,2.0,1,0.95,0.9526,0.3318,0.6341,0.1756,0.6732,120.0
T-40811,2025-11-14,12.0,4.0,20.0,6.0,3.0,1.0,4.0,1.0,1.0,1.0,4.0,1,0.95,0.9517,0.3775,0.6225,0.1589,0.6933,120.0
T-40812,2026-04-18,9.0,3.0,35.0,6.0,2.0,0.0,4.0,3.0,3.0,0.0,0.0,1,0.95,0.9393,0.3775,0.4626,0.146,0.6865,120.0
T-40813,2025-12-05,6.0,3.0,32.0,4.0,2.0,4.0,4.0,1.0,1.0,2.0,0.0,1,0.95,0.8581,0.6682,0.4626,0.1999,0.7727,120.0
T-40814,2025-07-12,10.0,3.0,54.0,2.0,1.0,0.0,3.0,3.0,0.0,0.0,5.0,1,0.9082,0.7756,0.3775,0.343,0.1625,0.5965,120.0
T-40815,2025-04-23,10.0,3.0,58.0,2.0,3.0,1.0,3.0,1.0,0.0,2.0,2.0,1,0.9422,0.7756,0.3775,0.5866,0.2291,0.5965,120.0
T-40816,2025-09-24,13.0,1.0,47.0,6.0,2.0,2.0,6.0,3.0,2.0,2.0,5.0,1,0.95,0.9683,0.5744,0.3894,0.2164,0.7911,120.0
T-40817,2026-02-10,12.0,1.0,59.0,5.0,2.0,2.0,9.0,2.0,2.0,2.0,1.0,1,0.95,0.9715,0.525,0.3894,0.2303,0.7706,120.0
T-40818,2025-08-26,12.0,2.0,10.0,5.0,4.0,3.0,5.0,3.0,1.0,1.0,4.0,1,0.95,0.9432,0.6682,0.6682,0.1502,0.8195,120.0
T-40819,2025-11-11,12.0,1.0,80.0,7.0,3.0,4.0,5.0,3.0,1.0,1.0,5.0,1,0.95,0.971,0.7503,0.5125,0.2198,0.8717,120.0
T-40820,2025-04-20,11.0,1.0,58.0,4.0,1.0,1.0,8.0,3.0,0.0,1.0,5.0,0,0.95,0.9488,0.475,0.2789,0.1957,0.7356,120.0
T-40821,2026-04-30,2.0,4.0,66.0,3.0,1.0,5.0,7.0,4.0,2.0,1.0,1.0,1,0.95,0.8416,0.8455,0.3775,0.2042,0.8434,120.0
T-40822,2025-11-23,12.0,2.0,54.0,3.0,3.0,5.0,4.0,2.0,2.0,0.0,3.0,1,0.95,0.8732,0.7858,0.5498,0.1625,0.8339,120.0
T-40823,2026-03-08,2.0,2.0,86.0,3.0,1.0,0.0,8.0,4.0,3.0,1.0,1.0,1,0.9461,0.8641,0.4256,0.31,0.2268,0.6668,120.0
T-40824,2026-03-09,7.0,4.0,41.0,3.0,0.0,2.0,4.0,6.0,1.0,0.0,2.0,1,0.95,0.822,0.7109,0.2689,0.151,0.772,120.0
T-40825,2025-07-29,2.0,1.0,83.0,6.0,2.0,5.0,8.0,0.0,3.0,1.0,0.0,1,0.95,0.9478,0.7109,0.3894,0.2233,0.8412,120.0
T-40826,2026-04-02,6.0,3.0,68.0,0.0,1.0,4.0,4.0,1.0,1.0,1.0,2.0,0,0.9125,0.5987,0.6682,0.343,0.2064,0.63,120.0
T-40827,2026-04-18,2.0,2.0,56.0,7.0,3.0,1.0,9.0,1.0,1.0,2.0,2.0,1,0.95,0.9686,0.3775,0.5498,0.2268,0.7026,120.0
T-40828,2025-09-30,8.0,1.0,45.0,0.0,0.0,1.0,3.0,3.0,2.0,0.0,1.0,1,0.8273,0.5939,0.475,0.19,0.1545,0.5404,120.0
T-40829,2025-06-04,11.0,1.0,12.0,6.0,4.0,2.0,7.0,0.0,1.0,1.0,3.0,1,0.95,0.9689,0.4256,0.6341,0.1519,0.7244,120.0
T-40830,2025-07-23,3.0,1.0,44.0,2.0,3.0,1.0,0.0,7.0,0.0,2.0,0.0,1,0.9248,0.5349,0.6682,0.5125,0.213,0.5949,120.0
T-40831,2026-05-04,10.0,3.0,71.0,3.0,1.0,5.0,0.0,4.0,2.0,2.0,3.0,1,0.95,0.7408,0.8455,0.343,0.2448,0.7879,120.0
T-40832,2026-02-03,13.0,4.0,33.0,2.0,2.0,5.0,6.0,1.0,1.0,0.0,4.0,1,0.95,0.8829,0.7503,0.5,0.1443,0.8232,120.0
T-40833,2025-03-07,13.0,3.0,19.0,2.0,1.0,0.0,1.0,7.0,2.0,1.0,5.0,1,0.9312,0.754,0.5744,0.343,0.158,0.6732,120.0
T-40834,2026-03-01,7.0,3.0,41.0,0.0,1.0,2.0,9.0,6.0,1.0,1.0,4.0,1,0.95,0.799,0.7109,0.343,0.1785,0.7594,120.0
T-40835,2026-02-23,12.0,2.0,40.0,6.0,4.0,4.0,3.0,7.0,3.0,0.0,0.0,1,0.95,0.9427,0.8699,0.6682,0.1502,0.9,120.0
T-40836,2025-04-19,4.0,4.0,87.0,5.0,3.0,3.0,8.0,1.0,1.0,2.0,3.0,1,0.95,0.9376,0.5744,0.6225,0.265,0.7742,120.0
T-40837,2025-05-03,8.0,2.0,59.0,3.0,1.0,2.0,4.0,6.0,2.0,1.0,3.0,1,0.95,0.8334,0.7109,0.31,0.1968,0.7783,120.0
T-40838,2025-11-25,13.0,2.0,76.0,1.0,0.0,0.0,1.0,6.0,0.0,0.0,4.0,1,0.8819,0.6835,0.525,0.2142,0.1834,0.6122,120.0
T-40839,2026-03-05,3.0,1.0,3.0,4.0,1.0,2.0,6.0,6.0,0.0,2.0,4.0,1,0.95,0.8721,0.7109,0.2789,0.1708,0.7996,120.0
T-40840,2025-06-02,13.0,4.0,74.0,7.0,3.0,0.0,3.0,5.0,1.0,2.0,5.0,1,0.95,0.9619,0.475,0.6225,0.2485,0.7428,120.0
T-40841,2026-04-18,7.0,1.0,57.0,4.0,4.0,3.0,7.0,5.0,3.0,1.0,2.0,1,0.95,0.9183,0.7503,0.6341,0.1947,0.8427,120.0
T-40842,2025-05-13,9.0,3.0,73.0,7.0,1.0,3.0,6.0,5.0,2.0,1.0,4.0,1,0.95,0.9692,0.7503,0.343,0.2119,0.8707,120.0
T-40843,2025-06-18,11.0,3.0,15.0,0.0,3.0,4.0,0.0,4.0,2.0,0.0,2.0,1,0.95,0.52,0.7858,0.5866,0.1301,0.6396,120.0
T-40844,2025-07-19,3.0,2.0,11.0,0.0,4.0,1.0,3.0,0.0,0.0,1.0,4.0,1,0.888,0.495,0.3318,0.6682,0.151,0.4216,120.0
T-40845,2025-04-09,3.0,1.0,8.0,6.0,1.0,5.0,0.0,3.0,2.0,0.0,0.0,1,0.95,0.8235,0.8176,0.2789,0.1249,0.8208,120.0
T-40846,2026-01-29,4.0,3.0,85.0,7.0,3.0,3.0,3.0,4.0,1.0,2.0,1.0,1,0.95,0.9248,0.7109,0.5866,0.2624,0.8286,120.0
T-40847,2025-03-04,10.0,3.0,59.0,5.0,2.0,3.0,7.0,3.0,2.0,1.0,4.0,1,0.95,0.953,0.6682,0.4626,0.1968,0.8248,120.0
T-40848,2026-04-10,5.0,4.0,6.0,3.0,0.0,0.0,6.0,6.0,0.0,1.0,0.0,1,0.9477,0.8494,0.525,0.2689,0.1468,0.7034,120.0
T-40849,2025-08-30,4.0,1.0,23.0,2.0,1.0,4.0,9.0,1.0,2.0,0.0,0.0,1,0.95,0.8629,0.6682,0.2789,0.1363,0.7753,120.0
T-40850,2025-05-30,2.0,3.0,76.0,3.0,1.0,1.0,8.0,1.0,1.0,1.0,4.0,1,0.9444,0.8641,0.3775,0.343,0.2153,0.6452,120.0
T-40851,2026-03-17,12.0,1.0,85.0,0.0,1.0,1.0,2.0,7.0,0.0,1.0,4.0,1,0.9108,0.6271,0.6682,0.2789,0.2256,0.6456,120.0
T-40852,2025-04-23,6.0,3.0,83.0,4.0,1.0,2.0,0.0,0.0,0.0,0.0,4.0,0,0.9043,0.7465,0.4256,0.343,0.1905,0.6021,120.0
T-40853,2025-08-11,4.0,4.0,51.0,5.0,4.0,4.0,4.0,3.0,0.0,2.0,2.0,1,0.95,0.8797,0.7503,0.7311,0.221,0.8215,120.0
T-40854,2025-10-08,5.0,3.0,78.0,1.0,1.0,2.0,5.0,7.0,1.0,2.0,5.0,1,0.95,0.7006,0.7503,0.343,0.2535,0.7229,120.0
T-40855,2025-05-27,12.0,3.0,3.0,5.0,1.0,0.0,9.0,0.0,0.0,1.0,4.0,1,0.95,0.9715,0.2497,0.343,0.1443,0.6467,120.0
T-40856,2026-02-12,11.0,3.0,81.0,6.0,1.0,0.0,6.0,5.0,3.0,0.0,4.0,1,0.95,0.963,0.475,0.343,0.1885,0.7434,120.0
T-40857,2025-05-01,3.0,1.0,54.0,7.0,3.0,0.0,4.0,3.0,3.0,0.0,5.0,1,0.95,0.9315,0.3775,0.5125,0.1625,0.6822,120.0
T-40858,2025-07-13,5.0,2.0,28.0,0.0,3.0,2.0,4.0,1.0,3.0,2.0,5.0,1,0.9006,0.5793,0.475,0.5498,0.1957,0.5324,120.0
T-40859,2026-03-31,9.0,1.0,37.0,5.0,1.0,5.0,0.0,6.0,3.0,1.0,2.0,1,0.95,0.8416,0.8909,0.2789,0.1746,0.8638,120.0
T-40860,2025-04-20,7.0,4.0,81.0,6.0,4.0,0.0,7.0,0.0,2.0,0.0,1.0,1,0.95,0.9577,0.2497,0.7311,0.1885,0.6391,120.0
T-40861,2026-05-20,2.0,2.0,73.0,1.0,1.0,4.0,5.0,3.0,0.0,2.0,1.0,1,0.9393,0.6479,0.7503,0.31,0.2472,0.694,120.0
T-40862,2025-12-29,4.0,3.0,28.0,2.0,2.0,5.0,5.0,2.0,0.0,0.0,3.0,1,0.95,0.754,0.7858,0.4626,0.1402,0.7683,120.0
T-40863,2026-04-09,9.0,2.0,1.0,0.0,2.0,1.0,8.0,0.0,0.0,1.0,1.0,1,0.9216,0.7958,0.3318,0.4256,0.1427,0.587,120.0
T-40864,2025-05-03,3.0,1.0,36.0,0.0,4.0,0.0,4.0,7.0,2.0,1.0,4.0,1,0.9284,0.5399,0.5744,0.6341,0.1736,0.5555,120.0
T-40865,2025-09-24,10.0,2.0,88.0,6.0,2.0,3.0,2.0,7.0,0.0,0.0,5.0,1,0.95,0.9213,0.8176,0.4256,0.1957,0.8746,120.0
T-40866,2025-03-17,10.0,1.0,88.0,4.0,0.0,3.0,6.0,0.0,1.0,2.0,4.0,1,0.95,0.9227,0.525,0.19,0.2663,0.7437,120.0
T-40867,2025-04-03,11.0,3.0,57.0,6.0,1.0,3.0,6.0,1.0,1.0,0.0,5.0,1,0.95,0.963,0.5744,0.343,0.1652,0.7882,120.0
T-40868,2026-02-25,8.0,1.0,76.0,3.0,4.0,3.0,0.0,0.0,1.0,0.0,0.0,1,0.9494,0.7089,0.525,0.6341,0.1834,0.6261,120.0
T-40869,2025-11-18,10.0,1.0,47.0,3.0,0.0,2.0,8.0,5.0,3.0,0.0,4.0,1,0.95,0.9234,0.6682,0.19,0.1562,0.8086,120.0
T-40870,2026-04-03,11.0,3.0,79.0,1.0,1.0,4.0,3.0,3.0,3.0,2.0,2.0,1,0.95,0.7251,0.7503,0.343,0.2548,0.7364,120.0
T-40871,2026-01-23,13.0,2.0,12.0,6.0,4.0,5.0,4.0,1.0,1.0,2.0,1.0,1,0.95,0.9552,0.7503,0.6682,0.1795,0.863,120.0
T-40872,2025-12-23,10.0,4.0,29.0,7.0,0.0,3.0,0.0,2.0,2.0,0.0,3.0,1,0.95,0.9206,0.6225,0.2689,0.141,0.7864,120.0
T-40873,2026-05-05,4.0,1.0,12.0,7.0,3.0,2.0,4.0,1.0,0.0,2.0,4.0,1,0.95,0.9364,0.475,0.5125,0.1795,0.7288,120.0
T-40874,2025-11-19,5.0,4.0,46.0,7.0,4.0,3.0,0.0,5.0,0.0,0.0,5.0,1,0.95,0.8859,0.7503,0.7311,0.1553,0.8249,120.0
T-40875,2025-09-23,12.0,1.0,17.0,3.0,0.0,4.0,2.0,0.0,3.0,1.0,1.0,0,0.9473,0.8278,0.6225,0.19,0.1562,0.7354,120.0
T-40876,2025-10-10,13.0,2.0,34.0,4.0,4.0,4.0,3.0,6.0,0.0,0.0,4.0,1,0.95,0.8984,0.8455,0.6682,0.1451,0.8746,120.0
T-40877,2025-03-28,8.0,3.0,58.0,0.0,3.0,1.0,5.0,4.0,0.0,1.0,4.0,1,0.9366,0.677,0.525,0.5866,0.1957,0.6086,120.0
T-40878,2025-11-25,8.0,1.0,39.0,2.0,0.0,2.0,4.0,2.0,3.0,2.0,0.0,1,0.915,0.779,0.525,0.19,0.2075,0.6647,120.0
T-40879,2025-07-03,10.0,4.0,55.0,5.0,0.0,3.0,8.0,6.0,1.0,0.0,5.0,1,0.95,0.9605,0.7858,0.2689,0.1634,0.8819,120.0
T-40880,2026-01-28,9.0,4.0,25.0,4.0,4.0,1.0,1.0,3.0,3.0,0.0,1.0,1,0.95,0.8176,0.475,0.7311,0.1378,0.6634,120.0
T-40881,2026-03-23,6.0,2.0,71.0,2.0,1.0,1.0,0.0,2.0,2.0,1.0,0.0,1,0.839,0.5939,0.4256,0.31,0.2097,0.5181,120.0
T-40882,2026-04-01,7.0,2.0,32.0,4.0,2.0,2.0,1.0,5.0,3.0,1.0,0.0,1,0.95,0.7925,0.6682,0.4256,0.1699,0.7366,120.0
T-40883,2026-01-26,6.0,2.0,45.0,4.0,0.0,1.0,7.0,7.0,1.0,1.0,2.0,1,0.95,0.9121,0.6682,0.2142,0.1824,0.8024,120.0
T-40884,2025-06-26,2.0,3.0,52.0,1.0,4.0,3.0,2.0,0.0,0.0,1.0,3.0,1,0.9314,0.5175,0.525,0.7006,0.1895,0.5209,120.0
T-40885,2025-03-04,11.0,3.0,60.0,7.0,4.0,4.0,4.0,5.0,3.0,1.0,0.0,1,0.95,0.9627,0.8176,0.7006,0.1978,0.8974,120.0
T-40886,2026-05-15,12.0,3.0,29.0,3.0,4.0,5.0,1.0,3.0,3.0,0.0,2.0,1,0.95,0.8006,0.8176,0.7006,0.141,0.8082,120.0
T-40887,2025-12-08,10.0,3.0,65.0,0.0,0.0,5.0,1.0,7.0,3.0,1.0,4.0,1,0.95,0.5449,0.9089,0.2405,0.2032,0.7087,120.0
T-40888,2025-07-11,11.0,2.0,81.0,1.0,0.0,3.0,7.0,4.0,2.0,2.0,5.0,1,0.95,0.8442,0.7109,0.2142,0.2573,0.7843,120.0
T-40889,2026-04-07,6.0,3.0,84.0,4.0,2.0,5.0,7.0,3.0,0.0,0.0,1.0,1,0.95,0.9121,0.8176,0.4626,0.1915,0.8696,120.0
T-40890,2026-04-17,11.0,1.0,29.0,4.0,4.0,4.0,0.0,6.0,0.0,2.0,4.0,1,0.95,0.8146,0.8455,0.6341,0.1968,0.8285,120.0
T-40891,2025-12-21,4.0,2.0,28.0,7.0,4.0,3.0,2.0,3.0,1.0,1.0,3.0,1,0.95,0.9113,0.6682,0.6682,0.1661,0.8019,120.0
T-40892,2026-01-13,7.0,4.0,14.0,5.0,2.0,1.0,2.0,3.0,3.0,2.0,3.0,1,0.95,0.8665,0.475,0.5,0.1814,0.6903,120.0
T-40893,2026-05-30,10.0,3.0,50.0,3.0,4.0,5.0,4.0,0.0,0.0,1.0,2.0,1,0.95,0.8545,0.7109,0.7006,0.1874,0.7899,120.0
T-40894,2026-02-05,4.0,3.0,11.0,6.0,1.0,1.0,5.0,0.0,1.0,0.0,0.0,1,0.95,0.9255,0.3318,0.343,0.1271,0.6584,120.0
T-40895,2026-05-25,5.0,1.0,54.0,2.0,3.0,1.0,1.0,4.0,2.0,2.0,5.0,1,0.9115,0.6177,0.525,0.5125,0.2244,0.576,120.0
T-40896,2025-03-02,8.0,1.0,33.0,6.0,1.0,3.0,4.0,7.0,3.0,0.0,1.0,1,0.95,0.9346,0.8176,0.2789,0.1443,0.882,120.0
T-40897,2026-02-03,3.0,2.0,79.0,3.0,2.0,1.0,8.0,6.0,2.0,0.0,1.0,1,0.95,0.8732,0.6225,0.4256,0.1864,0.7604,120.0
T-40898,2026-05-19,4.0,4.0,37.0,4.0,2.0,1.0,0.0,5.0,2.0,0.0,0.0,1,0.9394,0.715,0.5744,0.5,0.1476,0.6518,120.0
T-40899,2026-01-22,13.0,2.0,65.0,7.0,0.0,1.0,6.0,1.0,3.0,1.0,0.0,1,0.95,0.9775,0.3775,0.2142,0.2032,0.7075,120.0
T-DXB-LHR,2026-05-22,6.0,2.0,21.0,3.0,1.0,2.0,5.0,4.0,2.0,1.0,2.0,1,0.62,0.62,0.54,0.31,0.18,0.48,120.0
